year,make,model,price,mileage,Miles per gallon,Transmission,Color,owner,frame_damage,Odometer_problem,VIN,class,State Title Brand,Auction Brand / Issues,Accident / Damage,Open Recall Check,Insurance Loss / Transfer,Odometer Check,Certified Pre-Owned,Service / Repair,cylinders,fuel,Drive type,Miles per gallon equivalent (MPGe),Motor,Range (when new),Time to fully charge battery (240V)
2017,Acura,RDX AWD,17998,87000,19 city/27 hwy,Automatic,Gray/Black,2 Owners,No flood or frame damage,No odometer problems,5J8TB4H36HL003963,CUV - Compact Luxury,Clean,No Issue,Damage Reported,No Open Recalls,No Issue,No Issue,No CPO Info Available,No Issue,,,,,,,
2019,Acura,RDX A-Spec,30998,49000,21 city/26 hwy,Automatic,Gray/Red,2 Owners,No flood or frame damage,No odometer problems,5J8TC2H63KL013580,CUV - Midsize Luxury,Clean,No Issue,No Issue,1 Open Recall(s),No Issue,No Issue,No CPO Info Available,No Issue,4-cyl,Turbo Gas,All Wheel Drive,,,,
2020,Acura,MDX SH-AWD A-Spec,36998,20000,19 city/26 hwy,Automatic,Gray/Black,1 Owner,No flood or frame damage,No odometer problems,5J8YD4H06LL011902,CUV - Midsize Luxury,Clean,No Issue,No Issue,2 Open Recall(s),No Issue,No Issue,No CPO Info Available,No Issue,,,,,,,
2021,Acura,TLX SH-AWD Technology,31998,22000,21 city/29 hwy,Automatic,Black/Tan,1 Owner,No flood or frame damage,No odometer problems,19UUB6F43MA009429,Car - Compact Luxury,Clean,No Issue,No Issue,No Open Recalls,No Issue,No Issue,No CPO Info Available,No Issue,4-cyl,Turbo Gas,All Wheel Drive,,,,
2024,Acura,Integra Type S,44998,30000,21 city/28 hwy,Manual 6 Speed,Black/Black,1 Owner,No flood or frame damage,No odometer problems,19UDE5G93RA000748,Car - Large Luxury,Clean,No Issue,No Issue,No Open Recalls,No Issue,No Issue,No CPO Info Available,No Issue,4-cyl,Turbo Gas,Front Wheel Drive,,,,
2015,Acura,TLX ,20998,21000,21 city/34 hwy,Automatic,Black/Gray,1 Owner,No flood or frame damage,No odometer problems,19UUB2F34FA011869,Car - Compact Luxury,Clean,No Issue,Moderate,1 Open Recall(s),No Issue,No Issue,No CPO Info Available,No Issue,6-cyl,Gas,Front Wheel Drive,,,,
2023,Acura,RDX SH-AWD A-Spec,43998,8000,21 city/26 hwy,Automatic,White/Red,1 Owner,No flood or frame damage,No odometer problems,5J8TC2H86PL004865,CUV - Midsize Luxury,Clean,No Issue,No Issue,No Open Recalls,No Issue,No Issue,No CPO Info Available,No Issue,,,,,,,
2019,Acura,RDX ,26998,50000,22 city/28 hwy,Automatic,White/Black,1 Owner,No flood or frame damage,No odometer problems,5J8TC1H33KL020867,CUV - Midsize Luxury,Clean,No Issue,No Issue,1 Open Recall(s),No Issue,No Issue,No CPO Info Available,No Issue,,,,,,,
2020,Acura,MDX SH-AWD,28998,49000,19 city/26 hwy,Automatic,Silver/Gray,4 Owners,No flood or frame damage,No odometer problems,5J8YD4H36LL036132,CUV - Midsize Luxury,Clean,No Issue,No Issue,2 Open Recall(s),No Issue,No Issue,No CPO Info Available,No Issue,,,,,,,
2023,Acura,Integra A-Spec,29998,35000,30 city/36 hwy,Automatic,White/Red,1 Owner,No flood or frame damage,No odometer problems,19UDE4H35PA020842,Car - Large Luxury,Clean,No Issue,No Issue,No Open Recalls,No Issue,No Issue,No CPO Info Available,No Issue,4-cyl,Turbo Gas,Front Wheel Drive,,,,
2020,Acura,RDX ,26998,54000,22 city/28 hwy,Automatic,White/Black,2 Owners,No flood or frame damage,No odometer problems,5J8TC1H30LL014901,CUV - Midsize Luxury,Clean,No Issue,No Issue,1 Open Recall(s),No Issue,No Issue,No CPO Info Available,No Issue,4-cyl,Turbo Gas,Front Wheel Drive,,,,
2021,Acura,RDX ,27998,50000,22 city/28 hwy,Automatic,Black/Black,1 Owner,No flood or frame damage,No odometer problems,5J8TC1H36ML015598,CUV - Midsize Luxury,Clean,No Issue,No Issue,No Open Recalls,No Issue,No Issue,No CPO Info Available,No Issue,4-cyl,Turbo Gas,Front Wheel Drive,,,,
2020,Acura,MDX SH-AWD Advance,23998,112000,19 city/26 hwy,Automatic,Silver/Black,2 Owners,No flood or frame damage,No odometer problems,5J8YD4H84LL016974,CUV - Midsize Luxury,Clean,No Issue,No Issue,1 Open Recall(s),No Issue,No Issue,No Recent CPO Reported,No Issue,6-cyl,Gas,All Wheel Drive,,,,
2021,Acura,RDX SH-AWD,28998,49000,21 city/27 hwy,Automatic,Red/Tan,1 Owner,No flood or frame damage,No odometer problems,5J8TC2H3XML036427,CUV - Midsize Luxury,Clean,No Issue,No Issue,No Open Recalls,No Issue,No Issue,No CPO Info Available,No Issue,4-cyl,Turbo Gas,All Wheel Drive,,,,
2016,Acura,MDX Advance,18998,118000,19 city/26 hwy,Automatic,Gray/Black,2 Owners,No flood or frame damage,No odometer problems,5FRYD4H46GB027428,CUV - Midsize Luxury,Clean,No Issue,No Issue,No Open Recalls,No Issue,No Issue,No Recent CPO Reported,No Issue,6-cyl,Gas,All Wheel Drive,,,,
2019,Acura,MDX ,25998,62000,19 city/26 hwy,Automatic,Burgundy/Tan,1 Owner,No flood or frame damage,No odometer problems,5J8YD4H3XKL030641,CUV - Midsize Luxury,Clean,No Issue,Minor,2 Open Recall(s),No Issue,No Issue,No CPO Info Available,No Issue,6-cyl,Gas,All Wheel Drive,,,,
2020,Acura,MDX SH-AWD Technology,27998,80000,19 city/26 hwy,Automatic,White/Black,2 Owners,No flood or frame damage,No odometer problems,5J8YD4H55LL007237,CUV - Midsize Luxury,Clean,No Issue,No Issue,1 Open Recall(s),No Issue,No Issue,No CPO Info Available,No Issue,,,,,,,
2017,Acura,MDX ,23998,49000,18 city/26 hwy,Automatic,Gray/Gray,1 Owner,No flood or frame damage,No odometer problems,5FRYD4H53HB013061,CUV - Midsize Luxury,Clean,No Issue,Damage Reported,No Open Recalls,No Issue,No Issue,No CPO Info Available,No Issue,6-cyl,Gas,All Wheel Drive,,,,
2024,Acura,Integra Type S,52998,3000,21 city/28 hwy,Manual 6 Speed,Gray/Red,1 Owner,No flood or frame damage,No odometer problems,19UDE5G99RA002259,Car - Large Luxury,Clean,No Issue,No Issue,No Open Recalls,No Issue,No Issue,No CPO Info Available,No Issue,4-cyl,Turbo Gas,Front Wheel Drive,,,,
2021,Acura,TLX Type S,45998,25000,19 city/25 hwy,Automatic,White/White,1 Owner,No flood or frame damage,No odometer problems,19UUB7F06MA001425,Car - Compact Luxury,Clean,No Issue,No Issue,No Open Recalls,No Issue,No Issue,No CPO Info Available,No Issue,,,,,,,
2020,Acura,MDX SH-AWD,28998,46000,19 city/26 hwy,Automatic,Red/Tan,1 Owner,No flood or frame damage,No odometer problems,5J8YD4H32LL028433,CUV - Midsize Luxury,Clean,No Issue,No Issue,1 Open Recall(s),No Issue,No Issue,No CPO Info Available,No Issue,,,,,,,
2020,Acura,RDX SH-AWD A-Spec,35998,22000,21 city/26 hwy,Automatic,Blue/Black,1 Owner,No flood or frame damage,No odometer problems,5J8TC2H66LL033632,CUV - Midsize Luxury,Clean,No Issue,No Issue,1 Open Recall(s),No Issue,No Issue,No CPO Info Available,No Issue,4-cyl,Turbo Gas,All Wheel Drive,,,,
2021,Acura,RDX SH-AWD A-Spec,36998,23000,21 city/26 hwy,Automatic,Black/Red,2 Owners,No flood or frame damage,No odometer problems,5J8TC2H60ML008260,CUV - Midsize Luxury,Clean,No Issue,No Issue,1 Open Recall(s),No Issue,No Issue,No CPO Info Available,No Issue,4-cyl,Turbo Gas,All Wheel Drive,,,,
2020,Acura,MDX SH-AWD Technology,32998,37000,19 city/26 hwy,Automatic,White/Tan,1 Owner,No flood or frame damage,No odometer problems,5J8YD4H56LL037685,CUV - Midsize Luxury,Clean,No Issue,No Issue,1 Open Recall(s),No Issue,No Issue,No CPO Info Available,No Issue,,,,,,,
2022,Acura,MDX SH-AWD Technology,42998,20000,19 city/25 hwy,Automatic,Silver/Black,2 Owners,No flood or frame damage,No odometer problems,5J8YE1H41NL010786,CUV - Midsize Luxury,Clean,No Issue,No Issue,No Open Recalls,No Issue,No Issue,No CPO Info Available,No Issue,6-cyl,Gas,All Wheel Drive,,,,
2019,Acura,TLX ,19998,119000,20 city/29 hwy,Automatic,Black/Black,1 Owner,No flood or frame damage,No odometer problems,19UUB3F34KA002105,Car - Compact Luxury,Clean,No Issue,Minor,2 Open Recall(s),No Issue,No Issue,No CPO Info Available,No Issue,6-cyl,Gas,All Wheel Drive,,,,
2020,Acura,RDX SH-AWD Advance,32998,32000,21 city/27 hwy,Automatic,Gray/Brown,2 Owners,No flood or frame damage,No odometer problems,5J8TC2H71LL027312,CUV - Midsize Luxury,Clean,No Issue,No Issue,1 Open Recall(s),No Issue,No Issue,OEM-Certified,No Issue,4-cyl,Turbo Gas,All Wheel Drive,,,,
2021,Acura,RDX SH-AWD,31998,22000,21 city/27 hwy,Automatic,Gray/Tan,1 Owner,No flood or frame damage,No odometer problems,5J8TC2H57ML046737,CUV - Midsize Luxury,Clean,No Issue,No Issue,No Open Recalls,No Issue,No Issue,No CPO Info Available,No Issue,,,,,,,
2014,Acura,MDX ,22998,54000,18 city/27 hwy,Automatic,Blue/Gray,1 Owner,No flood or frame damage,No odometer problems,5FRYD4H45EB005658,CUV - Midsize Luxury,Clean,No Issue,No Issue,No Open Recalls,No Issue,No Issue,No CPO Info Available,No Issue,6-cyl,Gas,All Wheel Drive,,,,
2024,Acura,MDX SH-AWD Technology,48998,9000,19 city/25 hwy,Automatic,Black/Brown,1 Owner,No flood or frame damage,No odometer problems,5J8YE1H45RL006715,CUV - Midsize Luxury,Clean,No Issue,No Issue,No Open Recalls,No Issue,No Issue,No CPO Info Available,No Issue,6-cyl,Gas,All Wheel Drive,,,,
2017,Acura,RDX AWD,19998,81000,19 city/27 hwy,Automatic,Black/Black,2 Owners,No flood or frame damage,No odometer problems,5J8TB4H57HL020451,CUV - Compact Luxury,Clean,No Issue,No Issue,No Open Recalls,No Issue,No Issue,No Recent CPO Reported,No Issue,6-cyl,Gas,All Wheel Drive,,,,
2021,Acura,ILX Premium,23998,34000,24 city/34 hwy,Automatic,Red/Black,2 Owners,No flood or frame damage,No odometer problems,19UDE2F79MA006383,Car - Compact Luxury,Clean,No Issue,Minor,No Open Recalls,No Issue,No Issue,No CPO Info Available,No Issue,4-cyl,Gas,Front Wheel Drive,,,,
2019,Acura,MDX SH-AWD Technology,28998,50000,19 city/26 hwy,Automatic,Gray/Brown,2 Owners,No flood or frame damage,No odometer problems,5J8YD4H56KL021873,CUV - Midsize Luxury,Clean,No Issue,No Issue,1 Open Recall(s),No Issue,No Issue,No CPO Info Available,No Issue,,,,,,,
2016,Acura,MDX ,20998,81000,18 city/26 hwy,Automatic,Blue/Gray,1 Owner,No flood or frame damage,No odometer problems,5FRYD4H40GB018773,CUV - Midsize Luxury,Clean,No Issue,Damage Reported,No Open Recalls,No Issue,No Issue,No CPO Info Available,No Issue,6-cyl,Gas,All Wheel Drive,,,,
2024,Acura,ZDX A-Spec,59998,2000,,,Silver/Black,1 Owner,No flood or frame damage,No odometer problems,4W5KHNRL4RZ504980,CUV - Compact Luxury,Clean,No Issue,No Issue,1 Open Recall(s),No Issue,No Issue,No CPO Info Available,No Issue,,,All Wheel Drive,94 city/80 hwy,Electric,304 miles,11 hours
2016,Acura,MDX ,17998,120000,18 city/26 hwy,Automatic,Pearl/Tan,3 Owners,No flood or frame damage,No odometer problems,5FRYD4H47GB062074,CUV - Midsize Luxury,Clean,No Issue,No Issue,No Open Recalls,No Issue,No Issue,No Recent CPO Reported,No Issue,6-cyl,Gas,All Wheel Drive,,,,
2019,Acura,MDX SH-AWD Technology,30998,30000,19 city/26 hwy,Automatic,White/Black,2 Owners,No flood or frame damage,No odometer problems,5J8YD4H51KL018251,CUV - Midsize Luxury,Clean,No Issue,No Issue,2 Open Recall(s),No Issue,No Issue,No CPO Info Available,No Issue,,,,,,,
2022,Acura,MDX SH-AWD Technology,41998,29000,19 city/25 hwy,Automatic,Blue/Black,1 Owner,No flood or frame damage,No odometer problems,5J8YE1H4XNL009197,CUV - Midsize Luxury,Clean,No Issue,Damage Reported,No Open Recalls,No Issue,No Issue,No CPO Info Available,No Issue,6-cyl,Gas,All Wheel Drive,,,,
2021,Acura,RDX SH-AWD,30998,30000,21 city/27 hwy,Automatic,White/Black,1 Owner,No flood or frame damage,No odometer problems,5J8TC2H37ML014451,CUV - Midsize Luxury,Clean,No Issue,Minor,1 Open Recall(s),No Issue,No Issue,No CPO Info Available,No Issue,4-cyl,Turbo Gas,All Wheel Drive,,,,
2020,Acura,MDX SH-AWD Technology,33998,27000,19 city/26 hwy,Automatic,Blue/Gray,2 Owners,No flood or frame damage,No odometer problems,5J8YD4H54LL017127,CUV - Midsize Luxury,Clean,No Issue,No Issue,1 Open Recall(s),No Issue,No Issue,OEM-Certified,No Issue,,,,,,,
2019,Acura,TLX SH-AWD A-Spec,24998,95000,20 city/29 hwy,Automatic,White/Black,2 Owners,No flood or frame damage,No odometer problems,19UUB3F69KA001655,Car - Compact Luxury,Clean,No Issue,Minor,2 Open Recall(s),No Issue,No Issue,No Recent CPO Reported,No Issue,6-cyl,Gas,All Wheel Drive,,,,
2021,Acura,RDX SH-AWD Technology,35998,11000,21 city/27 hwy,Automatic,Black/Black,1 Owner,No flood or frame damage,No odometer problems,5J8TC2H52ML043261,CUV - Midsize Luxury,Clean,No Issue,No Issue,No Open Recalls,No Issue,No Issue,No CPO Info Available,No Issue,,,,,,,
2018,Acura,RDX ,22998,57000,19 city/27 hwy,Automatic,Gray/Black,2 Owners,No flood or frame damage,No odometer problems,5J8TB4H55JL022351,CUV - Compact Luxury,Clean,No Issue,No Issue,1 Open Recall(s),No Issue,No Issue,No CPO Info Available,No Issue,6-cyl,Gas,All Wheel Drive,,,,
2016,Acura,ILX ,16998,90000,25 city/36 hwy,Automatic,Gray/Gray,4 Owners,No flood or frame damage,No odometer problems,19UDE2F77GA002952,Car - Compact Luxury,Clean,No Issue,Minor,No Open Recalls,No Issue,No Issue,No CPO Info Available,No Issue,4-cyl,Gas,Front Wheel Drive,,,,
2020,Acura,MDX SH-AWD,28998,47000,19 city/26 hwy,Automatic,Black/Black,1 Owner,No flood or frame damage,No odometer problems,5J8YD4H34LL043953,CUV - Midsize Luxury,Clean,No Issue,No Issue,2 Open Recall(s),No Issue,No Issue,OEM-Certified,No Issue,,,,,,,
2021,Acura,RDX SH-AWD Technology,33998,26000,21 city/27 hwy,Automatic,Gray/Black,1 Owner,No flood or frame damage,No odometer problems,5J8TC2H59ML014517,CUV - Midsize Luxury,Clean,No Issue,Damage Reported,1 Open Recall(s),No Issue,No Issue,No CPO Info Available,No Issue,4-cyl,Turbo Gas,All Wheel Drive,,,,
2021,Acura,ILX Premium,22998,46000,24 city/34 hwy,Automatic,White/Brown,1 Owner,No flood or frame damage,No odometer problems,19UDE2F74MA005612,Car - Compact Luxury,Clean,No Issue,Minor,No Open Recalls,No Issue,No Issue,No CPO Info Available,No Issue,4-cyl,Gas,Front Wheel Drive,,,,
2020,Acura,RDX SH-AWD Technology,27998,67000,21 city/27 hwy,Automatic,Black/Brown,1 Owner,No flood or frame damage,No odometer problems,5J8TC2H54LL023270,CUV - Midsize Luxury,Clean,No Issue,No Issue,1 Open Recall(s),No Issue,No Issue,No CPO Info Available,No Issue,4-cyl,Turbo Gas,All Wheel Drive,,,,
2019,Acura,RDX A-Spec,27998,77000,21 city/26 hwy,Automatic,White/Black,1 Owner,No flood or frame damage,No odometer problems,5J8TC2H61KL022536,CUV - Midsize Luxury,Clean,No Issue,No Issue,1 Open Recall(s),No Issue,No Issue,No CPO Info Available,No Issue,4-cyl,Turbo Gas,All Wheel Drive,,,,
2022,Acura,MDX SH-AWD Technology,40998,35000,19 city/25 hwy,Automatic,Silver/Black,3 Owners,No flood or frame damage,No odometer problems,5J8YE1H48NL005391,CUV - Midsize Luxury,Clean,No Issue,No Issue,No Open Recalls,No Issue,No Issue,No Recent CPO Reported,No Issue,6-cyl,Gas,All Wheel Drive,,,,
2021,Acura,RDX SH-AWD Technology,35998,26000,21 city/27 hwy,Automatic,White/Brown,1 Owner,No flood or frame damage,No odometer problems,5J8TC2H57ML031896,CUV - Midsize Luxury,Clean,No Issue,No Issue,No Open Recalls,No Issue,No Issue,No CPO Info Available,No Issue,4-cyl,Turbo Gas,All Wheel Drive,,,,
2018,Acura,MDX ,20998,93000,19 city/27 hwy,Automatic,Gray/Black,2 Owners,No flood or frame damage,No odometer problems,5J8YD3H36JL010573,CUV - Midsize Luxury,Clean,No Issue,No Issue,1 Open Recall(s),No Issue,No Issue,No Recent CPO Reported,No Issue,6-cyl,Gas,Front Wheel Drive,,,,
2019,Acura,RDX ,26998,58000,21 city/27 hwy,Automatic,Black/Black,3 Owners,No flood or frame damage,No odometer problems,5J8TC2H39KL030857,CUV - Midsize Luxury,Clean,No Issue,No Issue,1 Open Recall(s),No Issue,No Issue,No CPO Info Available,No Issue,,,,,,,
2020,Acura,RDX SH-AWD Technology,29998,44000,21 city/27 hwy,Automatic,Blue/Gray,1 Owner,No flood or frame damage,No odometer problems,5J8TC2H54LL015850,CUV - Midsize Luxury,Clean,No Issue,Minor,1 Open Recall(s),No Issue,No Issue,No CPO Info Available,No Issue,4-cyl,Turbo Gas,All Wheel Drive,,,,
2021,Acura,TLX SH-AWD Advance,33998,35000,21 city/29 hwy,Automatic,White/Brown,2 Owners,No flood or frame damage,No odometer problems,19UUB6F67MA000203,Car - Compact Luxury,Clean,No Issue,No Issue,No Open Recalls,No Issue,No Issue,OEM-Certified,No Issue,4-cyl,Turbo Gas,All Wheel Drive,,,,
2016,Acura,ILX Premium A-Spec,15998,98000,25 city/36 hwy,Automatic,Gray/Black,4 Owners,No flood or frame damage,No odometer problems,19UDE2F8XGA005482,Car - Compact Luxury,Clean,No Issue,Damage Reported,No Open Recalls,No Issue,No Issue,No CPO Info Available,No Issue,4-cyl,Gas,Front Wheel Drive,,,,
2020,Acura,ILX Premium,21998,53000,24 city/34 hwy,Automatic,Silver/Black,2 Owners,No flood or frame damage,No odometer problems,19UDE2F76LA005514,Car - Compact Luxury,Clean,No Issue,No Issue,No Open Recalls,No Issue,No Issue,OEM-Certified,No Issue,4-cyl,Gas,Front Wheel Drive,,,,
2024,Acura,Integra Type S,49998,6000,21 city/28 hwy,Manual 6 Speed,Black/Red,1 Owner,No flood or frame damage,No odometer problems,19UDE5G90RA001937,Car - Large Luxury,Clean,No Issue,No Issue,No Open Recalls,No Issue,No Issue,No CPO Info Available,No Issue,4-cyl,Turbo Gas,Front Wheel Drive,,,,
2022,Acura,MDX SH-AWD Technology,40998,32000,19 city/25 hwy,Automatic,Purple/Black,1 Owner,No flood or frame damage,No odometer problems,5J8YE1H48NL009473,CUV - Midsize Luxury,Clean,No Issue,No Issue,No Open Recalls,No Issue,No Issue,No CPO Info Available,No Issue,6-cyl,Gas,All Wheel Drive,,,,
2016,Acura,RDX AWD,19998,75000,19 city/28 hwy,Automatic,White/Cream,1 Owner,No flood or frame damage,No odometer problems,5J8TB4H56GL013375,CUV - Compact Luxury,Clean,No Issue,Damage Reported,No Open Recalls,No Issue,No Issue,No CPO Info Available,No Issue,6-cyl,Gas,All Wheel Drive,,,,
2022,Acura,MDX SH-AWD A-Spec,45998,25000,19 city/25 hwy,Automatic,Black/Red,2 Owners,No flood or frame damage,No odometer problems,5J8YE1H00NL017256,CUV - Midsize Luxury,Clean,No Issue,Damage Reported,No Open Recalls,No Issue,No Issue,No CPO Info Available,No Issue,6-cyl,Gas,All Wheel Drive,,,,
2024,Acura,Integra Type S,54998,4000,21 city/28 hwy,Manual 6 Speed,Gold/Black,1 Owner,No flood or frame damage,No odometer problems,19UDE5G93RA001205,Car - Large Luxury,Clean,No Issue,No Issue,No Open Recalls,No Issue,No Issue,No CPO Info Available,No Issue,4-cyl,Turbo Gas,Front Wheel Drive,,,,
2024,Acura,Integra Technology A-Spec,31998,5000,29 city/36 hwy,Automatic,Red/Black,1 Owner,No flood or frame damage,No odometer problems,19UDE4H61RA018907,Car - Large Luxury,Clean,No Issue,No Issue,No Open Recalls,No Issue,No Issue,No CPO Info Available,No Issue,4-cyl,Turbo Gas,Front Wheel Drive,,,,
2022,Acura,MDX SH-AWD Technology,40998,40000,19 city/25 hwy,Automatic,Black/Black,1 Owner,No flood or frame damage,No odometer problems,5J8YE1H40NL000976,CUV - Midsize Luxury,Clean,No Issue,No Issue,1 Open Recall(s),No Issue,No Issue,No CPO Info Available,No Issue,6-cyl,Gas,All Wheel Drive,,,,
2022,Acura,MDX SH-AWD A-Spec,44998,31000,19 city/25 hwy,Automatic,Blue/Red,1 Owner,No flood or frame damage,No odometer problems,5J8YE1H05NL050978,CUV - Midsize Luxury,Clean,No Issue,No Issue,No Open Recalls,No Issue,No Issue,No CPO Info Available,No Issue,6-cyl,Gas,All Wheel Drive,,,,
2020,Acura,MDX ,25998,74000,20 city/27 hwy,Automatic,Black/Tan,2 Owners,No flood or frame damage,No odometer problems,5J8YD3H32LL012291,CUV - Midsize Luxury,Clean,No Issue,No Issue,2 Open Recall(s),No Issue,No Issue,No Recent CPO Reported,No Issue,6-cyl,Gas,Front Wheel Drive,,,,
2020,Acura,MDX SH-AWD Technology,34998,23000,19 city/26 hwy,Automatic,White/Tan,1 Owner,No flood or frame damage,No odometer problems,5J8YD4H52LL051213,CUV - Midsize Luxury,Clean,No Issue,Damage Reported,2 Open Recall(s),No Issue,No Issue,No CPO Info Available,No Issue,,,,,,,
2022,Acura,MDX ,37998,32000,19 city/26 hwy,Automatic,White/Tan,2 Owners,No flood or frame damage,No odometer problems,5J8YD9H33NL002598,CUV - Midsize Luxury,Clean,No Issue,No Issue,No Open Recalls,No Issue,No Issue,No CPO Info Available,No Issue,6-cyl,Gas,Front Wheel Drive,,,,
2019,Acura,RDX ,29998,33000,21 city/27 hwy,Automatic,White/Tan,1 Owner,No flood or frame damage,No odometer problems,5J8TC2H30KL034554,CUV - Midsize Luxury,Clean,No Issue,Minor,1 Open Recall(s),No Issue,No Issue,No Recent CPO Reported,No Issue,4-cyl,Turbo Gas,All Wheel Drive,,,,
2021,Acura,RDX SH-AWD A-Spec,34998,39000,21 city/26 hwy,Automatic,Blue/Red,1 Owner,No flood or frame damage,No odometer problems,5J8TC2H68ML008202,CUV - Midsize Luxury,Clean,No Issue,No Issue,1 Open Recall(s),No Issue,No Issue,No CPO Info Available,No Issue,4-cyl,Turbo Gas,All Wheel Drive,,,,
2022,Acura,MDX SH-AWD Technology,42998,33000,19 city/25 hwy,Automatic,Gray/Brown,1 Owner,No flood or frame damage,No odometer problems,5J8YE1H48NL021106,CUV - Midsize Luxury,Clean,No Issue,Damage Reported,No Open Recalls,No Issue,No Issue,No CPO Info Available,No Issue,6-cyl,Gas,All Wheel Drive,,,,
2019,Acura,ILX ,21998,40000,24 city/34 hwy,Automatic,Gray/Black,2 Owners,No flood or frame damage,No odometer problems,19UDE2F73KA010409,Car - Compact Luxury,Clean,No Issue,No Issue,No Open Recalls,No Issue,No Issue,No Recent CPO Reported,No Issue,4-cyl,Gas,Front Wheel Drive,,,,
2020,Acura,MDX SH-AWD Technology,35998,24000,19 city/26 hwy,Automatic,White/Gray,1 Owner,No flood or frame damage,No odometer problems,5J8YD4H56LL053434,CUV - Midsize Luxury,Clean,No Issue,No Issue,1 Open Recall(s),No Issue,No Issue,No CPO Info Available,No Issue,,,,,,,
2022,Acura,MDX SH-AWD Technology,44998,10000,19 city/25 hwy,Automatic,White/Black,1 Owner,No flood or frame damage,No odometer problems,5J8YE1H40NL033136,CUV - Midsize Luxury,Clean,No Issue,Damage Reported,No Open Recalls,No Issue,No Issue,No CPO Info Available,No Issue,6-cyl,Gas,All Wheel Drive,,,,
2020,Acura,TLX A-Spec,25998,82000,20 city/30 hwy,Automatic,Red/Black,2 Owners,No flood or frame damage,No odometer problems,19UUB2F64LA004815,Car - Compact Luxury,Clean,No Issue,No Issue,No Open Recalls,No Issue,No Issue,No CPO Info Available,No Issue,6-cyl,Gas,Front Wheel Drive,,,,
2019,Acura,MDX SH-AWD Technology,31998,27000,19 city/26 hwy,Automatic,Gray/Black,1 Owner,No flood or frame damage,No odometer problems,5J8YD4H53KL029655,CUV - Midsize Luxury,Clean,No Issue,No Issue,1 Open Recall(s),No Issue,No Issue,No CPO Info Available,No Issue,6-cyl,Gas,All Wheel Drive,,,,
2020,Acura,MDX SH-AWD Advance,36998,30000,19 city/26 hwy,Automatic,White/Black,1 Owner,No flood or frame damage,No odometer problems,5J8YD4H82LL023745,CUV - Midsize Luxury,Clean,No Issue,No Issue,1 Open Recall(s),No Issue,No Issue,No CPO Info Available,No Issue,6-cyl,Gas,All Wheel Drive,,,,
2015,Acura,TLX ,15998,121000,24 city/35 hwy,Automatic,Gray/Black,3 Owners,No flood or frame damage,No odometer problems,19UUB1F52FA019285,Car - Compact Luxury,Clean,No Issue,No Issue,No Open Recalls,No Issue,No Issue,No CPO Info Available,No Issue,4-cyl,Gas,Front Wheel Drive,,,,
2020,Acura,RDX SH-AWD Advance,33998,30000,21 city/27 hwy,Automatic,White/Brown,2 Owners,No flood or frame damage,No odometer problems,5J8TC2H78LL031289,CUV - Midsize Luxury,Clean,No Issue,Damage Reported,1 Open Recall(s),No Issue,No Issue,OEM-Certified,No Issue,4-cyl,Turbo Gas,All Wheel Drive,,,,
2015,Acura,RDX AWD,18998,84000,19 city/27 hwy,Automatic,Red/Tan,3 Owners,No flood or frame damage,No odometer problems,5J8TB4H55FL002575,CUV - Compact Luxury,Clean,No Issue,No Issue,No Open Recalls,No Issue,No Issue,No CPO Info Available,No Issue,6-cyl,Gas,All Wheel Drive,,,,
2018,Acura,MDX Sport Hybrid Advance,30998,66000,26 city/27 hwy,Automatic,White/Brown,1 Owner,No flood or frame damage,No odometer problems,5J8YD7H50JL000078,CUV - Midsize Luxury,Clean,No Issue,No Issue,No Open Recalls,No Issue,No Issue,No CPO Info Available,No Issue,6-cyl,Hybrid,All Wheel Drive,,,,
2020,Acura,MDX SH-AWD Technology,31998,42000,19 city/26 hwy,Automatic,White/Black,2 Owners,No flood or frame damage,No odometer problems,5J8YD4H54LL053321,CUV - Midsize Luxury,Clean,No Issue,No Issue,1 Open Recall(s),No Issue,No Issue,No CPO Info Available,No Issue,,,,,,,
2019,Acura,MDX Advance,30998,42000,19 city/26 hwy,Automatic,Silver/Gray,1 Owner,No flood or frame damage,No odometer problems,5J8YD4H85KL021650,CUV - Midsize Luxury,Clean,No Issue,No Issue,2 Open Recall(s),No Issue,No Issue,No CPO Info Available,No Issue,6-cyl,Gas,All Wheel Drive,,,,
2016,Acura,MDX Advance,17998,100000,19 city/26 hwy,Automatic,White/Tan,3 Owners,No flood or frame damage,No odometer problems,5FRYD4H48GB027124,CUV - Midsize Luxury,Clean,No Issue,Damage Reported,No Open Recalls,No Issue,No Issue,No Recent CPO Reported,No Issue,6-cyl,Gas,All Wheel Drive,,,,
2017,Acura,RDX AWD,19998,81000,19 city/27 hwy,Automatic,Brown/Tan,3 Owners,No flood or frame damage,No odometer problems,5J8TB4H5XHL021593,CUV - Compact Luxury,Clean,No Issue,Minor,No Open Recalls,No Issue,No Issue,No Recent CPO Reported,No Issue,6-cyl,Gas,All Wheel Drive,,,,
2020,Acura,MDX SH-AWD,33998,30000,19 city/26 hwy,Automatic,Black/Tan,1 Owner,No flood or frame damage,No odometer problems,5J8YD4H38LL046290,CUV - Midsize Luxury,Clean,No Issue,No Issue,3 Open Recall(s),No Issue,No Issue,No CPO Info Available,No Issue,,,,,,,
2018,Acura,MDX ,27998,41000,18 city/26 hwy,Automatic,Black/Black,2 Owners,No flood or frame damage,No odometer problems,5J8YD4H51JL021245,CUV - Midsize Luxury,Clean,No Issue,No Issue,1 Open Recall(s),No Issue,No Issue,No CPO Info Available,No Issue,6-cyl,Gas,All Wheel Drive,,,,
2021,Acura,RDX SH-AWD A-Spec,35998,24000,21 city/26 hwy,Automatic,Blue/Black,2 Owners,No flood or frame damage,No odometer problems,5J8TC2H65ML043683,CUV - Midsize Luxury,Clean,No Issue,No Issue,No Open Recalls,No Issue,No Issue,OEM-Certified,No Issue,4-cyl,Turbo Gas,All Wheel Drive,,,,
2019,Acura,MDX Advance,25998,79000,19 city/26 hwy,Automatic,Silver/Black,1 Owner,No flood or frame damage,No odometer problems,5J8YD4H82KL009729,CUV - Midsize Luxury,Clean,No Issue,Minor,2 Open Recall(s),No Issue,No Issue,No CPO Info Available,No Issue,,,,,,,
2015,Acura,MDX ,18998,110000,18 city/27 hwy,Automatic,Gray/Gray,1 Owner,No flood or frame damage,No odometer problems,5FRYD4H6XFB016030,CUV - Midsize Luxury,Clean,No Issue,No Issue,No Open Recalls,No Issue,No Issue,No CPO Info Available,No Issue,6-cyl,Gas,All Wheel Drive,,,,
2017,Acura,RDX ,19998,69000,20 city/28 hwy,Automatic,Silver/Gray,2 Owners,No flood or frame damage,No odometer problems,5J8TB3H51HL008421,CUV - Compact Luxury,Clean,No Issue,Damage Reported,No Open Recalls,No Issue,No Issue,No Recent CPO Reported,No Issue,6-cyl,Gas,Front Wheel Drive,,,,
2016,Acura,MDX Advance,23998,59000,19 city/26 hwy,Automatic,White/Black,2 Owners,No flood or frame damage,No odometer problems,5FRYD4H96GB043026,CUV - Midsize Luxury,Clean,No Issue,Damage Reported,1 Open Recall(s),No Issue,No Issue,No CPO Info Available,No Issue,6-cyl,Gas,All Wheel Drive,,,,
2023,Acura,RDX SH-AWD A-Spec Advance,44998,14000,21 city/26 hwy,Automatic,Blue/Black,1 Owner,No flood or frame damage,No odometer problems,5J8TC2H81PL015711,CUV - Midsize Luxury,Clean,No Issue,No Issue,No Open Recalls,No Issue,No Issue,No CPO Info Available,No Issue,4-cyl,Turbo Gas,All Wheel Drive,,,,
2017,Acura,MDX ,20998,104000,18 city/26 hwy,Automatic,Black/Black,1 Owner,No flood or frame damage,No odometer problems,5J8YD4H55HL003566,CUV - Midsize Luxury,Clean,No Issue,No Issue,1 Open Recall(s),No Issue,No Issue,No CPO Info Available,No Issue,6-cyl,Gas,All Wheel Drive,,,,
2021,Acura,RDX SH-AWD Technology,27998,73000,21 city/27 hwy,Automatic,Gray/Gray,1 Owner,No flood or frame damage,No odometer problems,5J8TC2H57ML022437,CUV - Midsize Luxury,Clean,No Issue,No Issue,1 Open Recall(s),No Issue,No Issue,No Recent CPO Reported,No Issue,4-cyl,Turbo Gas,All Wheel Drive,,,,
2020,Acura,RDX SH-AWD,28998,40000,21 city/27 hwy,Automatic,Gray/Black,3 Owners,No flood or frame damage,No odometer problems,5J8TC2H37LL040997,CUV - Midsize Luxury,Clean,No Issue,No Issue,1 Open Recall(s),No Issue,No Issue,No CPO Info Available,No Issue,4-cyl,Turbo Gas,All Wheel Drive,,,,
2022,Acura,MDX SH-AWD A-Spec,46998,24000,19 city/25 hwy,Automatic,White/Red,1 Owner,No flood or frame damage,No odometer problems,5J8YE1H09NL011388,CUV - Midsize Luxury,Clean,No Issue,No Issue,No Open Recalls,No Issue,No Issue,No CPO Info Available,No Issue,6-cyl,Gas,All Wheel Drive,,,,
2021,Acura,RDX SH-AWD A-Spec,33998,42000,21 city/26 hwy,Automatic,White/Black,1 Owner,No flood or frame damage,No odometer problems,5J8TC2H69ML039555,CUV - Midsize Luxury,Clean,No Issue,No Issue,No Open Recalls,No Issue,No Issue,No CPO Info Available,No Issue,4-cyl,Turbo Gas,All Wheel Drive,,,,
2023,Acura,MDX SH-AWD Advance,53998,2000,19 city/25 hwy,Automatic,Gray/Black,1 Owner,No flood or frame damage,No odometer problems,5J8YE1H81PL038559,CUV - Midsize Luxury,Clean,No Issue,No Issue,No Open Recalls,No Issue,No Issue,No CPO Info Available,No Issue,6-cyl,Gas,All Wheel Drive,,,,
2019,Acura,MDX ,22998,95000,19 city/26 hwy,Automatic,White/Tan,2 Owners,No flood or frame damage,No odometer problems,5J8YD4H38KL019606,CUV - Midsize Luxury,Clean,No Issue,No Issue,2 Open Recall(s),No Issue,No Issue,No CPO Info Available,No Issue,6-cyl,Gas,All Wheel Drive,,,,
2020,Acura,MDX Sport Hybrid ,32998,53000,26 city/27 hwy,Automatic,Black/Black,1 Owner,No flood or frame damage,No odometer problems,5J8YD7H53LL001406,CUV - Midsize Luxury,Clean,No Issue,No Issue,No Open Recalls,No Issue,No Issue,No CPO Info Available,No Issue,6-cyl,Hybrid,All Wheel Drive,,,,
2021,Acura,RDX SH-AWD A-Spec,35998,33000,21 city/26 hwy,Automatic,Black/Red,2 Owners,No flood or frame damage,No odometer problems,5J8TC2H65ML012871,CUV - Midsize Luxury,Clean,No Issue,No Issue,1 Open Recall(s),No Issue,No Issue,No Recent CPO Reported,No Issue,4-cyl,Turbo Gas,All Wheel Drive,,,,
2021,Acura,RDX SH-AWD Technology,32998,29000,21 city/27 hwy,Automatic,Silver/Black,1 Owner,No flood or frame damage,No odometer problems,5J8TC2H58ML046200,CUV - Midsize Luxury,Clean,No Issue,No Issue,No Open Recalls,No Issue,No Issue,No CPO Info Available,No Issue,4-cyl,Turbo Gas,All Wheel Drive,,,,
2023,Acura,Integra Technology A-Spec,30998,21000,29 city/36 hwy,Automatic,White/Red,1 Owner,No flood or frame damage,No odometer problems,19UDE4H63PA017769,Car - Large Luxury,Clean,No Issue,No Issue,No Open Recalls,No Issue,No Issue,No CPO Info Available,No Issue,4-cyl,Turbo Gas,Front Wheel Drive,,,,
2016,Acura,RDX AWD,19998,76000,19 city/28 hwy,Automatic,Black/Black,2 Owners,No flood or frame damage,No odometer problems,5J8TB4H39GL006435,CUV - Compact Luxury,Clean,No Issue,Moderate,No Open Recalls,No Issue,No Issue,No Recent CPO Reported,No Issue,6-cyl,Gas,All Wheel Drive,,,,
2016,Acura,MDX Advance,18998,106000,19 city/26 hwy,Automatic,White/Gray,2 Owners,No flood or frame damage,No odometer problems,5FRYD4H91GB033214,CUV - Midsize Luxury,Clean,No Issue,No Issue,2 Open Recall(s),No Issue,No Issue,No Recent CPO Reported,No Issue,6-cyl,Gas,All Wheel Drive,,,,
2020,Acura,RDX SH-AWD Technology,31998,28000,21 city/27 hwy,Automatic,Pearl/Black,2 Owners,No flood or frame damage,No odometer problems,5J8TC2H51LL025283,CUV - Midsize Luxury,Clean,No Issue,Minor,1 Open Recall(s),No Issue,No Issue,No CPO Info Available,No Issue,4-cyl,Turbo Gas,All Wheel Drive,,,,
2019,Acura,RDX ,27998,42000,21 city/27 hwy,Automatic,Gray/Gray,2 Owners,No flood or frame damage,No odometer problems,5J8TC2H57KL040739,CUV - Midsize Luxury,Clean,No Issue,No Issue,1 Open Recall(s),No Issue,No Issue,No CPO Info Available,No Issue,4-cyl,Turbo Gas,All Wheel Drive,,,,
2020,Acura,MDX SH-AWD Advance,35998,39000,19 city/26 hwy,Automatic,Gray/Black,1 Owner,No flood or frame damage,No odometer problems,5J8YD4H8XLL016820,CUV - Midsize Luxury,Clean,No Issue,No Issue,2 Open Recall(s),No Issue,No Issue,OEM-Certified,No Issue,6-cyl,Gas,All Wheel Drive,,,,
2022,Acura,MDX SH-AWD A-Spec,40998,44000,19 city/25 hwy,Automatic,Silver/Black,1 Owner,No flood or frame damage,No odometer problems,5J8YE1H01NL019775,CUV - Midsize Luxury,Clean,No Issue,No Issue,No Open Recalls,No Issue,No Issue,No CPO Info Available,No Issue,6-cyl,Gas,All Wheel Drive,,,,
2016,Acura,MDX Advance,22998,78000,19 city/26 hwy,Automatic,Black/Black,2 Owners,No flood or frame damage,No odometer problems,5FRYD4H90GB056323,CUV - Midsize Luxury,Clean,No Issue,No Issue,1 Open Recall(s),No Issue,No Issue,No CPO Info Available,No Issue,6-cyl,Gas,All Wheel Drive,,,,
2021,Acura,RDX SH-AWD Technology,32998,22000,21 city/27 hwy,Automatic,Black/Black,1 Owner,No flood or frame damage,No odometer problems,5J8TC2H57ML009395,CUV - Midsize Luxury,Clean,No Issue,No Issue,1 Open Recall(s),No Issue,No Issue,No CPO Info Available,No Issue,4-cyl,Turbo Gas,All Wheel Drive,,,,
2020,Acura,MDX SH-AWD,27998,54000,19 city/26 hwy,Automatic,Black/Tan,1 Owner,No flood or frame damage,No odometer problems,5J8YD4H3XLL026266,CUV - Midsize Luxury,Clean,No Issue,Damage Reported,1 Open Recall(s),No Issue,No Issue,No CPO Info Available,No Issue,,,,,,,
2021,Acura,RDX SH-AWD Technology,35998,21000,21 city/27 hwy,Automatic,Blue/Black,1 Owner,No flood or frame damage,No odometer problems,5J8TC2H50ML037359,CUV - Midsize Luxury,Clean,No Issue,Damage Reported,No Open Recalls,No Issue,No Issue,No CPO Info Available,No Issue,4-cyl,Turbo Gas,All Wheel Drive,,,,
2019,Acura,RDX A-Spec,32998,46000,21 city/26 hwy,Automatic,Gray/Red,1 Owner,No flood or frame damage,No odometer problems,5J8TC2H66KL026680,CUV - Midsize Luxury,Clean,No Issue,No Issue,1 Open Recall(s),No Issue,No Issue,No CPO Info Available,No Issue,4-cyl,Turbo Gas,All Wheel Drive,,,,
2018,Acura,ILX Special Edition,18998,72000,25 city/35 hwy,Automatic,White/Black,2 Owners,No flood or frame damage,No odometer problems,19UDE2F41JA003415,Car - Compact Luxury,Clean,No Issue,No Issue,No Open Recalls,No Issue,No Issue,No CPO Info Available,No Issue,4-cyl,Gas,Front Wheel Drive,,,,
2021,Acura,RDX SH-AWD Technology,35998,15000,21 city/27 hwy,Automatic,Gray/Black,2 Owners,No flood or frame damage,No odometer problems,5J8TC2H54ML035257,CUV - Midsize Luxury,Clean,No Issue,No Issue,No Open Recalls,No Issue,No Issue,OEM-Certified,No Issue,4-cyl,Turbo Gas,All Wheel Drive,,,,
2022,Acura,MDX SH-AWD A-Spec,48998,17000,19 city/25 hwy,Automatic,Gray/Red,3 Owners,No flood or frame damage,No odometer problems,5J8YE1H00NL025406,CUV - Midsize Luxury,Clean,No Issue,No Issue,No Open Recalls,No Issue,No Issue,No CPO Info Available,No Issue,6-cyl,Gas,All Wheel Drive,,,,
2019,Acura,MDX SH-AWD Technology,30998,38000,19 city/26 hwy,Automatic,Gray/Black,1 Owner,No flood or frame damage,No odometer problems,5J8YD4H53KL035228,CUV - Midsize Luxury,Clean,No Issue,No Issue,2 Open Recall(s),No Issue,No Issue,No CPO Info Available,No Issue,6-cyl,Gas,All Wheel Drive,,,,
2021,Acura,RDX SH-AWD Technology,31998,42000,21 city/27 hwy,Automatic,Black/Black,1 Owner,No flood or frame damage,No odometer problems,5J8TC2H50ML009951,CUV - Midsize Luxury,Clean,No Issue,No Issue,1 Open Recall(s),No Issue,No Issue,No CPO Info Available,No Issue,4-cyl,Turbo Gas,All Wheel Drive,,,,
2016,Acura,MDX Advance,19998,106000,19 city/26 hwy,Automatic,Gray/Black,2 Owners,No flood or frame damage,No odometer problems,5FRYD4H49GB055272,CUV - Midsize Luxury,Clean,No Issue,Damage Reported,No Open Recalls,No Issue,No Issue,No Recent CPO Reported,No Issue,6-cyl,Gas,All Wheel Drive,,,,
2015,Acura,RDX AWD,19998,72000,19 city/27 hwy,Automatic,White/Tan,1 Owner,No flood or frame damage,No odometer problems,5J8TB4H3XFL004983,CUV - Compact Luxury,Clean,No Issue,No Issue,No Open Recalls,No Issue,No Issue,No CPO Info Available,No Issue,6-cyl,Gas,All Wheel Drive,,,,
2020,Acura,RDX SH-AWD A-Spec,31998,58000,21 city/26 hwy,Automatic,Black/Red,1 Owner,No flood or frame damage,No odometer problems,5J8TC2H64LL031930,CUV - Midsize Luxury,Clean,No Issue,No Issue,1 Open Recall(s),No Issue,No Issue,No CPO Info Available,No Issue,4-cyl,Turbo Gas,All Wheel Drive,,,,
2021,Acura,RDX Technology,32998,23000,22 city/28 hwy,Automatic,Black/Black,2 Owners,No flood or frame damage,No odometer problems,5J8TC1H58ML014387,CUV - Midsize Luxury,Clean,No Issue,Damage Reported,1 Open Recall(s),No Issue,No Issue,No CPO Info Available,No Issue,4-cyl,Turbo Gas,Front Wheel Drive,,,,
2016,Acura,TLX ,18998,101000,21 city/34 hwy,Automatic,Black/Black,2 Owners,No flood or frame damage,No odometer problems,19UUB2F76GA005642,Car - Compact Luxury,Clean,No Issue,No Issue,1 Open Recall(s),No Issue,No Issue,No Recent CPO Reported,No Issue,6-cyl,Gas,Front Wheel Drive,,,,
2017,Acura,ILX ,18998,54000,25 city/35 hwy,Automatic,Black/Black,1 Owner,No flood or frame damage,No odometer problems,19UDE2F36HA006800,Car - Compact Luxury,Clean,No Issue,Moderate,No Open Recalls,No Issue,No Issue,No CPO Info Available,No Issue,4-cyl,Gas,Front Wheel Drive,,,,
2023,Acura,RDX SH-AWD,37998,12000,21 city/27 hwy,Automatic,Black/Black,1 Owner,No flood or frame damage,No odometer problems,5J8TC2H39PL020966,CUV - Midsize Luxury,Clean,No Issue,No Issue,No Open Recalls,No Issue,No Issue,No CPO Info Available,No Issue,4-cyl,Turbo Gas,All Wheel Drive,,,,
2016,Acura,MDX ,17998,106000,18 city/26 hwy,Automatic,Black/Tan,2 Owners,No flood or frame damage,No odometer problems,5FRYD4H42GB036661,CUV - Midsize Luxury,Clean,No Issue,No Issue,No Open Recalls,No Issue,No Issue,No CPO Info Available,No Issue,6-cyl,Gas,All Wheel Drive,,,,
2020,Acura,TLX SH-AWD A-Spec,35998,19000,20 city/29 hwy,Automatic,Black/Red,2 Owners,No flood or frame damage,No odometer problems,19UUB3F67LA003339,Car - Compact Luxury,Clean,No Issue,No Issue,1 Open Recall(s),No Issue,No Issue,No CPO Info Available,No Issue,6-cyl,Gas,All Wheel Drive,,,,
2020,Acura,MDX SH-AWD,32998,20000,19 city/26 hwy,Automatic,White/Black,1 Owner,No flood or frame damage,No odometer problems,5J8YD4H30LL038944,CUV - Midsize Luxury,Clean,No Issue,No Issue,2 Open Recall(s),No Issue,No Issue,No CPO Info Available,No Issue,,,,,,,
2016,Acura,MDX ,20998,78000,18 city/26 hwy,Automatic,White/Tan,3 Owners,No flood or frame damage,No odometer problems,5FRYD4H23GB031788,CUV - Midsize Luxury,Clean,No Issue,No Issue,No Open Recalls,No Issue,No Issue,No Recent CPO Reported,No Issue,6-cyl,Gas,All Wheel Drive,,,,
2016,Acura,MDX ,16998,126000,18 city/26 hwy,Automatic,Black/Black,2 Owners,No flood or frame damage,No odometer problems,5FRYD4H40GB062675,CUV - Midsize Luxury,Clean,No Issue,Damage Reported,No Open Recalls,No Issue,No Issue,No Recent CPO Reported,No Issue,6-cyl,Gas,All Wheel Drive,,,,
2024,Acura,Integra ,29998,8000,30 city/37 hwy,Automatic,Silver/Black,1 Owner,No flood or frame damage,No odometer problems,19UDE4H28RA016729,Car - Large Luxury,Clean,No Issue,No Issue,No Open Recalls,No Issue,No Issue,No CPO Info Available,No Issue,4-cyl,Turbo Gas,Front Wheel Drive,,,,
2022,Acura,MDX SH-AWD A-Spec,44998,26000,19 city/25 hwy,Automatic,Black/Black,1 Owner,No flood or frame damage,No odometer problems,5J8YE1H05NL016796,CUV - Midsize Luxury,Clean,No Issue,No Issue,No Open Recalls,No Issue,No Issue,No CPO Info Available,No Issue,6-cyl,Gas,All Wheel Drive,,,,
2022,Acura,MDX SH-AWD,38998,26000,19 city/25 hwy,Automatic,Gray/Black,1 Owner,No flood or frame damage,No odometer problems,5J8YE1H3XNL021812,CUV - Midsize Luxury,Clean,No Issue,Damage Reported,No Open Recalls,No Issue,No Issue,No CPO Info Available,No Issue,,,,,,,
2023,Acura,TLX SH-AWD A-Spec,43998,6000,21 city/29 hwy,Automatic,Black/Red,1 Owner,No flood or frame damage,No odometer problems,19UUB6F52PA003702,Car - Compact Luxury,Clean,No Issue,No Issue,No Open Recalls,No Issue,No Issue,No CPO Info Available,No Issue,4-cyl,Turbo Gas,All Wheel Drive,,,,
2020,Acura,TLX Technology,24998,45000,23 city/33 hwy,Automatic,White/Black,1 Owner,No flood or frame damage,No odometer problems,19UUB1F52LA003275,Car - Compact Luxury,Clean,No Issue,No Issue,No Open Recalls,No Issue,No Issue,No CPO Info Available,No Issue,4-cyl,Gas,Front Wheel Drive,,,,
2014,Acura,MDX ,20998,70000,18 city/27 hwy,Automatic,Black/Tan,1 Owner,No flood or frame damage,No odometer problems,5FRYD4H42EB010655,CUV - Midsize Luxury,Clean,No Issue,No Issue,1 Open Recall(s),No Issue,No Issue,No CPO Info Available,No Issue,6-cyl,Gas,All Wheel Drive,,,,
2016,Acura,MDX Advance,16998,124000,19 city/26 hwy,Automatic,Gray/Gray,2 Owners,No flood or frame damage,No odometer problems,5FRYD4H99GB034840,CUV - Midsize Luxury,Clean,No Issue,No Issue,1 Open Recall(s),No Issue,No Issue,No Recent CPO Reported,No Issue,6-cyl,Gas,All Wheel Drive,,,,
2021,Acura,RDX SH-AWD Technology,30998,38000,21 city/27 hwy,Automatic,Gray/Gray,1 Owner,No flood or frame damage,No odometer problems,5J8TC2H56ML022140,CUV - Midsize Luxury,Clean,No Issue,No Issue,1 Open Recall(s),No Issue,No Issue,No CPO Info Available,No Issue,4-cyl,Turbo Gas,All Wheel Drive,,,,
2021,Acura,TLX ,24998,49000,22 city/31 hwy,Automatic,White/Black,3 Owners,No flood or frame damage,No odometer problems,19UUB5F31MA013206,Car - Compact Luxury,Clean,No Issue,No Issue,No Open Recalls,No Issue,No Issue,No CPO Info Available,No Issue,4-cyl,Turbo Gas,Front Wheel Drive,,,,
2021,Acura,RDX SH-AWD,30998,41000,21 city/27 hwy,Automatic,White/Black,1 Owner,No flood or frame damage,No odometer problems,5J8TC2H30ML035822,CUV - Midsize Luxury,Clean,No Issue,No Issue,No Open Recalls,No Issue,No Issue,No CPO Info Available,No Issue,4-cyl,Turbo Gas,All Wheel Drive,,,,
2020,Acura,MDX SH-AWD,31998,23000,19 city/26 hwy,Automatic,Gray/Black,1 Owner,No flood or frame damage,No odometer problems,5J8YD4H3XLL038367,CUV - Midsize Luxury,Clean,No Issue,No Issue,2 Open Recall(s),No Issue,No Issue,No CPO Info Available,No Issue,,,,,,,
2019,Acura,TLX A-Spec,26998,53000,23 city/32 hwy,Automatic,Black/Black,1 Owner,No flood or frame damage,No odometer problems,19UUB1F62KA002490,Car - Compact Luxury,Clean,No Issue,No Issue,No Open Recalls,No Issue,No Issue,No CPO Info Available,No Issue,4-cyl,Gas,Front Wheel Drive,,,,
2023,Acura,MDX SH-AWD Advance,52998,19000,19 city/25 hwy,Automatic,White/Brown,2 Owners,No flood or frame damage,No odometer problems,5J8YE1H88PL020110,CUV - Midsize Luxury,Clean,No Issue,No Issue,No Open Recalls,No Issue,No Issue,OEM-Certified,No Issue,6-cyl,Gas,All Wheel Drive,,,,
2017,Acura,TLX ,17998,86000,21 city/34 hwy,Automatic,Gray/Gray,2 Owners,No flood or frame damage,No odometer problems,19UUB2F53HA003220,Car - Compact Luxury,Clean,No Issue,Damage Reported,1 Open Recall(s),No Issue,No Issue,No CPO Info Available,No Issue,6-cyl,Gas,Front Wheel Drive,,,,
2020,Acura,RDX SH-AWD A-Spec,32998,47000,21 city/26 hwy,Automatic,Black/Black,2 Owners,No flood or frame damage,No odometer problems,5J8TC2H63LL007540,CUV - Midsize Luxury,Clean,No Issue,No Issue,1 Open Recall(s),No Issue,No Issue,No Recent CPO Reported,No Issue,4-cyl,Turbo Gas,All Wheel Drive,,,,
2018,Acura,MDX ,21998,113000,18 city/26 hwy,Automatic,Black/Black,2 Owners,No flood or frame damage,No odometer problems,5J8YD4H31JL000099,CUV - Midsize Luxury,Clean,No Issue,Moderate,No Open Recalls,No Issue,No Issue,No CPO Info Available,No Issue,6-cyl,Gas,All Wheel Drive,,,,
2021,Acura,TLX Technology,30998,10000,22 city/31 hwy,Automatic,White/Tan,1 Owner,No flood or frame damage,No odometer problems,19UUB5F45MA010074,Car - Compact Luxury,Clean,No Issue,No Issue,No Open Recalls,No Issue,No Issue,No CPO Info Available,No Issue,4-cyl,Turbo Gas,Front Wheel Drive,,,,
2022,Acura,MDX SH-AWD Technology,41998,26000,19 city/25 hwy,Automatic,White/Black,1 Owner,No flood or frame damage,No odometer problems,5J8YE1H41NL017785,CUV - Midsize Luxury,Clean,No Issue,Damage Reported,1 Open Recall(s),No Issue,No Issue,No CPO Info Available,No Issue,6-cyl,Gas,All Wheel Drive,,,,
2020,Acura,MDX SH-AWD Technology,31998,33000,19 city/26 hwy,Automatic,Black/Black,1 Owner,No flood or frame damage,No odometer problems,5J8YD4H53LL052760,CUV - Midsize Luxury,Clean,No Issue,Minor,2 Open Recall(s),No Issue,No Issue,No CPO Info Available,No Issue,,,,,,,
2020,Acura,RDX SH-AWD Technology,30998,28000,21 city/27 hwy,Automatic,Gray/Black,2 Owners,No flood or frame damage,No odometer problems,5J8TC2H54LL009630,CUV - Midsize Luxury,Clean,No Issue,Minor,1 Open Recall(s),No Issue,No Issue,OEM-Certified,No Issue,4-cyl,Turbo Gas,All Wheel Drive,,,,
2022,Acura,ILX Premium A-Spec,27998,23000,24 city/34 hwy,Automatic,Black/Red,1 Owner,No flood or frame damage,No odometer problems,19UDE2F83NA006289,Car - Compact Luxury,Clean,No Issue,No Issue,No Open Recalls,No Issue,No Issue,No CPO Info Available,No Issue,4-cyl,Gas,Front Wheel Drive,,,,
2023,Acura,MDX SH-AWD A-Spec,45998,29000,19 city/25 hwy,Automatic,White/Red,2 Owners,No flood or frame damage,No odometer problems,5J8YE1H03PL003032,CUV - Midsize Luxury,Clean,No Issue,No Issue,No Open Recalls,No Issue,No Issue,No CPO Info Available,No Issue,6-cyl,Gas,All Wheel Drive,,,,
2020,Acura,MDX SH-AWD Technology,29998,53000,19 city/26 hwy,Automatic,Black/Black,2 Owners,No flood or frame damage,No odometer problems,5J8YD4H50LL015567,CUV - Midsize Luxury,Clean,No Issue,Minor,No Open Recalls,No Issue,No Issue,No CPO Info Available,No Issue,,,,,,,
2022,Acura,MDX SH-AWD Technology,40998,37000,19 city/25 hwy,Automatic,Blue/Gray,1 Owner,No flood or frame damage,No odometer problems,5J8YE1H41NL003210,CUV - Midsize Luxury,Clean,No Issue,Damage Reported,No Open Recalls,No Issue,No Issue,No CPO Info Available,No Issue,6-cyl,Gas,All Wheel Drive,,,,
2020,Acura,MDX SH-AWD Technology,32998,39000,19 city/26 hwy,Automatic,Pearl/Brown,1 Owner,No flood or frame damage,No odometer problems,5J8YD4H59LL018872,CUV - Midsize Luxury,Clean,No Issue,No Issue,1 Open Recall(s),No Issue,No Issue,No CPO Info Available,No Issue,,,,,,,
2020,Acura,MDX ,30998,34000,20 city/27 hwy,Automatic,Burgundy/Tan,3 Owners,No flood or frame damage,No odometer problems,5J8YD3H31LL011570,CUV - Midsize Luxury,Clean,No Issue,No Issue,2 Open Recall(s),No Issue,No Issue,No Recent CPO Reported,No Issue,6-cyl,Gas,Front Wheel Drive,,,,
2020,Acura,TLX Technology,25998,23000,23 city/33 hwy,Automatic,White/Cream,1 Owner,No flood or frame damage,No odometer problems,19UUB1F51LA014140,Car - Compact Luxury,Clean,No Issue,Damage Reported,No Open Recalls,No Issue,No Issue,No CPO Info Available,No Issue,4-cyl,Gas,Front Wheel Drive,,,,
2020,Acura,TLX Technology,24998,45000,23 city/33 hwy,Automatic,Black/Black,3 Owners,No flood or frame damage,No odometer problems,19UUB1F53LA013362,Car - Compact Luxury,Clean,No Issue,No Issue,No Open Recalls,No Issue,No Issue,No CPO Info Available,No Issue,4-cyl,Gas,Front Wheel Drive,,,,
2015,Acura,MDX ,16998,127000,18 city/27 hwy,Automatic,Black/Black,1 Owner,No flood or frame damage,No odometer problems,5FRYD4H40FB006363,CUV - Midsize Luxury,Clean,No Issue,No Issue,No Open Recalls,No Issue,No Issue,No CPO Info Available,No Issue,,,,,,,
2016,Acura,RDX ,20998,53000,20 city/29 hwy,Automatic,White/Tan,1 Owner,No flood or frame damage,No odometer problems,5J8TB3H57GL008518,CUV - Compact Luxury,Clean,No Issue,No Issue,No Open Recalls,No Issue,No Issue,No CPO Info Available,No Issue,6-cyl,Gas,Front Wheel Drive,,,,
2021,Acura,RDX SH-AWD Technology,31998,40000,21 city/27 hwy,Automatic,White/Brown,2 Owners,No flood or frame damage,No odometer problems,5J8TC2H53ML045116,CUV - Midsize Luxury,Clean,No Issue,No Issue,No Open Recalls,No Issue,No Issue,No Recent CPO Reported,No Issue,4-cyl,Turbo Gas,All Wheel Drive,,,,
2019,Acura,RDX A-Spec,29998,53000,21 city/26 hwy,Automatic,White/Black,1 Owner,No flood or frame damage,No odometer problems,5J8TC2H66KL027506,CUV - Midsize Luxury,Clean,No Issue,No Issue,1 Open Recall(s),No Issue,No Issue,No CPO Info Available,No Issue,4-cyl,Turbo Gas,All Wheel Drive,,,,
2021,Acura,RDX SH-AWD,30998,27000,21 city/27 hwy,Automatic,Blue/Black,2 Owners,No flood or frame damage,No odometer problems,5J8TC2H3XML003122,CUV - Midsize Luxury,Clean,No Issue,No Issue,No Open Recalls,No Issue,No Issue,No Recent CPO Reported,No Issue,4-cyl,Turbo Gas,All Wheel Drive,,,,
2020,Acura,MDX SH-AWD Advance,34998,39000,19 city/26 hwy,Automatic,Blue/Gray,1 Owner,No flood or frame damage,No odometer problems,5J8YD4H80LL027695,CUV - Midsize Luxury,Clean,No Issue,Minor,1 Open Recall(s),No Issue,No Issue,No CPO Info Available,No Issue,6-cyl,Gas,All Wheel Drive,,,,
2021,Acura,ILX Premium,24998,35000,24 city/34 hwy,Automatic,Black/Black,1 Owner,No flood or frame damage,No odometer problems,19UDE2F79MA011289,Car - Compact Luxury,Clean,No Issue,Minor,No Open Recalls,No Issue,No Issue,No CPO Info Available,No Issue,4-cyl,Gas,Front Wheel Drive,,,,
2020,Acura,MDX SH-AWD Technology,32998,30000,19 city/26 hwy,Automatic,White/Black,1 Owner,No flood or frame damage,No odometer problems,5J8YD4H52LL016431,CUV - Midsize Luxury,Clean,No Issue,No Issue,1 Open Recall(s),No Issue,No Issue,No CPO Info Available,No Issue,,,,,,,
2020,Acura,MDX SH-AWD,28998,49000,19 city/26 hwy,Automatic,White/Black,1 Owner,No flood or frame damage,No odometer problems,5J8YD4H37LL054882,CUV - Midsize Luxury,Clean,No Issue,No Issue,2 Open Recall(s),No Issue,No Issue,No CPO Info Available,No Issue,,,,,,,
2020,Acura,TLX ,25998,42000,20 city/31 hwy,Automatic,Black/Black,1 Owner,No flood or frame damage,No odometer problems,19UUB2F32LA001398,Car - Compact Luxury,Clean,No Issue,Minor,1 Open Recall(s),No Issue,No Issue,No CPO Info Available,No Issue,,,,,,,
2016,Acura,TLX ,16998,91000,24 city/35 hwy,Automatic,Silver/Black,2 Owners,No flood or frame damage,No odometer problems,19UUB1F5XGA000680,Car - Compact Luxury,Clean,No Issue,No Issue,No Open Recalls,No Issue,No Issue,No CPO Info Available,No Issue,4-cyl,Gas,Front Wheel Drive,,,,
2018,Acura,MDX Sport Hybrid Advance,28998,60000,26 city/27 hwy,Automatic,Gray/Black,2 Owners,No flood or frame damage,No odometer problems,5J8YD7H72JL000388,CUV - Midsize Luxury,Clean,No Issue,No Issue,No Open Recalls,No Issue,No Issue,No CPO Info Available,No Issue,6-cyl,Hybrid,All Wheel Drive,,,,
2018,Acura,ILX ,19998,69000,25 city/35 hwy,Automatic,White/Tan,3 Owners,No flood or frame damage,No odometer problems,19UDE2F79JA005651,Car - Compact Luxury,Clean,No Issue,No Issue,No Open Recalls,No Issue,No Issue,No CPO Info Available,No Issue,4-cyl,Gas,Front Wheel Drive,,,,
2020,Acura,RDX SH-AWD,26998,52000,21 city/27 hwy,Automatic,Red/Tan,2 Owners,No flood or frame damage,No odometer problems,5J8TC2H30LL037262,CUV - Midsize Luxury,Clean,No Issue,Minor,1 Open Recall(s),No Issue,No Issue,No Recent CPO Reported,No Issue,4-cyl,Turbo Gas,All Wheel Drive,,,,
2019,Acura,ILX ,20998,46000,24 city/34 hwy,Automatic,Pearl/Black,2 Owners,No flood or frame damage,No odometer problems,19UDE2F3XKA008671,Car - Compact Luxury,Clean,No Issue,No Issue,1 Open Recall(s),No Issue,No Issue,No CPO Info Available,No Issue,4-cyl,Gas,Front Wheel Drive,,,,
2015,Acura,MDX ,18998,92000,18 city/27 hwy,Automatic,White/Tan,1 Owner,No flood or frame damage,No odometer problems,5FRYD4H49FB028555,CUV - Midsize Luxury,Clean,No Issue,Moderate,No Open Recalls,No Issue,No Issue,No CPO Info Available,No Issue,6-cyl,Gas,All Wheel Drive,,,,
2017,Acura,RDX AWD,23998,46000,19 city/27 hwy,Automatic,White/Green,1 Owner,No flood or frame damage,No odometer problems,5J8TB4H3XHL023021,CUV - Compact Luxury,Clean,No Issue,Damage Reported,No Open Recalls,No Issue,No Issue,No CPO Info Available,No Issue,,,,,,,
2016,Acura,MDX Advance,22998,78000,19 city/26 hwy,Automatic,Pearl/Tan,2 Owners,No flood or frame damage,No odometer problems,5FRYD4H93GB032467,CUV - Midsize Luxury,Clean,No Issue,No Issue,1 Open Recall(s),No Issue,No Issue,No CPO Info Available,No Issue,6-cyl,Gas,All Wheel Drive,,,,
2022,Acura,MDX SH-AWD Technology,42998,21000,19 city/25 hwy,Automatic,Blue/Cream,1 Owner,No flood or frame damage,No odometer problems,5J8YE1H4XNL019048,CUV - Midsize Luxury,Clean,No Issue,No Issue,No Open Recalls,No Issue,No Issue,No CPO Info Available,No Issue,6-cyl,Gas,All Wheel Drive,,,,
2020,Acura,MDX SH-AWD,28998,45000,19 city/26 hwy,Automatic,Gray/Black,1 Owner,No flood or frame damage,No odometer problems,5J8YD4H36LL058339,CUV - Midsize Luxury,Clean,No Issue,No Issue,1 Open Recall(s),No Issue,No Issue,No CPO Info Available,No Issue,,,,,,,
2020,Acura,MDX SH-AWD,28998,40000,19 city/26 hwy,Automatic,Black/Tan,2 Owners,No flood or frame damage,No odometer problems,5J8YD4H3XLL011671,CUV - Midsize Luxury,Clean,No Issue,No Issue,2 Open Recall(s),No Issue,No Issue,No CPO Info Available,No Issue,,,,,,,
2019,Acura,RDX A-Spec,29998,49000,21 city/26 hwy,Automatic,Red/Black,3 Owners,No flood or frame damage,No odometer problems,5J8TC2H67KL020922,CUV - Midsize Luxury,Clean,No Issue,No Issue,1 Open Recall(s),No Issue,No Issue,No Recent CPO Reported,No Issue,4-cyl,Turbo Gas,All Wheel Drive,,,,
2019,Acura,MDX SH-AWD Technology,28998,49000,19 city/26 hwy,Automatic,Black/Black,2 Owners,No flood or frame damage,No odometer problems,5J8YD4H56KL014020,CUV - Midsize Luxury,Clean,No Issue,No Issue,2 Open Recall(s),No Issue,No Issue,No CPO Info Available,No Issue,6-cyl,Gas,All Wheel Drive,,,,
2020,Acura,RDX Technology,25998,78000,22 city/28 hwy,Automatic,White/Tan,1 Owner,No flood or frame damage,No odometer problems,5J8TC1H52LL001634,CUV - Midsize Luxury,Clean,No Issue,No Issue,2 Open Recall(s),No Issue,No Issue,No CPO Info Available,No Issue,4-cyl,Turbo Gas,Front Wheel Drive,,,,
2017,Acura,MDX ,19998,119000,18 city/26 hwy,Automatic,White/Black,4 Owners,No flood or frame damage,No odometer problems,5FRYD4H51HB001927,CUV - Midsize Luxury,Clean,No Issue,Damage Reported,No Open Recalls,No Issue,No Issue,No CPO Info Available,No Issue,6-cyl,Gas,All Wheel Drive,,,,
2019,Acura,TLX ,19998,86000,20 city/31 hwy,Automatic,White/Black,2 Owners,No flood or frame damage,No odometer problems,19UUB2F35KA006402,Car - Compact Luxury,Clean,No Issue,Damage Reported,1 Open Recall(s),No Issue,No Issue,No Recent CPO Reported,No Issue,6-cyl,Gas,Front Wheel Drive,,,,
2020,Acura,MDX SH-AWD,28998,35000,19 city/26 hwy,Automatic,Red/Tan,1 Owner,No flood or frame damage,No odometer problems,5J8YD4H3XLL053824,CUV - Midsize Luxury,Clean,No Issue,No Issue,3 Open Recall(s),No Issue,No Issue,No CPO Info Available,No Issue,,,,,,,
2023,Acura,RDX SH-AWD,41998,12000,21 city/26 hwy,Automatic,Blue/Cream,1 Owner,No flood or frame damage,No odometer problems,5J8TC2H8XPL022026,CUV - Midsize Luxury,Clean,No Issue,Damage Reported,No Open Recalls,No Issue,No Issue,No CPO Info Available,No Issue,4-cyl,Turbo Gas,All Wheel Drive,,,,
2014,Acura,RLX ,19998,69000,20 city/31 hwy,Automatic,Gray/Black,2 Owners,No flood or frame damage,No odometer problems,JH4KC1F93EC003118,Car - Midsize Luxury,Clean,No Issue,No Issue,1 Open Recall(s),No Issue,No Issue,No CPO Info Available,No Issue,6-cyl,Gas,Front Wheel Drive,,,,
2017,Acura,RDX ,17998,90000,20 city/28 hwy,Automatic,White/Cream,1 Owner,No flood or frame damage,No odometer problems,5J8TB3H39HL002669,CUV - Compact Luxury,Clean,No Issue,Moderate,No Open Recalls,No Issue,No Issue,No CPO Info Available,No Issue,6-cyl,Gas,Front Wheel Drive,,,,
2015,Acura,MDX Advance,20998,86000,20 city/28 hwy,Automatic,White/Tan,2 Owners,No flood or frame damage,No odometer problems,5FRYD3H8XFB014001,CUV - Midsize Luxury,Clean,No Issue,No Issue,No Open Recalls,No Issue,No Issue,No CPO Info Available,No Issue,6-cyl,Gas,Front Wheel Drive,,,,
2020,Acura,RDX SH-AWD Technology,29998,31000,21 city/27 hwy,Automatic,Blue/Gray,2 Owners,No flood or frame damage,No odometer problems,5J8TC2H55LL038537,CUV - Midsize Luxury,Clean,No Issue,Minor,1 Open Recall(s),No Issue,No Issue,OEM-Certified,No Issue,4-cyl,Turbo Gas,All Wheel Drive,,,,
2022,Acura,MDX SH-AWD A-Spec,42998,39000,19 city/25 hwy,Automatic,Red/Black,1 Owner,No flood or frame damage,No odometer problems,5J8YE1H07NL010725,CUV - Midsize Luxury,Clean,No Issue,No Issue,No Open Recalls,No Issue,No Issue,No CPO Info Available,No Issue,6-cyl,Gas,All Wheel Drive,,,,
2022,Acura,RDX A-Spec,37998,18000,22 city/27 hwy,Automatic,White/Red,1 Owner,No flood or frame damage,No odometer problems,5J8TC1H68NL005781,CUV - Midsize Luxury,Clean,No Issue,No Issue,No Open Recalls,No Issue,No Issue,No CPO Info Available,No Issue,4-cyl,Turbo Gas,Front Wheel Drive,,,,
2018,Acura,RDX ,17998,108000,20 city/28 hwy,Automatic,Silver/Cream,3 Owners,No flood or frame damage,No odometer problems,5J8TB3H57JL001186,CUV - Compact Luxury,Clean,No Issue,Moderate,1 Open Recall(s),No Issue,No Issue,No Recent CPO Reported,No Issue,6-cyl,Gas,Front Wheel Drive,,,,
2021,Acura,RDX SH-AWD A-Spec,32998,47000,21 city/26 hwy,Automatic,Blue/Black,1 Owner,No flood or frame damage,No odometer problems,5J8TC2H67ML004383,CUV - Midsize Luxury,Clean,No Issue,No Issue,1 Open Recall(s),No Issue,No Issue,OEM-Certified,No Issue,4-cyl,Turbo Gas,All Wheel Drive,,,,
2020,Acura,MDX SH-AWD,31998,20000,19 city/26 hwy,Automatic,White/Tan,1 Owner,No flood or frame damage,No odometer problems,5J8YD4H38LL047018,CUV - Midsize Luxury,Clean,No Issue,No Issue,2 Open Recall(s),No Issue,No Issue,No CPO Info Available,No Issue,,,,,,,
2021,Acura,RDX ,26998,64000,22 city/28 hwy,Automatic,Black/Black,2 Owners,No flood or frame damage,No odometer problems,5J8TC1H3XML001879,CUV - Midsize Luxury,Clean,No Issue,No Issue,1 Open Recall(s),No Issue,No Issue,No CPO Info Available,No Issue,4-cyl,Turbo Gas,Front Wheel Drive,,,,
2014,Acura,RLX ,18998,82000,20 city/31 hwy,Automatic,Gray/Black,2 Owners,No flood or frame damage,No odometer problems,JH4KC1F57EC004608,Car - Midsize Luxury,Clean,No Issue,No Issue,1 Open Recall(s),No Issue,No Issue,No Recent CPO Reported,No Issue,6-cyl,Gas,Front Wheel Drive,,,,
2016,Acura,TLX ,15998,121000,24 city/35 hwy,Automatic,Black/Black,4 Owners,No flood or frame damage,No odometer problems,19UUB1F35GA004943,Car - Compact Luxury,Clean,No Issue,No Issue,No Open Recalls,No Issue,No Issue,No CPO Info Available,No Issue,4-cyl,Gas,Front Wheel Drive,,,,
2020,Acura,RDX SH-AWD Technology,28998,48000,21 city/27 hwy,Automatic,Gray/Black,2 Owners,No flood or frame damage,No odometer problems,5J8TC2H58LL008173,CUV - Midsize Luxury,Clean,No Issue,No Issue,1 Open Recall(s),No Issue,No Issue,No Recent CPO Reported,No Issue,4-cyl,Turbo Gas,All Wheel Drive,,,,
2016,Acura,RDX AWD,22998,59000,19 city/28 hwy,Automatic,Blue/Gray,1 Owner,No flood or frame damage,No odometer problems,5J8TB4H56GL019631,CUV - Compact Luxury,Clean,No Issue,No Issue,No Open Recalls,No Issue,No Issue,No CPO Info Available,No Issue,6-cyl,Gas,All Wheel Drive,,,,
2023,Acura,Integra Technology A-Spec,33998,10000,29 city/36 hwy,Automatic,Gray/Black,2 Owners,No flood or frame damage,No odometer problems,19UDE4H60PA018216,Car - Large Luxury,Clean,No Issue,No Issue,No Open Recalls,No Issue,No Issue,OEM-Certified,No Issue,,,,,,,
2015,Acura,TLX ,15998,105000,21 city/34 hwy,Automatic,White/Tan,5 Owners,No flood or frame damage,No odometer problems,19UUB2F54FA007175,Car - Compact Luxury,Clean,No Issue,Damage Reported,No Open Recalls,No Issue,No Issue,No Recent CPO Reported,No Issue,6-cyl,Gas,Front Wheel Drive,,,,
2020,Acura,RDX Technology,27998,58000,22 city/28 hwy,Automatic,Silver/Black,1 Owner,No flood or frame damage,No odometer problems,5J8TC1H5XLL000005,CUV - Midsize Luxury,Clean,No Issue,Damage Reported,1 Open Recall(s),No Issue,No Issue,No CPO Info Available,No Issue,4-cyl,Turbo Gas,Front Wheel Drive,,,,
2020,Acura,TLX Technology,27998,32000,20 city/31 hwy,Automatic,Brown/Brown,1 Owner,No flood or frame damage,No odometer problems,19UUB2F42LA002821,Car - Compact Luxury,Clean,No Issue,No Issue,1 Open Recall(s),No Issue,No Issue,No CPO Info Available,No Issue,,,,,,,
2017,Acura,MDX ,24998,74000,18 city/26 hwy,Automatic,White/Brown,2 Owners,No flood or frame damage,No odometer problems,5FRYD4H50HB005371,CUV - Midsize Luxury,Clean,No Issue,Damage Reported,No Open Recalls,No Issue,No Issue,No CPO Info Available,No Issue,6-cyl,Gas,All Wheel Drive,,,,
2021,Acura,RDX SH-AWD A-Spec,36998,20000,21 city/26 hwy,Automatic,White/Black,1 Owner,No flood or frame damage,No odometer problems,5J8TC2H67ML045242,CUV - Midsize Luxury,Clean,No Issue,Damage Reported,No Open Recalls,No Issue,No Issue,No CPO Info Available,No Issue,4-cyl,Turbo Gas,All Wheel Drive,,,,
2018,Acura,MDX ,26998,56000,18 city/26 hwy,Automatic,White/Cream,2 Owners,No flood or frame damage,No odometer problems,5J8YD4H37JL009308,CUV - Midsize Luxury,Clean,No Issue,Damage Reported,1 Open Recall(s),No Issue,No Issue,No CPO Info Available,No Issue,6-cyl,Gas,All Wheel Drive,,,,
2019,Acura,MDX SH-AWD Technology,27998,57000,19 city/26 hwy,Automatic,Brown/Brown,1 Owner,No flood or frame damage,No odometer problems,5J8YD4H59KL018224,CUV - Midsize Luxury,Clean,No Issue,Minor,2 Open Recall(s),No Issue,No Issue,No CPO Info Available,No Issue,6-cyl,Gas,All Wheel Drive,,,,
2015,Acura,TLX ,18998,83000,21 city/34 hwy,Automatic,Black/Black,2 Owners,No flood or frame damage,No odometer problems,19UUB2F55FA021019,Car - Compact Luxury,Clean,No Issue,Minor,1 Open Recall(s),No Issue,No Issue,No Recent CPO Reported,No Issue,6-cyl,Gas,Front Wheel Drive,,,,
2020,Acura,RDX SH-AWD A-Spec,32998,49000,21 city/26 hwy,Automatic,Red/Tan,2 Owners,No flood or frame damage,No odometer problems,5J8TC2H5XLL027534,CUV - Midsize Luxury,Clean,No Issue,No Issue,1 Open Recall(s),No Issue,No Issue,OEM-Certified,No Issue,4-cyl,Turbo Gas,All Wheel Drive,,,,
2019,Acura,MDX SH-AWD A-Spec,30998,53000,19 city/25 hwy,Automatic,Black/Black,1 Owner,No flood or frame damage,No odometer problems,5J8YD4H09KL011889,CUV - Midsize Luxury,Clean,No Issue,Damage Reported,2 Open Recall(s),No Issue,No Issue,No CPO Info Available,No Issue,6-cyl,Gas,All Wheel Drive,,,,
2022,Acura,MDX Technology,40998,29000,19 city/26 hwy,Automatic,Black/Black,1 Owner,No flood or frame damage,No odometer problems,5J8YD9H47NL005402,CUV - Midsize Luxury,Clean,No Issue,Minor,1 Open Recall(s),No Issue,No Issue,No CPO Info Available,No Issue,6-cyl,Gas,Front Wheel Drive,,,,
2020,Acura,RDX SH-AWD Advance,30998,38000,21 city/27 hwy,Automatic,White/Black,1 Owner,No flood or frame damage,No odometer problems,5J8TC2H78LL041465,CUV - Midsize Luxury,Clean,No Issue,No Issue,1 Open Recall(s),No Issue,No Issue,No CPO Info Available,No Issue,4-cyl,Turbo Gas,All Wheel Drive,,,,
2020,Acura,RDX A-Spec,30998,45000,22 city/27 hwy,Automatic,Black/Red,2 Owners,No flood or frame damage,No odometer problems,5J8TC1H62LL019513,CUV - Midsize Luxury,Clean,No Issue,No Issue,1 Open Recall(s),No Issue,No Issue,No CPO Info Available,No Issue,4-cyl,Turbo Gas,Front Wheel Drive,,,,
2015,Acura,MDX ,18998,116000,18 city/27 hwy,Automatic,Black/Black,1 Owner,No flood or frame damage,No odometer problems,5FRYD4H44FB026521,CUV - Midsize Luxury,Clean,No Issue,Minor,No Open Recalls,No Issue,No Issue,No CPO Info Available,No Issue,6-cyl,Gas,All Wheel Drive,,,,
2015,Acura,MDX ,19998,97000,18 city/27 hwy,Automatic,White/Tan,2 Owners,No flood or frame damage,No odometer problems,5FRYD4H44FB026101,CUV - Midsize Luxury,Clean,No Issue,Damage Reported,No Open Recalls,No Issue,No Issue,No CPO Info Available,No Issue,6-cyl,Gas,All Wheel Drive,,,,
2022,Acura,MDX SH-AWD A-Spec,44998,31000,19 city/25 hwy,Automatic,Blue/Red,1 Owner,No flood or frame damage,No odometer problems,5J8YE1H0XNL041984,CUV - Midsize Luxury,Clean,No Issue,No Issue,No Open Recalls,No Issue,No Issue,No CPO Info Available,No Issue,6-cyl,Gas,All Wheel Drive,,,,
2021,Acura,RDX A-Spec,28998,71000,22 city/27 hwy,Automatic,Black/Red,1 Owner,No flood or frame damage,No odometer problems,5J8TC1H65ML000794,CUV - Midsize Luxury,Clean,No Issue,No Issue,No Open Recalls,No Issue,No Issue,No CPO Info Available,No Issue,4-cyl,Turbo Gas,Front Wheel Drive,,,,
2019,Acura,ILX ,22998,20000,24 city/34 hwy,Automatic,Silver/Black,1 Owner,No flood or frame damage,No odometer problems,19UDE2F34KA001277,Car - Compact Luxury,Clean,No Issue,No Issue,No Open Recalls,No Issue,No Issue,No CPO Info Available,No Issue,4-cyl,Gas,Front Wheel Drive,,,,
2018,Acura,ILX Technology A-Spec,20998,36000,25 city/35 hwy,Automatic,White/Tan,2 Owners,No flood or frame damage,No odometer problems,19UDE2F72JA004602,Car - Compact Luxury,Clean,No Issue,Damage Reported,No Open Recalls,No Issue,No Issue,No CPO Info Available,No Issue,4-cyl,Gas,Front Wheel Drive,,,,
2020,Acura,ILX ,22998,31000,24 city/34 hwy,Automatic,Silver/Black,2 Owners,No flood or frame damage,No odometer problems,19UDE2F37LA008399,Car - Compact Luxury,Clean,No Issue,No Issue,No Open Recalls,No Issue,No Issue,No CPO Info Available,No Issue,4-cyl,Gas,Front Wheel Drive,,,,
2016,Acura,RDX ,17998,78000,20 city/29 hwy,Automatic,Black/Black,3 Owners,No flood or frame damage,No odometer problems,5J8TB3H31GL004186,CUV - Compact Luxury,Clean,No Issue,No Issue,No Open Recalls,No Issue,No Issue,No CPO Info Available,No Issue,6-cyl,Gas,Front Wheel Drive,,,,
2020,Acura,TLX Technology,23998,53000,23 city/33 hwy,Automatic,Gray/Gray,3 Owners,No flood or frame damage,No odometer problems,19UUB1F51LA004529,Car - Compact Luxury,Clean,No Issue,No Issue,No Open Recalls,No Issue,No Issue,No CPO Info Available,No Issue,4-cyl,Gas,Front Wheel Drive,,,,
2013,Acura,TL ,14998,102000,20 city/29 hwy,Automatic,Black/Black,3 Owners,No flood or frame damage,No odometer problems,19UUA8F79DA015664,Car - Compact Luxury,Clean,No Issue,Minor-Moderate,No Open Recalls,No Issue,No Issue,No CPO Info Available,No Issue,6-cyl,Gas,Front Wheel Drive,,,,
2017,Acura,RDX AWD,19998,85000,19 city/27 hwy,Automatic,White/Tan,2 Owners,No flood or frame damage,No odometer problems,5J8TB4H30HL027434,CUV - Compact Luxury,Clean,No Issue,Moderate,No Open Recalls,No Issue,No Issue,No CPO Info Available,No Issue,6-cyl,Gas,All Wheel Drive,,,,
2023,Acura,Integra A-Spec,29998,45000,30 city/36 hwy,Automatic,Black/Black,1 Owner,No flood or frame damage,No odometer problems,19UDE4H65PA008684,Car - Large Luxury,Clean,No Issue,No Issue,No Open Recalls,No Issue,No Issue,No CPO Info Available,No Issue,4-cyl,Turbo Gas,Front Wheel Drive,,,,
2017,Acura,MDX Advance,24998,57000,19 city/26 hwy,Automatic,White/Black,2 Owners,No flood or frame damage,No odometer problems,5FRYD4H80HB018633,CUV - Midsize Luxury,Clean,No Issue,No Issue,1 Open Recall(s),No Issue,No Issue,No CPO Info Available,No Issue,6-cyl,Gas,All Wheel Drive,,,,
2023,Acura,MDX SH-AWD A-Spec,50998,12000,19 city/25 hwy,Automatic,White/Red,1 Owner,No flood or frame damage,No odometer problems,5J8YE1H02PL030514,CUV - Midsize Luxury,Clean,No Issue,Damage Reported,No Open Recalls,No Issue,No Issue,No CPO Info Available,No Issue,6-cyl,Gas,All Wheel Drive,,,,
2019,Acura,RDX A-Spec,24998,82000,22 city/27 hwy,Automatic,Blue/Red,2 Owners,No flood or frame damage,No odometer problems,5J8TC1H62KL019994,CUV - Midsize Luxury,Clean,No Issue,No Issue,1 Open Recall(s),No Issue,No Issue,No CPO Info Available,No Issue,4-cyl,Turbo Gas,Front Wheel Drive,,,,
2015,Acura,TLX ,18998,89000,21 city/34 hwy,Automatic,Black/Brown,3 Owners,No flood or frame damage,No odometer problems,19UUB2F54FA015163,Car - Compact Luxury,Clean,No Issue,No Issue,1 Open Recall(s),No Issue,No Issue,No Recent CPO Reported,No Issue,6-cyl,Gas,Front Wheel Drive,,,,
2023,Acura,MDX SH-AWD A-Spec,49998,21000,19 city/25 hwy,Automatic,White/Red,1 Owner,No flood or frame damage,No odometer problems,5J8YE1H00PL038160,CUV - Midsize Luxury,Clean,No Issue,No Issue,No Open Recalls,No Issue,No Issue,OEM-Certified,No Issue,6-cyl,Gas,All Wheel Drive,,,,
2016,Acura,TLX ,19998,66000,24 city/35 hwy,Automatic,Black/Black,2 Owners,No flood or frame damage,No odometer problems,19UUB1F56GA015841,Car - Compact Luxury,Clean,No Issue,Damage Reported,No Open Recalls,No Issue,No Issue,No CPO Info Available,No Issue,4-cyl,Gas,Front Wheel Drive,,,,
2022,Acura,MDX SH-AWD Technology,42998,26000,19 city/25 hwy,Automatic,White/Tan,1 Owner,No flood or frame damage,No odometer problems,5J8YE1H46NL020178,CUV - Midsize Luxury,Clean,No Issue,No Issue,No Open Recalls,No Issue,No Issue,No CPO Info Available,No Issue,6-cyl,Gas,All Wheel Drive,,,,
2017,Acura,MDX ,24998,72000,18 city/26 hwy,Automatic,White/Brown,2 Owners,No flood or frame damage,No odometer problems,5J8YD4H58HL002654,CUV - Midsize Luxury,Clean,No Issue,Damage Reported,1 Open Recall(s),No Issue,No Issue,No CPO Info Available,No Issue,6-cyl,Gas,All Wheel Drive,,,,
2020,Acura,RDX SH-AWD Technology,30998,40000,21 city/27 hwy,Automatic,White/Tan,1 Owner,No flood or frame damage,No odometer problems,5J8TC2H54LL015119,CUV - Midsize Luxury,Clean,No Issue,No Issue,1 Open Recall(s),No Issue,No Issue,No CPO Info Available,No Issue,4-cyl,Turbo Gas,All Wheel Drive,,,,
2015,Acura,TLX ,15998,102000,21 city/34 hwy,Automatic,White/Brown,2 Owners,No flood or frame damage,No odometer problems,19UUB2F39FA020535,Car - Compact Luxury,Clean,No Issue,Damage Reported,2 Open Recall(s),No Issue,No Issue,No CPO Info Available,No Issue,6-cyl,Gas,Front Wheel Drive,,,,
2024,Acura,ZDX A-Spec,58998,1000,,,Black/Red,1 Owner,No flood or frame damage,No odometer problems,4W5KHMRK2RZ500217,CUV - Compact Luxury,Clean,No Issue,No Issue,No Open Recalls,No Issue,No Issue,No CPO Info Available,No Issue,,,Rear Wheel Drive,96 city/83 hwy,Electric,313 miles,11 hours
2016,Acura,MDX ,16998,97000,19 city/27 hwy,Automatic,White/Cream,2 Owners,No flood or frame damage,No odometer problems,5FRYD3H22GB015270,CUV - Midsize Luxury,Clean,No Issue,Moderate,No Open Recalls,No Issue,No Issue,No Recent CPO Reported,No Issue,6-cyl,Gas,Front Wheel Drive,,,,
2013,Acura,ILX 2.0,12998,115000,24 city/35 hwy,Automatic,Red/Tan,2 Owners,No flood or frame damage,No odometer problems,19VDE1F79DE009315,Car - Compact Luxury,Clean,No Issue,No Issue,No Open Recalls,No Issue,No Issue,No CPO Info Available,No Issue,4-cyl,Gas,Front Wheel Drive,,,,
2019,Acura,MDX Sport Hybrid ,28998,57000,26 city/27 hwy,Automatic,White/Brown,2 Owners,No flood or frame damage,No odometer problems,5J8YD7H53KL001288,CUV - Midsize Luxury,Clean,No Issue,Minor,No Open Recalls,No Issue,No Issue,No CPO Info Available,No Issue,6-cyl,Hybrid,All Wheel Drive,,,,
2020,Acura,MDX SH-AWD,26998,51000,19 city/26 hwy,Automatic,Gray/Black,1 Owner,No flood or frame damage,No odometer problems,5J8YD4H3XLL047618,CUV - Midsize Luxury,Clean,No Issue,Damage Reported,3 Open Recall(s),No Issue,No Issue,No CPO Info Available,No Issue,,,,,,,
2020,Acura,TLX ,24998,39000,20 city/31 hwy,Automatic,Gray/Black,1 Owner,No flood or frame damage,No odometer problems,19UUB2F30LA002999,Car - Compact Luxury,Clean,No Issue,No Issue,No Open Recalls,No Issue,No Issue,No CPO Info Available,No Issue,,,,,,,
2022,Acura,MDX Technology,42998,21000,19 city/26 hwy,Automatic,Blue/Gray,3 Owners,No flood or frame damage,No odometer problems,5J8YD9H46NL001602,CUV - Midsize Luxury,Clean,No Issue,No Issue,No Open Recalls,No Issue,No Issue,No CPO Info Available,No Issue,,,,,,,
2021,Acura,TLX A-Spec,32998,26000,22 city/30 hwy,Automatic,Black/Black,1 Owner,No flood or frame damage,No odometer problems,19UUB5F55MA008026,Car - Compact Luxury,Clean,No Issue,No Issue,1 Open Recall(s),No Issue,No Issue,OEM-Certified,No Issue,4-cyl,Turbo Gas,Front Wheel Drive,,,,
2021,Acura,RDX ,30998,25000,22 city/28 hwy,Automatic,Red/Tan,1 Owner,No flood or frame damage,No odometer problems,5J8TC1H3XML022411,CUV - Midsize Luxury,Clean,No Issue,No Issue,No Open Recalls,No Issue,No Issue,No CPO Info Available,No Issue,4-cyl,Turbo Gas,Front Wheel Drive,,,,
2017,Acura,RDX ,27998,8000,20 city/28 hwy,Automatic,Blue/Tan,1 Owner,No flood or frame damage,No odometer problems,5J8TB3H51HL012548,CUV - Compact Luxury,Clean,No Issue,No Issue,No Open Recalls,No Issue,No Issue,No CPO Info Available,No Issue,6-cyl,Gas,Front Wheel Drive,,,,
2024,Acura,ZDX A-Spec,58998,2000,,,White/White,1 Owner,No flood or frame damage,No odometer problems,4W5KHMRK8RZ504868,CUV - Compact Luxury,Clean,No Issue,No Issue,No Open Recalls,No Issue,No Issue,No CPO Info Available,No Issue,,,Rear Wheel Drive,96 city/83 hwy,Electric,313 miles,11 hours
2016,Acura,MDX ,19998,73000,19 city/27 hwy,Automatic,White/Tan,1 Owner,No flood or frame damage,No odometer problems,5FRYD3H6XGB001376,CUV - Midsize Luxury,Clean,No Issue,Minor,No Open Recalls,No Issue,No Issue,No CPO Info Available,No Issue,6-cyl,Gas,Front Wheel Drive,,,,
2017,Acura,TLX ,17998,100000,21 city/34 hwy,Automatic,White/Black,2 Owners,No flood or frame damage,No odometer problems,19UUB2F52HA001118,Car - Compact Luxury,Clean,No Issue,Minor,1 Open Recall(s),No Issue,No Issue,No CPO Info Available,No Issue,6-cyl,Gas,Front Wheel Drive,,,,
2020,Acura,RDX A-Spec,30998,48000,22 city/27 hwy,Automatic,Red/Black,1 Owner,No flood or frame damage,No odometer problems,5J8TC1H65LL010997,CUV - Midsize Luxury,Clean,No Issue,Minor,1 Open Recall(s),No Issue,No Issue,No CPO Info Available,No Issue,4-cyl,Turbo Gas,Front Wheel Drive,,,,
2024,Acura,RDX SH-AWD A-Spec,43998,6000,21 city/27 hwy,Automatic,Silver/Black,1 Owner,No flood or frame damage,No odometer problems,5J8TC2H7XRL001588,CUV - Midsize Luxury,Clean,No Issue,No Issue,No Open Recalls,No Issue,No Issue,OEM-Certified,No Issue,4-cyl,Turbo Gas,All Wheel Drive,,,,
2019,Acura,RDX ,29998,28000,21 city/27 hwy,Automatic,Brown/Tan,2 Owners,No flood or frame damage,No odometer problems,5J8TC2H59KL004728,CUV - Midsize Luxury,Clean,No Issue,No Issue,1 Open Recall(s),No Issue,No Issue,No CPO Info Available,No Issue,4-cyl,Turbo Gas,All Wheel Drive,,,,
2023,Acura,MDX SH-AWD A-Spec,48998,8000,19 city/25 hwy,Automatic,Red/Black,1 Owner,No flood or frame damage,No odometer problems,5J8YE1H04PL009454,CUV - Midsize Luxury,Clean,No Issue,No Issue,No Open Recalls,No Issue,No Issue,No CPO Info Available,No Issue,6-cyl,Gas,All Wheel Drive,,,,
2017,Acura,MDX ,21998,87000,19 city/27 hwy,Automatic,Blue/Gray,2 Owners,No flood or frame damage,No odometer problems,5FRYD3H52HB010520,CUV - Midsize Luxury,Clean,No Issue,Minor-Moderate,No Open Recalls,No Issue,No Issue,No CPO Info Available,No Issue,6-cyl,Gas,Front Wheel Drive,,,,
2022,Acura,MDX SH-AWD Advance,48998,18000,19 city/25 hwy,Automatic,Black/Black,1 Owner,No flood or frame damage,No odometer problems,5J8YE1H81NL035660,CUV - Midsize Luxury,Clean,No Issue,No Issue,No Open Recalls,No Issue,No Issue,No CPO Info Available,No Issue,6-cyl,Gas,All Wheel Drive,,,,
2021,Acura,TLX SH-AWD A-Spec,32998,32000,21 city/29 hwy,Automatic,Blue/Red,2 Owners,No flood or frame damage,No odometer problems,19UUB6F55MA006699,Car - Compact Luxury,Clean,No Issue,Moderate,1 Open Recall(s),No Issue,No Issue,OEM-Certified,No Issue,4-cyl,Turbo Gas,All Wheel Drive,,,,
2020,Acura,MDX ,31998,7000,20 city/27 hwy,Automatic,Gray/Black,1 Owner,No flood or frame damage,No odometer problems,5J8YD3H57LL011445,CUV - Midsize Luxury,Clean,No Issue,Minor,2 Open Recall(s),No Issue,No Issue,No CPO Info Available,No Issue,,,,,,,
2022,Acura,RDX SH-AWD A-Spec Advance,40998,24000,21 city/26 hwy,Automatic,Pearl/Red,2 Owners,No flood or frame damage,No odometer problems,5J8TC2H88NL001737,CUV - Midsize Luxury,Clean,No Issue,No Issue,No Open Recalls,No Issue,No Issue,No CPO Info Available,No Issue,4-cyl,Turbo Gas,All Wheel Drive,,,,
2019,Acura,RDX ,23998,74000,22 city/28 hwy,Automatic,Gray/Black,2 Owners,No flood or frame damage,No odometer problems,5J8TC1H3XKL024673,CUV - Midsize Luxury,Clean,No Issue,No Issue,1 Open Recall(s),No Issue,No Issue,No CPO Info Available,No Issue,,,,,,,
2022,Acura,RDX A-Spec,40998,21000,22 city/27 hwy,Automatic,White/Red,2 Owners,No flood or frame damage,No odometer problems,5J8TC1H68NL006879,CUV - Midsize Luxury,Clean,No Issue,No Issue,No Open Recalls,No Issue,No Issue,OEM-Certified,No Issue,4-cyl,Turbo Gas,Front Wheel Drive,,,,
2022,Acura,RDX A-Spec,36998,21000,21 city/27 hwy,Automatic,Red/Black,1 Owner,No flood or frame damage,No odometer problems,5J8TC1H66NL001907,CUV - Midsize Luxury,Clean,No Issue,No Issue,No Open Recalls,No Issue,No Issue,No CPO Info Available,No Issue,,,,,,,
2017,Acura,RLX Hybrid ,29998,22000,29 city/30 hwy,Automatic,Silver/Black,3 Owners,No flood or frame damage,No odometer problems,JH4KC2F95HC000134,Car - Midsize Luxury,Clean,No Issue,Damage Reported,No Open Recalls,No Issue,No Issue,No Recent CPO Reported,No Issue,6-cyl,Hybrid,All Wheel Drive,,,,
2017,Acura,RDX ,16998,106000,20 city/28 hwy,Automatic,Gray/Black,2 Owners,No flood or frame damage,No odometer problems,5J8TB3H33HL022416,CUV - Compact Luxury,Clean,No Issue,Minor,1 Open Recall(s),No Issue,No Issue,OEM-Certified,No Issue,6-cyl,Gas,Front Wheel Drive,,,,
2020,Acura,TLX SH-AWD A-Spec,34998,14000,20 city/29 hwy,Automatic,Black/Black,1 Owner,No flood or frame damage,No odometer problems,19UUB3F66LA002652,Car - Compact Luxury,Clean,No Issue,No Issue,1 Open Recall(s),No Issue,No Issue,No CPO Info Available,No Issue,6-cyl,Gas,All Wheel Drive,,,,
2014,Acura,MDX ,18998,86000,20 city/28 hwy,Automatic,Black/Tan,1 Owner,No flood or frame damage,No odometer problems,5FRYD3H26EB010246,CUV - Midsize Luxury,Clean,No Issue,No Issue,No Open Recalls,No Issue,No Issue,No CPO Info Available,No Issue,6-cyl,Gas,Front Wheel Drive,,,,
2015,Acura,TLX ,16998,102000,24 city/35 hwy,Automatic,White/Gray,2 Owners,No flood or frame damage,No odometer problems,19UUB1F52FA007587,Car - Compact Luxury,Clean,No Issue,No Issue,No Open Recalls,No Issue,No Issue,No CPO Info Available,No Issue,4-cyl,Gas,Front Wheel Drive,,,,
2014,Acura,TL ,17998,66000,20 city/29 hwy,Automatic,Silver/Gray,1 Owner,No flood or frame damage,No odometer problems,19UUA8F51EA003685,Car - Compact Luxury,Clean,No Issue,Damage Reported,No Open Recalls,No Issue,No Issue,No CPO Info Available,No Issue,6-cyl,Gas,Front Wheel Drive,,,,
2016,Acura,RDX ,19998,79000,20 city/29 hwy,Automatic,Black/Black,1 Owner,No flood or frame damage,No odometer problems,5J8TB3H71GL019516,CUV - Compact Luxury,Clean,No Issue,Minor,No Open Recalls,No Issue,No Issue,No CPO Info Available,No Issue,6-cyl,Gas,Front Wheel Drive,,,,
2019,Acura,TLX ,24998,46000,20 city/31 hwy,Automatic,Blue/Black,2 Owners,No flood or frame damage,No odometer problems,19UUB2F39KA006791,Car - Compact Luxury,Clean,No Issue,No Issue,No Open Recalls,No Issue,No Issue,No Recent CPO Reported,No Issue,6-cyl,Gas,Front Wheel Drive,,,,
2019,Acura,RDX ,26998,45000,22 city/28 hwy,Automatic,Silver/Black,2 Owners,No flood or frame damage,No odometer problems,5J8TC1H37KL020435,CUV - Midsize Luxury,Clean,No Issue,No Issue,1 Open Recall(s),No Issue,No Issue,OEM-Certified,No Issue,4-cyl,Turbo Gas,Front Wheel Drive,,,,
2022,Acura,MDX SH-AWD Technology,41998,32000,19 city/25 hwy,Automatic,Gray/Brown,1 Owner,No flood or frame damage,No odometer problems,5J8YE1H49NL028825,CUV - Midsize Luxury,Clean,No Issue,No Issue,No Open Recalls,No Issue,No Issue,No Recent CPO Reported,No Issue,6-cyl,Gas,All Wheel Drive,,,,
2022,Acura,MDX Technology,36998,47000,19 city/26 hwy,Automatic,Gray/Black,1 Owner,No flood or frame damage,No odometer problems,5J8YD9H47NL002855,CUV - Midsize Luxury,Clean,No Issue,No Issue,No Open Recalls,No Issue,No Issue,No CPO Info Available,No Issue,6-cyl,Gas,Front Wheel Drive,,,,
2018,Acura,MDX ,25998,62000,18 city/26 hwy,Automatic,Black/Black,2 Owners,No flood or frame damage,No odometer problems,5J8YD4H35JL010456,CUV - Midsize Luxury,Clean,No Issue,Moderate,1 Open Recall(s),No Issue,No Issue,No CPO Info Available,No Issue,6-cyl,Gas,All Wheel Drive,,,,
2013,Acura,ILX 2.0,12998,106000,24 city/35 hwy,Automatic,Blue/Black,3 Owners,No flood or frame damage,No odometer problems,19VDE1F39DE019064,Car - Compact Luxury,Clean,No Issue,No Issue,No Open Recalls,No Issue,No Issue,No Recent CPO Reported,No Issue,4-cyl,Gas,Front Wheel Drive,,,,
2014,Acura,MDX Advance,14998,126000,18 city/27 hwy,Automatic,Silver/Gray,3 Owners,No flood or frame damage,No odometer problems,5FRYD4H86EB038221,CUV - Midsize Luxury,Clean,No Issue,No Issue,No Open Recalls,No Issue,No Issue,No Recent CPO Reported,No Issue,6-cyl,Gas,All Wheel Drive,,,,
2020,Acura,MDX SH-AWD,34998,31000,19 city/26 hwy,Automatic,Black/Black,2 Owners,No flood or frame damage,No odometer problems,5J8YD4H35LL019029,CUV - Midsize Luxury,Clean,No Issue,No Issue,2 Open Recall(s),No Issue,No Issue,No Recent CPO Reported,No Issue,,,,,,,
2023,Acura,MDX SH-AWD Technology,44998,21000,19 city/25 hwy,Automatic,White/Black,1 Owner,No flood or frame damage,No odometer problems,5J8YE1H41PL028997,CUV - Midsize Luxury,Clean,No Issue,No Issue,No Open Recalls,No Issue,No Issue,No CPO Info Available,No Issue,6-cyl,Gas,All Wheel Drive,,,,
2017,Acura,TLX ,18998,122000,21 city/34 hwy,Automatic,Black/Black,1 Owner,No flood or frame damage,No odometer problems,19UUB2F53HA006828,Car - Compact Luxury,Clean,No Issue,No Issue,1 Open Recall(s),No Issue,No Issue,No CPO Info Available,No Issue,6-cyl,Gas,Front Wheel Drive,,,,
2016,Acura,MDX ,20998,62000,19 city/27 hwy,Automatic,White/Tan,2 Owners,No flood or frame damage,No odometer problems,5FRYD3H46GB004547,CUV - Midsize Luxury,Clean,No Issue,Minor,1 Open Recall(s),No Issue,No Issue,No CPO Info Available,No Issue,6-cyl,Gas,Front Wheel Drive,,,,
2014,Acura,MDX ,20998,69000,18 city/27 hwy,Automatic,Silver/Gray,2 Owners,No flood or frame damage,No odometer problems,5FRYD4H49EB047704,CUV - Midsize Luxury,Clean,No Issue,Minor,No Open Recalls,No Issue,No Issue,No CPO Info Available,No Issue,6-cyl,Gas,All Wheel Drive,,,,
2016,Acura,MDX Advance,15998,123000,19 city/26 hwy,Automatic,Gray/Black,3 Owners,No flood or frame damage,No odometer problems,5FRYD4H96GB021785,CUV - Midsize Luxury,Clean,No Issue,No Issue,1 Open Recall(s),No Issue,No Issue,No CPO Info Available,No Issue,6-cyl,Gas,All Wheel Drive,,,,
2022,Acura,MDX Technology,41998,16000,19 city/26 hwy,Automatic,White/Black,1 Owner,No flood or frame damage,No odometer problems,5J8YD9H46NL004841,CUV - Midsize Luxury,Clean,No Issue,No Issue,No Open Recalls,No Issue,No Issue,No CPO Info Available,No Issue,6-cyl,Gas,Front Wheel Drive,,,,
2019,Acura,MDX ,24998,84000,19 city/26 hwy,Automatic,Red/Gray,2 Owners,No flood or frame damage,No odometer problems,5J8YD4H58KL033894,CUV - Midsize Luxury,Clean,No Issue,Moderate,2 Open Recall(s),No Issue,No Issue,No CPO Info Available,No Issue,6-cyl,Gas,All Wheel Drive,,,,
2021,Acura,RDX SH-AWD Advance,36998,15000,21 city/27 hwy,Automatic,White/Black,1 Owner,No flood or frame damage,No odometer problems,5J8TC2H70ML018909,CUV - Midsize Luxury,Clean,No Issue,Damage Reported,1 Open Recall(s),No Issue,No Issue,No CPO Info Available,No Issue,4-cyl,Turbo Gas,All Wheel Drive,,,,
2018,Acura,ILX Premium A-Spec,17998,112000,25 city/35 hwy,Automatic,White/Black,2 Owners,No flood or frame damage,No odometer problems,19UDE2F71JA001030,Car - Compact Luxury,Clean,No Issue,No Issue,No Open Recalls,No Issue,No Issue,No CPO Info Available,No Issue,4-cyl,Gas,Front Wheel Drive,,,,
2014,Acura,MDX ,17998,106000,20 city/28 hwy,Automatic,Black/Tan,2 Owners,No flood or frame damage,No odometer problems,5FRYD3H46EB003461,CUV - Midsize Luxury,Clean,No Issue,No Issue,No Open Recalls,No Issue,No Issue,No CPO Info Available,No Issue,6-cyl,Gas,Front Wheel Drive,,,,
2020,Acura,RDX SH-AWD A-Spec,29998,60000,21 city/26 hwy,Automatic,Blue/Black,1 Owner,No flood or frame damage,No odometer problems,5J8TC2H63LL037377,CUV - Midsize Luxury,Clean,No Issue,No Issue,1 Open Recall(s),No Issue,No Issue,No CPO Info Available,No Issue,4-cyl,Turbo Gas,All Wheel Drive,,,,
2018,Acura,MDX Advance,24998,77000,19 city/26 hwy,Automatic,Pearl/Black,2 Owners,No flood or frame damage,No odometer problems,5J8YD4H98JL024226,CUV - Midsize Luxury,Clean,No Issue,Damage Reported,2 Open Recall(s),No Issue,No Issue,No CPO Info Available,No Issue,6-cyl,Gas,All Wheel Drive,,,,
2016,Acura,RDX AWD,18998,101000,19 city/28 hwy,Automatic,Blue/Gray,1 Owner,No flood or frame damage,No odometer problems,5J8TB4H73GL029826,CUV - Compact Luxury,Clean,No Issue,No Issue,No Open Recalls,No Issue,No Issue,No CPO Info Available,No Issue,6-cyl,Gas,All Wheel Drive,,,,
2019,Acura,MDX SH-AWD Technology,31998,35000,19 city/26 hwy,Automatic,Gray/Black,1 Owner,No flood or frame damage,No odometer problems,5J8YD4H50KL027667,CUV - Midsize Luxury,Clean,No Issue,No Issue,2 Open Recall(s),No Issue,No Issue,No CPO Info Available,No Issue,6-cyl,Gas,All Wheel Drive,,,,
2020,Acura,RDX ,28998,34000,22 city/28 hwy,Automatic,Black/Black,1 Owner,No flood or frame damage,No odometer problems,5J8TC1H32LL003446,CUV - Midsize Luxury,Clean,No Issue,Moderate,1 Open Recall(s),No Issue,No Issue,No CPO Info Available,No Issue,4-cyl,Turbo Gas,Front Wheel Drive,,,,
2023,Acura,RDX SH-AWD Technology,36998,20000,21 city/27 hwy,Automatic,Silver/Black,1 Owner,No flood or frame damage,No odometer problems,5J8TC2H55PL001302,CUV - Midsize Luxury,Clean,No Issue,No Issue,No Open Recalls,No Issue,No Issue,No CPO Info Available,No Issue,4-cyl,Turbo Gas,All Wheel Drive,,,,
2022,Acura,MDX ,38998,23000,19 city/26 hwy,Automatic,White/Tan,1 Owner,No flood or frame damage,No odometer problems,5J8YD9H39NL007207,CUV - Midsize Luxury,Clean,No Issue,No Issue,No Open Recalls,No Issue,No Issue,No CPO Info Available,No Issue,6-cyl,Gas,Front Wheel Drive,,,,
2022,Acura,RDX SH-AWD A-Spec Advance,39998,28000,21 city/26 hwy,Automatic,Blue/Tan,1 Owner,No flood or frame damage,No odometer problems,5J8TC2H82NL007422,CUV - Midsize Luxury,Clean,No Issue,Minor,No Open Recalls,No Issue,No Issue,No CPO Info Available,No Issue,4-cyl,Turbo Gas,All Wheel Drive,,,,
2013,Acura,MDX Advance,15998,111000,16 city/21 hwy,Automatic,Gray/Gray,3 Owners,No flood or frame damage,No odometer problems,2HNYD2H63DH510284,CUV - Midsize Luxury,Clean,No Issue,No Issue,No Open Recalls,No Issue,No Issue,No CPO Info Available,No Issue,6-cyl,Gas,All Wheel Drive,,,,
2016,Acura,RDX AWD,17998,95000,19 city/28 hwy,Automatic,White/Tan,2 Owners,No flood or frame damage,No odometer problems,5J8TB4H59GL022006,CUV - Compact Luxury,Clean,No Issue,Damage Reported,No Open Recalls,No Issue,No Issue,No CPO Info Available,No Issue,6-cyl,Gas,All Wheel Drive,,,,
2021,Acura,RDX SH-AWD A-Spec,33998,28000,21 city/26 hwy,Automatic,Gray/Black,2 Owners,No flood or frame damage,No odometer problems,5J8TC2H67ML016517,CUV - Midsize Luxury,Clean,No Issue,No Issue,1 Open Recall(s),No Issue,No Issue,OEM-Certified,No Issue,4-cyl,Turbo Gas,All Wheel Drive,,,,
2020,Acura,MDX SH-AWD Technology,30998,54000,19 city/26 hwy,Automatic,Black/Tan,0 Owner,No flood or frame damage,No odometer problems,5J8YD4H52LL033021,CUV - Midsize Luxury,Clean,No Issue,No Issue,1 Open Recall(s),No Issue,No Issue,No CPO Info Available,No Issue,,,,,,,
2021,Acura,RDX Technology,29998,44000,22 city/28 hwy,Automatic,White/Black,1 Owner,No flood or frame damage,No odometer problems,5J8TC1H50ML002900,CUV - Midsize Luxury,Clean,No Issue,Minor-Moderate,1 Open Recall(s),No Issue,No Issue,No CPO Info Available,No Issue,4-cyl,Turbo Gas,Front Wheel Drive,,,,
2014,Acura,MDX ,18998,91000,18 city/27 hwy,Automatic,Gray/Gray,1 Owner,No flood or frame damage,No odometer problems,5FRYD4H41EB043288,CUV - Midsize Luxury,Clean,No Issue,No Issue,No Open Recalls,No Issue,No Issue,No CPO Info Available,No Issue,6-cyl,Gas,All Wheel Drive,,,,
2020,Acura,MDX Technology,29998,45000,20 city/27 hwy,Automatic,Silver/Gray,3 Owners,No flood or frame damage,No odometer problems,5J8YD3H5XLL004439,CUV - Midsize Luxury,Clean,No Issue,No Issue,2 Open Recall(s),No Issue,No Issue,No Recent CPO Reported,No Issue,6-cyl,Gas,Front Wheel Drive,,,,
2021,Acura,RDX ,26998,67000,22 city/28 hwy,Automatic,Black/Black,1 Owner,No flood or frame damage,No odometer problems,5J8TC1H38ML005896,CUV - Midsize Luxury,Clean,No Issue,No Issue,1 Open Recall(s),No Issue,No Issue,No CPO Info Available,No Issue,4-cyl,Turbo Gas,Front Wheel Drive,,,,
2019,Acura,MDX ,25998,49000,20 city/27 hwy,Automatic,Red/Tan,4 Owners,No flood or frame damage,No odometer problems,5J8YD3H3XKL003630,CUV - Midsize Luxury,Clean,No Issue,No Issue,2 Open Recall(s),No Issue,No Issue,No Recent CPO Reported,No Issue,6-cyl,Gas,Front Wheel Drive,,,,
2022,Acura,RDX A-Spec,39998,5000,22 city/27 hwy,Automatic,White/Red,1 Owner,No flood or frame damage,No odometer problems,5J8TC1H62NL005002,CUV - Midsize Luxury,Clean,No Issue,No Issue,No Open Recalls,No Issue,No Issue,No CPO Info Available,No Issue,4-cyl,Turbo Gas,Front Wheel Drive,,,,
2018,Acura,MDX ,24998,44000,19 city/27 hwy,Automatic,Gray/Gray,1 Owner,No flood or frame damage,No odometer problems,5J8YD3H35JL006756,CUV - Midsize Luxury,Clean,No Issue,No Issue,1 Open Recall(s),No Issue,No Issue,No CPO Info Available,No Issue,6-cyl,Gas,Front Wheel Drive,,,,
2021,Acura,RDX A-Spec,36998,10000,22 city/27 hwy,Automatic,White/Red,1 Owner,No flood or frame damage,No odometer problems,5J8TC1H66ML023257,CUV - Midsize Luxury,Clean,No Issue,No Issue,No Open Recalls,No Issue,No Issue,No CPO Info Available,No Issue,4-cyl,Turbo Gas,Front Wheel Drive,,,,
2022,Acura,MDX SH-AWD,41998,12000,19 city/25 hwy,Automatic,White/Black,1 Owner,No flood or frame damage,No odometer problems,5J8YE1H30NL042278,CUV - Midsize Luxury,Clean,No Issue,No Issue,No Open Recalls,No Issue,No Issue,No CPO Info Available,No Issue,6-cyl,Gas,All Wheel Drive,,,,
2022,Acura,RDX SH-AWD A-Spec,36998,32000,21 city/27 hwy,Automatic,Gray/Gray,1 Owner,No flood or frame damage,No odometer problems,5J8TC2H62NL003028,CUV - Midsize Luxury,Clean,No Issue,No Issue,No Open Recalls,No Issue,No Issue,No CPO Info Available,No Issue,,,,,,,
2016,Acura,MDX ,18998,89000,19 city/27 hwy,Automatic,Gray/Black,2 Owners,No flood or frame damage,No odometer problems,5FRYD3H21GB014398,CUV - Midsize Luxury,Clean,No Issue,Moderate,No Open Recalls,No Issue,No Issue,No Recent CPO Reported,No Issue,6-cyl,Gas,Front Wheel Drive,,,,
2020,Acura,MDX Technology,22998,117000,20 city/27 hwy,Automatic,Blue/Gray,1 Owner,No flood or frame damage,No odometer problems,5J8YD3H59LL010345,CUV - Midsize Luxury,Clean,No Issue,No Issue,2 Open Recall(s),No Issue,No Issue,No CPO Info Available,No Issue,6-cyl,Gas,Front Wheel Drive,,,,
2016,Acura,RDX ,20998,66000,20 city/28 hwy,Automatic,Blue/Gray,2 Owners,No flood or frame damage,No odometer problems,5J8TB3H78GL018783,CUV - Compact Luxury,Clean,No Issue,No Issue,No Open Recalls,No Issue,No Issue,No Recent CPO Reported,No Issue,,,,,,,
2020,Acura,MDX SH-AWD A-Spec,32998,34000,19 city/26 hwy,Automatic,Black/Black,1 Owner,No flood or frame damage,No odometer problems,5J8YD4H08LL015157,CUV - Midsize Luxury,Clean,No Issue,No Issue,1 Open Recall(s),No Issue,No Issue,No CPO Info Available,No Issue,,,,,,,
2021,Acura,TLX Technology,28998,39000,22 city/31 hwy,Automatic,White/Black,1 Owner,No flood or frame damage,No odometer problems,19UUB5F45MA007014,Car - Compact Luxury,Clean,No Issue,No Issue,1 Open Recall(s),No Issue,No Issue,No CPO Info Available,No Issue,4-cyl,Turbo Gas,Front Wheel Drive,,,,
2022,Acura,RDX SH-AWD A-Spec,34998,48000,21 city/27 hwy,Automatic,Silver/Black,1 Owner,No flood or frame damage,No odometer problems,5J8TC2H61NL009497,CUV - Midsize Luxury,Clean,No Issue,No Issue,No Open Recalls,No Issue,No Issue,No CPO Info Available,No Issue,,,,,,,
