year,make,model,price,mileage,Miles per gallon,cylinders,fuel,Drive type,Transmission,Color,owner,frame_damage,Odometer_problem,VIN,class,State Title Brand,Auction Brand / Issues,Accident / Damage,Open Recall Check,Insurance Loss / Transfer,Odometer Check,Certified Pre-Owned,Service / Repair,Miles per gallon equivalent (MPGe),Range (when new),Time to fully charge battery (240V),Motor
2021,BMW,X3 XDrive30i,37998,16000,23 city/29 hwy,4-cyl,Turbo Gas,All Wheel Drive,Automatic,White/Brown,2 Owners,No flood or frame damage,No odometer problems,5UXTY5C02M9E20537,CUV - Midsize Luxury,Clean,No Issue,No Issue,1 Open Recall(s),No Issue,No Issue,OEM-Certified,No Issue,,,,
2022,BMW,X5 xDrive40i,39998,54000,21 city/25 hwy,6-cyl,Turbo Gas,All Wheel Drive,Automatic,Black/Black,1 Owner,No flood or frame damage,No odometer problems,5UXCR6C03N9K78393,CUV - Midsize Luxury,Clean,No Issue,No Issue,No Open Recalls,No Issue,No Issue,No CPO Info Available,No Issue,,,,
2020,BMW,X5 xDrive40i,44998,34000,20 city/26 hwy,6-cyl,Turbo Gas,All Wheel Drive,Automatic,Black/Cream,2 Owners,No flood or frame damage,No odometer problems,5UXCR6C04LLL66787,CUV - Midsize Luxury,Clean,No Issue,Minor,No Open Recalls,No Issue,No Issue,No CPO Info Available,No Issue,,,,
2018,BMW,X4 XDrive28i,27998,55000,20 city/28 hwy,4-cyl,Turbo Gas,All Wheel Drive,Automatic,Black/Black,1 Owner,No flood or frame damage,No odometer problems,5UXXW3C51J0T80732,CUV - Compact Luxury,Clean,No Issue,No Issue,1 Open Recall(s),No Issue,No Issue,No Recent CPO Reported,No Issue,,,,
2021,BMW,330 I xDrive,27998,32000,25 city/34 hwy,4-cyl,Turbo Gas,All Wheel Drive,Automatic,Gray/Black,2 Owners,No flood or frame damage,No odometer problems,3MW5R7J0XM8B58292,Car - Compact Luxury,Clean,No Issue,No Issue,No Open Recalls,No Issue,No Issue,No CPO Info Available,No Issue,,,,
2017,BMW,330 XI,21998,28000,23 city/33 hwy,4-cyl,Turbo Gas,All Wheel Drive,Automatic,Silver/Black,2 Owners,No flood or frame damage,No odometer problems,WBA8D9G38HNU64564,Car - Compact Luxury,Clean,No Issue,No Issue,No Open Recalls,No Issue,No Issue,No CPO Info Available,No Issue,,,,
2019,BMW,X6 XDrive50i,41998,52000,17 city/22 hwy,8-cyl,Turbo Gas,All Wheel Drive,Automatic,Black/Black,3 Owners,No flood or frame damage,No odometer problems,5UXKU6C53K0Z67078,CUV - Compact Luxury,Clean,No Issue,Damage Reported,No Open Recalls,No Issue,No Issue,No Recent CPO Reported,No Issue,,,,
2016,BMW,X3 XDrive28i,18998,65000,21 city/28 hwy,4-cyl,Turbo Gas,All Wheel Drive,Automatic,Black/Black,2 Owners,No flood or frame damage,No odometer problems,5UXWX9C50G0D94080,CUV - Compact Luxury,Clean,No Issue,Moderate,1 Open Recall(s),No Issue,No Issue,No CPO Info Available,No Issue,,,,
2022,BMW,M850 XDrive,65998,21000,17 city/25 hwy,8-cyl,Turbo Gas,All Wheel Drive,Automatic,Blue/Cream,2 Owners,No flood or frame damage,No odometer problems,WBABC4C03NCH40280,Sport Car - Subcompact Luxury,Clean,No Issue,No Issue,No Open Recalls,No Issue,No Issue,No CPO Info Available,No Issue,,,,
2019,BMW,X3 XDrive30i,25998,57000,22 city/29 hwy,4-cyl,Turbo Gas,All Wheel Drive,Automatic,White/Black,2 Owners,No flood or frame damage,No odometer problems,5UXTR9C56KLP87051,CUV - Midsize Luxury,Clean,No Issue,Damage Reported,1 Open Recall(s),No Issue,No Issue,No CPO Info Available,No Issue,,,,
2015,BMW,X3 XDrive28i,17998,69000,21 city/28 hwy,4-cyl,Turbo Gas,All Wheel Drive,Automatic,Gray/Gray,1 Owner,No flood or frame damage,No odometer problems,5UXWX9C51F0D61362,CUV - Compact Luxury,Clean,No Issue,Moderate,1 Open Recall(s),No Issue,No Issue,No CPO Info Available,No Issue,,,,
2015,BMW,550 I,27998,33000,17 city/25 hwy,8-cyl,Turbo Gas,Rear Wheel Drive,Automatic,White/Gray,4 Owners,No flood or frame damage,No odometer problems,WBAKN9C50FD960987,Car - Midsize Luxury,Clean,No Issue,No Issue,No Open Recalls,No Issue,No Issue,No Recent CPO Reported,No Issue,,,,
2018,BMW,X1 XDrive28i,19998,57000,22 city/31 hwy,4-cyl,Turbo Gas,All Wheel Drive,Automatic,Gray/Tan,2 Owners,No flood or frame damage,No odometer problems,WBXHT3C38J5K28255,CUV - Compact Luxury,Clean,No Issue,Minor,No Open Recalls,No Issue,No Issue,No CPO Info Available,No Issue,,,,
2022,BMW,X5 xDrive40i,51998,21000,21 city/25 hwy,6-cyl,Turbo Gas,All Wheel Drive,Automatic,Black/Black,1 Owner,No flood or frame damage,No odometer problems,5UXCR6C03N9L01266,CUV - Midsize Luxury,Clean,No Issue,No Issue,No Open Recalls,No Issue,No Issue,No CPO Info Available,No Issue,,,,
2013,BMW,X3 XDrive28i,17998,46000,21 city/28 hwy,4-cyl,Turbo Gas,All Wheel Drive,Automatic,Black/Tan,1 Owner,No flood or frame damage,No odometer problems,5UXWX9C57D0A27978,CUV - Compact Luxury,Clean,No Issue,Damage Reported,2 Open Recall(s),No Issue,No Issue,No CPO Info Available,No Issue,,,,
2019,BMW,X1 XDrive28i,23998,43000,22 city/31 hwy,4-cyl,Turbo Gas,All Wheel Drive,Automatic,White/Tan,1 Owner,No flood or frame damage,No odometer problems,WBXHT3C5XK5L36332,CUV - Compact Luxury,Clean,No Issue,Minor,No Open Recalls,No Issue,No Issue,No CPO Info Available,No Issue,,,,
2018,BMW,X2 XDrive28i,21998,63000,21 city/31 hwy,4-cyl,Turbo Gas,All Wheel Drive,Automatic,Gray/Red,3 Owners,No flood or frame damage,No odometer problems,WBXYJ5C38JEF71023,CUV - Compact Luxury,Clean,No Issue,No Issue,No Open Recalls,No Issue,No Issue,No CPO Info Available,No Issue,,,,
2013,BMW,328 XI,14998,73000,22 city/33 hwy,4-cyl,Turbo Gas,All Wheel Drive,Automatic,Red/Black,3 Owners,No flood or frame damage,No odometer problems,WBA3B3C59DF538793,Car - Compact Luxury,Clean,No Issue,Moderate,1 Open Recall(s),No Issue,No Issue,No Recent CPO Reported,No Issue,,,,
2017,BMW,X1 XDrive28i,23998,20000,22 city/31 hwy,4-cyl,Turbo Gas,All Wheel Drive,Automatic,Silver/Brown,1 Owner,No flood or frame damage,No odometer problems,WBXHT3C30H5F77567,CUV - Compact Luxury,Clean,No Issue,Minor,No Open Recalls,No Issue,No Issue,No CPO Info Available,No Issue,,,,
2021,BMW,228 I xDrive Gran Coupe,25998,32000,23 city/33 hwy,4-cyl,Turbo Gas,All Wheel Drive,Automatic,Black/Cream,2 Owners,No flood or frame damage,No odometer problems,WBA73AK06M7G30059,Car - Compact Luxury,Clean,No Issue,No Issue,No Open Recalls,No Issue,No Issue,OEM-Certified,No Issue,,,,
2014,BMW,528 I,19998,49000,23 city/34 hwy,4-cyl,Turbo Gas,Rear Wheel Drive,Automatic,Black/Brown,4 Owners,No flood or frame damage,No odometer problems,WBA5A5C55ED509795,Car - Midsize Luxury,Clean,No Issue,No Issue,1 Open Recall(s),No Issue,No Issue,No CPO Info Available,No Issue,,,,
2021,BMW,228 I xDrive Gran Coupe,23998,48000,23 city/33 hwy,4-cyl,Turbo Gas,All Wheel Drive,Automatic,Gray/Black,2 Owners,No flood or frame damage,No odometer problems,WBA73AK05M7G85635,Car - Compact Luxury,Clean,No Issue,Minor,No Open Recalls,No Issue,No Issue,OEM-Certified,No Issue,,,,
2017,BMW,X3 XDrive28i,17998,73000,21 city/28 hwy,4-cyl,Turbo Gas,All Wheel Drive,Automatic,Black/Black,2 Owners,No flood or frame damage,No odometer problems,5UXWX9C56H0T02100,CUV - Compact Luxury,Clean,No Issue,Minor-Moderate,1 Open Recall(s),No Issue,No Issue,No Recent CPO Reported,No Issue,,,,
2018,BMW,X2 XDrive28i,23998,37000,21 city/31 hwy,4-cyl,Turbo Gas,All Wheel Drive,Automatic,Blue/Tan,2 Owners,No flood or frame damage,No odometer problems,WBXYJ5C3XJEF73193,CUV - Compact Luxury,Clean,No Issue,No Issue,No Open Recalls,No Issue,No Issue,No CPO Info Available,No Issue,,,,
2019,BMW,X3 XDrive30i,24998,60000,22 city/29 hwy,4-cyl,Turbo Gas,All Wheel Drive,Automatic,Black/Black,2 Owners,No flood or frame damage,No odometer problems,5UXTR9C50KLE21458,CUV - Midsize Luxury,Clean,No Issue,No Issue,1 Open Recall(s),No Issue,No Issue,No CPO Info Available,No Issue,,,,
2024,BMW,M2 ,63998,3000,16 city/23 hwy,6-cyl,Turbo Gas,Rear Wheel Drive,Manual 6 Speed,Blue/Brown,1 Owner,No flood or frame damage,No odometer problems,3MF13DM08R8E03916,Sport Car - Subcompact Luxury,Clean,No Issue,No Issue,No Open Recalls,No Issue,No Issue,No CPO Info Available,No Issue,,,,
2015,BMW,X3 XDrive28i,19998,43000,21 city/28 hwy,4-cyl,Turbo Gas,All Wheel Drive,Automatic,White/Black,1 Owner,No flood or frame damage,No odometer problems,5UXWX9C5XF0D53177,CUV - Compact Luxury,Clean,No Issue,No Issue,1 Open Recall(s),No Issue,No Issue,No CPO Info Available,No Issue,,,,
2019,BMW,X3 XDrive30i,23998,65000,22 city/29 hwy,4-cyl,Turbo Gas,All Wheel Drive,Automatic,White/Black,2 Owners,No flood or frame damage,No odometer problems,5UXTR9C52KLP87404,CUV - Midsize Luxury,Clean,No Issue,No Issue,1 Open Recall(s),No Issue,No Issue,No Recent CPO Reported,No Issue,,,,
2018,BMW,X3 XDrive30i,23998,69000,22 city/29 hwy,4-cyl,Turbo Gas,All Wheel Drive,Automatic,White/Brown,1 Owner,No flood or frame damage,No odometer problems,5UXTR9C53JLC76561,CUV - Midsize Luxury,Clean,No Issue,Damage Reported,1 Open Recall(s),No Issue,No Issue,No CPO Info Available,No Issue,,,,
2018,BMW,X1 XDrive28i,21998,51000,22 city/31 hwy,4-cyl,Turbo Gas,All Wheel Drive,Automatic,White/Black,2 Owners,No flood or frame damage,No odometer problems,WBXHT3C38J5L31000,CUV - Compact Luxury,Clean,No Issue,No Issue,No Open Recalls,No Issue,No Issue,No CPO Info Available,No Issue,,,,
2023,BMW,X5 sDrive40i,39998,36000,21 city/26 hwy,6-cyl,Turbo Gas,Rear Wheel Drive,Automatic,White/Black,1 Owner,No flood or frame damage,No odometer problems,5UXCR4C03P9N95937,CUV - Midsize Luxury,Clean,No Issue,No Issue,No Open Recalls,No Issue,No Issue,No CPO Info Available,No Issue,,,,
2018,BMW,X2 XDrive28i,26998,9000,21 city/31 hwy,4-cyl,Turbo Gas,All Wheel Drive,Automatic,Gray/Black,1 Owner,No flood or frame damage,No odometer problems,WBXYJ5C33JEF81393,CUV - Compact Luxury,Clean,No Issue,No Issue,No Open Recalls,No Issue,No Issue,No CPO Info Available,No Issue,,,,
2021,BMW,X5 xDrive40i,45998,19000,21 city/25 hwy,6-cyl,Turbo Gas,All Wheel Drive,Automatic,Gray/Tan,1 Owner,No flood or frame damage,No odometer problems,5UXCR6C0XM9G32881,CUV - Midsize Luxury,Clean,No Issue,Damage Reported,No Open Recalls,No Issue,No Issue,No CPO Info Available,No Issue,,,,
2021,BMW,X3 XDrive30i,31998,34000,23 city/29 hwy,4-cyl,Turbo Gas,All Wheel Drive,Automatic,Black/Black,1 Owner,No flood or frame damage,No odometer problems,5UXTY5C05M9E39941,CUV - Midsize Luxury,Clean,No Issue,No Issue,1 Open Recall(s),No Issue,No Issue,No CPO Info Available,No Issue,,,,
2024,BMW,M340 I xDrive,59998,5000,23 city/31 hwy,6-cyl,Turbo Gas,All Wheel Drive,Automatic,Blue/Red,1 Owner,No flood or frame damage,No odometer problems,3MW49FF00R8D93774,Car - Compact Luxury,Clean,No Issue,No Issue,No Open Recalls,No Issue,No Issue,No CPO Info Available,No Issue,,,,
2021,BMW,228 I xDrive Gran Coupe,27998,40000,23 city/33 hwy,4-cyl,Turbo Gas,All Wheel Drive,Automatic,White/Red,2 Owners,No flood or frame damage,No odometer problems,WBA73AK07M7H02046,Car - Compact Luxury,Clean,No Issue,No Issue,No Open Recalls,No Issue,No Issue,OEM-Certified,No Issue,,,,
2019,BMW,X3 XDrive30i,29998,26000,22 city/29 hwy,4-cyl,Turbo Gas,All Wheel Drive,Automatic,Silver/Brown,2 Owners,No flood or frame damage,No odometer problems,5UXTR9C56KLP96834,CUV - Midsize Luxury,Clean,No Issue,Damage Reported,1 Open Recall(s),No Issue,No Issue,No CPO Info Available,No Issue,,,,
2016,BMW,328 XI,21998,32000,22 city/34 hwy,4-cyl,Turbo Gas,All Wheel Drive,Automatic,Gray/Black,1 Owner,No flood or frame damage,No odometer problems,WBA8E3G51GNU00506,Car - Compact Luxury,Clean,No Issue,No Issue,1 Open Recall(s),No Issue,No Issue,No Recent CPO Reported,No Issue,,,,
2015,BMW,428 I xDrive Gran Coupe,18998,63000,22 city/32 hwy,4-cyl,Turbo Gas,All Wheel Drive,Automatic,Gray/Tan,3 Owners,No flood or frame damage,No odometer problems,WBA4C9C56FD331605,Car - Compact Luxury,Clean,No Issue,Minor,1 Open Recall(s),No Issue,No Issue,No CPO Info Available,No Issue,,,,
2014,BMW,328 XI,16998,80000,22 city/33 hwy,4-cyl,Turbo Gas,All Wheel Drive,Automatic,Black/Black,2 Owners,No flood or frame damage,No odometer problems,WBA3B5G50ENS11566,Car - Compact Luxury,Clean,No Issue,No Issue,1 Open Recall(s),No Issue,No Issue,No Recent CPO Reported,No Issue,,,,
2023,BMW,X5 Plug In Hybrid XDrive45e,44998,43000,,6-cyl,Plug-in Hybrid,All Wheel Drive,,Black/Black,1 Owner,No flood or frame damage,No odometer problems,5UXTA6C00P9P19813,CUV - Midsize Luxury,Clean,No Issue,No Issue,No Open Recalls,No Issue,No Issue,No CPO Info Available,No Issue,47 city/54 hwy,30 miles,5 hours,
2020,BMW,X3 Competition,48998,59000,14 city/19 hwy,6-cyl,Turbo Gas,All Wheel Drive,Automatic,Gray/Red,4 Owners,No flood or frame damage,No odometer problems,5YMTS0C06L9B67413,CUV - Midsize Luxury,Clean,No Issue,No Issue,No Open Recalls,No Issue,No Issue,No Recent CPO Reported,No Issue,,,,
2021,BMW,330 I xDrive,28998,40000,25 city/34 hwy,4-cyl,Turbo Gas,All Wheel Drive,Automatic,Gray/Tan,1 Owner,No flood or frame damage,No odometer problems,3MW5R7J01M8C04088,Car - Compact Luxury,Clean,No Issue,No Issue,No Open Recalls,No Issue,No Issue,No CPO Info Available,No Issue,,,,
2019,BMW,330 I,26998,41000,26 city/36 hwy,4-cyl,Turbo Gas,Rear Wheel Drive,Automatic,Black/Black,1 Owner,No flood or frame damage,No odometer problems,WBA5R1C59KAK06601,Car - Compact Luxury,Clean,No Issue,No Issue,No Open Recalls,No Issue,No Issue,No CPO Info Available,No Issue,,,,
2018,BMW,230 XI,23998,64000,23 city/33 hwy,4-cyl,Turbo Gas,All Wheel Drive,Automatic,Pearl/Black,1 Owner,No flood or frame damage,No odometer problems,WBA2K1C59JVD41658,Car - Compact Luxury,Clean,No Issue,No Issue,No Open Recalls,No Issue,No Issue,No CPO Info Available,No Issue,,,,
2022,BMW,X5 xDrive40i,40998,55000,21 city/25 hwy,6-cyl,Turbo Gas,All Wheel Drive,Automatic,White/Tan,1 Owner,No flood or frame damage,No odometer problems,5UXCR6C02N9K78448,CUV - Midsize Luxury,Clean,No Issue,No Issue,No Open Recalls,No Issue,No Issue,OEM-Certified,No Issue,,,,
2023,BMW,230 XI,38998,3000,24 city/34 hwy,4-cyl,Turbo Gas,All Wheel Drive,Automatic,White/Brown,1 Owner,No flood or frame damage,No odometer problems,3MW33CM07P8D45779,Car - Compact Luxury,Clean,No Issue,No Issue,No Open Recalls,No Issue,No Issue,No CPO Info Available,No Issue,,,,
2014,BMW,X3 XDrive28i,17998,62000,21 city/28 hwy,,,,Automatic,White/Tan,2 Owners,No flood or frame damage,No odometer problems,5UXWX9C53E0D42391,CUV - Compact Luxury,Clean,No Issue,No Issue,1 Open Recall(s),No Issue,No Issue,No CPO Info Available,No Issue,,,,
2015,BMW,328 XI,17998,88000,22 city/33 hwy,,,,Automatic,Black/Black,2 Owners,No flood or frame damage,No odometer problems,WBA3B5G50FNS13707,Car - Compact Luxury,Clean,No Issue,No Issue,1 Open Recall(s),No Issue,No Issue,No Recent CPO Reported,No Issue,,,,
2017,BMW,X1 XDrive28i,18998,65000,22 city/31 hwy,,,,Automatic,Black/Black,3 Owners,No flood or frame damage,No odometer problems,WBXHT3C37H5F80627,CUV - Compact Luxury,Clean,No Issue,Damage Reported,No Open Recalls,No Issue,No Issue,No CPO Info Available,No Issue,,,,
2016,BMW,X1 XDrive28i,18998,58000,22 city/32 hwy,4-cyl,Turbo Gas,All Wheel Drive,Automatic,White/Black,2 Owners,No flood or frame damage,No odometer problems,WBXHT3C36G5E48408,CUV - Compact Luxury,Clean,No Issue,No Issue,No Open Recalls,No Issue,No Issue,No CPO Info Available,No Issue,,,,
2019,BMW,X5 xDrive40i,35998,49000,20 city/26 hwy,6-cyl,Turbo Gas,All Wheel Drive,Automatic,Black/Brown,2 Owners,No flood or frame damage,No odometer problems,5UXCR6C57KLK82442,CUV - Midsize Luxury,Clean,No Issue,No Issue,No Open Recalls,No Issue,No Issue,No Recent CPO Reported,No Issue,,,,
2019,BMW,X3 XDrive30i,30998,21000,22 city/29 hwy,,,,Automatic,Gray/Black,1 Owner,No flood or frame damage,No odometer problems,5UXTR9C53KLP97083,CUV - Midsize Luxury,Clean,No Issue,Minor,1 Open Recall(s),No Issue,No Issue,No CPO Info Available,No Issue,,,,
2019,BMW,430 I xDrive,29998,43000,23 city/33 hwy,4-cyl,Turbo Gas,All Wheel Drive,Automatic,Gray/Red,2 Owners,No flood or frame damage,No odometer problems,WBA4W5C59KAE49534,Car - Compact Luxury,Clean,No Issue,No Issue,No Open Recalls,No Issue,No Issue,No CPO Info Available,No Issue,,,,
2021,BMW,X3 XDrive30i,31998,30000,23 city/29 hwy,4-cyl,Turbo Gas,All Wheel Drive,Automatic,White/Black,1 Owner,No flood or frame damage,No odometer problems,5UXTY5C04M9G76596,CUV - Midsize Luxury,Clean,No Issue,Damage Reported,1 Open Recall(s),No Issue,No Issue,No CPO Info Available,No Issue,,,,
2019,BMW,X1 XDrive28i,23998,45000,22 city/31 hwy,4-cyl,Turbo Gas,All Wheel Drive,Automatic,Blue/Tan,2 Owners,No flood or frame damage,No odometer problems,WBXHT3C57K3H36296,CUV - Compact Luxury,Clean,No Issue,No Issue,No Open Recalls,No Issue,No Issue,No CPO Info Available,No Issue,,,,
2017,BMW,X3 XDrive28i,20998,53000,21 city/28 hwy,4-cyl,Turbo Gas,All Wheel Drive,Automatic,Black/Black,3 Owners,No flood or frame damage,No odometer problems,5UXWX9C31H0W76385,CUV - Compact Luxury,Clean,No Issue,Damage Reported,1 Open Recall(s),No Issue,No Issue,No CPO Info Available,No Issue,,,,
2022,BMW,X2 M35i,27998,68000,23 city/30 hwy,4-cyl,Turbo Gas,All Wheel Drive,Automatic,Black/Black,2 Owners,No flood or frame damage,No odometer problems,WBXYN1C06N5T48503,CUV - Compact Luxury,Clean,No Issue,Minor,No Open Recalls,No Issue,No Issue,No CPO Info Available,No Issue,,,,
2017,BMW,X3 XDrive28i,23998,31000,21 city/28 hwy,4-cyl,Turbo Gas,All Wheel Drive,Automatic,White/Black,3 Owners,No flood or frame damage,No odometer problems,5UXWX9C39H0T16670,CUV - Compact Luxury,Clean,No Issue,No Issue,1 Open Recall(s),No Issue,No Issue,No CPO Info Available,No Issue,,,,
2020,BMW,X5 xDrive40i,40998,35000,20 city/26 hwy,6-cyl,Turbo Gas,All Wheel Drive,Automatic,White/Black,3 Owners,No flood or frame damage,No odometer problems,5UXCR6C08L9B83358,CUV - Midsize Luxury,Clean,No Issue,No Issue,1 Open Recall(s),No Issue,No Issue,No Recent CPO Reported,No Issue,,,,
2019,BMW,430 I xDrive Gran Coupe,22998,62000,23 city/33 hwy,4-cyl,Turbo Gas,All Wheel Drive,Automatic,Black/Black,2 Owners,No flood or frame damage,No odometer problems,WBA4J3C55KBL07224,Car - Compact Luxury,Clean,No Issue,Moderate,No Open Recalls,No Issue,No Issue,No CPO Info Available,No Issue,,,,
2021,BMW,840 I xDrive Gran Coupe,44998,58000,20 city/27 hwy,6-cyl,Turbo Gas,All Wheel Drive,Automatic,Gray/Brown,1 Owner,No flood or frame damage,No odometer problems,WBAGV4C06MCE95084,Sport Car - Midsize Luxury,Clean,No Issue,No Issue,No Open Recalls,No Issue,No Issue,No CPO Info Available,No Issue,,,,
2017,BMW,530 I,21998,61000,24 city/34 hwy,4-cyl,Turbo Gas,Rear Wheel Drive,Automatic,Black/Brown,2 Owners,No flood or frame damage,No odometer problems,WBAJA5C31HG897687,Car - Midsize Luxury,Clean,No Issue,Minor,No Open Recalls,No Issue,No Issue,No Recent CPO Reported,No Issue,,,,
2020,BMW,330 I xDrive,26998,53000,25 city/34 hwy,4-cyl,Turbo Gas,All Wheel Drive,Automatic,Gray/Brown,2 Owners,No flood or frame damage,No odometer problems,WBA5R7C03LFH33970,Car - Compact Luxury,Clean,No Issue,No Issue,No Open Recalls,No Issue,No Issue,No Recent CPO Reported,No Issue,,,,
2021,BMW,X3 Plug In Hybrid xDrive30e,35998,24000,,4-cyl,Plug-in Hybrid,All Wheel Drive,,Blue/Cream,2 Owners,No flood or frame damage,No odometer problems,5UXTS1C00M9D97379,CUV - Midsize Luxury,Clean,No Issue,No Issue,No Open Recalls,No Issue,No Issue,No CPO Info Available,No Issue,59 city/61 hwy,18 miles,3 hours,
2023,BMW,430 I xDrive,41998,14000,23 city/33 hwy,4-cyl,Turbo Gas,All Wheel Drive,Automatic,Blue/Black,2 Owners,No flood or frame damage,No odometer problems,WBA73AP02PCL51306,Car - Subcompact Luxury,Clean,No Issue,Minor,No Open Recalls,No Issue,No Issue,No CPO Info Available,No Issue,,,,
2021,BMW,X2 M35i,30998,39000,23 city/30 hwy,4-cyl,Turbo Gas,All Wheel Drive,Automatic,Gray/Orange,1 Owner,No flood or frame damage,No odometer problems,WBXYN1C00M5S22300,CUV - Compact Luxury,Clean,No Issue,No Issue,No Open Recalls,No Issue,No Issue,No CPO Info Available,No Issue,,,,
2020,BMW,330 I xDrive,25998,58000,25 city/34 hwy,4-cyl,Turbo Gas,All Wheel Drive,Automatic,White/Black,1 Owner,No flood or frame damage,No odometer problems,3MW5R7J04L8B44788,Car - Compact Luxury,Clean,No Issue,No Issue,No Open Recalls,No Issue,No Issue,No CPO Info Available,No Issue,,,,
2015,BMW,428 XI,17998,87000,21 city/33 hwy,4-cyl,Turbo Gas,All Wheel Drive,Automatic,Black/Cream,2 Owners,No flood or frame damage,No odometer problems,WBA3V9C54FP946884,Car - Compact Luxury,Clean,No Issue,No Issue,1 Open Recall(s),No Issue,No Issue,No Recent CPO Reported,No Issue,,,,
2019,BMW,X3 XDrive30i,28998,33000,22 city/29 hwy,4-cyl,Turbo Gas,All Wheel Drive,Automatic,White/Black,1 Owner,No flood or frame damage,No odometer problems,5UXTR9C51KLR04986,CUV - Midsize Luxury,Clean,No Issue,Minor,1 Open Recall(s),No Issue,No Issue,No CPO Info Available,No Issue,,,,
2018,BMW,X3 XDrive30i,25998,47000,22 city/29 hwy,4-cyl,Turbo Gas,All Wheel Drive,Automatic,White/Tan,1 Owner,No flood or frame damage,No odometer problems,5UXTR9C51JLC80625,CUV - Midsize Luxury,Clean,No Issue,Minor,1 Open Recall(s),No Issue,No Issue,No CPO Info Available,No Issue,,,,
2021,BMW,X3 XDrive30i,34998,20000,23 city/29 hwy,4-cyl,Turbo Gas,All Wheel Drive,Automatic,Blue/Tan,1 Owner,No flood or frame damage,No odometer problems,5UXTY5C08M9G54374,CUV - Midsize Luxury,Clean,No Issue,No Issue,1 Open Recall(s),No Issue,No Issue,No CPO Info Available,No Issue,,,,
2019,BMW,X3 XDrive30i,29998,33000,22 city/29 hwy,4-cyl,Turbo Gas,All Wheel Drive,Automatic,White/Tan,1 Owner,No flood or frame damage,No odometer problems,5UXTR9C5XKLE19118,CUV - Midsize Luxury,Clean,No Issue,No Issue,1 Open Recall(s),No Issue,No Issue,No CPO Info Available,No Issue,,,,
2020,BMW,540 XI,36998,37000,22 city/29 hwy,6-cyl,Turbo Gas,All Wheel Drive,Automatic,Gray/Black,1 Owner,No flood or frame damage,No odometer problems,WBAJS3C07LCD36596,Car - Midsize Luxury,Clean,No Issue,Damage Reported,No Open Recalls,No Issue,No Issue,No CPO Info Available,No Issue,,,,
2018,BMW,X5 XDrive35i,27998,57000,18 city/24 hwy,6-cyl,Turbo Gas,All Wheel Drive,Automatic,White/Tan,2 Owners,No flood or frame damage,No odometer problems,5UXKR0C59J0X91683,CUV - Midsize Luxury,Clean,No Issue,Minor,No Open Recalls,No Issue,No Issue,No CPO Info Available,No Issue,,,,
2021,BMW,X1 XDrive28i,27998,33000,23 city/31 hwy,4-cyl,Turbo Gas,All Wheel Drive,Automatic,White/Brown,1 Owner,No flood or frame damage,No odometer problems,WBXJG9C09M5T86901,CUV - Compact Luxury,Clean,No Issue,Minor,No Open Recalls,No Issue,No Issue,No CPO Info Available,No Issue,,,,
2018,BMW,X3 M40I,28998,68000,20 city/27 hwy,6-cyl,Turbo Gas,All Wheel Drive,Automatic,Gray/Black,2 Owners,No flood or frame damage,No odometer problems,5UXTS3C54J0Z02179,CUV - Midsize Luxury,Clean,No Issue,No Issue,1 Open Recall(s),No Issue,No Issue,No Recent CPO Reported,No Issue,,,,
2021,BMW,X4 XDrive30i,34998,47000,23 city/29 hwy,,,,Automatic,White/Cream,2 Owners,No flood or frame damage,No odometer problems,5UX2V1C07M9H79895,CUV - Compact Luxury,Clean,No Issue,Moderate,No Open Recalls,No Issue,No Issue,No CPO Info Available,No Issue,,,,
2018,BMW,540 XI,30998,39000,20 city/29 hwy,6-cyl,Turbo Gas,All Wheel Drive,Automatic,White/Black,3 Owners,No flood or frame damage,No odometer problems,WBAJE7C50JWD53701,Car - Midsize Luxury,Clean,No Issue,Minor,No Open Recalls,No Issue,No Issue,No CPO Info Available,No Issue,,,,
2018,BMW,X2 XDrive28i,24998,30000,21 city/31 hwy,4-cyl,Turbo Gas,All Wheel Drive,Automatic,Green/Tan,2 Owners,No flood or frame damage,No odometer problems,WBXYJ5C38JEF80384,CUV - Compact Luxury,Clean,No Issue,Damage Reported,No Open Recalls,No Issue,No Issue,No Recent CPO Reported,No Issue,,,,
2019,BMW,740 I xDrive,36998,40000,20 city/29 hwy,6-cyl,Turbo Gas,All Wheel Drive,Automatic,Black/Black,2 Owners,No flood or frame damage,No odometer problems,WBA7E4C57KGV70227,Car - Large Luxury,Clean,No Issue,No Issue,No Open Recalls,No Issue,No Issue,No CPO Info Available,No Issue,,,,
2017,BMW,X1 XDrive28i,18998,70000,22 city/31 hwy,4-cyl,Turbo Gas,All Wheel Drive,Automatic,Gray/Black,2 Owners,No flood or frame damage,No odometer problems,WBXHT3C39H5F70150,CUV - Compact Luxury,Clean,No Issue,Minor,No Open Recalls,No Issue,No Issue,No Recent CPO Reported,No Issue,,,,
2018,BMW,X2 XDrive28i,25998,17000,21 city/31 hwy,,,,Automatic,White/Black,1 Owner,No flood or frame damage,No odometer problems,WBXYJ5C37JEF77587,CUV - Compact Luxury,Clean,No Issue,No Issue,No Open Recalls,No Issue,No Issue,No CPO Info Available,No Issue,,,,
2020,BMW,X4 M,48998,45000,14 city/19 hwy,6-cyl,Turbo Gas,All Wheel Drive,Automatic,Black/Black,1 Owner,No flood or frame damage,No odometer problems,5YMUJ0C0XL9B10056,CUV - Compact Luxury,Clean,No Issue,No Issue,No Open Recalls,No Issue,No Issue,No CPO Info Available,No Issue,,,,
2023,BMW,X6 xDrive40i,60998,18000,21 city/25 hwy,6-cyl,Turbo Gas,All Wheel Drive,Automatic,White/Tan,1 Owner,No flood or frame damage,No odometer problems,5UXCY6C08P9P65689,CUV - Compact Luxury,Clean,No Issue,No Issue,No Open Recalls,No Issue,No Issue,No CPO Info Available,No Issue,,,,
2015,BMW,328 XI,22998,12000,22 city/33 hwy,,,,Automatic,Gray/Black,1 Owner,No flood or frame damage,No odometer problems,WBA3B5C58FF963551,Car - Compact Luxury,Clean,No Issue,No Issue,1 Open Recall(s),No Issue,No Issue,No CPO Info Available,No Issue,,,,
2021,BMW,228 I xDrive Gran Coupe,28998,26000,23 city/33 hwy,4-cyl,Turbo Gas,All Wheel Drive,Automatic,Black/Black,1 Owner,No flood or frame damage,No odometer problems,WBA73AK03M7J09586,Car - Compact Luxury,Clean,No Issue,No Issue,No Open Recalls,No Issue,No Issue,No CPO Info Available,No Issue,,,,
2021,BMW,330 I xDrive,29998,23000,25 city/34 hwy,4-cyl,Turbo Gas,All Wheel Drive,Automatic,White/Tan,1 Owner,No flood or frame damage,No odometer problems,3MW5R7J06M8B68012,Car - Compact Luxury,Clean,No Issue,Minor,No Open Recalls,No Issue,No Issue,No CPO Info Available,No Issue,,,,
2023,BMW,X5 Plug In Hybrid XDrive45e,43998,43000,,6-cyl,Plug-in Hybrid,All Wheel Drive,,White/Black,1 Owner,No flood or frame damage,No odometer problems,5UXTA6C03P9P06702,CUV - Midsize Luxury,Clean,No Issue,No Issue,No Open Recalls,No Issue,No Issue,No CPO Info Available,No Issue,47 city/54 hwy,30 miles,5 hours,
2023,BMW,X5 Plug In Hybrid XDrive45e,43998,44000,,6-cyl,Plug-in Hybrid,All Wheel Drive,,Black/Black,1 Owner,No flood or frame damage,No odometer problems,5UXTA6C05P9P28927,CUV - Midsize Luxury,Clean,No Issue,No Issue,No Open Recalls,No Issue,No Issue,No CPO Info Available,No Issue,47 city/54 hwy,30 miles,5 hours,
2020,BMW,X3 XDrive30i,27998,45000,24 city/29 hwy,4-cyl,Turbo Gas,All Wheel Drive,Automatic,Gray/Black,2 Owners,No flood or frame damage,No odometer problems,5UXTY5C08L9B63785,CUV - Midsize Luxury,Clean,No Issue,Minor,1 Open Recall(s),No Issue,No Issue,No CPO Info Available,No Issue,,,,
2021,BMW,X4 XDrive30i,38998,27000,23 city/29 hwy,,,,Automatic,Gray/Cream,2 Owners,No flood or frame damage,No odometer problems,5UX2V1C06M9H70363,CUV - Compact Luxury,Clean,No Issue,No Issue,No Open Recalls,No Issue,No Issue,No CPO Info Available,No Issue,,,,
2018,BMW,430 I xDrive,22998,84000,22 city/32 hwy,4-cyl,Turbo Gas,All Wheel Drive,Automatic,Gray/Tan,2 Owners,No flood or frame damage,No odometer problems,WBA4Z3C53JEC48165,Car - Subcompact Luxury,Clean,No Issue,Minor,No Open Recalls,No Issue,No Issue,No CPO Info Available,No Issue,,,,
2020,BMW,X5 xDrive40i,39998,48000,20 city/26 hwy,6-cyl,Turbo Gas,All Wheel Drive,Automatic,Black/Brown,1 Owner,No flood or frame damage,No odometer problems,5UXCR6C08L9B75602,CUV - Midsize Luxury,Clean,No Issue,No Issue,1 Open Recall(s),No Issue,No Issue,No CPO Info Available,No Issue,,,,
2019,BMW,X5 xDrive40i,34998,48000,20 city/26 hwy,6-cyl,Turbo Gas,All Wheel Drive,Automatic,Gray/Black,2 Owners,No flood or frame damage,No odometer problems,5UXCR6C52KLL64983,CUV - Midsize Luxury,Clean,No Issue,No Issue,1 Open Recall(s),No Issue,No Issue,No CPO Info Available,No Issue,,,,
2022,BMW,X3 XDrive30i,34998,30000,21 city/28 hwy,4-cyl,Turbo Gas,All Wheel Drive,Automatic,Black/Tan,1 Owner,No flood or frame damage,No odometer problems,5UX53DP01N9N17738,CUV - Midsize Luxury,Clean,No Issue,No Issue,1 Open Recall(s),No Issue,No Issue,No CPO Info Available,No Issue,,,,
2021,BMW,X5 xDrive40i,50998,27000,21 city/25 hwy,6-cyl,Turbo Gas,All Wheel Drive,Automatic,Black/Black,2 Owners,No flood or frame damage,No odometer problems,5UXCR6C04M9E32398,CUV - Midsize Luxury,Clean,No Issue,No Issue,No Open Recalls,No Issue,No Issue,No CPO Info Available,No Issue,,,,
2023,BMW,X4 XDrive30i,42998,28000,21 city/28 hwy,4-cyl,Turbo Gas,All Wheel Drive,Automatic,Black/Black,1 Owner,No flood or frame damage,No odometer problems,5UX33DT03P9T34096,CUV - Compact Luxury,Clean,No Issue,No Issue,No Open Recalls,No Issue,No Issue,No CPO Info Available,No Issue,,,,
2024,BMW,X5 M60,86998,7000,17 city/22 hwy,8-cyl,Turbo Gas,All Wheel Drive,Automatic,Gray/Gray,1 Owner,No flood or frame damage,No odometer problems,5UX33EU06R9T34827,CUV - Midsize Luxury,Clean,No Issue,No Issue,1 Open Recall(s),No Issue,No Issue,No CPO Info Available,No Issue,,,,
2021,BMW,X3 M40I,36998,50000,21 city/27 hwy,6-cyl,Turbo Gas,All Wheel Drive,Automatic,Black/White,4 Owners,No flood or frame damage,No odometer problems,5UXTY9C02M9F33377,CUV - Midsize Luxury,Clean,No Issue,Damage Reported,1 Open Recall(s),No Issue,No Issue,No Recent CPO Reported,No Issue,,,,
2018,BMW,430 I,27998,45000,24 city/34 hwy,4-cyl,Turbo Gas,Rear Wheel Drive,Automatic,Blue/Gray,1 Owner,No flood or frame damage,No odometer problems,WBA4Z1C59JEC73138,Car - Subcompact Luxury,Clean,No Issue,No Issue,No Open Recalls,No Issue,No Issue,No CPO Info Available,No Issue,,,,
2015,BMW,328 XI,16998,78000,22 city/33 hwy,,,,Automatic,Silver/Black,3 Owners,No flood or frame damage,No odometer problems,WBA3B5G50FNS18342,Car - Compact Luxury,Clean,No Issue,No Issue,1 Open Recall(s),No Issue,No Issue,No Recent CPO Reported,No Issue,,,,
2022,BMW,X6 xDrive40i,51998,54000,21 city/25 hwy,6-cyl,Turbo Gas,All Wheel Drive,Automatic,White/Cream,1 Owner,No flood or frame damage,No odometer problems,5UXCY6C0XN9K80368,CUV - Compact Luxury,Clean,No Issue,No Issue,No Open Recalls,No Issue,No Issue,No CPO Info Available,No Issue,,,,
2015,BMW,528 XI,20998,35000,22 city/33 hwy,4-cyl,Turbo Gas,All Wheel Drive,Automatic,Gray/Black,1 Owner,No flood or frame damage,No odometer problems,WBA5A7C58FG143438,Car - Midsize Luxury,Clean,No Issue,No Issue,1 Open Recall(s),No Issue,No Issue,No CPO Info Available,No Issue,,,,
2017,BMW,X3 XDrive28i,21998,50000,21 city/28 hwy,4-cyl,Turbo Gas,All Wheel Drive,Automatic,White/Black,2 Owners,No flood or frame damage,No odometer problems,5UXWX9C38H0T22265,CUV - Compact Luxury,Clean,No Issue,No Issue,2 Open Recall(s),No Issue,Odometer Issue Reported,No CPO Info Available,No Issue,,,,
2019,BMW,230 I,30998,18000,23 city/33 hwy,4-cyl,Turbo Gas,Rear Wheel Drive,Automatic,Black/Cream,1 Owner,No flood or frame damage,No odometer problems,WBA2K1C5XKVD42139,Car - Compact Luxury,Clean,No Issue,No Issue,No Open Recalls,No Issue,No Issue,No CPO Info Available,No Issue,,,,
2024,BMW,M240 XI,56998,6000,23 city/32 hwy,6-cyl,Turbo Gas,All Wheel Drive,Automatic,Gray/Red,1 Owner,No flood or frame damage,No odometer problems,3MW53CM0XR8D94499,Car - Compact Luxury,Clean,No Issue,No Issue,No Open Recalls,No Issue,No Issue,No CPO Info Available,No Issue,,,,
2019,BMW,430 I xDrive Gran Coupe,24998,43000,23 city/33 hwy,4-cyl,Turbo Gas,All Wheel Drive,Automatic,White/Black,1 Owner,No flood or frame damage,No odometer problems,WBA4J3C56KBL08799,Car - Compact Luxury,Clean,No Issue,No Issue,No Open Recalls,No Issue,No Issue,No CPO Info Available,No Issue,,,,
2021,BMW,X4 M,54998,25000,14 city/19 hwy,6-cyl,Turbo Gas,All Wheel Drive,Automatic,Silver/Black,2 Owners,No flood or frame damage,No odometer problems,5YMUJ0C05M9F55807,CUV - Compact Luxury,Clean,No Issue,No Issue,No Open Recalls,No Issue,No Issue,OEM-Certified,No Issue,,,,
2018,BMW,340 I,28998,51000,21 city/32 hwy,6-cyl,Turbo Gas,Rear Wheel Drive,Automatic,Orange/Black,2 Owners,No flood or frame damage,No odometer problems,WBA8B3C53JK384851,Car - Compact Luxury,Clean,No Issue,No Issue,No Open Recalls,No Issue,No Issue,No Recent CPO Reported,No Issue,,,,
2020,BMW,X1 XDrive28i,25998,47000,23 city/31 hwy,4-cyl,Turbo Gas,All Wheel Drive,Automatic,Blue/Cream,2 Owners,No flood or frame damage,No odometer problems,WBXJG9C0XL5R72411,CUV - Compact Luxury,Clean,No Issue,No Issue,No Open Recalls,No Issue,No Issue,No CPO Info Available,No Issue,,,,
2021,BMW,X1 XDrive28i,27998,33000,23 city/31 hwy,4-cyl,Turbo Gas,All Wheel Drive,Automatic,Blue/Black,2 Owners,No flood or frame damage,No odometer problems,WBXJG9C03M5S93503,CUV - Compact Luxury,Clean,No Issue,Minor,No Open Recalls,No Issue,No Issue,No CPO Info Available,No Issue,,,,
2021,BMW,X5 xDrive40i,43998,33000,21 city/25 hwy,6-cyl,Turbo Gas,All Wheel Drive,Automatic,Black/Brown,1 Owner,No flood or frame damage,No odometer problems,5UXCR6C03M9H31820,CUV - Midsize Luxury,Clean,No Issue,No Issue,No Open Recalls,No Issue,No Issue,No CPO Info Available,No Issue,,,,
2020,BMW,X2 XDrive28i,24998,42000,21 city/30 hwy,4-cyl,Turbo Gas,,Automatic,Gray/Black,1 Owner,No flood or frame damage,No odometer problems,WBXYJ1C02L5P03031,CUV - Compact Luxury,Clean,No Issue,No Issue,No Open Recalls,No Issue,No Issue,No CPO Info Available,No Issue,,,,
2021,BMW,X6 xDrive40i,53998,58000,21 city/25 hwy,6-cyl,Turbo Gas,All Wheel Drive,Automatic,Black/Black,2 Owners,No flood or frame damage,No odometer problems,5UXCY6C0XM9E53369,CUV - Compact Luxury,Clean,No Issue,No Issue,No Open Recalls,No Issue,No Issue,No CPO Info Available,No Issue,,,,
2020,BMW,X3 XDrive30i,31998,26000,24 city/29 hwy,4-cyl,Turbo Gas,All Wheel Drive,Automatic,Burgundy/Tan,1 Owner,No flood or frame damage,No odometer problems,5UXTY5C04L9B23669,CUV - Midsize Luxury,Clean,No Issue,No Issue,1 Open Recall(s),No Issue,No Issue,No CPO Info Available,No Issue,,,,
2023,BMW,X1 XDrive28i,37998,10000,25 city/34 hwy,4-cyl,Turbo Gas,All Wheel Drive,Automatic,Blue/Brown,1 Owner,No flood or frame damage,No odometer problems,WBX73EF09P5W54876,CUV - Compact Luxury,Clean,No Issue,No Issue,1 Open Recall(s),No Issue,No Issue,No CPO Info Available,No Issue,,,,
2021,BMW,M235 XI Gran Coupe,32998,30000,23 city/32 hwy,4-cyl,Turbo Gas,All Wheel Drive,Automatic,Black/Red,1 Owner,No flood or frame damage,No odometer problems,WBA13AL03M7G69793,Car - Compact Luxury,Clean,No Issue,No Issue,No Open Recalls,No Issue,No Issue,No CPO Info Available,No Issue,,,,
2021,BMW,330 I,29998,20000,26 city/36 hwy,4-cyl,Turbo Gas,Rear Wheel Drive,Automatic,Gray/Black,1 Owner,No flood or frame damage,No odometer problems,3MW5R1J0XM8B82802,Car - Compact Luxury,Clean,No Issue,No Issue,No Open Recalls,No Issue,No Issue,No CPO Info Available,No Issue,,,,
2021,BMW,X5 xDrive40i,39998,29000,21 city/25 hwy,6-cyl,Turbo Gas,All Wheel Drive,Automatic,White/Black,1 Owner,No flood or frame damage,No odometer problems,5UXCR6C00M9G07696,CUV - Midsize Luxury,Clean,No Issue,No Issue,No Open Recalls,No Issue,No Issue,No CPO Info Available,No Issue,,,,
2019,BMW,M4 ,50998,50000,18 city/25 hwy,6-cyl,Turbo Gas,Rear Wheel Drive,Automatic,Black/Black,2 Owners,No flood or frame damage,No odometer problems,WBS4Y9C5XKAG67379,Sport Car - Compact Luxury,Clean,No Issue,Minor,No Open Recalls,No Issue,No Issue,No Recent CPO Reported,No Issue,,,,
2020,BMW,X3 XDrive30i,29998,50000,22 city/29 hwy,,,,Automatic,White/Tan,1 Owner,No flood or frame damage,No odometer problems,5UXTY5C03L9B12579,CUV - Midsize Luxury,Clean,No Issue,No Issue,1 Open Recall(s),No Issue,No Issue,No CPO Info Available,No Issue,,,,
2018,BMW,X1 XDrive28i,21998,49000,22 city/31 hwy,4-cyl,Turbo Gas,All Wheel Drive,Automatic,White/Black,2 Owners,No flood or frame damage,No odometer problems,WBXHT3C32J3H32749,CUV - Compact Luxury,Clean,No Issue,No Issue,No Open Recalls,No Issue,No Issue,No CPO Info Available,No Issue,,,,
2022,BMW,X3 XDrive30i,39998,33000,21 city/28 hwy,4-cyl,Turbo Gas,All Wheel Drive,Automatic,White/Burgundy,1 Owner,No flood or frame damage,No odometer problems,5UX53DP05N9K19144,CUV - Midsize Luxury,Clean,No Issue,No Issue,1 Open Recall(s),No Issue,No Issue,No CPO Info Available,No Issue,,,,
2015,BMW,M4 ,36998,70000,17 city/26 hwy,6-cyl,Turbo Gas,Rear Wheel Drive,Automatic,Silver/Gray,3 Owners,No flood or frame damage,No odometer problems,WBS3R9C51FF708951,Sport Car - Subcompact Luxury,Clean,No Issue,No Issue,No Open Recalls,No Issue,No Issue,No CPO Info Available,No Issue,,,,
2021,BMW,X3 M40I,40998,45000,21 city/27 hwy,6-cyl,Turbo Gas,All Wheel Drive,Automatic,Blue/Tan,1 Owner,No flood or frame damage,No odometer problems,5UXTY9C06M9E57842,CUV - Midsize Luxury,Clean,No Issue,No Issue,1 Open Recall(s),No Issue,No Issue,No CPO Info Available,No Issue,,,,
2022,BMW,X1 XDrive28i,28998,34000,23 city/31 hwy,4-cyl,Turbo Gas,All Wheel Drive,Automatic,Gray/Black,2 Owners,No flood or frame damage,No odometer problems,WBXJG9C00N5V44320,CUV - Compact Luxury,Clean,No Issue,No Issue,No Open Recalls,No Issue,No Issue,No CPO Info Available,No Issue,,,,
2020,BMW,X3 XDrive30i,28998,45000,22 city/29 hwy,,,,Automatic,Black/Black,2 Owners,No flood or frame damage,No odometer problems,5UXTY5C05L9B28461,CUV - Midsize Luxury,Clean,No Issue,No Issue,1 Open Recall(s),No Issue,No Issue,OEM-Certified,No Issue,,,,
2020,BMW,228 I xDrive Gran Coupe,24998,38000,23 city/33 hwy,4-cyl,Turbo Gas,All Wheel Drive,Automatic,Blue/Tan,2 Owners,No flood or frame damage,No odometer problems,WBA73AK08L7F79131,Car - Compact Luxury,Clean,No Issue,No Issue,No Open Recalls,No Issue,No Issue,OEM-Certified,No Issue,,,,
2017,BMW,540 XI,28998,31000,20 city/29 hwy,6-cyl,Turbo Gas,All Wheel Drive,Automatic,Silver/Black,2 Owners,No flood or frame damage,No odometer problems,WBAJE7C39HG887537,Car - Midsize Luxury,Clean,No Issue,No Issue,No Open Recalls,No Issue,No Issue,No CPO Info Available,No Issue,,,,
2018,BMW,430 I xDrive Gran Coupe,22998,46000,23 city/33 hwy,4-cyl,Turbo Gas,All Wheel Drive,Automatic,White/Black,2 Owners,No flood or frame damage,No odometer problems,WBA4J3C57JBG96188,Car - Compact Luxury,Clean,No Issue,Damage Reported,No Open Recalls,No Issue,No Issue,No Recent CPO Reported,No Issue,,,,
2018,BMW,440 I xDrive,34998,28000,20 city/29 hwy,6-cyl,Turbo Gas,All Wheel Drive,Automatic,White/Black,2 Owners,No flood or frame damage,No odometer problems,WBA4Z7C51JEA33536,Car - Subcompact Luxury,Clean,No Issue,No Issue,No Open Recalls,No Issue,No Issue,No CPO Info Available,No Issue,,,,
2018,BMW,320 XI,20998,47000,23 city/34 hwy,4-cyl,Turbo Gas,All Wheel Drive,Automatic,White/Black,2 Owners,No flood or frame damage,No odometer problems,WBA8A3C59JA488432,Car - Compact Luxury,Clean,No Issue,No Issue,No Open Recalls,No Issue,No Issue,No CPO Info Available,No Issue,,,,
2022,BMW,X3 M40I,52998,21000,21 city/26 hwy,6-cyl,Turbo Gas,All Wheel Drive,Automatic,Black/Brown,1 Owner,No flood or frame damage,No odometer problems,5UX83DP07N9L84299,CUV - Midsize Luxury,Clean,No Issue,No Issue,1 Open Recall(s),No Issue,No Issue,No CPO Info Available,No Issue,,,,
2021,BMW,X3 XDrive30i,30998,40000,23 city/29 hwy,4-cyl,Turbo Gas,All Wheel Drive,Automatic,Blue/Black,1 Owner,No flood or frame damage,No odometer problems,5UXTY5C05M9F13181,CUV - Midsize Luxury,Clean,No Issue,No Issue,1 Open Recall(s),No Issue,No Issue,No CPO Info Available,No Issue,,,,
2016,BMW,X3 XDrive28i,18998,74000,21 city/28 hwy,4-cyl,Turbo Gas,All Wheel Drive,Automatic,White/Tan,2 Owners,No flood or frame damage,No odometer problems,5UXWX9C51G0D73030,CUV - Compact Luxury,Clean,No Issue,Minor,2 Open Recall(s),No Issue,No Issue,No CPO Info Available,No Issue,,,,
2023,BMW,i4 eDrive40 Gran Coupe,40998,20000,,,,Rear Wheel Drive,,White/Black,1 Owner,No flood or frame damage,No odometer problems,WBY73AW07PFN60655,Car - Compact Luxury,Clean,No Issue,No Issue,No Open Recalls,No Issue,No Issue,No CPO Info Available,No Issue,109 city/108 hwy,301 miles,10 hours,Electric
2021,BMW,X2 XDrive28i,29998,22000,24 city/31 hwy,4-cyl,Turbo Gas,All Wheel Drive,Automatic,Gray/Tan,1 Owner,No flood or frame damage,No odometer problems,WBXYJ1C08M5T09972,CUV - Compact Luxury,Clean,No Issue,No Issue,No Open Recalls,No Issue,No Issue,No CPO Info Available,No Issue,,,,
2019,BMW,530 I xDrive,29998,26000,23 city/33 hwy,4-cyl,Turbo Gas,All Wheel Drive,Automatic,White/Tan,2 Owners,No flood or frame damage,No odometer problems,WBAJA7C50KG909882,Car - Midsize Luxury,Clean,No Issue,Moderate,No Open Recalls,No Issue,No Issue,No CPO Info Available,No Issue,,,,
2023,BMW,430 I xDrive,52998,15000,23 city/33 hwy,4-cyl,Turbo Gas,All Wheel Drive,Automatic,Green/Burgundy,1 Owner,No flood or frame damage,No odometer problems,WBA43AT08PCL55739,Car - Subcompact Luxury,Clean,No Issue,No Issue,No Open Recalls,No Issue,No Issue,No CPO Info Available,No Issue,,,,
2019,BMW,230 XI,29998,34000,23 city/33 hwy,4-cyl,Turbo Gas,All Wheel Drive,Automatic,White/Black,2 Owners,No flood or frame damage,No odometer problems,WBA2K1C54K7D59765,Car - Compact Luxury,Clean,No Issue,Moderate,No Open Recalls,No Issue,No Issue,No CPO Info Available,No Issue,,,,
2014,BMW,428 XI,15998,78000,22 city/33 hwy,4-cyl,Turbo Gas,All Wheel Drive,Automatic,White/Brown,4 Owners,No flood or frame damage,No odometer problems,WBA3N9C58EK244949,Car - Subcompact Luxury,Clean,No Issue,No Issue,2 Open Recall(s),No Issue,No Issue,No CPO Info Available,No Issue,,,,
2021,BMW,M440 I,47998,16000,23 city/31 hwy,6-cyl,Turbo Gas,Rear Wheel Drive,Automatic,Black/Red,2 Owners,No flood or frame damage,No odometer problems,WBA53AT05MCH23524,Car - Subcompact Luxury,Clean,No Issue,No Issue,No Open Recalls,No Issue,No Issue,No CPO Info Available,No Issue,,,,
2017,BMW,X5 XDrive35i,27998,48000,18 city/24 hwy,6-cyl,Turbo Gas,All Wheel Drive,Automatic,Brown/Brown,2 Owners,No flood or frame damage,No odometer problems,5UXKR0C3XH0X81186,CUV - Midsize Luxury,Clean,No Issue,No Issue,No Open Recalls,No Issue,No Issue,No Recent CPO Reported,No Issue,,,,
2019,BMW,X3 XDrive30i,23998,64000,22 city/29 hwy,4-cyl,Turbo Gas,All Wheel Drive,Automatic,Gray/Black,3 Owners,No flood or frame damage,No odometer problems,5UXTR9C56KLE19942,CUV - Midsize Luxury,Clean,No Issue,Minor,1 Open Recall(s),No Issue,No Issue,OEM-Certified,No Issue,,,,
2020,BMW,228 I xDrive Gran Coupe,24998,41000,23 city/33 hwy,4-cyl,Turbo Gas,All Wheel Drive,Automatic,Gray/Black,2 Owners,No flood or frame damage,No odometer problems,WBA73AK04L7F52329,Car - Compact Luxury,Clean,No Issue,No Issue,No Open Recalls,No Issue,No Issue,No CPO Info Available,No Issue,,,,
2017,BMW,X3 XDrive28i,18998,70000,21 city/28 hwy,4-cyl,Turbo Gas,All Wheel Drive,Automatic,White/Tan,2 Owners,No flood or frame damage,No odometer problems,5UXWX9C32H0W66478,CUV - Compact Luxury,Clean,No Issue,Minor,1 Open Recall(s),No Issue,No Issue,No Recent CPO Reported,No Issue,,,,
2018,BMW,330 XI,23998,41000,23 city/33 hwy,4-cyl,Turbo Gas,All Wheel Drive,Automatic,Gray/Black,2 Owners,No flood or frame damage,No odometer problems,WBA8D9C50JEM34164,Car - Compact Luxury,Clean,No Issue,No Issue,No Open Recalls,No Issue,No Issue,No Recent CPO Reported,No Issue,,,,
2023,BMW,X5 Plug In Hybrid XDrive45e,45998,47000,,6-cyl,Plug-in Hybrid,All Wheel Drive,,Black/Brown,1 Owner,No flood or frame damage,No odometer problems,5UXTA6C06P9P17502,CUV - Midsize Luxury,Clean,No Issue,No Issue,No Open Recalls,No Issue,No Issue,No CPO Info Available,No Issue,47 city/54 hwy,30 miles,5 hours,
2019,BMW,X3 XDrive30i,26998,48000,22 city/29 hwy,4-cyl,Turbo Gas,All Wheel Drive,Automatic,White/Black,1 Owner,No flood or frame damage,No odometer problems,5UXTR9C56KLR08984,CUV - Midsize Luxury,Clean,No Issue,No Issue,1 Open Recall(s),No Issue,No Issue,No CPO Info Available,No Issue,,,,
2021,BMW,X3 XDrive30i,29998,55000,23 city/29 hwy,4-cyl,Turbo Gas,All Wheel Drive,Automatic,Black/Black,2 Owners,No flood or frame damage,No odometer problems,5UXTY5C03M9F33400,CUV - Midsize Luxury,Clean,No Issue,No Issue,1 Open Recall(s),No Issue,No Issue,No CPO Info Available,No Issue,,,,
2019,BMW,X5 xDrive40i,35998,39000,20 city/26 hwy,6-cyl,Turbo Gas,All Wheel Drive,Automatic,Black/Black,3 Owners,No flood or frame damage,No odometer problems,5UXCR6C50KLL11781,CUV - Midsize Luxury,Clean,No Issue,No Issue,No Open Recalls,No Issue,No Issue,No Recent CPO Reported,No Issue,,,,
2023,BMW,X5 Plug In Hybrid XDrive45e,42998,54000,,6-cyl,Plug-in Hybrid,All Wheel Drive,,Black/Black,1 Owner,No flood or frame damage,No odometer problems,5UXTA6C0XP9P04719,CUV - Midsize Luxury,Clean,No Issue,No Issue,No Open Recalls,No Issue,No Issue,No CPO Info Available,No Issue,47 city/54 hwy,30 miles,5 hours,
2021,BMW,430 I xDrive,38998,9000,24 city/33 hwy,4-cyl,Turbo Gas,All Wheel Drive,Automatic,Blue/Tan,1 Owner,No flood or frame damage,No odometer problems,WBA73AP04MCF67124,Car - Subcompact Luxury,Clean,No Issue,No Issue,No Open Recalls,No Issue,No Issue,No CPO Info Available,No Issue,,,,
2020,BMW,X7 M50i,59998,34000,15 city/21 hwy,8-cyl,Turbo Gas,All Wheel Drive,Automatic,Black/Black,1 Owner,No flood or frame damage,No odometer problems,5UXCX6C02LLE35419,CUV - Large Luxury,Clean,No Issue,No Issue,No Open Recalls,No Issue,No Issue,No CPO Info Available,No Issue,,,,
2019,BMW,340 XI Gran Turismo,28998,55000,20 city/29 hwy,,,,Automatic,White/Cream,1 Owner,No flood or frame damage,No odometer problems,WBA8Y3C56KBP41777,Car - Compact Luxury,Clean,No Issue,No Issue,No Open Recalls,No Issue,No Issue,No CPO Info Available,No Issue,,,,
2021,BMW,X1 XDrive28i,29998,17000,23 city/31 hwy,4-cyl,Turbo Gas,All Wheel Drive,Automatic,Silver/Black,1 Owner,No flood or frame damage,No odometer problems,WBXJG9C04M5T72548,CUV - Compact Luxury,Clean,No Issue,Damage Reported,No Open Recalls,No Issue,No Issue,No CPO Info Available,No Issue,,,,
2019,BMW,X3 XDrive30i,24998,64000,22 city/29 hwy,4-cyl,Turbo Gas,All Wheel Drive,Automatic,White/Black,1 Owner,No flood or frame damage,No odometer problems,5UXTR9C57KLP77869,CUV - Midsize Luxury,Clean,No Issue,No Issue,1 Open Recall(s),No Issue,No Issue,No CPO Info Available,No Issue,,,,
2019,BMW,X3 XDrive30i,27998,39000,22 city/29 hwy,4-cyl,Turbo Gas,All Wheel Drive,Automatic,White/Black,1 Owner,No flood or frame damage,No odometer problems,5UXTR9C59KLR05089,CUV - Midsize Luxury,Clean,No Issue,No Issue,1 Open Recall(s),No Issue,No Issue,No CPO Info Available,No Issue,,,,
2016,BMW,X3 XDrive28i,19998,46000,21 city/28 hwy,4-cyl,Turbo Gas,All Wheel Drive,Automatic,Black/Black,2 Owners,No flood or frame damage,No odometer problems,5UXWX9C50G0D79031,CUV - Compact Luxury,Clean,No Issue,No Issue,1 Open Recall(s),No Issue,No Issue,No CPO Info Available,No Issue,,,,
2023,BMW,760 I xDrive,85998,17000,18 city/26 hwy,8-cyl,Turbo Gas,All Wheel Drive,Automatic,Gray/Tan,1 Owner,No flood or frame damage,No odometer problems,WBA33EJ04PCM15599,Car - Large Luxury,Clean,No Issue,No Issue,1 Open Recall(s),No Issue,No Issue,No CPO Info Available,No Issue,,,,
2020,BMW,X5 xDrive40i,37998,49000,20 city/26 hwy,6-cyl,Turbo Gas,All Wheel Drive,Automatic,Blue/Cream,3 Owners,No flood or frame damage,No odometer problems,5UXCR6C04L9B85057,CUV - Midsize Luxury,Clean,No Issue,Moderate,1 Open Recall(s),No Issue,No Issue,No Recent CPO Reported,No Issue,,,,
2019,BMW,X5 XDrive50i,40998,40000,17 city/22 hwy,8-cyl,Turbo Gas,All Wheel Drive,Automatic,Black/Brown,2 Owners,No flood or frame damage,No odometer problems,5UXJU2C52KLN67841,CUV - Midsize Luxury,Clean,No Issue,No Issue,No Open Recalls,No Issue,No Issue,No CPO Info Available,No Issue,,,,
2024,BMW,M440 I xDrive,68998,2000,22 city/30 hwy,6-cyl,Turbo Gas,All Wheel Drive,Automatic,White/Burgundy,1 Owner,No flood or frame damage,No odometer problems,WBA63AT03RCR46251,Car - Subcompact Luxury,Clean,No Issue,No Issue,No Open Recalls,No Issue,No Issue,No CPO Info Available,No Issue,,,,
2021,BMW,X3 XDrive30i,31998,30000,23 city/29 hwy,4-cyl,Turbo Gas,All Wheel Drive,Automatic,Gray/Black,2 Owners,No flood or frame damage,No odometer problems,5UXTY5C04M9F29095,CUV - Midsize Luxury,Clean,No Issue,No Issue,1 Open Recall(s),No Issue,No Issue,No CPO Info Available,No Issue,,,,
2014,BMW,428 XI,17998,80000,21 city/33 hwy,4-cyl,Turbo Gas,All Wheel Drive,Automatic,White/Tan,2 Owners,No flood or frame damage,No odometer problems,WBA3T1C54EPS98355,Car - Subcompact Luxury,Clean,No Issue,No Issue,1 Open Recall(s),No Issue,No Issue,No CPO Info Available,No Issue,,,,
2019,BMW,X5 xDrive40i,43998,39000,20 city/26 hwy,6-cyl,Turbo Gas,All Wheel Drive,Automatic,White/Taupe,2 Owners,No flood or frame damage,No odometer problems,5UXCR6C52KLL25102,CUV - Midsize Luxury,Clean,No Issue,Moderate,1 Open Recall(s),No Issue,No Issue,No CPO Info Available,No Issue,,,,
2021,BMW,X5 xDrive40i,39998,35000,21 city/25 hwy,,,,Automatic,Black/Black,2 Owners,No flood or frame damage,No odometer problems,5UXCR6C04M9G02016,CUV - Midsize Luxury,Clean,No Issue,Damage Reported,No Open Recalls,No Issue,No Issue,No CPO Info Available,No Issue,,,,
2022,BMW,M440 I xDrive,51998,8000,23 city/32 hwy,6-cyl,Turbo Gas,All Wheel Drive,Automatic,Blue/Brown,2 Owners,No flood or frame damage,No odometer problems,WBA13AR00NCK18057,Car - Subcompact Luxury,Clean,No Issue,No Issue,No Open Recalls,No Issue,No Issue,No CPO Info Available,No Issue,,,,
2021,BMW,X5 sDrive40i,40998,47000,21 city/26 hwy,6-cyl,Turbo Gas,Rear Wheel Drive,Automatic,Black/Tan,1 Owner,No flood or frame damage,No odometer problems,5UXCR4C02M9G52935,CUV - Midsize Luxury,Clean,No Issue,Damage Reported,No Open Recalls,No Issue,No Issue,No CPO Info Available,No Issue,,,,
2020,BMW,X1 XDrive28i,23998,64000,23 city/31 hwy,4-cyl,Turbo Gas,All Wheel Drive,Automatic,Black/Brown,2 Owners,No flood or frame damage,No odometer problems,WBXJG9C0XL3L88425,CUV - Compact Luxury,Clean,No Issue,No Issue,No Open Recalls,No Issue,No Issue,No Recent CPO Reported,No Issue,,,,
2020,BMW,228 I xDrive Gran Coupe,25998,37000,23 city/33 hwy,4-cyl,Turbo Gas,All Wheel Drive,Automatic,White/Black,2 Owners,No flood or frame damage,No odometer problems,WBA73AK07L7F65379,Car - Compact Luxury,Clean,No Issue,No Issue,No Open Recalls,No Issue,No Issue,No CPO Info Available,No Issue,,,,
2018,BMW,X2 XDrive28i,23998,35000,21 city/31 hwy,4-cyl,Turbo Gas,All Wheel Drive,Automatic,Black/Black,2 Owners,No flood or frame damage,No odometer problems,WBXYJ5C35JEF80598,CUV - Compact Luxury,Clean,No Issue,No Issue,No Open Recalls,No Issue,No Issue,No Recent CPO Reported,No Issue,,,,
2021,BMW,X1 XDrive28i,25998,54000,23 city/31 hwy,4-cyl,Turbo Gas,All Wheel Drive,Automatic,White/Black,1 Owner,No flood or frame damage,No odometer problems,WBXJG9C08M5T61133,CUV - Compact Luxury,Clean,No Issue,No Issue,No Open Recalls,No Issue,No Issue,No CPO Info Available,No Issue,,,,
2015,BMW,328 XI,19998,48000,22 city/33 hwy,4-cyl,Turbo Gas,All Wheel Drive,Automatic,Black/Brown,2 Owners,No flood or frame damage,No odometer problems,WBA3B3G59FNT18248,Car - Compact Luxury,Clean,No Issue,Minor,1 Open Recall(s),No Issue,No Issue,No Recent CPO Reported,No Issue,,,,
2021,BMW,M440 I xDrive,45998,23000,22 city/31 hwy,6-cyl,Turbo Gas,All Wheel Drive,Automatic,White/Black,1 Owner,No flood or frame damage,No odometer problems,WBA13AR06MCF61568,Car - Subcompact Luxury,Clean,No Issue,No Issue,No Open Recalls,No Issue,No Issue,No CPO Info Available,No Issue,,,,
2019,BMW,X5 xDrive40i,39998,55000,20 city/26 hwy,6-cyl,Turbo Gas,All Wheel Drive,Automatic,Gray/Brown,1 Owner,No flood or frame damage,No odometer problems,5UXCR6C5XKLL08788,CUV - Midsize Luxury,Clean,No Issue,No Issue,No Open Recalls,No Issue,No Issue,No CPO Info Available,No Issue,,,,
2018,BMW,X5 XDrive50i,36998,40000,15 city/21 hwy,8-cyl,Turbo Gas,All Wheel Drive,Automatic,White/Brown,3 Owners,No flood or frame damage,No odometer problems,5UXKR6C54J0U15105,CUV - Midsize Luxury,Clean,No Issue,Minor,No Open Recalls,No Issue,No Issue,No CPO Info Available,No Issue,,,,
2019,BMW,X3 XDrive30i,29998,37000,22 city/29 hwy,4-cyl,Turbo Gas,All Wheel Drive,Automatic,Blue/Cream,2 Owners,No flood or frame damage,No odometer problems,5UXTR9C5XKLP92575,CUV - Midsize Luxury,Clean,No Issue,No Issue,1 Open Recall(s),No Issue,No Issue,No CPO Info Available,No Issue,,,,
2014,BMW,535 I,24998,11000,20 city/30 hwy,6-cyl,Turbo Gas,Rear Wheel Drive,Automatic,Black/Black,2 Owners,No flood or frame damage,No odometer problems,WBA5B1C56ED480913,Car - Midsize Luxury,Clean,No Issue,No Issue,No Open Recalls,No Issue,No Issue,No CPO Info Available,No Issue,,,,
2017,BMW,330 XI,19998,69000,23 city/33 hwy,4-cyl,Turbo Gas,All Wheel Drive,Automatic,Blue/Tan,2 Owners,No flood or frame damage,No odometer problems,WBA8D9G52HNU61029,Car - Compact Luxury,Clean,No Issue,Moderate,No Open Recalls,No Issue,No Issue,No CPO Info Available,No Issue,,,,
2022,BMW,X3 XDrive30i,33998,39000,21 city/28 hwy,4-cyl,Turbo Gas,All Wheel Drive,Automatic,White/Black,2 Owners,No flood or frame damage,No odometer problems,5UX53DP00N9K32688,CUV - Midsize Luxury,Clean,No Issue,No Issue,1 Open Recall(s),No Issue,No Issue,No CPO Info Available,No Issue,,,,
2019,BMW,230 I,27998,21000,23 city/33 hwy,4-cyl,Turbo Gas,Rear Wheel Drive,Automatic,Blue/Brown,1 Owner,No flood or frame damage,No odometer problems,WBA2M7C58KVD52214,Car - Compact Luxury,Clean,No Issue,Minor,No Open Recalls,No Issue,No Issue,No CPO Info Available,No Issue,,,,
2021,BMW,X7 xDrive40i,54998,40000,19 city/24 hwy,6-cyl,Turbo Gas,All Wheel Drive,Automatic,White/Brown,2 Owners,No flood or frame damage,No odometer problems,5UXCW2C00M9G96347,CUV - Large Luxury,Clean,No Issue,No Issue,No Open Recalls,No Issue,No Issue,No CPO Info Available,No Issue,,,,
2023,BMW,X5 Plug In Hybrid XDrive45e,46998,37000,,6-cyl,Plug-in Hybrid,All Wheel Drive,,White/Black,1 Owner,No flood or frame damage,No odometer problems,5UXTA6C07P9P75974,CUV - Midsize Luxury,Clean,No Issue,No Issue,No Open Recalls,No Issue,No Issue,No CPO Info Available,No Issue,47 city/54 hwy,30 miles,5 hours,
2018,BMW,X3 XDrive30i,25998,45000,22 city/29 hwy,4-cyl,Turbo Gas,All Wheel Drive,Automatic,Black/Black,2 Owners,No flood or frame damage,No odometer problems,5UXTR9C57JLD89123,CUV - Midsize Luxury,Clean,No Issue,No Issue,1 Open Recall(s),No Issue,No Issue,No Recent CPO Reported,No Issue,,,,
2020,BMW,X3 XDrive30i,28998,49000,24 city/29 hwy,4-cyl,Turbo Gas,All Wheel Drive,Automatic,Black/Black,2 Owners,No flood or frame damage,No odometer problems,5UXTY5C00L9D06244,CUV - Midsize Luxury,Clean,No Issue,No Issue,1 Open Recall(s),No Issue,No Issue,No CPO Info Available,No Issue,,,,
2014,BMW,428 XI,15998,91000,22 city/33 hwy,4-cyl,Turbo Gas,All Wheel Drive,Automatic,Blue/Tan,3 Owners,No flood or frame damage,No odometer problems,WBA3N5C57EK196739,Car - Subcompact Luxury,Clean,No Issue,Minor,1 Open Recall(s),No Issue,No Issue,No CPO Info Available,No Issue,,,,
2024,BMW,X1 M35i,50998,11000,23 city/31 hwy,4-cyl,Turbo Gas,All Wheel Drive,Automatic,Silver/Brown,1 Owner,No flood or frame damage,No odometer problems,WBX13EF00R5X90192,CUV - Compact Luxury,Clean,No Issue,No Issue,1 Open Recall(s),No Issue,No Issue,No CPO Info Available,No Issue,,,,
2020,BMW,X5 xDrive40i,35998,56000,20 city/26 hwy,6-cyl,Turbo Gas,All Wheel Drive,Automatic,Black/Tan,1 Owner,No flood or frame damage,No odometer problems,5UXCR6C08L9C84108,CUV - Midsize Luxury,Clean,No Issue,Minor,No Open Recalls,No Issue,No Issue,No CPO Info Available,No Issue,,,,
2023,BMW,X5 Plug In Hybrid XDrive45e,40998,49000,,6-cyl,Plug-in Hybrid,All Wheel Drive,,Gray/Black,1 Owner,No flood or frame damage,No odometer problems,5UXTA6C00P9P36384,CUV - Midsize Luxury,Clean,No Issue,No Issue,No Open Recalls,No Issue,No Issue,No CPO Info Available,No Issue,47 city/54 hwy,30 miles,5 hours,
2020,BMW,440 I xDrive,36998,46000,20 city/28 hwy,6-cyl,Turbo Gas,All Wheel Drive,Automatic,Black/Brown,2 Owners,No flood or frame damage,No odometer problems,WBA4Z7C04L5N20685,Car - Subcompact Luxury,Clean,No Issue,Damage Reported,No Open Recalls,No Issue,No Issue,No CPO Info Available,No Issue,,,,
2017,BMW,X6 M,41998,54000,14 city/19 hwy,8-cyl,Turbo Gas,All Wheel Drive,Automatic,White/Red,2 Owners,No flood or frame damage,No odometer problems,5YMKW8C5XH0R43965,CUV - Compact Luxury,Clean,No Issue,Damage Reported,1 Open Recall(s),No Issue,No Issue,No Recent CPO Reported,No Issue,,,,
2022,BMW,X3 XDrive30i,36998,29000,21 city/28 hwy,4-cyl,Turbo Gas,All Wheel Drive,Automatic,White/Tan,1 Owner,No flood or frame damage,No odometer problems,5UX53DP03N9K69136,CUV - Midsize Luxury,Clean,No Issue,No Issue,1 Open Recall(s),No Issue,No Issue,No CPO Info Available,No Issue,,,,
2023,BMW,X5 Plug In Hybrid XDrive45e,42998,45000,,6-cyl,Plug-in Hybrid,All Wheel Drive,,Black/Tan,1 Owner,No flood or frame damage,No odometer problems,5UXTA6C09P9N93144,CUV - Midsize Luxury,Clean,No Issue,No Issue,No Open Recalls,No Issue,No Issue,No CPO Info Available,No Issue,47 city/54 hwy,30 miles,5 hours,
2021,BMW,X1 XDrive28i,26998,32000,23 city/31 hwy,4-cyl,Turbo Gas,All Wheel Drive,Automatic,White/Black,2 Owners,No flood or frame damage,No odometer problems,WBXJG9C08M5T28018,CUV - Compact Luxury,Clean,No Issue,Minor,No Open Recalls,No Issue,No Issue,OEM-Certified,No Issue,,,,
2022,BMW,i4 eDrive40 Gran Coupe,40998,14000,,,,,Automatic,Gray/Black,2 Owners,No flood or frame damage,No odometer problems,WBY73AW07NFN25093,Car - Compact Luxury,Clean,No Issue,No Issue,No Open Recalls,No Issue,No Issue,No CPO Info Available,No Issue,,,,
2021,BMW,750 I xDrive,53998,34000,17 city/24 hwy,8-cyl,Turbo Gas,All Wheel Drive,Automatic,White/Brown,2 Owners,No flood or frame damage,No odometer problems,WBA7U2C09MCF45208,Car - Large Luxury,Clean,No Issue,No Issue,No Open Recalls,No Issue,No Issue,No CPO Info Available,No Issue,,,,
2015,BMW,Z4 SDrive28i,21998,68000,22 city/34 hwy,4-cyl,Turbo Gas,,Automatic,White/Brown,6 Owners,No flood or frame damage,No odometer problems,WBALL5C55FP556648,Sport Car - Subcompact Luxury,Clean,No Issue,No Issue,1 Open Recall(s),No Issue,No Issue,No CPO Info Available,No Issue,,,,
2018,BMW,530 XI,22998,72000,23 city/33 hwy,4-cyl,Turbo Gas,All Wheel Drive,Automatic,Gray/Black,3 Owners,No flood or frame damage,No odometer problems,WBAJA7C53JG908157,Car - Midsize Luxury,Clean,No Issue,No Issue,No Open Recalls,No Issue,No Issue,No Recent CPO Reported,No Issue,,,,
2019,BMW,X5 xDrive40i,41998,26000,20 city/26 hwy,6-cyl,Turbo Gas,All Wheel Drive,Automatic,Blue/Brown,2 Owners,No flood or frame damage,No odometer problems,5UXCR6C51KLL22059,CUV - Midsize Luxury,Clean,No Issue,No Issue,No Open Recalls,No Issue,No Issue,No CPO Info Available,No Issue,,,,
2019,BMW,X3 XDrive30i,29998,36000,22 city/29 hwy,4-cyl,Turbo Gas,All Wheel Drive,Automatic,White/Black,2 Owners,No flood or frame damage,No odometer problems,5UXTR9C54KLE17574,CUV - Midsize Luxury,Clean,No Issue,No Issue,1 Open Recall(s),No Issue,No Issue,No Recent CPO Reported,No Issue,,,,
2022,BMW,330 I xDrive,30998,34000,25 city/34 hwy,4-cyl,Turbo Gas,All Wheel Drive,Automatic,Black/Black,2 Owners,No flood or frame damage,No odometer problems,3MW5R7J0XN8C40394,Car - Compact Luxury,Clean,No Issue,No Issue,No Open Recalls,No Issue,No Issue,No CPO Info Available,No Issue,,,,
2019,BMW,330 XI,26998,43000,25 city/34 hwy,,,,Automatic,Black/Black,2 Owners,No flood or frame damage,No odometer problems,WBA5R7C50KAJ84359,Car - Compact Luxury,Clean,No Issue,No Issue,No Open Recalls,No Issue,No Issue,No CPO Info Available,No Issue,,,,
2019,BMW,X3 XDrive30i,25998,49000,22 city/29 hwy,4-cyl,Turbo Gas,All Wheel Drive,Automatic,Gray/Black,1 Owner,No flood or frame damage,No odometer problems,5UXTR9C55KLE11878,CUV - Midsize Luxury,Clean,No Issue,Damage Reported,1 Open Recall(s),No Issue,No Issue,No CPO Info Available,No Issue,,,,
2018,BMW,430 I xDrive Gran Coupe,23998,48000,23 city/33 hwy,4-cyl,Turbo Gas,All Wheel Drive,Automatic,White/Black,2 Owners,No flood or frame damage,No odometer problems,WBA4J3C50JBL03726,Car - Compact Luxury,Clean,No Issue,Minor,No Open Recalls,No Issue,No Issue,No CPO Info Available,No Issue,,,,
2022,BMW,X5 Plug In Hybrid XDrive45e,51998,36000,,6-cyl,Plug-in Hybrid,All Wheel Drive,,Blue/Tan,1 Owner,No flood or frame damage,No odometer problems,5UXTA6C06N9K75091,CUV - Midsize Luxury,Clean,No Issue,No Issue,No Open Recalls,No Issue,No Issue,No CPO Info Available,No Issue,47 city/54 hwy,30 miles,5 hours,
2015,BMW,228 XI,22998,48000,22 city/33 hwy,4-cyl,Turbo Gas,,Automatic,Gray/Red,2 Owners,No flood or frame damage,No odometer problems,WBA1K7C5XFV473119,Car - Subcompact Luxury,Clean,No Issue,No Issue,1 Open Recall(s),No Issue,No Issue,No CPO Info Available,No Issue,,,,
2023,BMW,X5 Plug In Hybrid XDrive45e,43998,45000,,6-cyl,Plug-in Hybrid,All Wheel Drive,,Black/Black,1 Owner,No flood or frame damage,No odometer problems,5UXTA6C05P9P67209,CUV - Midsize Luxury,Clean,No Issue,No Issue,No Open Recalls,No Issue,No Issue,No CPO Info Available,No Issue,47 city/54 hwy,30 miles,5 hours,
2013,BMW,128 I,14998,85000,19 city/28 hwy,6-cyl,Gas,Rear Wheel Drive,Automatic,Black/Black,1 Owner,No flood or frame damage,No odometer problems,WBAUL7C53DVU08992,Car - Subcompact Luxury,Clean,No Issue,No Issue,No Open Recalls,No Issue,No Issue,No CPO Info Available,No Issue,,,,
2020,BMW,750 XI,45998,49000,17 city/25 hwy,8-cyl,Turbo Gas,All Wheel Drive,Automatic,White/Black,2 Owners,No flood or frame damage,No odometer problems,WBA7U2C0XLCD59465,Car - Large Luxury,Clean,No Issue,No Issue,No Open Recalls,No Issue,No Issue,OEM-Certified,No Issue,,,,
2022,BMW,230 I,30998,27000,26 city/35 hwy,4-cyl,Turbo Gas,Rear Wheel Drive,Automatic,Black/Black,1 Owner,No flood or frame damage,No odometer problems,3MW23CM04N8C46720,Car - Compact Luxury,Clean,No Issue,No Issue,No Open Recalls,No Issue,No Issue,No CPO Info Available,No Issue,,,,
2020,BMW,M850 I xDrive Gran Coupe,55998,48000,17 city/25 hwy,8-cyl,Turbo Gas,All Wheel Drive,Automatic,White/Black,2 Owners,No flood or frame damage,No odometer problems,WBAGV8C09LBP48603,Sport Car - Midsize Luxury,Clean,No Issue,No Issue,No Open Recalls,No Issue,No Issue,OEM-Certified,No Issue,,,,
2018,BMW,430 I,22998,84000,24 city/34 hwy,4-cyl,Turbo Gas,Rear Wheel Drive,Automatic,Blue/Cream,2 Owners,No flood or frame damage,No odometer problems,WBA4Z1C51JEC72789,Car - Subcompact Luxury,Clean,No Issue,Minor,No Open Recalls,No Issue,No Issue,No CPO Info Available,No Issue,,,,
2020,BMW,740 I xDrive,41998,52000,20 city/28 hwy,6-cyl,Turbo Gas,All Wheel Drive,Automatic,White/Black,1 Owner,No flood or frame damage,No odometer problems,WBA7T4C04LCD73778,Car - Large Luxury,Clean,No Issue,No Issue,No Open Recalls,No Issue,No Issue,No CPO Info Available,No Issue,,,,
2018,BMW,X1 XDrive28i,20998,65000,22 city/31 hwy,4-cyl,Turbo Gas,All Wheel Drive,Automatic,Blue/Black,1 Owner,No flood or frame damage,No odometer problems,WBXHT3C38J5L34141,CUV - Compact Luxury,Clean,No Issue,No Issue,No Open Recalls,No Issue,No Issue,No CPO Info Available,No Issue,,,,
2018,BMW,330 Plug In Hybrid E iPerformance,20998,54000,,4-cyl,Plug-in Hybrid,Rear Wheel Drive,,Black/Gray,6 Owners,No flood or frame damage,No odometer problems,WBA8E1C59JA171453,Car - Compact Luxury,Clean,No Issue,No Issue,No Open Recalls,No Issue,No Issue,No CPO Info Available,No Issue,66 city/78 hwy,22 miles,2 hours,
2021,BMW,X5 Plug In Hybrid XDrive45e,46998,39000,,6-cyl,Plug-in Hybrid,All Wheel Drive,,White/Tan,1 Owner,No flood or frame damage,No odometer problems,5UXTA6C04M9G78357,CUV - Midsize Luxury,Clean,No Issue,No Issue,No Open Recalls,No Issue,No Issue,No CPO Info Available,No Issue,41 city/54 hwy,30 miles,5 hours,
2020,BMW,X3 XDrive30i,27998,56000,24 city/29 hwy,4-cyl,Turbo Gas,All Wheel Drive,Automatic,White/Black,1 Owner,No flood or frame damage,No odometer problems,5UXTY5C03L9D08862,CUV - Midsize Luxury,Clean,No Issue,Damage Reported,1 Open Recall(s),No Issue,No Issue,No CPO Info Available,No Issue,,,,
2020,BMW,X5 sDrive40i,37998,30000,21 city/26 hwy,6-cyl,Turbo Gas,Rear Wheel Drive,Automatic,White/Cream,1 Owner,No flood or frame damage,No odometer problems,5UXCR4C04L9C27957,CUV - Midsize Luxury,Clean,No Issue,No Issue,1 Open Recall(s),No Issue,No Issue,OEM-Certified,No Issue,,,,
2016,BMW,X3 XDrive28i,19998,50000,21 city/28 hwy,4-cyl,Turbo Gas,All Wheel Drive,Automatic,Gray/Black,2 Owners,No flood or frame damage,No odometer problems,5UXWX9C51G0D93374,CUV - Compact Luxury,Clean,No Issue,Minor,2 Open Recall(s),No Issue,No Issue,No CPO Info Available,No Issue,,,,
2023,BMW,X5 Plug In Hybrid XDrive45e,39998,55000,,6-cyl,Plug-in Hybrid,All Wheel Drive,,White/Black,1 Owner,No flood or frame damage,No odometer problems,5UXTA6C03P9P19997,CUV - Midsize Luxury,Clean,No Issue,No Issue,No Open Recalls,No Issue,No Issue,No CPO Info Available,No Issue,47 city/54 hwy,30 miles,5 hours,
2023,BMW,X5 Plug In Hybrid XDrive45e,41998,54000,,6-cyl,Plug-in Hybrid,All Wheel Drive,,White/Black,1 Owner,No flood or frame damage,No odometer problems,5UXTA6C03P9P13701,CUV - Midsize Luxury,Clean,No Issue,No Issue,No Open Recalls,No Issue,No Issue,No CPO Info Available,No Issue,47 city/54 hwy,30 miles,5 hours,
2021,BMW,X3 XDrive30i,31998,33000,23 city/29 hwy,4-cyl,Turbo Gas,All Wheel Drive,Automatic,Black/Black,1 Owner,No flood or frame damage,No odometer problems,5UXTY5C00M9E41709,CUV - Midsize Luxury,Clean,No Issue,No Issue,1 Open Recall(s),No Issue,No Issue,No CPO Info Available,No Issue,,,,
2022,BMW,X3 M40I,42998,43000,21 city/26 hwy,6-cyl,Turbo Gas,All Wheel Drive,Automatic,White/Black,2 Owners,No flood or frame damage,No odometer problems,5UX83DP09N9J72875,CUV - Midsize Luxury,Clean,No Issue,No Issue,1 Open Recall(s),No Issue,No Issue,No CPO Info Available,No Issue,,,,
2022,BMW,X7 xDrive40i,58998,20000,19 city/24 hwy,6-cyl,Turbo Gas,All Wheel Drive,Automatic,Gray/Black,1 Owner,No flood or frame damage,No odometer problems,5UXCW2C01N9K60170,CUV - Large Luxury,Clean,No Issue,No Issue,No Open Recalls,No Issue,No Issue,No CPO Info Available,No Issue,,,,
2022,BMW,330 Plug In Hybrid xDrive30e,33998,27000,,4-cyl,Plug-in Hybrid,All Wheel Drive,,White/Red,1 Owner,No flood or frame damage,No odometer problems,WBA5P9C00NFL63935,Car - Compact Luxury,Clean,No Issue,No Issue,No Open Recalls,No Issue,No Issue,No CPO Info Available,No Issue,64 city/71 hwy,20 miles,3 hours,
2021,BMW,X4 XDrive30i,46998,13000,23 city/29 hwy,4-cyl,Turbo Gas,All Wheel Drive,Automatic,Blue/Brown,1 Owner,No flood or frame damage,No odometer problems,5UX2V1C04M9G65398,CUV - Compact Luxury,Clean,No Issue,No Issue,No Open Recalls,No Issue,No Issue,No CPO Info Available,No Issue,,,,
2023,BMW,X5 Plug In Hybrid XDrive45e,38998,54000,,6-cyl,Plug-in Hybrid,All Wheel Drive,,White/Black,1 Owner,No flood or frame damage,No odometer problems,5UXTA6C05P9P20357,CUV - Midsize Luxury,Clean,No Issue,No Issue,No Open Recalls,No Issue,No Issue,No CPO Info Available,No Issue,47 city/54 hwy,30 miles,5 hours,
2022,BMW,X6 xDrive40i,58998,16000,21 city/25 hwy,6-cyl,Turbo Gas,All Wheel Drive,Automatic,Blue/Burgundy,2 Owners,No flood or frame damage,No odometer problems,5UXCY6C0XN9L59071,CUV - Compact Luxury,Clean,No Issue,No Issue,No Open Recalls,No Issue,No Issue,No CPO Info Available,No Issue,,,,
2020,BMW,X3 XDrive30i,28998,48000,24 city/29 hwy,4-cyl,Turbo Gas,All Wheel Drive,Automatic,Gray/Black,1 Owner,No flood or frame damage,No odometer problems,5UXTY5C0XL9B48754,CUV - Midsize Luxury,Clean,No Issue,No Issue,1 Open Recall(s),No Issue,No Issue,No CPO Info Available,No Issue,,,,
2023,BMW,X5 Plug In Hybrid XDrive45e,43998,44000,,6-cyl,Plug-in Hybrid,All Wheel Drive,,Black/Black,1 Owner,No flood or frame damage,No odometer problems,5UXTA6C0XP9P19737,CUV - Midsize Luxury,Clean,No Issue,No Issue,No Open Recalls,No Issue,No Issue,No CPO Info Available,No Issue,47 city/54 hwy,30 miles,5 hours,
2023,BMW,X5 Plug In Hybrid XDrive45e,45998,47000,,6-cyl,Plug-in Hybrid,All Wheel Drive,,Gray/Brown,1 Owner,No flood or frame damage,No odometer problems,5UXTA6C07P9P00031,CUV - Midsize Luxury,Clean,No Issue,No Issue,No Open Recalls,No Issue,No Issue,No CPO Info Available,No Issue,47 city/54 hwy,30 miles,5 hours,
2024,BMW,430 I xDrive,42998,23000,23 city/33 hwy,4-cyl,Turbo Gas,All Wheel Drive,Automatic,Black/Tan,1 Owner,No flood or frame damage,No odometer problems,WBA73AP02RCN56577,Car - Subcompact Luxury,Clean,No Issue,No Issue,No Open Recalls,No Issue,No Issue,No CPO Info Available,No Issue,,,,
2021,BMW,X4 M40I,48998,40000,21 city/27 hwy,6-cyl,Turbo Gas,All Wheel Drive,Automatic,White/Red,1 Owner,No flood or frame damage,No odometer problems,5UX2V5C03M9E48769,CUV - Compact Luxury,Clean,No Issue,No Issue,No Open Recalls,No Issue,No Issue,No CPO Info Available,No Issue,,,,
2020,BMW,X3 XDrive30i,27998,56000,24 city/29 hwy,4-cyl,Turbo Gas,All Wheel Drive,Automatic,White/Black,2 Owners,No flood or frame damage,No odometer problems,5UXTY5C0XL9B03605,CUV - Midsize Luxury,Clean,No Issue,No Issue,1 Open Recall(s),No Issue,No Issue,No CPO Info Available,No Issue,,,,
2021,BMW,430 I xDrive,37998,6000,24 city/33 hwy,4-cyl,Turbo Gas,All Wheel Drive,Automatic,Black/Black,1 Owner,No flood or frame damage,No odometer problems,WBA73AP08MCF50407,Car - Subcompact Luxury,Clean,No Issue,Damage Reported,No Open Recalls,No Issue,No Issue,No CPO Info Available,No Issue,,,,
2021,BMW,430 I xDrive,33998,32000,24 city/33 hwy,4-cyl,Turbo Gas,All Wheel Drive,Automatic,Black/Black,1 Owner,No flood or frame damage,No odometer problems,WBA73AP04MCF76020,Car - Subcompact Luxury,Clean,No Issue,No Issue,No Open Recalls,No Issue,No Issue,OEM-Certified,No Issue,,,,
2020,BMW,X3 XDrive30i,34998,28000,24 city/29 hwy,4-cyl,Turbo Gas,All Wheel Drive,Automatic,White/Brown,1 Owner,No flood or frame damage,No odometer problems,5UXTY5C01L9C35393,CUV - Midsize Luxury,Clean,No Issue,No Issue,1 Open Recall(s),No Issue,No Issue,No CPO Info Available,No Issue,,,,
2023,BMW,X1 XDrive28i,33998,29000,25 city/34 hwy,4-cyl,Turbo Gas,All Wheel Drive,Automatic,Black/Black,1 Owner,No flood or frame damage,No odometer problems,WBX73EF01P5W50093,CUV - Compact Luxury,Clean,No Issue,No Issue,1 Open Recall(s),No Issue,No Issue,No CPO Info Available,No Issue,,,,
2021,BMW,X5 xDrive40i,38998,32000,21 city/25 hwy,6-cyl,Turbo Gas,All Wheel Drive,Automatic,Black/Black,1 Owner,No flood or frame damage,No odometer problems,5UXCR6C03M9F40348,CUV - Midsize Luxury,Clean,No Issue,Damage Reported,No Open Recalls,No Issue,No Issue,No CPO Info Available,No Issue,,,,
2020,BMW,X2 XDrive28i,27998,26000,21 city/30 hwy,4-cyl,Turbo Gas,,Automatic,Yellow/Black,2 Owners,No flood or frame damage,No odometer problems,WBXYJ1C01L5P14960,CUV - Compact Luxury,Clean,No Issue,No Issue,No Open Recalls,No Issue,No Issue,No Recent CPO Reported,No Issue,,,,
2023,BMW,X1 XDrive28i,36998,17000,25 city/34 hwy,4-cyl,Turbo Gas,All Wheel Drive,Automatic,Silver/Brown,1 Owner,No flood or frame damage,No odometer problems,WBX73EF09P5W75212,CUV - Compact Luxury,Clean,No Issue,No Issue,1 Open Recall(s),No Issue,No Issue,No CPO Info Available,No Issue,,,,
2015,BMW,X3 XDrive28i,20998,51000,21 city/28 hwy,4-cyl,Turbo Gas,All Wheel Drive,Automatic,Blue/Brown,2 Owners,No flood or frame damage,No odometer problems,5UXWX9C59F0D46950,CUV - Compact Luxury,Clean,No Issue,No Issue,1 Open Recall(s),No Issue,No Issue,No CPO Info Available,No Issue,,,,
2022,BMW,230 I,33998,31000,26 city/35 hwy,4-cyl,Turbo Gas,Rear Wheel Drive,Automatic,White/Black,2 Owners,No flood or frame damage,No odometer problems,3MW23CM03N8C54470,Car - Compact Luxury,Clean,No Issue,Moderate,No Open Recalls,No Issue,No Issue,No CPO Info Available,No Issue,,,,
2023,BMW,X5 Plug In Hybrid XDrive45e,43998,44000,,6-cyl,Plug-in Hybrid,All Wheel Drive,,Black/Black,1 Owner,No flood or frame damage,No odometer problems,5UXTA6C03P9P61067,CUV - Midsize Luxury,Clean,No Issue,No Issue,No Open Recalls,No Issue,No Issue,No CPO Info Available,No Issue,47 city/54 hwy,30 miles,5 hours,
2016,BMW,X3 XDrive28i,19998,74000,21 city/28 hwy,4-cyl,Turbo Gas,All Wheel Drive,Automatic,Black/Brown,2 Owners,No flood or frame damage,No odometer problems,5UXWX9C55G0D73659,CUV - Compact Luxury,Clean,No Issue,Minor,1 Open Recall(s),No Issue,No Issue,No CPO Info Available,No Issue,,,,
2017,BMW,X3 XDrive28i,19998,58000,21 city/28 hwy,4-cyl,Turbo Gas,All Wheel Drive,Automatic,White/Black,3 Owners,No flood or frame damage,No odometer problems,5UXWX9C3XH0T17696,CUV - Compact Luxury,Clean,No Issue,Damage Reported,1 Open Recall(s),No Issue,No Issue,No CPO Info Available,No Issue,,,,
2016,BMW,328 XI Gran Turismo,21998,56000,22 city/34 hwy,4-cyl,Turbo Gas,All Wheel Drive,Automatic,Gray/Black,2 Owners,No flood or frame damage,No odometer problems,WBA8Z5C57GG501429,Car - Compact Luxury,Clean,No Issue,Damage Reported,1 Open Recall(s),No Issue,No Issue,No CPO Info Available,No Issue,,,,
2015,BMW,328 XI,15998,84000,22 city/33 hwy,,,,Automatic,Black/Black,3 Owners,No flood or frame damage,No odometer problems,WBA3B3G52FNT18334,Car - Compact Luxury,Clean,No Issue,Damage Reported,1 Open Recall(s),No Issue,No Issue,No CPO Info Available,No Issue,,,,
2019,BMW,X3 XDrive30i,27998,47000,22 city/29 hwy,4-cyl,Turbo Gas,All Wheel Drive,Automatic,White/Tan,2 Owners,No flood or frame damage,No odometer problems,5UXTR9C5XKLP94455,CUV - Midsize Luxury,Clean,No Issue,Minor,1 Open Recall(s),No Issue,No Issue,No CPO Info Available,No Issue,,,,
2018,BMW,X3 XDrive30i,29998,19000,22 city/29 hwy,4-cyl,Turbo Gas,All Wheel Drive,Automatic,Silver/Black,1 Owner,No flood or frame damage,No odometer problems,5UXTR9C50JLC83774,CUV - Midsize Luxury,Clean,No Issue,Minor,1 Open Recall(s),No Issue,No Issue,No CPO Info Available,No Issue,,,,
2018,BMW,X2 XDrive28i,23998,55000,21 city/31 hwy,4-cyl,Turbo Gas,All Wheel Drive,Automatic,Black/Red,4 Owners,No flood or frame damage,No odometer problems,WBXYJ5C34JEF69852,CUV - Compact Luxury,Clean,No Issue,Damage Reported,No Open Recalls,No Issue,No Issue,No Recent CPO Reported,No Issue,,,,
2021,BMW,228 I xDrive Gran Coupe,25998,40000,23 city/33 hwy,4-cyl,Turbo Gas,All Wheel Drive,Automatic,Black/Black,1 Owner,No flood or frame damage,No odometer problems,WBA73AK0XM7H06589,Car - Compact Luxury,Clean,No Issue,Minor,No Open Recalls,No Issue,No Issue,No CPO Info Available,No Issue,,,,
2018,BMW,X3 XDrive30i,27998,36000,22 city/29 hwy,4-cyl,Turbo Gas,All Wheel Drive,Automatic,White/Black,1 Owner,No flood or frame damage,No odometer problems,5UXTR9C57JLD67364,CUV - Midsize Luxury,Clean,No Issue,No Issue,1 Open Recall(s),No Issue,No Issue,No CPO Info Available,No Issue,,,,
2016,BMW,X3 XDrive28i,20998,57000,21 city/28 hwy,4-cyl,Turbo Gas,All Wheel Drive,Automatic,White/Black,1 Owner,No flood or frame damage,No odometer problems,5UXWX9C58G0D70335,CUV - Compact Luxury,Clean,No Issue,No Issue,1 Open Recall(s),No Issue,No Issue,No CPO Info Available,No Issue,,,,
2019,BMW,X3 XDrive30i,27998,42000,22 city/29 hwy,4-cyl,Turbo Gas,All Wheel Drive,Automatic,Brown/Burgundy,2 Owners,No flood or frame damage,No odometer problems,5UXTR9C56KLP76700,CUV - Midsize Luxury,Clean,No Issue,Minor,1 Open Recall(s),No Issue,No Issue,No Recent CPO Reported,No Issue,,,,
2018,BMW,X2 XDrive28i,21998,53000,21 city/31 hwy,4-cyl,Turbo Gas,All Wheel Drive,Automatic,White/Black,2 Owners,No flood or frame damage,No odometer problems,WBXYJ5C30JEF75003,CUV - Compact Luxury,Clean,No Issue,No Issue,No Open Recalls,No Issue,No Issue,No Recent CPO Reported,No Issue,,,,
2020,BMW,X5 sDrive40i,38998,31000,21 city/26 hwy,6-cyl,Turbo Gas,Rear Wheel Drive,Automatic,Black/Black,1 Owner,No flood or frame damage,No odometer problems,5UXCR4C04L9B98363,CUV - Midsize Luxury,Clean,No Issue,No Issue,1 Open Recall(s),No Issue,No Issue,No CPO Info Available,No Issue,,,,
2022,BMW,X4 XDrive30i,45998,11000,21 city/28 hwy,4-cyl,Turbo Gas,All Wheel Drive,Automatic,Blue/Black,1 Owner,No flood or frame damage,No odometer problems,5UX33DT08N9K09883,CUV - Compact Luxury,Clean,No Issue,No Issue,No Open Recalls,No Issue,No Issue,No CPO Info Available,No Issue,,,,
2024,BMW,M240 I,49998,5000,22 city/32 hwy,6-cyl,Turbo Gas,Rear Wheel Drive,Automatic,Gray/Red,1 Owner,No flood or frame damage,No odometer problems,3MW43CM06R8D97234,Car - Compact Luxury,Clean,No Issue,No Issue,No Open Recalls,No Issue,No Issue,No CPO Info Available,No Issue,,,,
2020,BMW,X2 XDrive28i,27998,17000,21 city/30 hwy,4-cyl,Turbo Gas,,Automatic,Blue/Black,1 Owner,No flood or frame damage,No odometer problems,WBXYJ1C05L5P67385,CUV - Compact Luxury,Clean,No Issue,No Issue,No Open Recalls,No Issue,No Issue,No CPO Info Available,No Issue,,,,
2020,BMW,X1 SDrive28i,24998,37000,24 city/33 hwy,,,,Automatic,Black/Black,2 Owners,No flood or frame damage,No odometer problems,WBXJG7C02L5R12921,CUV - Compact Luxury,Clean,No Issue,No Issue,No Open Recalls,No Issue,No Issue,No CPO Info Available,No Issue,,,,
2019,BMW,M550 I xDrive,38998,41000,18 city/25 hwy,8-cyl,Turbo Gas,All Wheel Drive,Automatic,Black/Black,2 Owners,No flood or frame damage,No odometer problems,WBAJB9C58KB288669,Car - Midsize Luxury,Clean,No Issue,Damage Reported,No Open Recalls,No Issue,No Issue,No CPO Info Available,No Issue,,,,
2022,BMW,M4 Competition,70998,9000,16 city/23 hwy,6-cyl,Turbo Gas,All Wheel Drive,Automatic,Blue/Black,2 Owners,No flood or frame damage,No odometer problems,WBS33BA0XNCJ95621,Sport Car - Subcompact Luxury,Clean,No Issue,No Issue,No Open Recalls,No Issue,No Issue,No CPO Info Available,No Issue,,,,
2022,BMW,X3 XDrive30i,40998,7000,21 city/28 hwy,4-cyl,Turbo Gas,All Wheel Drive,Automatic,White/Black,1 Owner,No flood or frame damage,No odometer problems,5UX53DP08N9M92806,CUV - Midsize Luxury,Clean,No Issue,No Issue,1 Open Recall(s),No Issue,No Issue,No CPO Info Available,No Issue,,,,
2015,BMW,328 XI,17998,89000,22 city/33 hwy,4-cyl,Turbo Gas,All Wheel Drive,Automatic,Black/Tan,3 Owners,No flood or frame damage,No odometer problems,WBA3G7C57FK296878,Car - Compact Luxury,Clean,No Issue,No Issue,1 Open Recall(s),No Issue,No Issue,No Recent CPO Reported,No Issue,,,,
2016,BMW,X5 Plug In Hybrid XDrive40e,24998,51000,,4-cyl,Plug-in Hybrid,All Wheel Drive,,Silver/Tan,2 Owners,No flood or frame damage,No odometer problems,5UXKT0C5XG0S75181,CUV - Midsize Luxury,Clean,No Issue,No Issue,1 Open Recall(s),No Issue,No Issue,No CPO Info Available,No Issue,23 city/25 hwy,14 miles,3 hours,
2019,BMW,X2 XDrive28i,24998,41000,21 city/31 hwy,4-cyl,Turbo Gas,All Wheel Drive,Automatic,Gray/Black,2 Owners,No flood or frame damage,No odometer problems,WBXYJ5C59KEF82907,CUV - Compact Luxury,Clean,No Issue,No Issue,No Open Recalls,No Issue,No Issue,No CPO Info Available,No Issue,,,,
2023,BMW,i4 eDrive35 Gran Coupe,42998,21000,,,,Rear Wheel Drive,,White/Red,1 Owner,No flood or frame damage,No odometer problems,WBY43AW05PFP70108,Car - Compact Luxury,Clean,No Issue,No Issue,No Open Recalls,No Issue,No Issue,No CPO Info Available,No Issue,115 city/111 hwy,256 miles,8 hours,Electric
2022,BMW,750 I xDrive,66998,11000,17 city/24 hwy,8-cyl,Turbo Gas,All Wheel Drive,Automatic,Black/Tan,1 Owner,No flood or frame damage,No odometer problems,WBA7U2C09NCH26004,Car - Large Luxury,Clean,No Issue,No Issue,No Open Recalls,No Issue,No Issue,No CPO Info Available,No Issue,,,,
2023,BMW,X5 Plug In Hybrid XDrive45e,44998,39000,,6-cyl,Plug-in Hybrid,All Wheel Drive,,Black/Black,1 Owner,No flood or frame damage,No odometer problems,5UXTA6C00P9P26972,CUV - Midsize Luxury,Clean,No Issue,No Issue,No Open Recalls,No Issue,No Issue,No CPO Info Available,No Issue,47 city/54 hwy,30 miles,5 hours,
2020,BMW,X2 SDrive28i,23998,53000,24 city/32 hwy,4-cyl,Turbo Gas,Front Wheel Drive,Automatic,White/Black,3 Owners,No flood or frame damage,No odometer problems,WBXYH9C06L5R18115,CUV - Compact Luxury,Clean,No Issue,No Issue,No Open Recalls,No Issue,No Issue,No CPO Info Available,No Issue,,,,
2022,BMW,X3 XDrive30i,31998,51000,21 city/28 hwy,4-cyl,Turbo Gas,All Wheel Drive,Automatic,Gray/Tan,2 Owners,No flood or frame damage,No odometer problems,5UX53DP01N9L75553,CUV - Midsize Luxury,Clean,No Issue,No Issue,1 Open Recall(s),No Issue,No Issue,No CPO Info Available,No Issue,,,,
2023,BMW,X5 Plug In Hybrid XDrive45e,44998,47000,,6-cyl,Plug-in Hybrid,All Wheel Drive,,White/Brown,1 Owner,No flood or frame damage,No odometer problems,5UXTA6C05P9P20102,CUV - Midsize Luxury,Clean,No Issue,No Issue,No Open Recalls,No Issue,No Issue,No CPO Info Available,No Issue,47 city/54 hwy,30 miles,5 hours,
2022,BMW,X3 M40I,47998,24000,21 city/26 hwy,6-cyl,Turbo Gas,All Wheel Drive,Automatic,Blue/Brown,1 Owner,No flood or frame damage,No odometer problems,5UX83DP03N9L86678,CUV - Midsize Luxury,Clean,No Issue,Moderate,1 Open Recall(s),No Issue,No Issue,No CPO Info Available,No Issue,,,,
2022,BMW,X3 sDrive30i,36998,22000,23 city/29 hwy,4-cyl,Turbo Gas,Rear Wheel Drive,Automatic,Gray/Tan,1 Owner,No flood or frame damage,No odometer problems,5UX43DP03N9M58607,CUV - Midsize Luxury,Clean,No Issue,No Issue,No Open Recalls,No Issue,No Issue,No CPO Info Available,No Issue,,,,
2020,BMW,X3 M,52998,27000,14 city/19 hwy,6-cyl,Turbo Gas,All Wheel Drive,Automatic,Red/Cream,1 Owner,No flood or frame damage,No odometer problems,5YMTS0C06L9B06403,CUV - Midsize Luxury,Clean,No Issue,Minor,No Open Recalls,No Issue,No Issue,No CPO Info Available,No Issue,,,,
2019,BMW,X3 XDrive30i,29998,39000,22 city/29 hwy,4-cyl,Turbo Gas,All Wheel Drive,Automatic,White/Brown,1 Owner,No flood or frame damage,No odometer problems,5UXTR9C51KLR04213,CUV - Midsize Luxury,Clean,No Issue,No Issue,1 Open Recall(s),No Issue,No Issue,No CPO Info Available,No Issue,,,,
2021,BMW,X3 XDrive30i,32998,23000,23 city/29 hwy,4-cyl,Turbo Gas,All Wheel Drive,Automatic,Black/Black,2 Owners,No flood or frame damage,No odometer problems,5UXTY5C05M9G05987,CUV - Midsize Luxury,Clean,No Issue,No Issue,1 Open Recall(s),No Issue,No Issue,OEM-Certified,No Issue,,,,
2019,BMW,X5 XDrive50i,43998,36000,17 city/22 hwy,8-cyl,Turbo Gas,All Wheel Drive,Automatic,Gray/Black,1 Owner,No flood or frame damage,No odometer problems,5UXJU2C59KLN49689,CUV - Midsize Luxury,Clean,No Issue,No Issue,No Open Recalls,No Issue,No Issue,No CPO Info Available,No Issue,,,,
2023,BMW,X5 xDrive40i,52998,27000,21 city/25 hwy,6-cyl,Turbo Gas,All Wheel Drive,Automatic,White/Brown,1 Owner,No flood or frame damage,No odometer problems,5UXCR6C07P9N58904,CUV - Midsize Luxury,Clean,No Issue,No Issue,No Open Recalls,No Issue,No Issue,No CPO Info Available,No Issue,,,,
2019,BMW,X1 XDrive28i,23998,44000,22 city/31 hwy,4-cyl,Turbo Gas,All Wheel Drive,Automatic,Silver/Black,2 Owners,No flood or frame damage,No odometer problems,WBXHT3C55K5L38103,CUV - Compact Luxury,Clean,No Issue,No Issue,No Open Recalls,No Issue,No Issue,OEM-Certified,No Issue,,,,
2015,BMW,328 XI,15998,86000,22 city/33 hwy,,,,Automatic,White/Tan,3 Owners,No flood or frame damage,No odometer problems,WBA3B5G51FNS18589,Car - Compact Luxury,Clean,No Issue,No Issue,1 Open Recall(s),No Issue,No Issue,No Recent CPO Reported,No Issue,,,,
2023,BMW,430 I,38998,25000,25 city/34 hwy,4-cyl,Turbo Gas,Rear Wheel Drive,Automatic,Blue/Black,1 Owner,No flood or frame damage,No odometer problems,WBA53AP02PCM10961,Car - Subcompact Luxury,Clean,No Issue,No Issue,No Open Recalls,No Issue,No Issue,OEM-Certified,No Issue,,,,
2021,BMW,M235 XI Gran Coupe,29998,57000,23 city/32 hwy,4-cyl,Turbo Gas,All Wheel Drive,Automatic,Black/Black,1 Owner,No flood or frame damage,No odometer problems,WBA13AL09M7G96013,Car - Compact Luxury,Clean,No Issue,No Issue,No Open Recalls,No Issue,No Issue,No CPO Info Available,No Issue,,,,
2023,BMW,X5 Plug In Hybrid XDrive45e,41998,47000,,6-cyl,Plug-in Hybrid,All Wheel Drive,,Black/Black,1 Owner,No flood or frame damage,No odometer problems,5UXTA6C07P9P39234,CUV - Midsize Luxury,Clean,No Issue,Minor,No Open Recalls,No Issue,No Issue,No CPO Info Available,No Issue,47 city/54 hwy,30 miles,5 hours,
2024,BMW,i4 eDrive35 Gran Coupe,51998,1000,,,,Rear Wheel Drive,,White/Brown,1 Owner,No flood or frame damage,No odometer problems,WBY43AW06RFR85631,Car - Compact Luxury,Clean,No Issue,No Issue,No Open Recalls,No Issue,No Issue,No CPO Info Available,No Issue,122 city/119 hwy,276 miles,7 hours,Electric
2021,BMW,X5 Plug In Hybrid XDrive45e,45998,32000,,6-cyl,Plug-in Hybrid,All Wheel Drive,,White/Black,2 Owners,No flood or frame damage,No odometer problems,5UXTA6C05M9D07725,CUV - Midsize Luxury,Clean,No Issue,No Issue,No Open Recalls,No Issue,No Issue,No CPO Info Available,No Issue,41 city/54 hwy,30 miles,5 hours,
2021,BMW,X3 XDrive30i,31998,32000,23 city/29 hwy,4-cyl,Turbo Gas,All Wheel Drive,Automatic,Gray/Black,2 Owners,No flood or frame damage,No odometer problems,5UXTY5C02M9E94587,CUV - Midsize Luxury,Clean,No Issue,No Issue,1 Open Recall(s),No Issue,No Issue,No CPO Info Available,No Issue,,,,
2017,BMW,X3 XDrive28i,20998,62000,21 city/28 hwy,4-cyl,Turbo Gas,All Wheel Drive,Automatic,Black/Black,3 Owners,No flood or frame damage,No odometer problems,5UXWX9C3XH0T24941,CUV - Compact Luxury,Clean,No Issue,Minor,1 Open Recall(s),No Issue,No Issue,No Recent CPO Reported,No Issue,,,,
2014,BMW,328 I,18998,47000,23 city/35 hwy,4-cyl,Turbo Gas,Rear Wheel Drive,Automatic,Silver/Black,1 Owner,No flood or frame damage,No odometer problems,WBA3A5G58ENP31582,Car - Compact Luxury,Clean,No Issue,No Issue,1 Open Recall(s),No Issue,No Issue,No Recent CPO Reported,No Issue,,,,
2019,BMW,X3 XDrive30i,25998,57000,22 city/29 hwy,4-cyl,Turbo Gas,All Wheel Drive,Automatic,Gray/Black,2 Owners,No flood or frame damage,No odometer problems,5UXTR9C50KLD96464,CUV - Midsize Luxury,Clean,No Issue,No Issue,No Open Recalls,No Issue,No Issue,No Recent CPO Reported,No Issue,,,,
2021,BMW,X3 sDrive30i,32998,21000,25 city/29 hwy,4-cyl,Turbo Gas,Rear Wheel Drive,Automatic,White/Black,1 Owner,No flood or frame damage,No odometer problems,5UXTY3C0XM9H69563,CUV - Midsize Luxury,Clean,No Issue,No Issue,1 Open Recall(s),No Issue,No Issue,No CPO Info Available,No Issue,,,,
2020,BMW,X3 Competition,53998,29000,14 city/19 hwy,6-cyl,Turbo Gas,All Wheel Drive,Automatic,Black/Black,1 Owner,No flood or frame damage,No odometer problems,5YMTS0C09L9B76767,CUV - Midsize Luxury,Clean,No Issue,No Issue,1 Open Recall(s),No Issue,No Issue,No CPO Info Available,No Issue,,,,
2019,BMW,X4 XDrive30i,31998,47000,22 city/29 hwy,4-cyl,Turbo Gas,All Wheel Drive,Automatic,White/Black,2 Owners,No flood or frame damage,No odometer problems,5UXUJ3C58KLG51953,CUV - Compact Luxury,Clean,No Issue,No Issue,No Open Recalls,No Issue,No Issue,No CPO Info Available,No Issue,,,,
2021,BMW,X1 XDrive28i,30998,11000,23 city/31 hwy,4-cyl,Turbo Gas,All Wheel Drive,Automatic,Gray/Black,2 Owners,No flood or frame damage,No odometer problems,WBXJG9C01M5T37689,CUV - Compact Luxury,Clean,No Issue,Minor,No Open Recalls,No Issue,No Issue,No CPO Info Available,No Issue,,,,
2020,BMW,X5 sDrive40i,37998,29000,21 city/26 hwy,6-cyl,Turbo Gas,Rear Wheel Drive,Automatic,White/Black,2 Owners,No flood or frame damage,No odometer problems,5UXCR4C03LLW64039,CUV - Midsize Luxury,Clean,No Issue,No Issue,1 Open Recall(s),No Issue,No Issue,No CPO Info Available,No Issue,,,,
2021,BMW,430 I xDrive,33998,29000,24 city/33 hwy,4-cyl,Turbo Gas,All Wheel Drive,Automatic,Blue/Black,1 Owner,No flood or frame damage,No odometer problems,WBA73AP06MCG20910,Car - Subcompact Luxury,Clean,No Issue,Damage Reported,No Open Recalls,No Issue,No Issue,No CPO Info Available,No Issue,,,,
2017,BMW,430 I xDrive Gran Coupe,21998,52000,23 city/33 hwy,4-cyl,Turbo Gas,,Automatic,White/Tan,3 Owners,No flood or frame damage,No odometer problems,WBA4F9C52HG440457,Car - Compact Luxury,Clean,No Issue,No Issue,No Open Recalls,No Issue,No Issue,No Recent CPO Reported,No Issue,,,,
2015,BMW,X1 XDrive28i,19998,24000,22 city/32 hwy,4-cyl,Turbo Gas,All Wheel Drive,Automatic,Gray/Black,2 Owners,No flood or frame damage,No odometer problems,WBAVL1C53FVY40230,CUV - Compact Luxury,Clean,No Issue,No Issue,2 Open Recall(s),No Issue,No Issue,No Recent CPO Reported,No Issue,,,,
2018,BMW,430 I,24998,40000,24 city/34 hwy,4-cyl,Turbo Gas,Rear Wheel Drive,Automatic,Black/Black,1 Owner,No flood or frame damage,No odometer problems,WBA4Z1C55JEC71273,Car - Subcompact Luxury,Clean,No Issue,Damage Reported,No Open Recalls,No Issue,No Issue,No CPO Info Available,No Issue,,,,
2018,BMW,530 XI,25998,63000,23 city/33 hwy,4-cyl,Turbo Gas,All Wheel Drive,Automatic,Black/Tan,4 Owners,No flood or frame damage,No odometer problems,WBAJA7C57JG908128,Car - Midsize Luxury,Clean,No Issue,No Issue,No Open Recalls,No Issue,No Issue,No CPO Info Available,No Issue,,,,
2020,BMW,M850 I xDrive Gran Coupe,59998,27000,17 city/25 hwy,8-cyl,Turbo Gas,All Wheel Drive,Automatic,Black/Brown,2 Owners,No flood or frame damage,No odometer problems,WBAGV8C0XLCD91204,Sport Car - Midsize Luxury,Clean,No Issue,No Issue,No Open Recalls,No Issue,No Issue,OEM-Certified,No Issue,,,,
2019,BMW,430 I,24998,49000,24 city/34 hwy,4-cyl,Turbo Gas,Rear Wheel Drive,Automatic,Black/Black,2 Owners,No flood or frame damage,No odometer problems,WBA4W3C5XKAF93470,Car - Compact Luxury,Clean,No Issue,Minor,No Open Recalls,No Issue,No Issue,No Recent CPO Reported,No Issue,,,,
2022,BMW,X3 M40I,49998,26000,21 city/26 hwy,6-cyl,Turbo Gas,All Wheel Drive,Automatic,Black/Red,2 Owners,No flood or frame damage,No odometer problems,5UX83DP09N9L69545,CUV - Midsize Luxury,Clean,No Issue,Damage Reported,1 Open Recall(s),No Issue,No Issue,No CPO Info Available,No Issue,,,,
2019,BMW,X4 XDrive30i,29998,44000,22 city/29 hwy,4-cyl,Turbo Gas,All Wheel Drive,Automatic,Black/Black,3 Owners,No flood or frame damage,No odometer problems,5UXUJ3C52KLG54346,CUV - Compact Luxury,Clean,No Issue,Damage Reported,No Open Recalls,No Issue,No Issue,No CPO Info Available,No Issue,,,,
2016,BMW,X3 XDrive28i,19998,74000,21 city/28 hwy,4-cyl,Turbo Gas,All Wheel Drive,Automatic,White/Tan,2 Owners,No flood or frame damage,No odometer problems,5UXWX9C5XG0D93311,CUV - Compact Luxury,Clean,No Issue,No Issue,1 Open Recall(s),No Issue,No Issue,No Recent CPO Reported,No Issue,,,,
2023,BMW,X1 XDrive28i,32998,25000,25 city/34 hwy,4-cyl,Turbo Gas,All Wheel Drive,Automatic,White/Black,1 Owner,No flood or frame damage,No odometer problems,WBX73EF07P5W96995,CUV - Compact Luxury,Clean,No Issue,No Issue,1 Open Recall(s),No Issue,No Issue,No CPO Info Available,No Issue,,,,
2021,BMW,M2 Competition,57998,32000,18 city/24 hwy,6-cyl,Turbo Gas,Rear Wheel Drive,Manual 6 Speed,Silver/Black,1 Owner,No flood or frame damage,No odometer problems,WBS2U7C07M7J32728,Sport Car - Subcompact Luxury,Clean,No Issue,No Issue,No Open Recalls,No Issue,No Issue,No CPO Info Available,No Issue,,,,
2021,BMW,X1 XDrive28i,27998,32000,23 city/31 hwy,4-cyl,Turbo Gas,All Wheel Drive,Automatic,White/Cream,1 Owner,No flood or frame damage,No odometer problems,WBXJG9C00M5T92070,CUV - Compact Luxury,Clean,No Issue,Minor,No Open Recalls,No Issue,No Issue,No CPO Info Available,No Issue,,,,
2019,BMW,X6 SDrive35i,34998,51000,18 city/24 hwy,6-cyl,Turbo Gas,Rear Wheel Drive,Automatic,White/Black,3 Owners,No flood or frame damage,No odometer problems,5UXKU0C54K0H98902,CUV - Compact Luxury,Clean,No Issue,No Issue,No Open Recalls,No Issue,No Issue,No Recent CPO Reported,No Issue,,,,
2019,BMW,X3 XDrive30i,25998,61000,22 city/29 hwy,4-cyl,Turbo Gas,All Wheel Drive,Automatic,Black/Black,2 Owners,No flood or frame damage,No odometer problems,5UXTR9C52KLD90830,CUV - Midsize Luxury,Clean,No Issue,Moderate,1 Open Recall(s),No Issue,No Issue,No CPO Info Available,No Issue,,,,
2020,BMW,330 I,25998,51000,26 city/36 hwy,4-cyl,Turbo Gas,Rear Wheel Drive,Automatic,Black/Black,4 Owners,No flood or frame damage,No odometer problems,WBA5R1C06LFH39422,Car - Compact Luxury,Clean,No Issue,No Issue,No Open Recalls,No Issue,No Issue,No Recent CPO Reported,No Issue,,,,
2022,BMW,X5 Plug In Hybrid XDrive45e,46998,30000,,6-cyl,Plug-in Hybrid,All Wheel Drive,,Gray/Black,1 Owner,No flood or frame damage,No odometer problems,5UXTA6C08N9M95123,CUV - Midsize Luxury,Clean,No Issue,Moderate,No Open Recalls,No Issue,No Issue,No CPO Info Available,No Issue,47 city/54 hwy,30 miles,5 hours,
2021,BMW,X3 XDrive30i,30998,56000,23 city/29 hwy,4-cyl,Turbo Gas,All Wheel Drive,Automatic,Black/Brown,1 Owner,No flood or frame damage,No odometer problems,5UXTY5C07M9E85397,CUV - Midsize Luxury,Clean,No Issue,No Issue,1 Open Recall(s),No Issue,No Issue,No CPO Info Available,No Issue,,,,
2021,BMW,X3 XDrive30i,34998,21000,23 city/29 hwy,4-cyl,Turbo Gas,All Wheel Drive,Automatic,White/Orange,1 Owner,No flood or frame damage,No odometer problems,5UXTY5C09M9G22565,CUV - Midsize Luxury,Clean,No Issue,Minor,No Open Recalls,No Issue,No Issue,No CPO Info Available,No Issue,,,,
2018,BMW,530 I,22998,70000,24 city/34 hwy,4-cyl,Turbo Gas,Rear Wheel Drive,Automatic,Gray/Tan,1 Owner,No flood or frame damage,No odometer problems,WBAJA5C56JWA38370,Car - Midsize Luxury,Clean,No Issue,No Issue,No Open Recalls,No Issue,No Issue,No CPO Info Available,No Issue,,,,
2019,BMW,X5 xDrive40i,35998,40000,20 city/26 hwy,6-cyl,Turbo Gas,All Wheel Drive,Automatic,Gray/Tan,2 Owners,No flood or frame damage,No odometer problems,5UXCR6C58KLK80960,CUV - Midsize Luxury,Clean,No Issue,No Issue,No Open Recalls,No Issue,No Issue,No CPO Info Available,No Issue,,,,
2020,BMW,X5 sDrive40i,42998,38000,21 city/26 hwy,6-cyl,Turbo Gas,Rear Wheel Drive,Automatic,White/Brown,1 Owner,No flood or frame damage,No odometer problems,5UXCR4C02L9D19133,CUV - Midsize Luxury,Clean,No Issue,Damage Reported,No Open Recalls,No Issue,No Issue,No CPO Info Available,No Issue,,,,
2019,BMW,X3 XDrive30i,25998,46000,22 city/29 hwy,4-cyl,Turbo Gas,All Wheel Drive,Automatic,Blue/Tan,3 Owners,No flood or frame damage,No odometer problems,5UXTR9C50KLP76868,CUV - Midsize Luxury,Clean,No Issue,No Issue,1 Open Recall(s),No Issue,No Issue,No Recent CPO Reported,No Issue,,,,
2017,BMW,X3 XDrive28i,20998,73000,21 city/28 hwy,4-cyl,Turbo Gas,All Wheel Drive,Automatic,White/Champagne,1 Owner,No flood or frame damage,No odometer problems,5UXWX9C35H0W72792,CUV - Compact Luxury,Clean,No Issue,No Issue,2 Open Recall(s),No Issue,No Issue,No CPO Info Available,No Issue,,,,
2020,BMW,X5 sDrive40i,33998,58000,21 city/26 hwy,6-cyl,Turbo Gas,Rear Wheel Drive,Automatic,White/Brown,2 Owners,No flood or frame damage,No odometer problems,5UXCR4C01L9B99700,CUV - Midsize Luxury,Clean,No Issue,Damage Reported,1 Open Recall(s),No Issue,No Issue,No CPO Info Available,No Issue,,,,
2024,BMW,X1 XDrive28i,40998,4000,25 city/34 hwy,4-cyl,Turbo Gas,All Wheel Drive,Automatic,Gray/Black,1 Owner,No flood or frame damage,No odometer problems,WBX73EF09R5Y45927,CUV - Compact Luxury,Clean,No Issue,No Issue,No Open Recalls,No Issue,No Issue,No CPO Info Available,No Issue,,,,
2021,BMW,X3 sDrive30i,32998,27000,25 city/29 hwy,4-cyl,Turbo Gas,Rear Wheel Drive,Automatic,Blue/Tan,1 Owner,No flood or frame damage,No odometer problems,5UXTY3C04M9F93089,CUV - Midsize Luxury,Clean,No Issue,No Issue,1 Open Recall(s),No Issue,No Issue,No CPO Info Available,No Issue,,,,
2017,BMW,740 I xDrive,29998,49000,19 city/28 hwy,6-cyl,Turbo Gas,All Wheel Drive,Automatic,Blue/Black,2 Owners,No flood or frame damage,No odometer problems,WBA7E4C5XHGU99484,Car - Large Luxury,Clean,No Issue,No Issue,No Open Recalls,No Issue,No Issue,No CPO Info Available,No Issue,,,,
2020,BMW,M4 ,62998,10000,18 city/25 hwy,6-cyl,Turbo Gas,Rear Wheel Drive,Manual 6 Speed,Gray/Black,3 Owners,No flood or frame damage,No odometer problems,WBS4Y9C00LAH83115,Sport Car - Compact Luxury,Clean,No Issue,No Issue,No Open Recalls,No Issue,No Issue,No CPO Info Available,No Issue,,,,
2019,BMW,X5 xDrive40i,34998,58000,20 city/26 hwy,6-cyl,Turbo Gas,All Wheel Drive,Automatic,Gray/Tan,2 Owners,No flood or frame damage,No odometer problems,5UXCR6C59KLL35609,CUV - Midsize Luxury,Clean,No Issue,Moderate,1 Open Recall(s),No Issue,No Issue,No CPO Info Available,No Issue,,,,
2015,BMW,Z4 SDrive28i,27998,23000,22 city/34 hwy,4-cyl,Turbo Gas,Rear Wheel Drive,Automatic,White/Black,4 Owners,No flood or frame damage,No odometer problems,WBALL5C5XFP557813,Sport Car - Subcompact Luxury,Clean,No Issue,No Issue,1 Open Recall(s),No Issue,No Issue,No Recent CPO Reported,No Issue,,,,
