year,make,model,price,mileage,Miles per gallon,cylinders,fuel,Drive type,Transmission,Color,owner,frame_damage,Odometer_problem,VIN,class,State Title Brand,Auction Brand / Issues,Accident / Damage,Open Recall Check,Insurance Loss / Transfer,Odometer Check,Certified Pre-Owned,Service / Repair
2021,Buick,Encore GX Preferred,20998,28000,28 city/31 hwy,3-cyl,Turbo Gas,Front Wheel Drive,Automatic,Gray/Black,1 Owner,No flood or frame damage,No odometer problems,KL4MMBS23MB098865,CUV - Compact,Clean,No Issue,No Issue,No Open Recalls,No Issue,No Issue,No CPO Info Available,No Issue
2014,Buick,Encore Convenience,13998,81000,25 city/33 hwy,4-cyl,Turbo Gas,Front Wheel Drive,Automatic,White/Black,2 Owners,No flood or frame damage,No odometer problems,KL4CJBSB2EB783770,CUV - Compact,Clean,No Issue,No Issue,No Open Recalls,No Issue,No Issue,No CPO Info Available,No Issue
2018,Buick,Encore Sport Touring,16998,40000,25 city/33 hwy,4-cyl,Turbo Gas,Front Wheel Drive,Automatic,Black/Black,2 Owners,No flood or frame damage,No odometer problems,KL4CJ1SB8JB687615,CUV - Compact,Clean,No Issue,No Issue,No Open Recalls,No Issue,No Issue,No Recent CPO Reported,No Issue
2021,Buick,Encore GX Essence,23998,26000,28 city/31 hwy,3-cyl,Turbo Gas,Front Wheel Drive,Automatic,Blue/Tan,1 Owner,No flood or frame damage,No odometer problems,KL4MMFSL5MB092422,CUV - Compact,Clean,No Issue,No Issue,No Open Recalls,No Issue,No Issue,No CPO Info Available,No Issue
2016,Buick,Enclave Leather,18998,78000,15 city/22 hwy,6-cyl,Gas,All Wheel Drive,Automatic,White/Black,2 Owners,No flood or frame damage,No odometer problems,5GAKVBKD4GJ186136,CUV - Large,Clean,No Issue,No Issue,1 Open Recall(s),No Issue,No Issue,No CPO Info Available,No Issue
2022,Buick,Encore GX Select,21998,21000,29 city/30 hwy,3-cyl,Turbo Gas,All Wheel Drive,Automatic,Red/Gray,3 Owners,No flood or frame damage,No odometer problems,KL4MMESL9NB009103,CUV - Compact,Clean,No Issue,No Issue,No Open Recalls,No Issue,No Issue,No CPO Info Available,No Issue
2016,Buick,LaCrosse Premium,20998,31000,18 city/28 hwy,6-cyl,Gas,Front Wheel Drive,Automatic,Black/Black,2 Owners,No flood or frame damage,No odometer problems,1G4GD5G33GF198303,Car - Midsize,Clean,No Issue,No Issue,No Open Recalls,No Issue,No Issue,No CPO Info Available,No Issue
2015,Buick,Encore Convenience,14998,54000,25 city/33 hwy,4-cyl,Turbo Gas,Front Wheel Drive,Automatic,Silver/Gray,1 Owner,No flood or frame damage,No odometer problems,KL4CJBSB6FB236051,CUV - Compact,Clean,No Issue,Minor,No Open Recalls,No Issue,No Issue,No CPO Info Available,No Issue
2020,Buick,Encore GX Select,18998,43000,26 city/30 hwy,3-cyl,Turbo Gas,Front Wheel Drive,Automatic,Black/Black,3 Owners,No flood or frame damage,No odometer problems,KL4MMDS25LB078837,CUV - Compact,Clean,No Issue,Minor,No Open Recalls,No Issue,No Issue,No CPO Info Available,No Issue
2022,Buick,Encore GX Select,21998,29000,29 city/30 hwy,3-cyl,Turbo Gas,Front Wheel Drive,Automatic,White/Black,1 Owner,No flood or frame damage,No odometer problems,KL4MMDSL7NB039162,CUV - Compact,Clean,No Issue,No Issue,No Open Recalls,No Issue,No Issue,No CPO Info Available,No Issue
2014,Buick,LaCrosse Leather,18998,29000,18 city/28 hwy,6-cyl,Gas,,Automatic,Red/Tan,2 Owners,No flood or frame damage,No odometer problems,1G4GB5G34EF289101,Car - Midsize,Clean,No Issue,No Issue,No Open Recalls,No Issue,No Issue,No CPO Info Available,No Issue
2018,Buick,Encore Preferred,15998,58000,25 city/33 hwy,4-cyl,Turbo Gas,Front Wheel Drive,Automatic,Red/Black,1 Owner,No flood or frame damage,No odometer problems,KL4CJASB6JB704069,CUV - Compact,Clean,No Issue,No Issue,No Open Recalls,No Issue,No Issue,No CPO Info Available,No Issue
2018,Buick,Enclave Avenir,28998,59000,17 city/25 hwy,6-cyl,Gas,All Wheel Drive,Automatic,Blue/Brown,2 Owners,No flood or frame damage,No odometer problems,5GAEVCKWXJJ272272,CUV - Midsize,Clean,No Issue,Minor,No Open Recalls,No Issue,No Issue,No Recent CPO Reported,No Issue
2020,Buick,Encore GX Preferred,19998,12000,26 city/30 hwy,3-cyl,Turbo Gas,Front Wheel Drive,Automatic,Blue/Black,2 Owners,No flood or frame damage,No odometer problems,KL4MMBS27LB129436,CUV - Compact,Clean,No Issue,No Issue,No Open Recalls,No Issue,No Issue,OEM-Certified,No Issue
2019,Buick,Enclave Avenir,30998,41000,17 city/25 hwy,6-cyl,Gas,All Wheel Drive,Automatic,White/Brown,1 Owner,No flood or frame damage,No odometer problems,5GAEVCKW0KJ105212,CUV - Midsize,Clean,No Issue,Minor,No Open Recalls,No Issue,No Issue,No CPO Info Available,No Issue
2017,Buick,LaCrosse Preferred,20998,36000,21 city/31 hwy,6-cyl,Gas,Front Wheel Drive,Automatic,Gold/Gray,1 Owner,No flood or frame damage,No odometer problems,1G4ZN5SS2HU204206,Car - Midsize,Clean,No Issue,No Issue,No Open Recalls,No Issue,No Issue,No CPO Info Available,No Issue
2021,Buick,Encore GX Select,24998,10000,26 city/29 hwy,3-cyl,Turbo Gas,All Wheel Drive,Automatic,Black/Black,1 Owner,No flood or frame damage,No odometer problems,KL4MMESL9MB130292,CUV - Compact,Clean,No Issue,No Issue,No Open Recalls,No Issue,No Issue,No CPO Info Available,No Issue
2022,Buick,Encore GX Essence,22998,33000,26 city/30 hwy,3-cyl,Turbo Gas,All Wheel Drive,Automatic,Gray/Black,1 Owner,No flood or frame damage,No odometer problems,KL4MMESL6NB048540,CUV - Compact,Clean,No Issue,No Issue,No Open Recalls,No Issue,No Issue,No CPO Info Available,No Issue
2021,Buick,Envision Preferred,27998,10000,22 city/29 hwy,4-cyl,Turbo Gas,All Wheel Drive,Automatic,Black/White,1 Owner,No flood or frame damage,No odometer problems,LRBFZMR49MD112533,CUV - Compact,Clean,No Issue,No Issue,No Open Recalls,No Issue,No Issue,No CPO Info Available,No Issue
2019,Buick,Encore Preferred,19998,9000,24 city/29 hwy,4-cyl,Turbo Gas,All Wheel Drive,Automatic,Black/Black,1 Owner,No flood or frame damage,No odometer problems,KL4CJESB2KB837355,CUV - Compact,Clean,No Issue,No Issue,No Open Recalls,No Issue,No Issue,No CPO Info Available,No Issue
2018,Buick,Encore Preferred,15998,60000,24 city/30 hwy,4-cyl,Turbo Gas,All Wheel Drive,Automatic,Black/Black,1 Owner,No flood or frame damage,No odometer problems,KL4CJESB3JB589146,CUV - Compact,Clean,No Issue,No Issue,No Open Recalls,No Issue,No Issue,No CPO Info Available,No Issue
2019,Buick,Encore Preferred,17998,45000,25 city/30 hwy,4-cyl,Turbo Gas,Front Wheel Drive,Automatic,White/Black,2 Owners,No flood or frame damage,No odometer problems,KL4CJASB3KB860524,CUV - Compact,Clean,No Issue,No Issue,No Open Recalls,No Issue,No Issue,OEM-Certified,No Issue
2017,Buick,Encore Preferred II,15998,70000,26 city/31 hwy,4-cyl,Turbo Gas,,Automatic,White/Tan,2 Owners,No flood or frame damage,No odometer problems,KL4CJFSB5HB071782,CUV - Compact,Clean,No Issue,No Issue,No Open Recalls,No Issue,No Issue,No CPO Info Available,No Issue
2021,Buick,Envision Preferred,25998,26000,22 city/29 hwy,4-cyl,Turbo Gas,All Wheel Drive,Automatic,Red/Black,1 Owner,No flood or frame damage,No odometer problems,LRBFZMR41MD086638,CUV - Compact,Clean,No Issue,No Issue,No Open Recalls,No Issue,No Issue,OEM-Certified,No Issue
2016,Buick,Encore Leather,16998,60000,23 city/30 hwy,4-cyl,Turbo Gas,All Wheel Drive,Automatic,Gray/Gray,3 Owners,No flood or frame damage,No odometer problems,KL4CJGSB5GB721599,CUV - Compact,Clean,No Issue,No Issue,No Open Recalls,No Issue,No Issue,No CPO Info Available,No Issue
2021,Buick,Encore GX Essence,24998,28000,26 city/29 hwy,3-cyl,Turbo Gas,All Wheel Drive,Automatic,Blue/Tan,1 Owner,No flood or frame damage,No odometer problems,KL4MMGSL2MB151061,CUV - Compact,Clean,No Issue,No Issue,No Open Recalls,No Issue,No Issue,No CPO Info Available,No Issue
2021,Buick,Envision Preferred,24998,38000,22 city/29 hwy,,,,Automatic,Gray/Black,1 Owner,No flood or frame damage,No odometer problems,LRBFZMR48MD182444,CUV - Compact,Clean,No Issue,No Issue,No Open Recalls,No Issue,No Issue,No CPO Info Available,No Issue
2020,Buick,Encore GX Preferred,18998,37000,30 city/32 hwy,,,,Automatic,White/Black,1 Owner,No flood or frame damage,No odometer problems,KL4MMBS2XLB131259,CUV - Compact,Clean,No Issue,No Issue,No Open Recalls,No Issue,No Issue,No CPO Info Available,No Issue
2015,Buick,Encore Convenience,14998,63000,23 city/30 hwy,4-cyl,Turbo Gas,All Wheel Drive,Automatic,Red/Black,3 Owners,No flood or frame damage,No odometer problems,KL4CJFSB6FB129234,CUV - Compact,Clean,No Issue,No Issue,No Open Recalls,No Issue,No Issue,No CPO Info Available,No Issue
2023,Buick,Encore GX Select,23998,9000,29 city/32 hwy,3-cyl,Turbo Gas,Front Wheel Drive,Automatic,Black/Black,1 Owner,No flood or frame damage,No odometer problems,KL4MMDSL2PB074839,CUV - Compact,Clean,No Issue,No Issue,No Open Recalls,No Issue,No Issue,No CPO Info Available,No Issue
2018,Buick,Encore Preferred II,16998,51000,25 city/33 hwy,4-cyl,Turbo Gas,Front Wheel Drive,Automatic,Gray/Black,1 Owner,No flood or frame damage,No odometer problems,KL4CJBSB4JB560916,CUV - Compact,Clean,No Issue,No Issue,No Open Recalls,No Issue,No Issue,No CPO Info Available,No Issue
2018,Buick,Encore Preferred,17998,18000,25 city/33 hwy,4-cyl,Turbo Gas,Front Wheel Drive,Automatic,Red/Cream,3 Owners,No flood or frame damage,No odometer problems,KL4CJASB2JB627247,CUV - Compact,Clean,No Issue,No Issue,No Open Recalls,No Issue,No Issue,No Recent CPO Reported,No Issue
2021,Buick,Envision Preferred,24998,29000,24 city/31 hwy,4-cyl,Turbo Gas,Front Wheel Drive,Automatic,Silver/Black,1 Owner,No flood or frame damage,No odometer problems,LRBAZLR43MD176829,CUV - Compact,Clean,No Issue,No Issue,No Open Recalls,No Issue,No Issue,No CPO Info Available,No Issue
2021,Buick,Envision Preferred,26998,22000,22 city/29 hwy,4-cyl,Turbo Gas,All Wheel Drive,Automatic,Gray/Black,1 Owner,No flood or frame damage,No odometer problems,LRBFZMR40MD111593,CUV - Compact,Clean,No Issue,No Issue,No Open Recalls,No Issue,No Issue,No CPO Info Available,No Issue
2021,Buick,Encore GX Select,19998,30000,28 city/31 hwy,3-cyl,Turbo Gas,Front Wheel Drive,Automatic,White/Black,1 Owner,No flood or frame damage,No odometer problems,KL4MMDS2XMB093335,CUV - Compact,Clean,No Issue,Damage Reported,1 Open Recall(s),No Issue,No Issue,No CPO Info Available,No Issue
2023,Buick,Encore GX Preferred,22998,12000,29 city/31 hwy,3-cyl,Turbo Gas,Front Wheel Drive,Automatic,White/Black,1 Owner,No flood or frame damage,No odometer problems,KL4MMBS24PB019675,CUV - Compact,Clean,No Issue,No Issue,1 Open Recall(s),No Issue,No Issue,No CPO Info Available,No Issue
2015,Buick,Encore Leather,18998,21000,23 city/30 hwy,4-cyl,Turbo Gas,All Wheel Drive,Automatic,Brown/Black,1 Owner,No flood or frame damage,No odometer problems,KL4CJGSB9FB252662,CUV - Compact,Clean,No Issue,No Issue,No Open Recalls,No Issue,No Issue,No CPO Info Available,No Issue
2020,Buick,Encore Preferred,16998,54000,25 city/30 hwy,4-cyl,Turbo Gas,Front Wheel Drive,Automatic,Red/Black,2 Owners,No flood or frame damage,No odometer problems,KL4CJASB9LB066855,CUV - Compact,Clean,No Issue,No Issue,No Open Recalls,No Issue,No Issue,No CPO Info Available,No Issue
2021,Buick,Encore GX Essence,24998,19000,28 city/31 hwy,3-cyl,Turbo Gas,Front Wheel Drive,Automatic,White/Tan,1 Owner,No flood or frame damage,No odometer problems,KL4MMFSL0MB080212,CUV - Compact,Clean,No Issue,No Issue,No Open Recalls,No Issue,No Issue,No CPO Info Available,No Issue
2021,Buick,Encore Preferred,17998,59000,23 city/29 hwy,4-cyl,Turbo Gas,All Wheel Drive,Automatic,Silver/Tan,1 Owner,No flood or frame damage,No odometer problems,KL4CJESM2MB366991,CUV - Compact,Clean,No Issue,No Issue,No Open Recalls,No Issue,No Issue,No CPO Info Available,No Issue
2017,Buick,LaCrosse Preferred,19998,52000,21 city/31 hwy,6-cyl,Gas,Front Wheel Drive,Automatic,Red/Tan,3 Owners,No flood or frame damage,No odometer problems,1G4ZN5SS8HU140351,Car - Midsize,Clean,No Issue,Damage Reported,No Open Recalls,No Issue,No Issue,OEM-Certified,No Issue
2018,Buick,Encore Preferred,16998,42000,24 city/30 hwy,4-cyl,Turbo Gas,All Wheel Drive,Automatic,Silver/Black,1 Owner,No flood or frame damage,No odometer problems,KL4CJESBXJB594313,CUV - Compact,Clean,No Issue,No Issue,No Open Recalls,No Issue,No Issue,No CPO Info Available,No Issue
2020,Buick,Encore Preferred,17998,56000,24 city/29 hwy,4-cyl,Turbo Gas,All Wheel Drive,Automatic,White/Black,1 Owner,No flood or frame damage,No odometer problems,KL4CJESB0LB071577,CUV - Compact,Clean,No Issue,Minor,No Open Recalls,No Issue,No Issue,No CPO Info Available,No Issue
2021,Buick,Enclave Avenir,28998,67000,17 city/25 hwy,6-cyl,Gas,All Wheel Drive,Automatic,Burgundy/Brown,1 Owner,No flood or frame damage,No odometer problems,5GAEVCKW5MJ131727,CUV - Midsize,Clean,No Issue,Damage Reported,No Open Recalls,No Issue,No Issue,No CPO Info Available,No Issue
2019,Buick,Encore Preferred,16998,52000,24 city/29 hwy,4-cyl,Turbo Gas,All Wheel Drive,Automatic,Black/Gray,2 Owners,No flood or frame damage,No odometer problems,KL4CJESB3KB846811,CUV - Compact,Clean,No Issue,No Issue,No Open Recalls,No Issue,No Issue,OEM-Certified,No Issue
2019,Buick,Encore Preferred,17998,36000,25 city/30 hwy,4-cyl,Turbo Gas,Front Wheel Drive,Automatic,Black/Black,1 Owner,No flood or frame damage,No odometer problems,KL4CJASB1KB877323,CUV - Compact,Clean,No Issue,No Issue,No Open Recalls,No Issue,No Issue,No CPO Info Available,No Issue
2018,Buick,Enclave Essence,25998,48000,18 city/26 hwy,,,,Automatic,Black/Black,1 Owner,No flood or frame damage,No odometer problems,5GAERBKW7JJ251300,CUV - Midsize,Clean,No Issue,No Issue,No Open Recalls,No Issue,No Issue,No CPO Info Available,No Issue
2018,Buick,Encore Essence,18998,31000,25 city/33 hwy,4-cyl,Turbo Gas,Front Wheel Drive,Automatic,Red/Cream,1 Owner,No flood or frame damage,No odometer problems,KL4CJCSBXJB578360,CUV - Compact,Clean,No Issue,No Issue,No Open Recalls,No Issue,No Issue,No CPO Info Available,No Issue
2021,Buick,Envision Preferred,25998,23000,22 city/29 hwy,4-cyl,Turbo Gas,All Wheel Drive,Automatic,White/Black,1 Owner,No flood or frame damage,No odometer problems,LRBFZMR47MD197257,CUV - Compact,Clean,No Issue,Damage Reported,No Open Recalls,No Issue,No Issue,No CPO Info Available,No Issue
2019,Buick,Encore Preferred,18998,38000,25 city/30 hwy,4-cyl,Turbo Gas,Front Wheel Drive,Automatic,Silver/Black,2 Owners,No flood or frame damage,No odometer problems,KL4CJASB8KB721943,CUV - Compact,Clean,No Issue,No Issue,No Open Recalls,No Issue,No Issue,No CPO Info Available,No Issue
2018,Buick,Encore Preferred,17998,24000,24 city/30 hwy,4-cyl,Turbo Gas,All Wheel Drive,Automatic,Gray/Black,1 Owner,No flood or frame damage,No odometer problems,KL4CJFSB8JB672805,CUV - Compact,Clean,No Issue,Damage Reported,No Open Recalls,No Issue,No Issue,No CPO Info Available,No Issue
2013,Buick,LaCrosse Leather,17998,61000,17 city/25 hwy,6-cyl,Gas,All Wheel Drive,Automatic,Black/Tan,2 Owners,No flood or frame damage,No odometer problems,1G4GL5E30DF231422,Car - Midsize,Clean,No Issue,Minor,No Open Recalls,No Issue,No Issue,No CPO Info Available,No Issue
2021,Buick,Encore GX Select,21998,14000,28 city/31 hwy,3-cyl,Turbo Gas,Front Wheel Drive,Automatic,Blue/Black,1 Owner,No flood or frame damage,No odometer problems,KL4MMDS23MB113179,CUV - Compact,Clean,No Issue,No Issue,No Open Recalls,No Issue,No Issue,No CPO Info Available,No Issue
2016,Buick,Enclave Leather,17998,80000,15 city/22 hwy,6-cyl,Gas,All Wheel Drive,Automatic,White/Black,2 Owners,No flood or frame damage,No odometer problems,5GAKVBKD1GJ103116,CUV - Large,Clean,No Issue,No Issue,1 Open Recall(s),No Issue,No Issue,No CPO Info Available,No Issue
2020,Buick,Encore GX Select,20998,30000,26 city/29 hwy,3-cyl,Turbo Gas,All Wheel Drive,Automatic,Gray/Black,1 Owner,No flood or frame damage,No odometer problems,KL4MMESL1LB113517,CUV - Compact,Clean,No Issue,No Issue,No Open Recalls,No Issue,No Issue,No CPO Info Available,No Issue
2015,Buick,Verano Convenience,14998,40000,21 city/32 hwy,4-cyl,Gas,Front Wheel Drive,Automatic,Brown/Gray,3 Owners,No flood or frame damage,No odometer problems,1G4PR5SK9F4102667,Car - Compact,Clean,No Issue,No Issue,No Open Recalls,No Issue,No Issue,No CPO Info Available,No Issue
2015,Buick,Verano Convenience,13998,72000,21 city/32 hwy,4-cyl,Gas,Front Wheel Drive,Automatic,White/Gray,1 Owner,No flood or frame damage,No odometer problems,1G4PR5SK7F4185919,Car - Compact,Clean,No Issue,No Issue,No Open Recalls,No Issue,No Issue,No CPO Info Available,No Issue
2016,Buick,LaCrosse Leather,21998,25000,17 city/26 hwy,6-cyl,Gas,All Wheel Drive,Automatic,Red/Tan,1 Owner,No flood or frame damage,No odometer problems,1G4GC5G34GF192397,Car - Midsize,Clean,No Issue,Minor,No Open Recalls,No Issue,No Issue,No CPO Info Available,No Issue
2021,Buick,Encore Preferred,19998,30000,23 city/29 hwy,4-cyl,Turbo Gas,All Wheel Drive,Automatic,Black/Black,1 Owner,No flood or frame damage,No odometer problems,KL4CJESB5MB352680,CUV - Compact,Clean,No Issue,No Issue,No Open Recalls,No Issue,No Issue,No CPO Info Available,No Issue
2020,Buick,Encore GX Preferred,19998,30000,26 city/30 hwy,3-cyl,Turbo Gas,Front Wheel Drive,Automatic,White/Black,1 Owner,No flood or frame damage,No odometer problems,KL4MMBS2XLB129267,CUV - Compact,Clean,No Issue,Moderate,No Open Recalls,No Issue,No Issue,No CPO Info Available,No Issue
2018,Buick,Encore Sport Touring,16998,36000,25 city/33 hwy,4-cyl,Turbo Gas,Front Wheel Drive,Automatic,Purple/Black,2 Owners,No flood or frame damage,No odometer problems,KL4CJ1SBXJB532290,CUV - Compact,Clean,No Issue,No Issue,No Open Recalls,No Issue,No Issue,No CPO Info Available,No Issue
2022,Buick,Encore GX Select,21998,26000,29 city/30 hwy,3-cyl,Turbo Gas,Front Wheel Drive,Automatic,Blue/Tan,1 Owner,No flood or frame damage,No odometer problems,KL4MMDSL1NB049251,CUV - Compact,Clean,No Issue,Damage Reported,No Open Recalls,No Issue,No Issue,No CPO Info Available,No Issue
2021,Buick,Encore GX Select,18998,41000,28 city/31 hwy,3-cyl,Turbo Gas,Front Wheel Drive,Automatic,Gray/Black,1 Owner,No flood or frame damage,No odometer problems,KL4MMDS25MB120585,CUV - Compact,Clean,No Issue,No Issue,No Open Recalls,No Issue,No Issue,No CPO Info Available,No Issue
2015,Buick,Encore Leather,15998,78000,23 city/30 hwy,6-cyl,Turbo Gas,All Wheel Drive,Automatic,Black/Black,2 Owners,No flood or frame damage,No odometer problems,KL4CJGSB4FB052434,CUV - Compact,Clean,No Issue,No Issue,No Open Recalls,No Issue,No Issue,No CPO Info Available,No Issue
2021,Buick,Encore GX Select,19998,49000,28 city/31 hwy,3-cyl,Turbo Gas,Front Wheel Drive,Automatic,White/Black,1 Owner,No flood or frame damage,No odometer problems,KL4MMDSL4MB077494,CUV - Compact,Clean,No Issue,Minor,No Open Recalls,No Issue,No Issue,Non-OEM Certified,No Issue
2016,Buick,Cascada Premium,19998,41000,20 city/27 hwy,4-cyl,Turbo Gas,Front Wheel Drive,Automatic,Brown/Black,2 Owners,No flood or frame damage,No odometer problems,W04WT3N59GG059048,Car - Compact,Clean,No Issue,No Issue,No Open Recalls,No Issue,No Issue,No CPO Info Available,No Issue
2021,Buick,Encore GX Select,21998,25000,28 city/31 hwy,3-cyl,Turbo Gas,Front Wheel Drive,Automatic,Gray/Black,1 Owner,No flood or frame damage,No odometer problems,KL4MMDSL4MB067130,CUV - Compact,Clean,No Issue,No Issue,No Open Recalls,No Issue,No Issue,No CPO Info Available,No Issue
2020,Buick,Enclave Essence,25998,57000,17 city/25 hwy,6-cyl,Gas,All Wheel Drive,Automatic,White/Black,2 Owners,No flood or frame damage,No odometer problems,5GAEVAKW2LJ221498,CUV - Midsize,Clean,No Issue,No Issue,No Open Recalls,No Issue,No Issue,No Recent CPO Reported,No Issue
2016,Buick,Encore ,13599,85000,25 city/33 hwy,4-cyl,Turbo Gas,Front Wheel Drive,Automatic,Orange/Black,4 Owners,No flood or frame damage,No odometer problems,KL4CJASB1GB650043,CUV - Compact,Clean,No Issue,No Issue,No Open Recalls,No Issue,No Issue,No CPO Info Available,No Issue
2014,Buick,Encore Premium,15998,47000,25 city/33 hwy,4-cyl,Turbo Gas,Front Wheel Drive,Automatic,Burgundy/Gray,2 Owners,No flood or frame damage,No odometer problems,KL4CJDSB7EB780679,CUV - Compact,Clean,No Issue,No Issue,No Open Recalls,No Issue,No Issue,No CPO Info Available,No Issue
2021,Buick,Enclave Preferred,24998,52000,18 city/26 hwy,6-cyl,Gas,Front Wheel Drive,Automatic,White/Gray,1 Owner,No flood or frame damage,No odometer problems,5GAERAKW8MJ244824,CUV - Midsize,Clean,No Issue,No Issue,No Open Recalls,No Issue,No Issue,No CPO Info Available,No Issue
2019,Buick,Encore Preferred,20998,6000,24 city/29 hwy,4-cyl,Turbo Gas,All Wheel Drive,Automatic,Black/Black,1 Owner,No flood or frame damage,No odometer problems,KL4CJESBXKB905837,CUV - Compact,Clean,No Issue,No Issue,No Open Recalls,No Issue,No Issue,No CPO Info Available,No Issue
2018,Buick,Encore Premium,19998,27000,24 city/30 hwy,4-cyl,Turbo Gas,All Wheel Drive,Automatic,Brown/Tan,1 Owner,No flood or frame damage,No odometer problems,KL4CJHSB9JB618991,CUV - Compact,Clean,No Issue,Moderate,No Open Recalls,No Issue,No Issue,No CPO Info Available,No Issue
2022,Buick,Encore Preferred,22998,10000,23 city/30 hwy,4-cyl,Turbo Gas,All Wheel Drive,Automatic,Silver/Black,1 Owner,No flood or frame damage,No odometer problems,KL4CJESM8NB565027,CUV - Compact,Clean,No Issue,No Issue,No Open Recalls,No Issue,No Issue,No CPO Info Available,No Issue
2017,Buick,LaCrosse Premium,21998,69000,20 city/29 hwy,6-cyl,Gas,All Wheel Drive,Automatic,Black/Black,2 Owners,No flood or frame damage,No odometer problems,1G4ZS5SS1HU143357,Car - Midsize,Clean,No Issue,No Issue,No Open Recalls,No Issue,No Issue,No Recent CPO Reported,No Issue
2017,Buick,Encore Sport Touring,15998,77000,24 city/30 hwy,4-cyl,Turbo Gas,All Wheel Drive,Automatic,White/Black,3 Owners,No flood or frame damage,No odometer problems,KL4CJ2SB0HB095089,CUV - Compact,Clean,No Issue,No Issue,No Open Recalls,No Issue,No Issue,No Recent CPO Reported,No Issue
2020,Buick,Encore GX Preferred,16998,70000,26 city/30 hwy,3-cyl,Turbo Gas,Front Wheel Drive,Automatic,Gray/Black,1 Owner,No flood or frame damage,No odometer problems,KL4MMBS25LB095898,CUV - Compact,Clean,No Issue,No Issue,No Open Recalls,No Issue,No Issue,No CPO Info Available,No Issue
2017,Buick,Enclave Leather,19998,87000,15 city/22 hwy,6-cyl,Gas,All Wheel Drive,Automatic,Burgundy/Cream,1 Owner,No flood or frame damage,No odometer problems,5GAKVBKD2HJ311359,CUV - Large,Clean,No Issue,No Issue,1 Open Recall(s),No Issue,No Issue,No CPO Info Available,No Issue
2021,Buick,Encore GX Select,21998,30000,26 city/29 hwy,3-cyl,Turbo Gas,All Wheel Drive,Automatic,Black/Black,1 Owner,No flood or frame damage,No odometer problems,KL4MMESL4MB136808,CUV - Compact,Clean,No Issue,No Issue,No Open Recalls,No Issue,No Issue,No CPO Info Available,No Issue
2018,Buick,Encore Essence,17998,68000,24 city/30 hwy,4-cyl,Turbo Gas,All Wheel Drive,Automatic,White/Black,3 Owners,No flood or frame damage,No odometer problems,KL4CJGSBXJB650925,CUV - Compact,Clean,No Issue,Damage Reported,No Open Recalls,No Issue,No Issue,No CPO Info Available,No Issue
2017,Buick,Encore Premium,15998,76000,24 city/30 hwy,4-cyl,Turbo Gas,All Wheel Drive,Automatic,Brown/Black,2 Owners,No flood or frame damage,No odometer problems,KL4CJHSB4HB015148,CUV - Compact,Clean,No Issue,No Issue,No Open Recalls,No Issue,No Issue,No CPO Info Available,No Issue
2020,Buick,Encore GX Select,21998,27000,26 city/29 hwy,3-cyl,Turbo Gas,All Wheel Drive,Automatic,Black/Black,1 Owner,No flood or frame damage,No odometer problems,KL4MMESL5LB116016,CUV - Compact,Clean,No Issue,No Issue,No Open Recalls,No Issue,No Issue,No CPO Info Available,No Issue
2021,Buick,Envision Preferred,24998,31000,22 city/29 hwy,4-cyl,Turbo Gas,All Wheel Drive,Automatic,Black/Black,2 Owners,No flood or frame damage,No odometer problems,LRBFZMR41MD108329,CUV - Compact,Clean,No Issue,No Issue,No Open Recalls,No Issue,No Issue,No CPO Info Available,No Issue
2017,Buick,LaCrosse Preferred,19998,68000,21 city/31 hwy,6-cyl,Gas,Front Wheel Drive,Automatic,Blue/Tan,2 Owners,No flood or frame damage,No odometer problems,1G4ZN5SS7HU150675,Car - Midsize,Clean,No Issue,No Issue,No Open Recalls,No Issue,No Issue,No CPO Info Available,No Issue
2017,Buick,Enclave Premium,23998,44000,15 city/22 hwy,6-cyl,Gas,Front Wheel Drive,Automatic,Pearl/Tan,1 Owner,No flood or frame damage,No odometer problems,5GAKRCKD1HJ341382,CUV - Large,Clean,No Issue,Minor,1 Open Recall(s),No Issue,No Issue,No CPO Info Available,No Issue
2014,Buick,LaCrosse Leather,15998,88000,25 city/36 hwy,4-cyl,Gas,Front Wheel Drive,Automatic,White/Tan,1 Owner,No flood or frame damage,No odometer problems,1G4GB5GR2EF198199,Car - Midsize,Clean,No Issue,No Issue,No Open Recalls,No Issue,No Issue,No CPO Info Available,No Issue
2020,Buick,Encore Preferred,19998,17000,25 city/30 hwy,4-cyl,Turbo Gas,Front Wheel Drive,Automatic,Black/Black,1 Owner,No flood or frame damage,No odometer problems,KL4CJASB4LB016073,CUV - Compact,Clean,No Issue,No Issue,No Open Recalls,No Issue,No Issue,No CPO Info Available,No Issue
2021,Buick,Encore GX Essence,23998,10000,28 city/31 hwy,3-cyl,Turbo Gas,Front Wheel Drive,Automatic,Blue/Gray,1 Owner,No flood or frame damage,No odometer problems,KL4MMFSL2MB092362,CUV - Compact,Clean,No Issue,No Issue,No Open Recalls,No Issue,No Issue,No CPO Info Available,No Issue
2020,Buick,Encore Preferred,18998,48000,25 city/30 hwy,4-cyl,Turbo Gas,Front Wheel Drive,Automatic,Silver/Black,3 Owners,No flood or frame damage,No odometer problems,KL4CJASB5LB326362,CUV - Compact,Clean,No Issue,No Issue,No Open Recalls,No Issue,No Issue,No CPO Info Available,No Issue
2015,Buick,Enclave Premium,17998,89000,17 city/24 hwy,6-cyl,Gas,Front Wheel Drive,Automatic,Black/Black,3 Owners,No flood or frame damage,No odometer problems,5GAKRCKD7FJ177598,CUV - Large,Clean,No Issue,No Issue,1 Open Recall(s),No Issue,No Issue,No Recent CPO Reported,No Issue
2021,Buick,Encore GX Essence,21998,49000,26 city/29 hwy,3-cyl,Turbo Gas,All Wheel Drive,Automatic,Gray/Black,1 Owner,No flood or frame damage,No odometer problems,KL4MMGSL4MB038745,CUV - Compact,Clean,No Issue,Damage Reported,No Open Recalls,No Issue,No Issue,No CPO Info Available,No Issue
2015,Buick,Regal Premium,16998,50000,21 city/30 hwy,4-cyl,Turbo Gas,Front Wheel Drive,Automatic,Red/Tan,2 Owners,No flood or frame damage,No odometer problems,2G4GN5EXXF9190919,Car - Midsize,Clean,No Issue,No Issue,No Open Recalls,No Issue,No Issue,No CPO Info Available,No Issue
2021,Buick,Encore GX Preferred,21998,16000,26 city/29 hwy,3-cyl,Turbo Gas,All Wheel Drive,Automatic,Burgundy/Black,1 Owner,No flood or frame damage,No odometer problems,KL4MMCSL4MB108592,CUV - Compact,Clean,No Issue,No Issue,No Open Recalls,No Issue,No Issue,No CPO Info Available,No Issue
2017,Buick,Encore Preferred,14998,71000,24 city/30 hwy,4-cyl,Turbo Gas,All Wheel Drive,Automatic,Gray/Black,2 Owners,No flood or frame damage,No odometer problems,KL4CJESB0HB255568,CUV - Compact,Clean,No Issue,No Issue,No Open Recalls,No Issue,No Issue,No CPO Info Available,No Issue
2018,Buick,LaCrosse Essence,20998,24000,25 city/35 hwy,4-cyl,Gas,Front Wheel Drive,Automatic,Gray/Tan,2 Owners,No flood or frame damage,No odometer problems,1G4ZP5SZ2JU109819,Car - Midsize,Clean,No Issue,Damage Reported,No Open Recalls,No Issue,No Issue,No CPO Info Available,No Issue
2013,Buick,LaCrosse Leather,16998,42000,17 city/27 hwy,6-cyl,Gas,Front Wheel Drive,Automatic,Tan/Tan,2 Owners,No flood or frame damage,No odometer problems,1G4GC5E31DF283108,Car - Midsize,Clean,No Issue,No Issue,1 Open Recall(s),No Issue,No Issue,No CPO Info Available,No Issue
2019,Buick,Encore Preferred,17998,30000,25 city/30 hwy,4-cyl,Turbo Gas,Front Wheel Drive,Automatic,Silver/Black,2 Owners,No flood or frame damage,No odometer problems,KL4CJASB1KB779604,CUV - Compact,Clean,No Issue,No Issue,No Open Recalls,No Issue,No Issue,No CPO Info Available,No Issue
2017,Buick,Enclave Convenience,18998,60000,15 city/22 hwy,6-cyl,Gas,Front Wheel Drive,Automatic,Silver/Gray,1 Owner,No flood or frame damage,No odometer problems,5GAKRAKD5HJ183746,CUV - Large,Clean,No Issue,Minor,1 Open Recall(s),No Issue,No Issue,No CPO Info Available,No Issue
2014,Buick,Enclave Premium,17998,84000,16 city/22 hwy,6-cyl,Gas,All Wheel Drive,Automatic,Tan/Black,1 Owner,No flood or frame damage,No odometer problems,5GAKVCKD0EJ254094,CUV - Large,Clean,No Issue,Minor,1 Open Recall(s),No Issue,No Issue,No CPO Info Available,No Issue
2020,Buick,Encore GX Essence,20998,52000,26 city/30 hwy,3-cyl,Turbo Gas,Front Wheel Drive,Automatic,White/Gray,1 Owner,No flood or frame damage,No odometer problems,KL4MMFSL3LB128364,CUV - Compact,Clean,No Issue,No Issue,No Open Recalls,No Issue,No Issue,No CPO Info Available,No Issue
2015,Buick,Encore Leather,14998,82000,25 city/33 hwy,4-cyl,Turbo Gas,Front Wheel Drive,Automatic,Black/Black,1 Owner,No flood or frame damage,No odometer problems,KL4CJCSB0FB090753,CUV - Compact,Clean,No Issue,No Issue,No Open Recalls,No Issue,No Issue,No CPO Info Available,No Issue
2021,Buick,Encore GX Select,21998,13000,28 city/31 hwy,3-cyl,Turbo Gas,Front Wheel Drive,Automatic,Blue/Black,1 Owner,No flood or frame damage,No odometer problems,KL4MMDSL7MB066151,CUV - Compact,Clean,No Issue,No Issue,No Open Recalls,No Issue,No Issue,OEM-Certified,No Issue
2014,Buick,Encore Leather,14998,68000,25 city/33 hwy,4-cyl,Turbo Gas,Front Wheel Drive,Automatic,White/Brown,2 Owners,No flood or frame damage,No odometer problems,KL4CJCSB0EB521378,CUV - Compact,Clean,No Issue,No Issue,No Open Recalls,No Issue,No Issue,No CPO Info Available,No Issue
2023,Buick,Encore GX Select,24998,2000,29 city/31 hwy,4-cyl,Turbo Gas,Front Wheel Drive,Automatic,Gray/Gray,1 Owner,No flood or frame damage,No odometer problems,KL4MMDS25PB064992,CUV - Compact,Clean,No Issue,No Issue,No Open Recalls,No Issue,No Issue,OEM-Certified,No Issue
2019,Buick,Encore Preferred,20998,11000,24 city/29 hwy,4-cyl,Turbo Gas,All Wheel Drive,Automatic,Gray/Gray,2 Owners,No flood or frame damage,No odometer problems,KL4CJESB5KB766913,CUV - Compact,Clean,No Issue,Moderate,No Open Recalls,No Issue,No Issue,No CPO Info Available,No Issue
2022,Buick,Encore GX Preferred,20998,30000,29 city/30 hwy,3-cyl,Turbo Gas,Front Wheel Drive,Automatic,Black/Black,1 Owner,No flood or frame damage,No odometer problems,KL4MMBS21NB029805,CUV - Compact,Clean,No Issue,No Issue,No Open Recalls,No Issue,No Issue,No CPO Info Available,No Issue
2019,Buick,Encore Preferred,16998,76000,25 city/30 hwy,4-cyl,Turbo Gas,Front Wheel Drive,Automatic,Silver/Black,1 Owner,No flood or frame damage,No odometer problems,KL4CJASB6KB950718,CUV - Compact,Clean,No Issue,Damage Reported,No Open Recalls,No Issue,No Issue,No CPO Info Available,No Issue
2021,Buick,Envision Preferred,21998,65000,24 city/31 hwy,4-cyl,Turbo Gas,Front Wheel Drive,Automatic,White/Gray,1 Owner,No flood or frame damage,No odometer problems,LRBAZLR49MD047414,CUV - Compact,Clean,No Issue,Minor,No Open Recalls,No Issue,No Issue,No CPO Info Available,No Issue
2015,Buick,Enclave Leather,17998,73000,17 city/24 hwy,6-cyl,Gas,Front Wheel Drive,Automatic,Silver/Black,2 Owners,No flood or frame damage,No odometer problems,5GAKRBKD4FJ224743,CUV - Large,Clean,No Issue,No Issue,No Open Recalls,No Issue,No Issue,No CPO Info Available,No Issue
2017,Buick,Enclave Leather,21998,60000,15 city/22 hwy,6-cyl,Gas,All Wheel Drive,Automatic,Burgundy/Brown,1 Owner,No flood or frame damage,No odometer problems,5GAKVBKD9HJ118545,CUV - Large,Clean,No Issue,No Issue,1 Open Recall(s),No Issue,No Issue,No CPO Info Available,No Issue
2021,Buick,Encore Preferred,18998,31000,24 city/32 hwy,4-cyl,Turbo Gas,Front Wheel Drive,Automatic,Silver/Black,1 Owner,No flood or frame damage,No odometer problems,KL4CJASBXMB310918,CUV - Compact,Clean,No Issue,No Issue,No Open Recalls,No Issue,No Issue,No CPO Info Available,No Issue
2019,Buick,Encore Preferred,18998,18000,25 city/30 hwy,4-cyl,Turbo Gas,Front Wheel Drive,Automatic,Brown/Black,2 Owners,No flood or frame damage,No odometer problems,KL4CJASB4KB778026,CUV - Compact,Clean,No Issue,No Issue,No Open Recalls,No Issue,No Issue,No CPO Info Available,No Issue
2021,Buick,Encore Preferred,19998,32000,23 city/29 hwy,4-cyl,Turbo Gas,All Wheel Drive,Automatic,Blue/Black,1 Owner,No flood or frame damage,No odometer problems,KL4CJESB6MB342997,CUV - Compact,Clean,No Issue,Minor,No Open Recalls,No Issue,No Issue,No CPO Info Available,No Issue
2018,Buick,Encore Sport Touring,15998,75000,24 city/30 hwy,4-cyl,Turbo Gas,All Wheel Drive,Automatic,Silver/Black,2 Owners,No flood or frame damage,No odometer problems,KL4CJ2SB8JB507099,CUV - Compact,Clean,No Issue,Damage Reported,No Open Recalls,No Issue,No Issue,No CPO Info Available,No Issue
2021,Buick,Encore GX Essence,22998,39000,28 city/31 hwy,3-cyl,Turbo Gas,Front Wheel Drive,Automatic,White/Black,1 Owner,No flood or frame damage,No odometer problems,KL4MMFSL5MB097264,CUV - Compact,Clean,No Issue,No Issue,No Open Recalls,No Issue,No Issue,No CPO Info Available,No Issue
2021,Buick,Enclave Essence,30998,33000,17 city/25 hwy,6-cyl,Gas,All Wheel Drive,Automatic,Black/Gray,1 Owner,No flood or frame damage,No odometer problems,5GAEVAKW8MJ221247,CUV - Midsize,Clean,No Issue,Damage Reported,No Open Recalls,No Issue,No Issue,No CPO Info Available,No Issue
2019,Buick,Enclave Essence,22998,71000,17 city/25 hwy,6-cyl,Gas,All Wheel Drive,Automatic,Silver/Gray,1 Owner,No flood or frame damage,No odometer problems,5GAEVAKW6KJ197933,CUV - Midsize,Clean,No Issue,Minor,No Open Recalls,No Issue,No Issue,No CPO Info Available,No Issue
2019,Buick,Encore 1SV,16998,62000,25 city/30 hwy,4-cyl,Turbo Gas,,Automatic,Silver/Gray,3 Owners,No flood or frame damage,No odometer problems,KL4CJASB5KB717218,CUV - Compact,Clean,No Issue,Damage Reported,No Open Recalls,No Issue,No Issue,No CPO Info Available,No Issue
2021,Buick,Encore GX Select,22998,20000,26 city/29 hwy,,,,Automatic,Red/Black,1 Owner,No flood or frame damage,No odometer problems,KL4MMESL0MB075442,CUV - Compact,Clean,No Issue,No Issue,No Open Recalls,No Issue,No Issue,No CPO Info Available,No Issue
2020,Buick,Enclave Essence,29998,35000,17 city/25 hwy,6-cyl,Gas,All Wheel Drive,Automatic,Gray/Gray,1 Owner,No flood or frame damage,No odometer problems,5GAEVAKW2LJ280373,CUV - Midsize,Clean,No Issue,No Issue,No Open Recalls,No Issue,No Issue,No CPO Info Available,No Issue
2020,Buick,Encore Preferred,19998,17000,25 city/30 hwy,4-cyl,Turbo Gas,Front Wheel Drive,Automatic,White/Gray,1 Owner,No flood or frame damage,No odometer problems,KL4CJASB2LB047547,CUV - Compact,Clean,No Issue,No Issue,No Open Recalls,No Issue,No Issue,No CPO Info Available,No Issue
2019,Buick,Encore Essence,17998,85000,24 city/29 hwy,4-cyl,Turbo Gas,All Wheel Drive,Automatic,Blue/Black,1 Owner,No flood or frame damage,No odometer problems,KL4CJGSM0KB953005,CUV - Compact,Clean,No Issue,No Issue,No Open Recalls,No Issue,No Issue,No CPO Info Available,No Issue
2021,Buick,Envision Essence,27998,17000,24 city/31 hwy,4-cyl,Turbo Gas,Front Wheel Drive,Automatic,Gray/Black,1 Owner,No flood or frame damage,No odometer problems,LRBFZNR41MD138601,CUV - Compact,Clean,No Issue,No Issue,No Open Recalls,No Issue,No Issue,No CPO Info Available,No Issue
2019,Buick,Encore Preferred,15998,76000,25 city/30 hwy,4-cyl,Turbo Gas,Front Wheel Drive,Automatic,Gray/Black,2 Owners,No flood or frame damage,No odometer problems,KL4CJASB2KB885043,CUV - Compact,Clean,No Issue,Damage Reported,No Open Recalls,No Issue,No Issue,No Recent CPO Reported,No Issue
2023,Buick,Envision Preferred,27998,9000,23 city/31 hwy,4-cyl,Turbo Gas,Front Wheel Drive,Automatic,Blue/Tan,1 Owner,No flood or frame damage,No odometer problems,LRBAZLR47PD067813,CUV - Compact,Clean,No Issue,No Issue,No Open Recalls,No Issue,No Issue,No CPO Info Available,No Issue
2012,Buick,Enclave Premium,16998,85000,16 city/22 hwy,6-cyl,Gas,All Wheel Drive,Automatic,Red/Black,1 Owner,No flood or frame damage,No odometer problems,5GAKVDED9CJ258689,CUV - Large,Clean,No Issue,Minor,No Open Recalls,No Issue,No Issue,No CPO Info Available,No Issue
2021,Buick,Envision Preferred,25998,11000,24 city/31 hwy,4-cyl,Turbo Gas,Front Wheel Drive,Automatic,Red/Black,1 Owner,No flood or frame damage,No odometer problems,LRBAZLR47MD195707,CUV - Compact,Clean,No Issue,No Issue,No Open Recalls,No Issue,No Issue,No CPO Info Available,No Issue
2021,Buick,Encore GX Select,24998,16000,26 city/29 hwy,3-cyl,Turbo Gas,All Wheel Drive,Automatic,White/Black,1 Owner,No flood or frame damage,No odometer problems,KL4MMESL6MB119637,CUV - Compact,Clean,No Issue,No Issue,No Open Recalls,No Issue,No Issue,No CPO Info Available,No Issue
2017,Buick,Enclave Leather,22998,42000,15 city/22 hwy,6-cyl,Gas,Front Wheel Drive,Automatic,Red/Black,2 Owners,No flood or frame damage,No odometer problems,5GAKRBKD6HJ117891,CUV - Large,Clean,No Issue,No Issue,1 Open Recall(s),No Issue,No Issue,No Recent CPO Reported,No Issue
2019,Buick,Envision Preferred,18998,77000,21 city/27 hwy,4-cyl,Gas,All Wheel Drive,Automatic,Silver/Tan,2 Owners,No flood or frame damage,No odometer problems,LRBFX1SA5KD000717,CUV - Compact,Clean,No Issue,Damage Reported,No Open Recalls,No Issue,No Issue,No CPO Info Available,No Issue
2020,Buick,Encore GX Essence,24998,10000,26 city/29 hwy,3-cyl,Turbo Gas,All Wheel Drive,Automatic,White/Black,2 Owners,No flood or frame damage,No odometer problems,KL4MMGSL7LB113730,CUV - Compact,Clean,No Issue,Damage Reported,No Open Recalls,No Issue,No Issue,No CPO Info Available,No Issue
2013,Buick,LaCrosse Leather,16998,51000,17 city/27 hwy,6-cyl,Gas,Front Wheel Drive,Automatic,Gray/Gray,1 Owner,No flood or frame damage,No odometer problems,1G4GC5E30DF201515,Car - Midsize,Clean,No Issue,No Issue,No Open Recalls,No Issue,No Issue,No CPO Info Available,No Issue
2015,Buick,Encore Premium,14998,55000,25 city/33 hwy,4-cyl,Turbo Gas,Front Wheel Drive,Automatic,Red/Gray,2 Owners,No flood or frame damage,No odometer problems,KL4CJDSB5FB062887,CUV - Compact,Clean,No Issue,No Issue,No Open Recalls,No Issue,No Issue,No CPO Info Available,No Issue
2022,Buick,Envision Essence,28998,22000,24 city/31 hwy,4-cyl,Turbo Gas,Front Wheel Drive,Automatic,White/Black,1 Owner,No flood or frame damage,No odometer problems,LRBFZNR43ND110171,CUV - Compact,Clean,No Issue,No Issue,No Open Recalls,No Issue,No Issue,No CPO Info Available,No Issue
2022,Buick,Encore GX Essence,24998,15000,29 city/32 hwy,4-cyl,Turbo Gas,Front Wheel Drive,Automatic,White/Gray,1 Owner,No flood or frame damage,No odometer problems,KL4MMFSL7NB095887,CUV - Compact,Clean,No Issue,No Issue,No Open Recalls,No Issue,No Issue,No CPO Info Available,No Issue
2023,Buick,Envision Preferred,26998,26000,22 city/29 hwy,4-cyl,Turbo Gas,All Wheel Drive,Automatic,Gray/Tan,1 Owner,No flood or frame damage,No odometer problems,LRBFZMR4XPD099067,CUV - Compact,Clean,No Issue,No Issue,No Open Recalls,No Issue,No Issue,No CPO Info Available,No Issue
2021,Buick,Encore GX Select,21998,31000,26 city/29 hwy,3-cyl,Turbo Gas,All Wheel Drive,Automatic,Red/Black,1 Owner,No flood or frame damage,No odometer problems,KL4MMESLXMB142323,CUV - Compact,Clean,No Issue,Minor,No Open Recalls,No Issue,No Issue,No CPO Info Available,No Issue
2021,Buick,Encore GX Select,22998,8000,28 city/31 hwy,3-cyl,Turbo Gas,Front Wheel Drive,Automatic,White/Tan,1 Owner,No flood or frame damage,No odometer problems,KL4MMDS24MB039626,CUV - Compact,Clean,No Issue,No Issue,No Open Recalls,No Issue,No Issue,No CPO Info Available,No Issue
2021,Buick,Encore GX Select,21998,31000,26 city/29 hwy,3-cyl,Turbo Gas,All Wheel Drive,Automatic,Black/Black,1 Owner,No flood or frame damage,No odometer problems,KL4MMESL2MB170309,CUV - Compact,Clean,No Issue,No Issue,No Open Recalls,No Issue,No Issue,No CPO Info Available,No Issue
2017,Buick,Encore Premium,14998,72000,25 city/33 hwy,4-cyl,Turbo Gas,Front Wheel Drive,Automatic,Gray/Tan,1 Owner,No flood or frame damage,No odometer problems,KL4CJDSM6HB048629,CUV - Compact,Clean,No Issue,Minor,No Open Recalls,No Issue,No Issue,No CPO Info Available,No Issue
2020,Buick,Encore Preferred,17998,54000,25 city/30 hwy,4-cyl,Turbo Gas,Front Wheel Drive,Automatic,Red/Black,2 Owners,No flood or frame damage,No odometer problems,KL4CJASB5LB064939,CUV - Compact,Clean,No Issue,No Issue,No Open Recalls,No Issue,No Issue,No CPO Info Available,No Issue
2021,Buick,Encore GX Select,23998,3000,26 city/29 hwy,3-cyl,Turbo Gas,All Wheel Drive,Automatic,Gray/Black,1 Owner,No flood or frame damage,No odometer problems,KL4MMESL3MB157939,CUV - Compact,Clean,No Issue,No Issue,No Open Recalls,No Issue,No Issue,OEM-Certified,No Issue
2021,Buick,Envision Essence,27998,15000,24 city/31 hwy,4-cyl,Turbo Gas,Front Wheel Drive,Automatic,Red/Black,1 Owner,No flood or frame damage,No odometer problems,LRBFZNR40MD075782,CUV - Compact,Clean,No Issue,Minor,No Open Recalls,No Issue,No Issue,No CPO Info Available,No Issue
2016,Buick,Encore ,13599,83000,25 city/33 hwy,4-cyl,Turbo Gas,Front Wheel Drive,Automatic,Brown/Black,5 Owners,No flood or frame damage,No odometer problems,KL4CJASB5GB652667,CUV - Compact,Clean,No Issue,No Issue,No Open Recalls,No Issue,No Issue,No CPO Info Available,No Issue
2021,Buick,Encore GX Select,20998,32000,28 city/31 hwy,3-cyl,Turbo Gas,Front Wheel Drive,Automatic,Gray/Black,1 Owner,No flood or frame damage,No odometer problems,KL4MMDS24MB129195,CUV - Compact,Clean,No Issue,No Issue,No Open Recalls,No Issue,No Issue,No CPO Info Available,No Issue
2022,Buick,Encore GX Select,21998,19000,29 city/30 hwy,3-cyl,Turbo Gas,Front Wheel Drive,Automatic,Red/Gray,1 Owner,No flood or frame damage,No odometer problems,KL4MMDSL1NB069841,CUV - Compact,Clean,No Issue,No Issue,No Open Recalls,No Issue,No Issue,No CPO Info Available,No Issue
2020,Buick,Envision Essence,22998,44000,22 city/29 hwy,4-cyl,Gas,Front Wheel Drive,Automatic,White/White,1 Owner,No flood or frame damage,No odometer problems,LRBFXCSA3LD163878,CUV - Compact,Clean,No Issue,No Issue,No Open Recalls,No Issue,No Issue,No CPO Info Available,No Issue
2020,Buick,Enclave Essence,25998,51000,17 city/25 hwy,6-cyl,Gas,All Wheel Drive,Automatic,White/Black,2 Owners,No flood or frame damage,No odometer problems,5GAEVAKW4LJ235452,CUV - Midsize,Clean,No Issue,No Issue,No Open Recalls,No Issue,No Issue,No CPO Info Available,No Issue
2021,Buick,Encore GX Preferred,19998,43000,28 city/31 hwy,3-cyl,Turbo Gas,Front Wheel Drive,Automatic,Blue/Gray,2 Owners,No flood or frame damage,No odometer problems,KL4MMBS23MB076722,CUV - Compact,Clean,No Issue,No Issue,No Open Recalls,No Issue,No Issue,OEM-Certified,No Issue
2021,Buick,Encore GX Preferred,20998,12000,26 city/29 hwy,3-cyl,Turbo Gas,All Wheel Drive,Automatic,White/Black,1 Owner,No flood or frame damage,No odometer problems,KL4MMCSL9MB105364,CUV - Compact,Clean,No Issue,Damage Reported,No Open Recalls,No Issue,No Issue,No CPO Info Available,No Issue
2014,Buick,Encore Convenience,13599,82000,25 city/33 hwy,4-cyl,Turbo Gas,Front Wheel Drive,Automatic,White/Black,2 Owners,No flood or frame damage,No odometer problems,KL4CJBSB1EB776082,CUV - Compact,Clean,No Issue,No Issue,No Open Recalls,No Issue,No Issue,No CPO Info Available,No Issue
2021,Buick,Encore GX Select,22998,16000,26 city/29 hwy,3-cyl,Turbo Gas,All Wheel Drive,Automatic,Purple/Black,1 Owner,No flood or frame damage,No odometer problems,KL4MMESL8MB148332,CUV - Compact,Clean,No Issue,Damage Reported,No Open Recalls,No Issue,No Issue,No CPO Info Available,No Issue
2018,Buick,Encore Premium,19998,22000,25 city/33 hwy,4-cyl,Turbo Gas,Front Wheel Drive,Automatic,White/Tan,1 Owner,No flood or frame damage,No odometer problems,KL4CJDSB0JB608486,CUV - Compact,Clean,No Issue,No Issue,No Open Recalls,No Issue,No Issue,No CPO Info Available,No Issue
2019,Buick,Encore Preferred,18998,30000,25 city/30 hwy,4-cyl,Turbo Gas,Front Wheel Drive,Automatic,White/Black,2 Owners,No flood or frame damage,No odometer problems,KL4CJASB8KB712871,CUV - Compact,Clean,No Issue,Minor,No Open Recalls,No Issue,No Issue,No CPO Info Available,No Issue
2023,Buick,Encore GX Preferred,23998,13000,29 city/31 hwy,3-cyl,Turbo Gas,Front Wheel Drive,Automatic,Red/Black,1 Owner,No flood or frame damage,No odometer problems,KL4MMBS27PB089350,CUV - Compact,Clean,No Issue,No Issue,No Open Recalls,No Issue,No Issue,No CPO Info Available,No Issue
2021,Buick,Envision Essence,26998,32000,24 city/31 hwy,4-cyl,Turbo Gas,Front Wheel Drive,Automatic,Black/Tan,1 Owner,No flood or frame damage,No odometer problems,LRBFZNR42MD112542,CUV - Compact,Clean,No Issue,No Issue,No Open Recalls,No Issue,No Issue,No CPO Info Available,No Issue
2022,Buick,Encore Preferred,19998,30000,23 city/30 hwy,4-cyl,Turbo Gas,All Wheel Drive,Automatic,Red/Tan,1 Owner,No flood or frame damage,No odometer problems,KL4CJESM8NB500307,CUV - Compact,Clean,No Issue,No Issue,No Open Recalls,No Issue,No Issue,No CPO Info Available,No Issue
2014,Buick,Encore Leather,15998,53000,25 city/33 hwy,4-cyl,Turbo Gas,Front Wheel Drive,Automatic,White/Black,1 Owner,No flood or frame damage,No odometer problems,KL4CJCSB3EB762934,CUV - Compact,Clean,No Issue,No Issue,No Open Recalls,No Issue,No Issue,No CPO Info Available,No Issue
2021,Buick,Encore GX Select,21998,35000,26 city/29 hwy,3-cyl,Turbo Gas,All Wheel Drive,Automatic,White/Cream,1 Owner,No flood or frame damage,No odometer problems,KL4MMESL0MB115955,CUV - Compact,Clean,No Issue,No Issue,No Open Recalls,No Issue,No Issue,No CPO Info Available,No Issue
2021,Buick,Encore Preferred,21998,6000,23 city/29 hwy,4-cyl,Turbo Gas,All Wheel Drive,Automatic,Black/Black,1 Owner,No flood or frame damage,No odometer problems,KL4CJESB0MB339111,CUV - Compact,Clean,No Issue,No Issue,No Open Recalls,No Issue,No Issue,No CPO Info Available,No Issue
2016,Buick,Encore Leather,15998,74000,25 city/33 hwy,4-cyl,Turbo Gas,Front Wheel Drive,Automatic,Black/Black,3 Owners,No flood or frame damage,No odometer problems,KL4CJCSB8GB709682,CUV - Compact,Clean,No Issue,No Issue,No Open Recalls,No Issue,No Issue,No CPO Info Available,No Issue
2017,Buick,Encore Essence,19998,20000,24 city/30 hwy,4-cyl,Turbo Gas,All Wheel Drive,Automatic,Burgundy/Gray,2 Owners,No flood or frame damage,No odometer problems,KL4CJGSB9HB072701,CUV - Compact,Clean,No Issue,Moderate,No Open Recalls,No Issue,No Issue,No Recent CPO Reported,No Issue
2022,Buick,Encore GX Preferred,22998,8000,29 city/30 hwy,3-cyl,Turbo Gas,Front Wheel Drive,Automatic,Burgundy/Black,1 Owner,No flood or frame damage,No odometer problems,KL4MMBS20NB099568,CUV - Compact,Clean,No Issue,No Issue,No Open Recalls,No Issue,No Issue,No CPO Info Available,No Issue
2021,Buick,Envision Preferred,24998,25000,24 city/31 hwy,4-cyl,Turbo Gas,Front Wheel Drive,Automatic,Orange/Tan,1 Owner,No flood or frame damage,No odometer problems,LRBAZLR42MD071683,CUV - Compact,Clean,No Issue,No Issue,No Open Recalls,No Issue,No Issue,No CPO Info Available,No Issue
2019,Buick,Encore Preferred,16998,44000,25 city/30 hwy,4-cyl,Turbo Gas,Front Wheel Drive,Automatic,Black/Black,2 Owners,No flood or frame damage,No odometer problems,KL4CJASB6KB833527,CUV - Compact,Clean,No Issue,No Issue,No Open Recalls,No Issue,No Issue,No CPO Info Available,No Issue
2021,Buick,Envision Avenir,26998,42000,22 city/29 hwy,4-cyl,Turbo Gas,All Wheel Drive,Automatic,Blue/Black,1 Owner,No flood or frame damage,No odometer problems,LRBFZSR44MD053749,CUV - Compact,Clean,No Issue,Damage Reported,No Open Recalls,No Issue,No Issue,No CPO Info Available,No Issue
2021,Buick,Envision Essence,27998,19000,24 city/31 hwy,4-cyl,Turbo Gas,Front Wheel Drive,Automatic,Black/Black,1 Owner,No flood or frame damage,No odometer problems,LRBFZNR42MD064878,CUV - Compact,Clean,No Issue,No Issue,No Open Recalls,No Issue,No Issue,No CPO Info Available,No Issue
2016,Buick,Encore ,17998,20000,23 city/30 hwy,4-cyl,Turbo Gas,All Wheel Drive,Automatic,Gray/Black,2 Owners,No flood or frame damage,No odometer problems,KL4CJASB4GB601306,CUV - Compact,Clean,No Issue,No Issue,No Open Recalls,No Issue,No Issue,No CPO Info Available,No Issue
2021,Buick,Encore GX Preferred,19998,38000,26 city/29 hwy,3-cyl,Turbo Gas,All Wheel Drive,Automatic,Purple/Black,1 Owner,No flood or frame damage,No odometer problems,KL4MMCSLXMB140642,CUV - Compact,Clean,No Issue,Damage Reported,No Open Recalls,No Issue,No Issue,No CPO Info Available,No Issue
2017,Buick,LaCrosse Premium,23998,40000,20 city/29 hwy,6-cyl,Gas,All Wheel Drive,Automatic,Black/Tan,3 Owners,No flood or frame damage,No odometer problems,1G4ZS5SS1HU141141,Car - Midsize,Clean,No Issue,Moderate,No Open Recalls,No Issue,No Issue,No CPO Info Available,No Issue
2021,Buick,Enclave Essence,31998,22000,17 city/25 hwy,6-cyl,Gas,All Wheel Drive,Automatic,Black/Gray,1 Owner,No flood or frame damage,No odometer problems,5GAEVAKW1MJ243719,CUV - Midsize,Clean,No Issue,Minor,No Open Recalls,No Issue,No Issue,No CPO Info Available,No Issue
2020,Buick,Encore GX Preferred,18998,45000,26 city/30 hwy,3-cyl,Turbo Gas,Front Wheel Drive,Automatic,Black/Black,1 Owner,No flood or frame damage,No odometer problems,KL4MMBS23LB120250,CUV - Compact,Clean,No Issue,No Issue,No Open Recalls,No Issue,No Issue,No CPO Info Available,No Issue
2020,Buick,Encore GX Preferred,19998,32000,26 city/30 hwy,3-cyl,Turbo Gas,Front Wheel Drive,Automatic,White/Black,3 Owners,No flood or frame damage,No odometer problems,KL4MMBS23LB084866,CUV - Compact,Clean,No Issue,No Issue,No Open Recalls,No Issue,No Issue,No Recent CPO Reported,No Issue
2020,Buick,Envision Premium,24998,32000,20 city/25 hwy,4-cyl,Turbo Gas,All Wheel Drive,Automatic,Black/Black,2 Owners,No flood or frame damage,No odometer problems,LRBFX3SX4LD167314,CUV - Compact,Clean,No Issue,No Issue,No Open Recalls,No Issue,No Issue,No CPO Info Available,No Issue
2022,Buick,Encore GX Preferred,19998,37000,29 city/30 hwy,3-cyl,Turbo Gas,Front Wheel Drive,Automatic,White/Black,1 Owner,No flood or frame damage,No odometer problems,KL4MMBS2XNB099612,CUV - Compact,Clean,No Issue,No Issue,No Open Recalls,No Issue,No Issue,No CPO Info Available,No Issue
2016,Buick,Enclave Convenience,22998,9000,15 city/22 hwy,6-cyl,Gas,Front Wheel Drive,Automatic,Black/Gray,1 Owner,No flood or frame damage,No odometer problems,5GAKRAKD6GJ310096,CUV - Large,Clean,No Issue,No Issue,1 Open Recall(s),No Issue,No Issue,No CPO Info Available,No Issue
2021,Buick,Encore GX Select,20998,20000,28 city/31 hwy,3-cyl,Turbo Gas,Front Wheel Drive,Automatic,Red/Black,1 Owner,No flood or frame damage,No odometer problems,KL4MMDSL7MB118801,CUV - Compact,Clean,No Issue,No Issue,No Open Recalls,No Issue,No Issue,No CPO Info Available,No Issue
2019,Buick,Envision Preferred,19998,47000,22 city/29 hwy,4-cyl,Gas,Front Wheel Drive,Automatic,Black/Tan,2 Owners,No flood or frame damage,No odometer problems,LRBFXBSA6KD009027,CUV - Compact,Clean,No Issue,No Issue,No Open Recalls,No Issue,No Issue,No CPO Info Available,No Issue
2023,Buick,Envision Essence,32998,8000,22 city/29 hwy,4-cyl,Turbo Gas,All Wheel Drive,Automatic,White/Black,1 Owner,No flood or frame damage,No odometer problems,LRBFZPR4XPD174691,CUV - Compact,Clean,No Issue,No Issue,No Open Recalls,No Issue,No Issue,No CPO Info Available,No Issue
2019,Buick,Encore Preferred,16998,51000,25 city/30 hwy,4-cyl,Turbo Gas,Front Wheel Drive,Automatic,White/Black,2 Owners,No flood or frame damage,No odometer problems,KL4CJASBXKB833207,CUV - Compact,Clean,No Issue,No Issue,No Open Recalls,No Issue,No Issue,No Recent CPO Reported,No Issue
2015,Buick,Encore Premium,13998,63000,25 city/33 hwy,4-cyl,Turbo Gas,Front Wheel Drive,Automatic,Gray/Gray,1 Owner,No flood or frame damage,No odometer problems,KL4CJDSB3FB081468,CUV - Compact,Clean,No Issue,No Issue,No Open Recalls,No Issue,No Issue,No CPO Info Available,No Issue
2022,Buick,Encore GX Essence,24998,13000,29 city/32 hwy,3-cyl,Turbo Gas,Front Wheel Drive,Automatic,White/Cream,1 Owner,No flood or frame damage,No odometer problems,KL4MMFSL8NB102152,CUV - Compact,Clean,No Issue,Minor,No Open Recalls,No Issue,No Issue,No CPO Info Available,No Issue
2021,Buick,Encore GX Select,20998,37000,26 city/29 hwy,3-cyl,Turbo Gas,All Wheel Drive,Automatic,Blue/Black,1 Owner,No flood or frame damage,No odometer problems,KL4MMESL7MB135569,CUV - Compact,Clean,No Issue,No Issue,No Open Recalls,No Issue,No Issue,No CPO Info Available,No Issue
2016,Buick,LaCrosse Leather,17998,56000,18 city/28 hwy,,,,Automatic,Silver/Black,1 Owner,No flood or frame damage,No odometer problems,1G4GB5G3XGF133969,Car - Midsize,Clean,No Issue,Minor,No Open Recalls,No Issue,No Issue,No CPO Info Available,No Issue
2016,Buick,Encore Convenience,14998,79000,23 city/30 hwy,4-cyl,Turbo Gas,All Wheel Drive,Automatic,Red/Black,4 Owners,No flood or frame damage,No odometer problems,KL4CJFSB3GB701961,CUV - Compact,Clean,No Issue,No Issue,No Open Recalls,No Issue,No Issue,No CPO Info Available,No Issue
2020,Buick,Encore Preferred,17998,43000,25 city/30 hwy,4-cyl,Turbo Gas,Front Wheel Drive,Automatic,Blue/Black,3 Owners,No flood or frame damage,No odometer problems,KL4CJASB2LB039433,CUV - Compact,Clean,No Issue,Minor,No Open Recalls,No Issue,No Issue,No CPO Info Available,No Issue
2021,Buick,Envision Preferred,25998,21000,24 city/31 hwy,4-cyl,Turbo Gas,Front Wheel Drive,Automatic,Black/Black,1 Owner,No flood or frame damage,No odometer problems,LRBAZLR43MD104206,CUV - Compact,Clean,No Issue,No Issue,No Open Recalls,No Issue,No Issue,No CPO Info Available,No Issue
2016,Buick,Cascada Premium,19998,43000,20 city/27 hwy,4-cyl,Turbo Gas,Front Wheel Drive,Automatic,Gray/Black,2 Owners,No flood or frame damage,No odometer problems,W04WT3N51GG064714,Car - Compact,Clean,No Issue,Damage Reported,No Open Recalls,No Issue,No Issue,No CPO Info Available,No Issue
2019,Buick,Encore Preferred,16998,56000,25 city/30 hwy,4-cyl,Turbo Gas,Front Wheel Drive,Automatic,Silver/Tan,1 Owner,No flood or frame damage,No odometer problems,KL4CJASB4KB718991,CUV - Compact,Clean,No Issue,No Issue,No Open Recalls,No Issue,No Issue,No CPO Info Available,No Issue
2021,Buick,Encore Preferred,17998,33000,23 city/29 hwy,4-cyl,Turbo Gas,All Wheel Drive,Automatic,Black/Black,1 Owner,No flood or frame damage,No odometer problems,KL4CJESB1MB350120,CUV - Compact,Clean,No Issue,Damage Reported,No Open Recalls,No Issue,No Issue,No CPO Info Available,No Issue
2022,Buick,Encore GX Preferred,18998,72000,29 city/30 hwy,3-cyl,Turbo Gas,All Wheel Drive,Automatic,Black/Black,1 Owner,No flood or frame damage,No odometer problems,KL4MMCSL7NB019858,CUV - Compact,Clean,No Issue,Moderate,No Open Recalls,No Issue,No Issue,No CPO Info Available,No Issue
2019,Buick,Encore Essence,19998,31000,24 city/29 hwy,4-cyl,Turbo Gas,All Wheel Drive,Automatic,Black/Black,1 Owner,No flood or frame damage,No odometer problems,KL4CJGSMXKB889989,CUV - Compact,Clean,No Issue,No Issue,No Open Recalls,No Issue,No Issue,No CPO Info Available,No Issue
2018,Buick,Encore Preferred,14599,82000,25 city/33 hwy,4-cyl,Turbo Gas,Front Wheel Drive,Automatic,White/Black,2 Owners,No flood or frame damage,No odometer problems,KL4CJASB1JB505737,CUV - Compact,Clean,No Issue,No Issue,No Open Recalls,No Issue,No Issue,No CPO Info Available,No Issue
2021,Buick,Envision Preferred,25998,23000,22 city/29 hwy,4-cyl,Turbo Gas,All Wheel Drive,Automatic,Black/Black,1 Owner,No flood or frame damage,No odometer problems,LRBFZMR44MD192162,CUV - Compact,Clean,No Issue,No Issue,No Open Recalls,No Issue,No Issue,No CPO Info Available,No Issue
2014,Buick,Encore ,13998,87000,25 city/33 hwy,4-cyl,Turbo Gas,Front Wheel Drive,Automatic,Gray/Black,2 Owners,No flood or frame damage,No odometer problems,KL4CJASB8EB774808,CUV - Compact,Clean,No Issue,No Issue,No Open Recalls,No Issue,No Issue,No CPO Info Available,No Issue
2022,Buick,Encore GX Select,22998,12000,29 city/30 hwy,3-cyl,Turbo Gas,Front Wheel Drive,Automatic,White/Black,2 Owners,No flood or frame damage,No odometer problems,KL4MMDS22NB096778,CUV - Compact,Clean,No Issue,Moderate,No Open Recalls,No Issue,No Issue,No CPO Info Available,No Issue
2023,Buick,Enclave Avenir,39998,29000,17 city/25 hwy,5-cyl,Gas,All Wheel Drive,Automatic,Burgundy/Black,1 Owner,No flood or frame damage,No odometer problems,5GAEVCKW3PJ178405,CUV - Midsize,Clean,No Issue,No Issue,No Open Recalls,No Issue,No Issue,No CPO Info Available,No Issue
2017,Buick,Enclave Convenience,18998,66000,15 city/22 hwy,6-cyl,Gas,Front Wheel Drive,Automatic,White/Gray,2 Owners,No flood or frame damage,No odometer problems,5GAKRAKD9HJ230518,CUV - Large,Clean,No Issue,No Issue,1 Open Recall(s),No Issue,No Issue,No CPO Info Available,No Issue
2021,Buick,Encore GX Select,20998,30000,26 city/29 hwy,3-cyl,Turbo Gas,All Wheel Drive,Automatic,Black/Cream,1 Owner,No flood or frame damage,No odometer problems,KL4MMESL2MB044502,CUV - Compact,Clean,No Issue,No Issue,No Open Recalls,No Issue,No Issue,OEM-Certified,No Issue
2018,Buick,Enclave Essence,21998,73000,18 city/26 hwy,6-cyl,Gas,Front Wheel Drive,Automatic,Silver/Black,1 Owner,No flood or frame damage,No odometer problems,5GAERBKW9JJ209680,CUV - Midsize,Clean,No Issue,Damage Reported,No Open Recalls,No Issue,No Issue,No CPO Info Available,No Issue
2020,Buick,Encore GX Preferred,19998,41000,26 city/29 hwy,3-cyl,Turbo Gas,All Wheel Drive,Automatic,Black/Black,1 Owner,No flood or frame damage,No odometer problems,KL4MMCSL8LB109372,CUV - Compact,Clean,No Issue,No Issue,No Open Recalls,No Issue,No Issue,No CPO Info Available,No Issue
2021,Buick,Encore Preferred,18998,26000,24 city/32 hwy,4-cyl,Turbo Gas,Front Wheel Drive,Automatic,Black/Brown,1 Owner,No flood or frame damage,No odometer problems,KL4CJASB3MB300280,CUV - Compact,Clean,No Issue,No Issue,No Open Recalls,No Issue,No Issue,No CPO Info Available,No Issue
2022,Buick,Encore GX Select,21998,17000,29 city/30 hwy,3-cyl,Turbo Gas,Front Wheel Drive,Automatic,White/Black,1 Owner,No flood or frame damage,No odometer problems,KL4MMDS2XNB108515,CUV - Compact,Clean,No Issue,No Issue,1 Open Recall(s),No Issue,No Issue,No CPO Info Available,No Issue
2023,Buick,Encore GX Preferred,22998,17000,29 city/31 hwy,3-cyl,Turbo Gas,Front Wheel Drive,Automatic,Blue/Cream,1 Owner,No flood or frame damage,No odometer problems,KL4MMBS20PB085138,CUV - Compact,Clean,No Issue,Damage Reported,No Open Recalls,No Issue,No Issue,No CPO Info Available,No Issue
2015,Buick,Encore Premium,14599,71000,25 city/33 hwy,4-cyl,Turbo Gas,Front Wheel Drive,Automatic,Silver/Gray,1 Owner,No flood or frame damage,No odometer problems,KL4CJDSBXFB229826,CUV - Compact,Clean,No Issue,Minor,No Open Recalls,No Issue,No Issue,No CPO Info Available,No Issue
2021,Buick,Encore GX Preferred,19998,24000,28 city/31 hwy,3-cyl,Turbo Gas,Front Wheel Drive,Automatic,Black/Black,1 Owner,No flood or frame damage,No odometer problems,KL4MMBS2XMB131764,CUV - Compact,Clean,No Issue,No Issue,No Open Recalls,No Issue,No Issue,No CPO Info Available,No Issue
2021,Buick,Envision Preferred,23998,27000,24 city/31 hwy,4-cyl,Turbo Gas,Front Wheel Drive,Automatic,White/Black,1 Owner,No flood or frame damage,No odometer problems,LRBAZLR43MD074317,CUV - Compact,Clean,No Issue,Damage Reported,No Open Recalls,No Issue,No Issue,No CPO Info Available,No Issue
2017,Buick,Encore Preferred,15998,53000,25 city/33 hwy,4-cyl,Turbo Gas,Front Wheel Drive,Automatic,Blue/Black,2 Owners,No flood or frame damage,No odometer problems,KL4CJASB6HB179248,CUV - Compact,Clean,No Issue,No Issue,No Open Recalls,No Issue,No Issue,No CPO Info Available,No Issue
2020,Buick,Enclave Essence,27998,46000,17 city/25 hwy,6-cyl,Gas,All Wheel Drive,Automatic,Black/Tan,1 Owner,No flood or frame damage,No odometer problems,5GAEVAKW9LJ329746,CUV - Midsize,Clean,No Issue,No Issue,No Open Recalls,No Issue,No Issue,No CPO Info Available,No Issue
2019,Buick,Encore Essence,18998,19000,25 city/30 hwy,4-cyl,Turbo Gas,Front Wheel Drive,Automatic,Gray/Black,2 Owners,No flood or frame damage,No odometer problems,KL4CJCSM3KB855689,CUV - Compact,Clean,No Issue,No Issue,No Open Recalls,No Issue,No Issue,No CPO Info Available,No Issue
