year,make,model,price,mileage,Miles per gallon,Transmission,Color,owner,frame_damage,Odometer_problem,VIN,class,State Title Brand,Auction Brand / Issues,Accident / Damage,Open Recall Check,Insurance Loss / Transfer,Odometer Check,Certified Pre-Owned,Service / Repair,cylinders,fuel,Drive type,Bed Length,Range (when new),Miles per gallon equivalent (MPGe),Motor,Time to fully charge battery (240V)
2018,Chevrolet,Trax LT,16998,50000,25 city/33 hwy,Automatic,Silver/Black,2 Owners,No flood or frame damage,No odometer problems,KL7CJLSB7JB705147,CUV - Compact,Clean,No Issue,No Issue,No Open Recalls,No Issue,No Issue,No CPO Info Available,No Issue,,,,,,,,
2018,Chevrolet,Traverse LT,23998,60000,17 city/25 hwy,Automatic,White/Gray,1 Owner,No flood or frame damage,No odometer problems,1GNEVGKWXJJ266405,CUV - Large,Clean,No Issue,Damage Reported,No Open Recalls,No Issue,No Issue,No CPO Info Available,No Issue,6-cyl,Gas,All Wheel Drive,,,,,
2020,Chevrolet,Trax Premier,19998,46000,24 city/29 hwy,Automatic,Gray/Gray,2 Owners,No flood or frame damage,No odometer problems,3GNCJRSB4LL115910,CUV - Compact,Clean,No Issue,No Issue,No Open Recalls,No Issue,No Issue,OEM-Certified,No Issue,4-cyl,Turbo Gas,All Wheel Drive,,,,,
2019,Chevrolet,Silverado 1500 Custom,32998,31000,15 city/20 hwy,Automatic,Gray/Black,1 Owner,No flood or frame damage,No odometer problems,1GCRYBEH2KZ394030,Pickup - Fullsize,Clean,No Issue,No Issue,1 Open Recall(s),No Issue,No Issue,No CPO Info Available,No Issue,,,,6.5 ft,,,,
2016,Chevrolet,Cruze Limited LT,13998,64000,26 city/38 hwy,Automatic,Tan/Black,2 Owners,No flood or frame damage,No odometer problems,1G1PE5SB6G7158865,Car - Midsize,Clean,No Issue,Damage Reported,No Open Recalls,No Issue,No Issue,No CPO Info Available,No Issue,4-cyl,Turbo Gas,Front Wheel Drive,,,,,
2021,Chevrolet,Silverado 1500 LT Trail Boss,42998,52000,16 city/22 hwy,Automatic,White/Black,2 Owners,No flood or frame damage,No odometer problems,1GCPYFED0MZ360618,Pickup - Fullsize,Clean,No Issue,Minor,No Open Recalls,No Issue,No Issue,OEM-Certified,No Issue,8-cyl,Gas,Four Wheel Drive,5.5 ft,,,,
2017,Chevrolet,Malibu LT,16998,96000,27 city/36 hwy,Automatic,Black/Black,2 Owners,No flood or frame damage,No odometer problems,1G1ZE5ST4HF254650,Car - Midsize,Clean,No Issue,Minor,No Open Recalls,No Issue,No Issue,No CPO Info Available,No Issue,4-cyl,Turbo Gas,Front Wheel Drive,,,,,
2019,Chevrolet,Corvette Grand Sport,61998,14000,16 city/25 hwy,Manual 7 Speed,White/Red,3 Owners,No flood or frame damage,No odometer problems,1G1YX3D71K5117575,Sport Car - Subcompact,Clean,No Issue,No Issue,No Open Recalls,No Issue,No Issue,No CPO Info Available,No Issue,8-cyl,Gas,Rear Wheel Drive,,,,,
2024,Chevrolet,Trax LS,24998,7000,28 city/32 hwy,Automatic,White/Black,1 Owner,No flood or frame damage,No odometer problems,KL77LFE28RC080093,CUV - Compact,Clean,No Issue,No Issue,No Open Recalls,No Issue,No Issue,No CPO Info Available,No Issue,3-cyl,Turbo Gas,Front Wheel Drive,,,,,
2018,Chevrolet,Silverado 3500 LTZ,53998,28000,Not available,Automatic,White/Taupe,1 Owner,No flood or frame damage,No odometer problems,1GC4K0EYXJF147502,Pickup - Fullsize,Clean,No Issue,No Issue,No Open Recalls,No Issue,No Issue,No CPO Info Available,No Issue,8-cyl,Turbo Diesel,Four Wheel Drive,6.5 ft,,,,
2022,Chevrolet,TrailBlazer LT,23998,34000,26 city/28 hwy,Automatic,White/Black,1 Owner,No flood or frame damage,No odometer problems,KL79MRSL2NB128837,CUV - Compact,Clean,No Issue,No Issue,No Open Recalls,No Issue,No Issue,No CPO Info Available,No Issue,3-cyl,Turbo Gas,All Wheel Drive,,,,,
2015,Chevrolet,Spark LS,12599,29000,30 city/39 hwy,Automatic,Black/Gray,2 Owners,No flood or frame damage,No odometer problems,KL8CB6S96FC715810,Car - Subcompact,Clean,No Issue,No Issue,No Open Recalls,No Issue,No Issue,No CPO Info Available,No Issue,4-cyl,Gas,Front Wheel Drive,,,,,
2020,Chevrolet,Tahoe LS,32998,60000,15 city/21 hwy,Automatic,Burgundy/Black,2 Owners,No flood or frame damage,No odometer problems,1GNSKAKC9LR228747,SUV - Large,Clean,No Issue,No Issue,No Open Recalls,No Issue,No Issue,No CPO Info Available,No Issue,8-cyl,Gas,Four Wheel Drive,,,,,
2020,Chevrolet,Trax LS,16998,45000,26 city/31 hwy,Automatic,Gray/Black,1 Owner,No flood or frame damage,No odometer problems,3GNCJKSB7LL131834,CUV - Compact,Clean,No Issue,No Issue,No Open Recalls,No Issue,No Issue,No CPO Info Available,No Issue,,,,,,,,
2020,Chevrolet,Equinox LS,19998,47000,26 city/31 hwy,Automatic,Black/Gray,1 Owner,No flood or frame damage,No odometer problems,2GNAXHEVXL6151028,CUV - Midsize,Clean,No Issue,Minor,No Open Recalls,No Issue,No Issue,No CPO Info Available,No Issue,4-cyl,Turbo Gas,Front Wheel Drive,,,,,
2025,Chevrolet,Trax 2RS,28998,2000,28 city/31 hwy,Automatic,Black/Black,1 Owner,No flood or frame damage,No odometer problems,KL77LJEP1SC011380,CUV - Compact,Clean,No Issue,No Issue,No Open Recalls,No Issue,No Issue,No CPO Info Available,No Issue,3-cyl,Turbo Gas,Front Wheel Drive,,,,,
2019,Chevrolet,Silverado 1500 LT Trail Boss,37998,69000,15 city/20 hwy,Automatic,Blue/Gray,1 Owner,No flood or frame damage,No odometer problems,1GCPYFED9KZ203635,Pickup - Fullsize,Clean,No Issue,No Issue,No Open Recalls,No Issue,No Issue,No CPO Info Available,No Issue,,,,5.5 ft,,,,
2018,Chevrolet,Equinox LS,17998,65000,24 city/30 hwy,Automatic,Gray/Gray,2 Owners,No flood or frame damage,No odometer problems,2GNAXREV6J6275722,CUV - Midsize,Clean,No Issue,Damage Reported,No Open Recalls,No Issue,No Issue,No CPO Info Available,No Issue,4-cyl,Turbo Gas,All Wheel Drive,,,,,
2017,Chevrolet,Equinox LT,14599,85000,21 city/31 hwy,Automatic,Silver/Black,1 Owner,No flood or frame damage,No odometer problems,2GNALCEK7H1507914,CUV - Midsize,Clean,No Issue,No Issue,No Open Recalls,No Issue,No Issue,No CPO Info Available,No Issue,4-cyl,Gas,Front Wheel Drive,,,,,
2013,Chevrolet,Malibu LT,13998,73000,22 city/34 hwy,Automatic,Red/Tan,1 Owner,No flood or frame damage,No odometer problems,1G11E5SAXDF293698,Car - Midsize,Clean,No Issue,No Issue,No Open Recalls,No Issue,No Issue,No CPO Info Available,No Issue,4-cyl,Gas,Front Wheel Drive,,,,,
2022,Chevrolet,TrailBlazer LT,21998,42000,29 city/31 hwy,Automatic,White/Black,1 Owner,No flood or frame damage,No odometer problems,KL79MPSL3NB070502,CUV - Compact,Clean,No Issue,No Issue,No Open Recalls,No Issue,No Issue,No CPO Info Available,No Issue,3-cyl,Turbo Gas,Front Wheel Drive,,,,,
2017,Chevrolet,Cruze LS,14998,61000,30 city/40 hwy,Automatic,White/Black,1 Owner,No flood or frame damage,No odometer problems,1G1BC5SM4H7163999,Car - Compact,Clean,No Issue,No Issue,No Open Recalls,No Issue,No Issue,No CPO Info Available,No Issue,4-cyl,Turbo Gas,Front Wheel Drive,,,,,
2022,Chevrolet,Equinox LS,22998,9000,26 city/31 hwy,Automatic,Silver/Gray,2 Owners,No flood or frame damage,No odometer problems,2GNAXHEV3N6130167,CUV - Midsize,Clean,No Issue,No Issue,No Open Recalls,No Issue,No Issue,No CPO Info Available,No Issue,4-cyl,Turbo Gas,Front Wheel Drive,,,,,
2024,Chevrolet,Trax 1RS,26998,4000,28 city/32 hwy,Automatic,Orange/Black,1 Owner,No flood or frame damage,No odometer problems,KL77LGE23RC186845,CUV - Compact,Clean,No Issue,No Issue,No Open Recalls,No Issue,No Issue,No CPO Info Available,No Issue,3-cyl,Turbo Gas,Front Wheel Drive,,,,,
2019,Chevrolet,Malibu LT,19998,34000,29 city/36 hwy,Automatic,White/Black,2 Owners,No flood or frame damage,No odometer problems,1G1ZD5ST1KF119572,Car - Midsize,Clean,No Issue,No Issue,No Open Recalls,No Issue,No Issue,No CPO Info Available,No Issue,4-cyl,Turbo Gas,Front Wheel Drive,,,,,
2021,Chevrolet,Silverado 1500 LT,33998,58000,19 city/18 hwy,Automatic,White/Black,2 Owners,No flood or frame damage,No odometer problems,1GCUYDED5MZ192286,Pickup - Fullsize,Clean,No Issue,Damage Reported,No Open Recalls,No Issue,No Issue,No CPO Info Available,No Issue,8-cyl,Gas,Four Wheel Drive,5.5 ft,,,,
2021,Chevrolet,TrailBlazer LS,19998,28000,28 city/31 hwy,Automatic,White/Black,1 Owner,No flood or frame damage,No odometer problems,KL79MMS2XMB163666,CUV - Compact,Clean,No Issue,No Issue,No Open Recalls,No Issue,No Issue,No CPO Info Available,No Issue,,,,,,,,
2018,Chevrolet,Equinox LT,17998,34000,26 city/32 hwy,Automatic,Silver/Black,2 Owners,No flood or frame damage,No odometer problems,2GNAXJEV7J6227826,CUV - Midsize,Clean,No Issue,No Issue,No Open Recalls,No Issue,No Issue,No CPO Info Available,No Issue,4-cyl,Turbo Gas,Front Wheel Drive,,,,,
2022,Chevrolet,Equinox LT,20998,33000,26 city/31 hwy,Automatic,Black/Black,1 Owner,No flood or frame damage,No odometer problems,3GNAXKEV0NL288877,CUV - Midsize,Clean,No Issue,No Issue,No Open Recalls,No Issue,No Issue,No CPO Info Available,No Issue,4-cyl,Turbo Gas,Front Wheel Drive,,,,,
2021,Chevrolet,Corvette Stingray 1LT,62998,14000,15 city/27 hwy,Automatic,Blue/White,2 Owners,No flood or frame damage,No odometer problems,1G1YA2D48M5124477,Sport Car - Subcompact,Clean,No Issue,No Issue,No Open Recalls,No Issue,No Issue,No CPO Info Available,No Issue,8-cyl,Gas,Rear Wheel Drive,,,,,
2018,Chevrolet,Equinox LT,18998,31000,26 city/32 hwy,Automatic,Silver/Black,2 Owners,No flood or frame damage,No odometer problems,3GNAXJEV4JL103444,CUV - Midsize,Clean,No Issue,Minor,No Open Recalls,No Issue,No Issue,No CPO Info Available,No Issue,4-cyl,Turbo Gas,Front Wheel Drive,,,,,
2021,Chevrolet,Trax LT,19998,16000,24 city/29 hwy,Automatic,Purple/Black,1 Owner,No flood or frame damage,No odometer problems,KL7CJPSB0MB357395,CUV - Compact,Clean,No Issue,No Issue,No Open Recalls,No Issue,No Issue,No CPO Info Available,No Issue,4-cyl,Turbo Gas,All Wheel Drive,,,,,
2024,Chevrolet,Trax Activ,27998,5000,28 city/32 hwy,Automatic,White/Black,1 Owner,No flood or frame damage,No odometer problems,KL77LKE28RC056305,CUV - Compact,Clean,No Issue,No Issue,1 Open Recall(s),No Issue,No Issue,No CPO Info Available,No Issue,3-cyl,Turbo Gas,Front Wheel Drive,,,,,
2019,Chevrolet,Cruze LS,18998,3000,28 city/38 hwy,Automatic,Silver/Black,1 Owner,No flood or frame damage,No odometer problems,3G1BC6SM3KS573403,Car - Midsize,Clean,No Issue,No Issue,No Open Recalls,No Issue,Odometer Issue Reported,No CPO Info Available,No Issue,4-cyl,Turbo Gas,Front Wheel Drive,,,,,
2021,Chevrolet,Equinox LS,21998,8000,26 city/31 hwy,Automatic,Blue/Gray,2 Owners,No flood or frame damage,No odometer problems,3GNAXHEV4MS125155,CUV - Midsize,Clean,No Issue,Minor,No Open Recalls,No Issue,No Issue,No CPO Info Available,No Issue,4-cyl,Turbo Gas,Front Wheel Drive,,,,,
2023,Chevrolet,Corvette Stingray 2LT,75998,1000,16 city/24 hwy,Automatic,Gray/Black,1 Owner,No flood or frame damage,No odometer problems,1G1YB3D46P5123612,Sport Car - Subcompact,Clean,No Issue,No Issue,No Open Recalls,No Issue,No Issue,No CPO Info Available,No Issue,8-cyl,Gas,Rear Wheel Drive,,,,,
2024,Chevrolet,Trax Activ,27998,5000,28 city/32 hwy,Automatic,Yellow/Black,1 Owner,No flood or frame damage,No odometer problems,KL77LKE22RC107863,CUV - Compact,Clean,No Issue,No Issue,No Open Recalls,No Issue,No Issue,No CPO Info Available,No Issue,3-cyl,Turbo Gas,Front Wheel Drive,,,,,
2016,Chevrolet,Suburban 1500 LT,31998,80000,15 city/22 hwy,Automatic,White/Black,2 Owners,No flood or frame damage,No odometer problems,1GNSKHKC3GR269986,SUV - Large,Clean,No Issue,No Issue,No Open Recalls,No Issue,No Issue,No CPO Info Available,No Issue,8-cyl,Gas,Four Wheel Drive,,,,,
2018,Chevrolet,Malibu LT,16998,88000,27 city/36 hwy,Automatic,White/Gray,3 Owners,No flood or frame damage,No odometer problems,1G1ZD5ST7JF167673,Car - Midsize,Clean,No Issue,No Issue,No Open Recalls,No Issue,No Issue,No CPO Info Available,No Issue,4-cyl,Turbo Gas,Front Wheel Drive,,,,,
2018,Chevrolet,Equinox Premier,20998,55000,24 city/30 hwy,Automatic,Black/Black,1 Owner,No flood or frame damage,No odometer problems,2GNAXVEV1J6101419,CUV - Midsize,Clean,No Issue,No Issue,No Open Recalls,No Issue,No Issue,No CPO Info Available,No Issue,4-cyl,Turbo Gas,All Wheel Drive,,,,,
2022,Chevrolet,Equinox LT,22998,22000,25 city/30 hwy,Automatic,Silver/Black,1 Owner,No flood or frame damage,No odometer problems,3GNAXTEV5NL135210,CUV - Midsize,Clean,No Issue,No Issue,1 Open Recall(s),No Issue,No Issue,No CPO Info Available,No Issue,4-cyl,Turbo Gas,All Wheel Drive,,,,,
2017,Chevrolet,Silverado 1500 LT,28998,70000,16 city/22 hwy,Automatic,Gray/Black,2 Owners,No flood or frame damage,No odometer problems,3GCUKRECXHG214620,Pickup - Fullsize,Clean,No Issue,No Issue,No Open Recalls,No Issue,No Issue,OEM-Certified,No Issue,8-cyl,Gas,Four Wheel Drive,5.5 ft,,,,
2018,Chevrolet,Cruze LT,14599,79000,29 city/40 hwy,Automatic,Black/Black,2 Owners,No flood or frame damage,No odometer problems,1G1BE5SM1J7113089,Car - Compact,Clean,No Issue,Moderate,No Open Recalls,No Issue,No Issue,No CPO Info Available,No Issue,4-cyl,Turbo Gas,Front Wheel Drive,,,,,
2020,Chevrolet,Traverse LS,24998,54000,18 city/27 hwy,Automatic,Black/Gray,1 Owner,No flood or frame damage,No odometer problems,1GNERFKW4LJ128005,CUV - Large,Clean,No Issue,No Issue,No Open Recalls,No Issue,No Issue,No CPO Info Available,No Issue,6-cyl,Gas,Front Wheel Drive,,,,,
2021,Chevrolet,Colorado Work Truck,26998,10000,19 city/25 hwy,Automatic,Blue/Gray,0 Owner,No flood or frame damage,No odometer problems,1GCHSBEA7M1122770,Pickup - Midsize,Clean,No Issue,No Issue,No Open Recalls,No Issue,No Issue,No CPO Info Available,No Issue,4-cyl,Gas,Rear Wheel Drive,6 ft,,,,
2021,Chevrolet,Traverse LT Cloth,28998,34000,17 city/25 hwy,Automatic,Silver,3 Owners,No flood or frame damage,No odometer problems,1GNEVGKW6MJ161462,CUV - Large,Clean,No Issue,No Issue,No Open Recalls,No Issue,No Issue,No CPO Info Available,No Issue,6-cyl,Gas,All Wheel Drive,,,,,
2018,Chevrolet,Traverse LT,24998,45000,17 city/25 hwy,Automatic,White/Black,1 Owner,No flood or frame damage,No odometer problems,1GNEVGKW8JJ106412,CUV - Large,Clean,No Issue,No Issue,No Open Recalls,No Issue,No Issue,No CPO Info Available,No Issue,6-cyl,Gas,All Wheel Drive,,,,,
2021,Chevrolet,TrailBlazer RS,22998,33000,26 city/30 hwy,Automatic,Red/Black,1 Owner,No flood or frame damage,No odometer problems,KL79MUSL5MB022545,CUV - Compact,Clean,No Issue,Damage Reported,No Open Recalls,No Issue,No Issue,No CPO Info Available,No Issue,3-cyl,Turbo Gas,All Wheel Drive,,,,,
2020,Chevrolet,Traverse LT,29998,18000,18 city/27 hwy,Automatic,White/Black,1 Owner,No flood or frame damage,No odometer problems,1GNERGKW4LJ309224,CUV - Large,Clean,No Issue,No Issue,No Open Recalls,No Issue,No Issue,No CPO Info Available,No Issue,6-cyl,Gas,Front Wheel Drive,,,,,
2018,Chevrolet,Malibu LT,16998,84000,27 city/36 hwy,Automatic,Gold/Black,2 Owners,No flood or frame damage,No odometer problems,1G1ZD5ST6JF278702,Car - Midsize,Clean,No Issue,No Issue,No Open Recalls,No Issue,No Issue,No CPO Info Available,No Issue,4-cyl,Turbo Gas,Front Wheel Drive,,,,,
2020,Chevrolet,Malibu LT,21998,16000,29 city/36 hwy,Automatic,Blue/Black,1 Owner,No flood or frame damage,No odometer problems,1G1ZD5ST1LF146143,Car - Midsize,Clean,No Issue,No Issue,No Open Recalls,No Issue,No Issue,No CPO Info Available,No Issue,4-cyl,Turbo Gas,Front Wheel Drive,,,,,
2022,Chevrolet,Silverado 1500 LTD RST,47998,9000,14 city/18 hwy,Automatic,Black/Black,1 Owner,No flood or frame damage,No odometer problems,3GCUYEED1NG101862,Pickup - Fullsize,Clean,No Issue,No Issue,No Open Recalls,No Issue,No Issue,No CPO Info Available,No Issue,8-cyl,Gas,Four Wheel Drive,5.5 ft,,,,
2024,Chevrolet,Malibu 2LT,29998,4000,Not available,Automatic,Gold/Black,1 Owner,No flood or frame damage,No odometer problems,1G1ZE5ST3RF187430,Car - Midsize,Clean,No Issue,No Issue,No Open Recalls,No Issue,No Issue,No CPO Info Available,No Issue,4-cyl,Turbo Gas,Front Wheel Drive,,,,,
2015,Chevrolet,Sonic LT,11599,94000,25 city/35 hwy,Automatic,Silver/Black,1 Owner,No flood or frame damage,No odometer problems,1G1JC5SHXF4162837,Car - Compact,Clean,No Issue,Moderate,No Open Recalls,No Issue,No Issue,No CPO Info Available,No Issue,4-cyl,Gas,Front Wheel Drive,,,,,
2018,Chevrolet,Trax LT,17998,26000,24 city/30 hwy,Automatic,Silver/Black,2 Owners,No flood or frame damage,No odometer problems,KL7CJPSB2JB576161,CUV - Compact,Clean,No Issue,No Issue,No Open Recalls,No Issue,No Issue,No CPO Info Available,No Issue,4-cyl,Turbo Gas,All Wheel Drive,,,,,
2016,Chevrolet,Volt LT,15998,58000,43 city/42 hwy,,Silver/Black,1 Owner,No flood or frame damage,No odometer problems,1G1RA6S53GU136277,Car - Compact,Clean,No Issue,No Issue,No Open Recalls,No Issue,Odometer Issue Reported,No CPO Info Available,No Issue,4-cyl,Plug-in Hybrid,Front Wheel Drive,,53 miles,,,
2016,Chevrolet,Malibu LT,17998,71000,27 city/37 hwy,Automatic,Silver/Black,1 Owner,No flood or frame damage,No odometer problems,1G1ZE5ST1GF312454,Car - Midsize,Clean,No Issue,No Issue,No Open Recalls,No Issue,No Issue,No CPO Info Available,No Issue,4-cyl,Turbo Gas,Front Wheel Drive,,,,,
2020,Chevrolet,Silverado 1500 Custom,29998,77000,15 city/20 hwy,Automatic,Blue/Black,2 Owners,No flood or frame damage,No odometer problems,3GCPYBEH9LG210081,Pickup - Fullsize,Clean,No Issue,Minor-Moderate,1 Open Recall(s),No Issue,No Issue,No CPO Info Available,No Issue,,,,,,,,
2018,Chevrolet,Equinox LT,18998,55000,24 city/30 hwy,Automatic,White/Gray,2 Owners,No flood or frame damage,No odometer problems,3GNAXSEV2JL364514,CUV - Midsize,Clean,No Issue,No Issue,No Open Recalls,No Issue,No Issue,No CPO Info Available,No Issue,4-cyl,Turbo Gas,All Wheel Drive,,,,,
2021,Chevrolet,Corvette Stingray 2LT,69998,10000,15 city/27 hwy,Automatic,Red/Black,1 Owner,No flood or frame damage,No odometer problems,1G1YB3D45M5102973,Sport Car - Subcompact,Clean,No Issue,No Issue,No Open Recalls,No Issue,No Issue,No CPO Info Available,No Issue,8-cyl,Gas,Rear Wheel Drive,,,,,
2017,Chevrolet,Cruze LT,13998,100000,30 city/40 hwy,Automatic,White/Black,2 Owners,No flood or frame damage,No odometer problems,3G1BE5SMXHS556501,Car - Compact,Clean,No Issue,No Issue,No Open Recalls,No Issue,No Issue,No CPO Info Available,No Issue,4-cyl,Turbo Gas,Front Wheel Drive,,,,,
2015,Chevrolet,Equinox LTZ,14998,97000,20 city/29 hwy,Automatic,Silver/Black,1 Owner,No flood or frame damage,No odometer problems,2GNFLHEK8F6248871,CUV - Midsize,Clean,No Issue,No Issue,1 Open Recall(s),No Issue,No Issue,No CPO Info Available,No Issue,4-cyl,Gas,All Wheel Drive,,,,,
2017,Chevrolet,Sonic LT,12599,91000,24 city/34 hwy,Automatic,Silver/Gray,4 Owners,No flood or frame damage,No odometer problems,1G1JD5SH4H4130885,Car - Compact,Clean,No Issue,Minor,No Open Recalls,No Issue,No Issue,No CPO Info Available,No Issue,4-cyl,Gas,Front Wheel Drive,,,,,
2022,Chevrolet,Colorado Z71,35998,2000,18 city/25 hwy,Automatic,Black/Black,1 Owner,No flood or frame damage,No odometer problems,1GCGSDEN8N1296231,Pickup - Midsize,Clean,No Issue,No Issue,No Open Recalls,No Issue,No Issue,No CPO Info Available,No Issue,6-cyl,Gas,Rear Wheel Drive,5 ft,,,,
2016,Chevrolet,Colorado Work Truck,17998,89000,19 city/26 hwy,Automatic,White/Gray,2 Owners,No flood or frame damage,No odometer problems,1GCHSBEAXG1245323,Pickup - Midsize,Clean,No Issue,Damage Reported,No Open Recalls,No Issue,No Issue,No CPO Info Available,No Issue,4-cyl,Gas,Rear Wheel Drive,6 ft,,,,
2018,Chevrolet,Trax LT,16998,20000,25 city/33 hwy,Automatic,Red/Black,1 Owner,No flood or frame damage,No odometer problems,3GNCJLSB9JL280538,CUV - Compact,Clean,No Issue,Damage Reported,No Open Recalls,No Issue,No Issue,No CPO Info Available,No Issue,,,,,,,,
2018,Chevrolet,Trax LS,15998,56000,24 city/30 hwy,Automatic,Silver/Gray,2 Owners,No flood or frame damage,No odometer problems,3GNCJNSB4JL165065,CUV - Compact,Clean,No Issue,No Issue,No Open Recalls,No Issue,No Issue,No CPO Info Available,No Issue,4-cyl,Turbo Gas,All Wheel Drive,,,,,
2022,Chevrolet,TrailBlazer RS,24998,34000,26 city/28 hwy,Automatic,Blue/Black,2 Owners,No flood or frame damage,No odometer problems,KL79MUSLXNB037009,CUV - Compact,Clean,No Issue,Moderate,No Open Recalls,No Issue,No Issue,No CPO Info Available,No Issue,3-cyl,Turbo Gas,All Wheel Drive,,,,,
2019,Chevrolet,Silverado 1500 LTZ,37998,54000,16 city/22 hwy,Automatic,Black/Black,1 Owner,No flood or frame damage,No odometer problems,1GCUYGED6KZ119359,Pickup - Fullsize,Clean,No Issue,No Issue,No Open Recalls,No Issue,No Issue,No CPO Info Available,No Issue,8-cyl,Gas,Four Wheel Drive,5.5 ft,,,,
2020,Chevrolet,Equinox Premier,20998,73000,25 city/30 hwy,Automatic,Gray/Black,1 Owner,No flood or frame damage,No odometer problems,2GNAXXEV8L6261389,CUV - Midsize,Clean,No Issue,No Issue,No Open Recalls,No Issue,No Issue,No CPO Info Available,No Issue,4-cyl,Turbo Gas,All Wheel Drive,,,,,
2021,Chevrolet,Silverado 1500 LT Trail Boss,48998,19000,16 city/22 hwy,Automatic,Burgundy/Black,1 Owner,No flood or frame damage,No odometer problems,1GCPYFED2MZ289793,Pickup - Fullsize,Clean,No Issue,No Issue,No Open Recalls,No Issue,No Issue,No CPO Info Available,No Issue,8-cyl,Gas,Four Wheel Drive,5.5 ft,,,,
2023,Chevrolet,TrailBlazer LT,24998,18000,26 city/30 hwy,Automatic,Silver/Black,1 Owner,No flood or frame damage,No odometer problems,KL79MRSL5PB021557,CUV - Compact,Clean,No Issue,No Issue,No Open Recalls,No Issue,No Issue,No CPO Info Available,No Issue,3-cyl,Turbo Gas,All Wheel Drive,,,,,
2018,Chevrolet,Equinox LS,14998,95000,26 city/32 hwy,Automatic,Black/Gray,2 Owners,No flood or frame damage,No odometer problems,2GNAXHEV1J6197800,CUV - Midsize,Clean,No Issue,Minor,No Open Recalls,No Issue,No Issue,No CPO Info Available,No Issue,4-cyl,Turbo Gas,Front Wheel Drive,,,,,
2019,Chevrolet,Equinox LT,18998,54000,26 city/32 hwy,Automatic,White/Black,1 Owner,No flood or frame damage,No odometer problems,3GNAXKEV7KS631623,CUV - Midsize,Clean,No Issue,No Issue,No Open Recalls,No Issue,No Issue,No CPO Info Available,No Issue,4-cyl,Turbo Gas,Front Wheel Drive,,,,,
2023,Chevrolet,Traverse LS,32998,7000,17 city/27 hwy,Automatic,Black/Tan,1 Owner,No flood or frame damage,No odometer problems,1GNEVFKW8PJ314731,CUV - Large,Clean,No Issue,No Issue,No Open Recalls,No Issue,No Issue,No CPO Info Available,No Issue,6-cyl,Gas,All Wheel Drive,,,,,
2017,Chevrolet,Equinox LT,17998,48000,20 city/28 hwy,Automatic,Silver/Black,2 Owners,No flood or frame damage,No odometer problems,2GNFLFEKXH6271995,CUV - Midsize,Clean,No Issue,No Issue,No Open Recalls,No Issue,No Issue,No CPO Info Available,No Issue,4-cyl,Gas,All Wheel Drive,,,,,
2022,Chevrolet,Equinox Premier,24998,32000,26 city/31 hwy,Automatic,White/Black,2 Owners,No flood or frame damage,No odometer problems,3GNAXNEV3NS103616,CUV - Midsize,Clean,No Issue,Minor,No Open Recalls,No Issue,No Issue,No CPO Info Available,No Issue,4-cyl,Turbo Gas,Front Wheel Drive,,,,,
2021,Chevrolet,Equinox LT,21998,32000,25 city/30 hwy,Automatic,Red/Gray,2 Owners,No flood or frame damage,No odometer problems,2GNAXUEV1M6158394,CUV - Midsize,Clean,No Issue,No Issue,No Open Recalls,No Issue,No Issue,No CPO Info Available,No Issue,4-cyl,Turbo Gas,All Wheel Drive,,,,,
2019,Chevrolet,Spark LS,14998,34000,30 city/38 hwy,Automatic,Black/Black,1 Owner,No flood or frame damage,No odometer problems,KL8CB6SA7KC747427,Car - Subcompact,Clean,No Issue,No Issue,No Open Recalls,No Issue,No Issue,No CPO Info Available,No Issue,4-cyl,Gas,Front Wheel Drive,,,,,
2018,Chevrolet,Trax LT,15998,55000,24 city/30 hwy,Automatic,Blue/Black,2 Owners,No flood or frame damage,No odometer problems,3GNCJNSB5JL244194,CUV - Compact,Clean,No Issue,No Issue,No Open Recalls,No Issue,No Issue,No CPO Info Available,No Issue,4-cyl,Turbo Gas,All Wheel Drive,,,,,
2015,Chevrolet,Silverado 1500 LT,25998,88000,17 city/22 hwy,Automatic,Silver/Black,2 Owners,No flood or frame damage,No odometer problems,3GCUKREC1FG484591,Pickup - Fullsize,Clean,No Issue,No Issue,1 Open Recall(s),No Issue,No Issue,No CPO Info Available,No Issue,8-cyl,Gas,Four Wheel Drive,5.5 ft,,,,
2022,Chevrolet,Trax LS,18998,35000,23 city/30 hwy,Automatic,Silver/Black,1 Owner,No flood or frame damage,No odometer problems,KL7CJNSM2NB544631,CUV - Compact,Clean,No Issue,No Issue,No Open Recalls,No Issue,No Issue,No CPO Info Available,No Issue,4-cyl,Turbo Gas,All Wheel Drive,,,,,
2017,Chevrolet,Malibu LT,14998,107000,27 city/36 hwy,Automatic,Black/Black,1 Owner,No flood or frame damage,No odometer problems,1G1ZE5ST5HF142150,Car - Midsize,Clean,No Issue,No Issue,No Open Recalls,No Issue,No Issue,No CPO Info Available,No Issue,4-cyl,Turbo Gas,Front Wheel Drive,,,,,
2014,Chevrolet,Equinox LT,12998,103000,20 city/29 hwy,Automatic,White/Black,2 Owners,No flood or frame damage,No odometer problems,2GNFLFEK2E6249632,CUV - Midsize,Clean,No Issue,No Issue,1 Open Recall(s),No Issue,No Issue,No CPO Info Available,No Issue,4-cyl,Gas,All Wheel Drive,,,,,
2024,Chevrolet,Trax Activ,27998,3000,28 city/32 hwy,Automatic,Orange/Black,1 Owner,No flood or frame damage,No odometer problems,KL77LKE21RC172624,CUV - Compact,Clean,No Issue,No Issue,1 Open Recall(s),No Issue,No Issue,No CPO Info Available,No Issue,3-cyl,Turbo Gas,Front Wheel Drive,,,,,
2024,Chevrolet,Trax 2RS,26998,10000,28 city/32 hwy,Automatic,Green/Black,1 Owner,No flood or frame damage,No odometer problems,KL77LJE20RC126230,CUV - Compact,Clean,No Issue,No Issue,1 Open Recall(s),No Issue,No Issue,No CPO Info Available,No Issue,3-cyl,Turbo Gas,Front Wheel Drive,,,,,
2023,Chevrolet,Bolt EUV LT,23998,13000,,,Silver/Black,2 Owners,No flood or frame damage,No odometer problems,1G1FY6S0XP4136635,CUV - Midsize,Clean,No Issue,No Issue,No Open Recalls,No Issue,No Issue,No CPO Info Available,No Issue,,,,,247 miles,125 city/104 hwy,Electric,7.5 hours
2014,Chevrolet,Cruze LT,14599,50000,26 city/38 hwy,Automatic,White/Red,2 Owners,No flood or frame damage,No odometer problems,1G1PC5SB6E7450986,Car - Midsize,Clean,No Issue,No Issue,No Open Recalls,No Issue,No Issue,No Recent CPO Reported,No Issue,4-cyl,Turbo Gas,Front Wheel Drive,,,,,
2020,Chevrolet,Equinox LT,20998,35000,26 city/31 hwy,Automatic,Blue/Black,1 Owner,No flood or frame damage,No odometer problems,2GNAXKEV9L6239713,CUV - Midsize,Clean,No Issue,Damage Reported,No Open Recalls,No Issue,No Issue,No CPO Info Available,No Issue,4-cyl,Turbo Gas,Front Wheel Drive,,,,,
2016,Chevrolet,Malibu LT,15998,71000,27 city/37 hwy,Automatic,White/Black,1 Owner,No flood or frame damage,No odometer problems,1G1ZE5ST6GF321702,Car - Midsize,Clean,No Issue,Moderate,No Open Recalls,No Issue,No Issue,No CPO Info Available,No Issue,4-cyl,Turbo Gas,Front Wheel Drive,,,,,
2017,Chevrolet,Volt LT,16998,60000,,,Gray/Black,2 Owners,No flood or frame damage,No odometer problems,1G1RA6S50HU129076,Car - Compact,Clean,No Issue,No Issue,No Open Recalls,No Issue,No Issue,No CPO Info Available,No Issue,4-cyl,Plug-in Hybrid,Front Wheel Drive,,53 miles,,,
2014,Chevrolet,Silverado 1500 LT,23998,53000,18 city/24 hwy,Automatic,Burgundy/Tan,1 Owner,No flood or frame damage,No odometer problems,1GCNCREH8EZ312389,Pickup - Fullsize,Clean,No Issue,Minor,No Open Recalls,No Issue,No Issue,No CPO Info Available,No Issue,6-cyl,Gas,Rear Wheel Drive,6.5 ft,,,,
2017,Chevrolet,Trax LT,15998,42000,25 city/33 hwy,Automatic,Silver/Black,1 Owner,No flood or frame damage,No odometer problems,3GNCJLSBXHL147197,CUV - Compact,Clean,No Issue,No Issue,No Open Recalls,No Issue,No Issue,No CPO Info Available,No Issue,4-cyl,Turbo Gas,Front Wheel Drive,,,,,
2020,Chevrolet,Sonic LT,15998,44000,26 city/34 hwy,Automatic,Gray/Black,2 Owners,No flood or frame damage,No odometer problems,1G1JD5SB9L4123080,Car - Compact,Clean,No Issue,Minor,No Open Recalls,No Issue,No Issue,No CPO Info Available,No Issue,4-cyl,Turbo Gas,Front Wheel Drive,,,,,
2018,Chevrolet,Suburban 1500 Premier,43998,52000,15 city/22 hwy,Automatic,Black/Taupe,2 Owners,No flood or frame damage,No odometer problems,1GNSKJKC6JR294055,SUV - Large,Clean,No Issue,No Issue,No Open Recalls,No Issue,No Issue,No CPO Info Available,No Issue,8-cyl,Gas,Four Wheel Drive,,,,,
2024,Chevrolet,Silverado 1500 ZR2,64998,2000,15 city/20 hwy,Automatic,Silver/Black,1 Owner,No flood or frame damage,No odometer problems,3GCUDHEL8RG315595,Pickup - Fullsize,Clean,No Issue,No Issue,No Open Recalls,No Issue,No Issue,No CPO Info Available,No Issue,8-cyl,Gas,Four Wheel Drive,5.5 ft,,,,
2020,Chevrolet,Equinox LT,19998,55000,26 city/31 hwy,Automatic,Gray/Black,1 Owner,No flood or frame damage,No odometer problems,2GNAXJEV2L6158062,CUV - Midsize,Clean,No Issue,No Issue,No Open Recalls,No Issue,No Issue,No CPO Info Available,No Issue,4-cyl,Turbo Gas,Front Wheel Drive,,,,,
2021,Chevrolet,Equinox LT,20998,31000,26 city/31 hwy,Automatic,Black/Black,1 Owner,No flood or frame damage,No odometer problems,3GNAXKEV3ML355566,CUV - Midsize,Clean,No Issue,Minor,No Open Recalls,No Issue,No Issue,No CPO Info Available,No Issue,4-cyl,Turbo Gas,Front Wheel Drive,,,,,
2019,Chevrolet,Trax LT,15998,80000,24 city/29 hwy,Automatic,Gray/Black,2 Owners,No flood or frame damage,No odometer problems,KL7CJPSB6KB936811,CUV - Compact,Clean,No Issue,Damage Reported,No Open Recalls,No Issue,No Issue,No CPO Info Available,No Issue,4-cyl,Turbo Gas,All Wheel Drive,,,,,
2018,Chevrolet,Equinox LS,19998,28000,24 city/30 hwy,Automatic,Blue/Gray,1 Owner,No flood or frame damage,No odometer problems,3GNAXHEV5JL105518,CUV - Midsize,Clean,No Issue,Moderate,No Open Recalls,No Issue,No Issue,No CPO Info Available,No Issue,4-cyl,Turbo Gas,All Wheel Drive,,,,,
2023,Chevrolet,Equinox LT,24998,13000,26 city/31 hwy,Automatic,Gray/Gray,1 Owner,No flood or frame damage,No odometer problems,3GNAXKEG6PL134663,CUV - Midsize,Clean,No Issue,No Issue,No Open Recalls,No Issue,No Issue,No CPO Info Available,No Issue,4-cyl,Turbo Gas,Front Wheel Drive,,,,,
2023,Chevrolet,Equinox RS,28998,11000,25 city/30 hwy,Automatic,Brown/Black,1 Owner,No flood or frame damage,No odometer problems,3GNAXWEGXPL185140,CUV - Midsize,Clean,No Issue,No Issue,No Open Recalls,No Issue,No Issue,No CPO Info Available,No Issue,4-cyl,Turbo Gas,All Wheel Drive,,,,,
2021,Chevrolet,Equinox LS,21998,23000,25 city/30 hwy,Automatic,White/Gray,1 Owner,No flood or frame damage,No odometer problems,3GNAXSEV1MS157266,CUV - Midsize,Clean,No Issue,Damage Reported,No Open Recalls,No Issue,No Issue,No CPO Info Available,No Issue,4-cyl,Turbo Gas,All Wheel Drive,,,,,
2021,Chevrolet,Suburban 1500 RST,53998,55000,15 city/19 hwy,Automatic,Black/Black,1 Owner,No flood or frame damage,No odometer problems,1GNSKEKD1MR446134,SUV - Large,Clean,No Issue,No Issue,No Open Recalls,No Issue,No Issue,No CPO Info Available,No Issue,8-cyl,Gas,Four Wheel Drive,,,,,
2018,Chevrolet,Malibu LS,16998,61000,27 city/36 hwy,Automatic,Black/Gray,2 Owners,No flood or frame damage,No odometer problems,1G1ZB5ST4JF222618,Car - Midsize,Clean,No Issue,No Issue,No Open Recalls,No Issue,No Issue,No CPO Info Available,No Issue,4-cyl,Turbo Gas,Front Wheel Drive,,,,,
2021,Chevrolet,Blazer LT,25998,4000,21 city/27 hwy,Automatic,Red/Black,1 Owner,No flood or frame damage,No odometer problems,3GNKBBRAXMS587419,CUV - Midsize,Clean,No Issue,No Issue,No Open Recalls,No Issue,No Issue,No CPO Info Available,No Issue,4-cyl,Gas,Front Wheel Drive,,,,,
2021,Chevrolet,Trax LT,18998,36000,26 city/31 hwy,Automatic,Silver/Black,1 Owner,No flood or frame damage,No odometer problems,KL7CJLSB8MB308695,CUV - Compact,Clean,No Issue,Damage Reported,No Open Recalls,No Issue,No Issue,No CPO Info Available,No Issue,4-cyl,Turbo Gas,Front Wheel Drive,,,,,
2018,Chevrolet,Volt LT,15998,80000,43 city/42 hwy,,White/Black,3 Owners,No flood or frame damage,No odometer problems,1G1RC6S52JU125885,Car - Compact,Clean,No Issue,Damage Reported,No Open Recalls,No Issue,No Issue,No CPO Info Available,No Issue,4-cyl,Plug-in Hybrid,Front Wheel Drive,,53 miles,113 city/99 hwy,,4.5 hours
2020,Chevrolet,Equinox LS,20998,20000,26 city/31 hwy,Automatic,Black/Black,1 Owner,No flood or frame damage,No odometer problems,2GNAXHEV1L6110982,CUV - Midsize,Clean,No Issue,No Issue,No Open Recalls,No Issue,No Issue,No CPO Info Available,No Issue,4-cyl,Turbo Gas,Front Wheel Drive,,,,,
2017,Chevrolet,Equinox LT,14998,87000,20 city/28 hwy,Automatic,Gray/Black,2 Owners,No flood or frame damage,No odometer problems,2GNFLFEKXH6181195,CUV - Midsize,Clean,No Issue,Minor,No Open Recalls,No Issue,No Issue,No CPO Info Available,No Issue,4-cyl,Gas,All Wheel Drive,,,,,
2020,Chevrolet,Suburban 1500 Premier,46998,64000,14 city/21 hwy,Automatic,Black/Tan,1 Owner,No flood or frame damage,No odometer problems,1GNSKJKCXLR182409,SUV - Large,Clean,No Issue,No Issue,No Open Recalls,No Issue,No Issue,No CPO Info Available,No Issue,8-cyl,Gas,Four Wheel Drive,,,,,
2022,Chevrolet,Bolt EUV Premier,24998,16000,,,Black/Blue,2 Owners,No flood or frame damage,No odometer problems,1G1FZ6S00N4108823,CUV - Midsize,Clean,No Issue,No Issue,No Open Recalls,No Issue,No Issue,OEM-Certified,No Issue,,,,,247 miles,125 city/104 hwy,Electric,7.5 hours
2021,Chevrolet,Tahoe LT,52998,44000,16 city/20 hwy,Automatic,White/Black,1 Owner,No flood or frame damage,No odometer problems,1GNSKNKD9MR293793,SUV - Large,Clean,No Issue,No Issue,1 Open Recall(s),No Issue,No Issue,No CPO Info Available,No Issue,8-cyl,Gas,Four Wheel Drive,,,,,
2017,Chevrolet,Colorado Work Truck,21998,113000,17 city/24 hwy,Automatic,Gray/Gray,2 Owners,No flood or frame damage,No odometer problems,1GCGTBEN9H1162625,Pickup - Midsize,Clean,No Issue,Very Minor,No Open Recalls,No Issue,No Issue,No CPO Info Available,No Issue,6-cyl,Gas,Four Wheel Drive,5 ft,,,,
2021,Chevrolet,Malibu LS,18998,51000,29 city/36 hwy,Automatic,White/Black,3 Owners,No flood or frame damage,No odometer problems,1G1ZC5ST3MF087035,Car - Midsize,Clean,No Issue,No Issue,No Open Recalls,No Issue,No Issue,No CPO Info Available,No Issue,4-cyl,Turbo Gas,Front Wheel Drive,,,,,
2020,Chevrolet,Silverado 1500 LT Trail Boss,41998,33000,16 city/21 hwy,Automatic,White/Black,2 Owners,No flood or frame damage,No odometer problems,1GCPYFED2LZ380965,Pickup - Fullsize,Clean,No Issue,Damage Reported,No Open Recalls,No Issue,No Issue,No Recent CPO Reported,No Issue,8-cyl,Gas,Four Wheel Drive,5.5 ft,,,,
2021,Chevrolet,Spark LS,14998,22000,29 city/38 hwy,Automatic,Gray/Black,2 Owners,No flood or frame damage,No odometer problems,KL8CB6SA5MC705194,Car - Subcompact,Clean,No Issue,No Issue,No Open Recalls,No Issue,No Issue,No CPO Info Available,No Issue,4-cyl,Gas,Front Wheel Drive,,,,,
2024,Chevrolet,Trax 1RS,26998,1000,28 city/32 hwy,Automatic,White/Black,1 Owner,No flood or frame damage,No odometer problems,KL77LGE29RC151890,CUV - Compact,Clean,No Issue,No Issue,1 Open Recall(s),No Issue,No Issue,No CPO Info Available,No Issue,,,,,,,,
2015,Chevrolet,Sonic LTZ,13599,63000,27 city/37 hwy,Automatic,White/Black,2 Owners,No flood or frame damage,No odometer problems,1G1JE6SB3F4193066,Car - Compact,Clean,No Issue,Moderate,No Open Recalls,No Issue,No Issue,No CPO Info Available,No Issue,,,,,,,,
2018,Chevrolet,Equinox LT,18998,43000,24 city/30 hwy,Automatic,Silver/Black,1 Owner,No flood or frame damage,No odometer problems,2GNAXSEV0J6351202,CUV - Midsize,Clean,No Issue,No Issue,No Open Recalls,No Issue,No Issue,No CPO Info Available,No Issue,4-cyl,Turbo Gas,All Wheel Drive,,,,,
2020,Chevrolet,Malibu LT,18998,59000,29 city/36 hwy,Automatic,Gray/Black,1 Owner,No flood or frame damage,No odometer problems,1G1ZD5ST5LF124422,Car - Midsize,Clean,No Issue,Damage Reported,No Open Recalls,No Issue,No Issue,No CPO Info Available,No Issue,4-cyl,Turbo Gas,Front Wheel Drive,,,,,
2024,Chevrolet,Silverado 2500 Custom,49998,19000,Not available,Automatic,Black/Black,1 Owner,No flood or frame damage,No odometer problems,2GC4YME74R1100739,Pickup - Fullsize,Clean,No Issue,No Issue,1 Open Recall(s),No Issue,No Issue,No CPO Info Available,No Issue,8-cyl,Gas,Four Wheel Drive,6.5 ft,,,,
2019,Chevrolet,Trax LS,15998,54000,24 city/29 hwy,Automatic,Black/Black,2 Owners,No flood or frame damage,No odometer problems,3GNCJNSB6KL313623,CUV - Compact,Clean,No Issue,Damage Reported,No Open Recalls,No Issue,No Issue,No CPO Info Available,No Issue,4-cyl,Turbo Gas,All Wheel Drive,,,,,
2018,Chevrolet,Impala LT,15998,102000,18 city/28 hwy,Automatic,Silver/Black,2 Owners,No flood or frame damage,No odometer problems,1G1105S30JU143607,Car - Midsize,Clean,No Issue,No Issue,No Open Recalls,No Issue,No Issue,No CPO Info Available,No Issue,6-cyl,Gas,Front Wheel Drive,,,,,
2018,Chevrolet,Silverado 1500 LTZ,36998,60000,16 city/22 hwy,Automatic,Black/Black,2 Owners,No flood or frame damage,No odometer problems,3GCUKSEC9JG560851,Pickup - Fullsize,Clean,No Issue,No Issue,No Open Recalls,No Issue,No Issue,No CPO Info Available,No Issue,8-cyl,Gas,Four Wheel Drive,5.5 ft,,,,
2018,Chevrolet,Equinox LT,16998,96000,26 city/32 hwy,Automatic,Orange/Black,2 Owners,No flood or frame damage,No odometer problems,2GNAXJEV2J6131666,CUV - Midsize,Clean,No Issue,No Issue,No Open Recalls,No Issue,No Issue,No CPO Info Available,No Issue,4-cyl,Turbo Gas,Front Wheel Drive,,,,,
2018,Chevrolet,Trax LT,16998,37000,25 city/33 hwy,Automatic,Gray/Black,2 Owners,No flood or frame damage,No odometer problems,KL7CJLSB6JB704703,CUV - Compact,Clean,No Issue,Minor,No Open Recalls,No Issue,No Issue,No CPO Info Available,No Issue,4-cyl,Turbo Gas,Front Wheel Drive,,,,,
2019,Chevrolet,Equinox LT,18998,60000,25 city/30 hwy,Automatic,Black/Black,2 Owners,No flood or frame damage,No odometer problems,2GNAXTEV8K6163261,CUV - Midsize,Clean,No Issue,No Issue,No Open Recalls,No Issue,No Issue,No CPO Info Available,No Issue,4-cyl,Turbo Gas,All Wheel Drive,,,,,
2022,Chevrolet,Malibu LT,19998,57000,29 city/36 hwy,Automatic,Silver/Black,1 Owner,No flood or frame damage,No odometer problems,1G1ZD5ST8NF147860,Car - Midsize,Clean,No Issue,No Issue,No Open Recalls,No Issue,No Issue,No CPO Info Available,No Issue,4-cyl,Turbo Gas,Front Wheel Drive,,,,,
2021,Chevrolet,Silverado 1500 LT Trail Boss,40998,43000,16 city/22 hwy,Automatic,White/Black,1 Owner,No flood or frame damage,No odometer problems,3GCPYFED4MG354479,Pickup - Fullsize,Clean,No Issue,Damage Reported,No Open Recalls,No Issue,No Issue,No CPO Info Available,No Issue,8-cyl,Gas,Four Wheel Drive,5.5 ft,,,,
2021,Chevrolet,Traverse LT Cloth,28998,51000,17 city/25 hwy,Automatic,White/Black,1 Owner,No flood or frame damage,No odometer problems,1GNEVGKW4MJ229094,CUV - Large,Clean,No Issue,No Issue,No Open Recalls,No Issue,No Issue,No CPO Info Available,No Issue,6-cyl,Gas,All Wheel Drive,,,,,
2019,Chevrolet,Equinox LT,18998,48000,26 city/32 hwy,Automatic,Blue/Gray,2 Owners,No flood or frame damage,No odometer problems,3GNAXKEV0KL171523,CUV - Midsize,Clean,No Issue,No Issue,No Open Recalls,No Issue,No Issue,No CPO Info Available,No Issue,4-cyl,Turbo Gas,Front Wheel Drive,,,,,
2022,Chevrolet,Tahoe LT,56998,33000,20 city/26 hwy,Automatic,Black/Black,1 Owner,No flood or frame damage,No odometer problems,1GNSKNKTXNR258382,SUV - Large,Clean,No Issue,No Issue,No Open Recalls,No Issue,No Issue,No CPO Info Available,No Issue,6-cyl,Turbo Diesel,Four Wheel Drive,,,,,
2023,Chevrolet,Silverado 1500 LT,40998,15000,18 city/21 hwy,Automatic,Gray/Black,2 Owners,No flood or frame damage,No odometer problems,1GCPDKEK7PZ124121,Pickup - Fullsize,Clean,No Issue,No Issue,No Open Recalls,No Issue,No Issue,No CPO Info Available,No Issue,4-cyl,Turbo Gas,Four Wheel Drive,5.5 ft,,,,
2019,Chevrolet,Cruze LS,16998,32000,28 city/38 hwy,Automatic,Silver/Gray,1 Owner,No flood or frame damage,No odometer problems,3G1BC6SM1KS523731,Car - Midsize,Clean,No Issue,No Issue,No Open Recalls,No Issue,No Issue,No CPO Info Available,No Issue,4-cyl,Turbo Gas,Front Wheel Drive,,,,,
2020,Chevrolet,Equinox LS,20998,19000,26 city/32 hwy,Automatic,Gray/Gray,1 Owner,No flood or frame damage,No odometer problems,3GNAXHEV0LS674737,CUV - Midsize,Clean,No Issue,No Issue,No Open Recalls,No Issue,No Issue,No CPO Info Available,No Issue,,,,,,,,
2019,Chevrolet,Trax LS,14998,60000,26 city/31 hwy,Automatic,White/Black,3 Owners,No flood or frame damage,No odometer problems,3GNCJKSB7KL206692,CUV - Compact,Clean,No Issue,Damage Reported,No Open Recalls,No Issue,No Issue,No CPO Info Available,No Issue,4-cyl,Turbo Gas,Front Wheel Drive,,,,,
2020,Chevrolet,Equinox LT,21998,26000,25 city/30 hwy,Automatic,Blue/Black,2 Owners,No flood or frame damage,No odometer problems,3GNAXUEV7LS656518,CUV - Midsize,Clean,No Issue,Damage Reported,No Open Recalls,No Issue,No Issue,No CPO Info Available,No Issue,4-cyl,Turbo Gas,All Wheel Drive,,,,,
2014,Chevrolet,Equinox LT,14998,77000,22 city/32 hwy,Automatic,Tan/Black,3 Owners,No flood or frame damage,No odometer problems,2GNALCEK1E6213522,CUV - Midsize,Clean,No Issue,No Issue,No Open Recalls,No Issue,No Issue,No CPO Info Available,No Issue,4-cyl,Gas,Front Wheel Drive,,,,,
2021,Chevrolet,Traverse LT Cloth,28998,38000,17 city/25 hwy,Automatic,Gray/Black,1 Owner,No flood or frame damage,No odometer problems,1GNEVGKW3MJ237820,CUV - Large,Clean,No Issue,No Issue,No Open Recalls,No Issue,No Issue,No CPO Info Available,No Issue,6-cyl,Gas,All Wheel Drive,,,,,
2020,Chevrolet,Traverse RS,34998,35000,17 city/25 hwy,Automatic,White/Black,1 Owner,No flood or frame damage,No odometer problems,1GNEVJKW9LJ204011,CUV - Large,Clean,No Issue,No Issue,No Open Recalls,No Issue,No Issue,No CPO Info Available,No Issue,,,,,,,,
2018,Chevrolet,Malibu LT,17998,77000,27 city/36 hwy,Automatic,Black/Black,2 Owners,No flood or frame damage,No odometer problems,1G1ZD5ST2JF126819,Car - Midsize,Clean,No Issue,No Issue,No Open Recalls,No Issue,No Issue,No CPO Info Available,No Issue,4-cyl,Turbo Gas,Front Wheel Drive,,,,,
2023,Chevrolet,Bolt EUV LT,21998,42000,,Automatic,Blue/Black,1 Owner,No flood or frame damage,No odometer problems,1G1FY6S09P4124069,CUV - Midsize,Clean,No Issue,No Issue,No Open Recalls,No Issue,No Issue,No CPO Info Available,No Issue,,,,,,,,
2015,Chevrolet,Equinox LTZ,14998,98000,22 city/32 hwy,Automatic,Brown/Gray,2 Owners,No flood or frame damage,No odometer problems,1GNALDEKXFZ120865,CUV - Midsize,Clean,No Issue,No Issue,1 Open Recall(s),No Issue,No Issue,No CPO Info Available,No Issue,4-cyl,Gas,Front Wheel Drive,,,,,
2015,Chevrolet,Silverado 1500 LTZ,25998,115000,16 city/22 hwy,Automatic,Gray/Black,2 Owners,No flood or frame damage,No odometer problems,3GCUKSEC0FG301754,Pickup - Fullsize,Clean,No Issue,Moderate,No Open Recalls,No Issue,No Issue,No CPO Info Available,No Issue,8-cyl,Gas,Four Wheel Drive,6.5 ft,,,,
2013,Chevrolet,Traverse LT,14998,70000,17 city/24 hwy,Automatic,Black/Gray,2 Owners,No flood or frame damage,No odometer problems,1GNKRGKD9DJ115887,CUV - Large,Clean,No Issue,No Issue,No Open Recalls,No Issue,No Issue,No CPO Info Available,No Issue,,,,,,,,
2021,Chevrolet,Silverado 1500 RST,43998,15000,22 city/26 hwy,Automatic,Blue/Black,1 Owner,No flood or frame damage,No odometer problems,1GCUYEET8MZ416079,Pickup - Fullsize,Clean,No Issue,No Issue,No Open Recalls,No Issue,No Issue,No CPO Info Available,No Issue,6-cyl,Turbo Diesel,Four Wheel Drive,6.5 ft,,,,
2017,Chevrolet,Equinox LS,18998,19000,21 city/31 hwy,Automatic,White/Black,1 Owner,No flood or frame damage,No odometer problems,2GNALBEK1H1524086,CUV - Midsize,Clean,No Issue,No Issue,No Open Recalls,No Issue,No Issue,No CPO Info Available,No Issue,4-cyl,Gas,Front Wheel Drive,,,,,
2017,Chevrolet,Volt Premier,16998,78000,,,Gray/Black,2 Owners,No flood or frame damage,No odometer problems,1G1RD6S50HU128680,Car - Compact,Clean,No Issue,Damage Reported,No Open Recalls,No Issue,No Issue,No CPO Info Available,No Issue,4-cyl,Plug-in Hybrid,Front Wheel Drive,,53 miles,,,
2015,Chevrolet,Cruze LS,13998,66000,22 city/35 hwy,Automatic,Black/Gray,2 Owners,No flood or frame damage,No odometer problems,1G1PA5SG5F7229396,Car - Midsize,Clean,No Issue,No Issue,No Open Recalls,No Issue,No Issue,No CPO Info Available,No Issue,4-cyl,Gas,Front Wheel Drive,,,,,
2015,Chevrolet,Malibu LT,13599,105000,25 city/36 hwy,Automatic,Silver/Gray,3 Owners,No flood or frame damage,No odometer problems,1G11C5SL6FU153279,Car - Midsize,Clean,No Issue,No Issue,No Open Recalls,No Issue,No Issue,No Recent CPO Reported,No Issue,4-cyl,Gas,Front Wheel Drive,,,,,
2014,Chevrolet,Equinox LS,14998,69000,22 city/32 hwy,Automatic,Black/Black,2 Owners,No flood or frame damage,No odometer problems,2GNALAEKXE6235488,CUV - Midsize,Clean,No Issue,No Issue,No Open Recalls,No Issue,No Issue,No Recent CPO Reported,No Issue,4-cyl,Gas,Front Wheel Drive,,,,,
2017,Chevrolet,Tahoe LT,31998,89000,16 city/22 hwy,Automatic,Gray/Black,2 Owners,No flood or frame damage,No odometer problems,1GNSKBKC7HR244846,SUV - Large,Clean,No Issue,Damage Reported,No Open Recalls,No Issue,No Issue,No CPO Info Available,No Issue,8-cyl,Gas,Four Wheel Drive,,,,,
2018,Chevrolet,Cruze LT,16998,40000,29 city/40 hwy,Automatic,Silver/Black,1 Owner,No flood or frame damage,No odometer problems,1G1BE5SMXJ7190673,Car - Compact,Clean,No Issue,No Issue,No Open Recalls,No Issue,No Issue,No CPO Info Available,No Issue,,,,,,,,
2022,Chevrolet,Blazer RS,26998,60000,19 city/27 hwy,Automatic,Silver/Black,2 Owners,No flood or frame damage,No odometer problems,3GNKBERSXNS112557,CUV - Midsize,Clean,No Issue,No Issue,No Open Recalls,No Issue,No Issue,No CPO Info Available,No Issue,6-cyl,Gas,Front Wheel Drive,,,,,
2019,Chevrolet,Equinox LT,19998,23000,26 city/32 hwy,Automatic,Black/Black,1 Owner,No flood or frame damage,No odometer problems,2GNAXKEV9K6109090,CUV - Midsize,Clean,No Issue,No Issue,No Open Recalls,No Issue,No Issue,No CPO Info Available,No Issue,4-cyl,Turbo Gas,Front Wheel Drive,,,,,
2024,Chevrolet,Silverado 3500 Work Truck,58998,11000,12 city/16 hwy,Automatic,White/Black,1 Owner,No flood or frame damage,No odometer problems,1GC4YSEY3RF243848,Pickup - Fullsize,Clean,No Issue,Minor,No Open Recalls,No Issue,No Issue,No CPO Info Available,No Issue,8-cyl,Turbo Diesel,Four Wheel Drive,8 ft,,,,
2020,Chevrolet,Equinox LT,20998,25000,25 city/30 hwy,Automatic,Silver/Black,2 Owners,No flood or frame damage,No odometer problems,3GNAXUEV1LS689983,CUV - Midsize,Clean,No Issue,No Issue,No Open Recalls,No Issue,No Issue,No CPO Info Available,No Issue,4-cyl,Turbo Gas,All Wheel Drive,,,,,
2018,Chevrolet,Colorado LT,25998,57000,17 city/24 hwy,Automatic,Burgundy/Black,1 Owner,No flood or frame damage,No odometer problems,1GCHTCEN4J1144789,Pickup - Midsize,Clean,No Issue,No Issue,No Open Recalls,No Issue,No Issue,No CPO Info Available,No Issue,6-cyl,Gas,Four Wheel Drive,6 ft,,,,
2021,Chevrolet,TrailBlazer LT,21998,37000,25 city/31 hwy,Automatic,Blue/Black,2 Owners,No flood or frame damage,No odometer problems,KL79MPSL9MB134749,CUV - Compact,Clean,No Issue,No Issue,1 Open Recall(s),No Issue,No Issue,No CPO Info Available,No Issue,,,,,,,,
2020,Chevrolet,Trax LS,17998,19000,26 city/31 hwy,Automatic,White/Black,1 Owner,No flood or frame damage,No odometer problems,3GNCJKSB0LL121355,CUV - Compact,Clean,No Issue,Minor,No Open Recalls,No Issue,No Issue,No CPO Info Available,No Issue,4-cyl,Turbo Gas,Front Wheel Drive,,,,,
2022,Chevrolet,TrailBlazer LS,20998,33000,29 city/31 hwy,Automatic,Black/Black,1 Owner,No flood or frame damage,No odometer problems,KL79MMS28NB092257,CUV - Compact,Clean,No Issue,No Issue,1 Open Recall(s),No Issue,No Issue,No CPO Info Available,No Issue,3-cyl,Turbo Gas,Front Wheel Drive,,,,,
2019,Chevrolet,Colorado Z71,33998,17000,17 city/24 hwy,Automatic,Black/Black,2 Owners,No flood or frame damage,No odometer problems,1GCGTDENXK1314138,Pickup - Midsize,Clean,No Issue,No Issue,No Open Recalls,No Issue,No Issue,OEM-Certified,No Issue,6-cyl,Gas,Four Wheel Drive,5 ft,,,,
2023,Chevrolet,Silverado 1500 Work Truck,29998,13000,17 city/21 hwy,Automatic,White/Gray,1 Owner,No flood or frame damage,No odometer problems,3GCNAAED4PG342769,Pickup - Fullsize,Clean,No Issue,No Issue,No Open Recalls,No Issue,No Issue,No CPO Info Available,No Issue,8-cyl,Gas,Rear Wheel Drive,8 ft,,,,
2018,Chevrolet,Malibu Premier,18998,68000,22 city/32 hwy,Automatic,White/Black,2 Owners,No flood or frame damage,No odometer problems,1G1ZE5SXXJF262048,Car - Midsize,Clean,No Issue,No Issue,No Open Recalls,No Issue,No Issue,No CPO Info Available,No Issue,4-cyl,Turbo Gas,Front Wheel Drive,,,,,
2016,Chevrolet,Trax LT,14998,71000,24 city/31 hwy,Automatic,White/Black,3 Owners,No flood or frame damage,No odometer problems,3GNCJPSB5GL255152,CUV - Compact,Clean,No Issue,No Issue,No Open Recalls,No Issue,No Issue,No Recent CPO Reported,No Issue,4-cyl,Turbo Gas,All Wheel Drive,,,,,
2013,Chevrolet,Camaro ZL1,41998,8000,14 city/19 hwy,Automatic,Orange/Black,2 Owners,No flood or frame damage,No odometer problems,2G1FL3DP2D9804072,Sport Car - Compact,Clean,No Issue,No Issue,No Open Recalls,No Issue,No Issue,No CPO Info Available,No Issue,8-cyl,Supercharged Gas,Rear Wheel Drive,,,,,
2018,Chevrolet,Malibu LT,14998,99000,27 city/36 hwy,Automatic,Red/Black,3 Owners,No flood or frame damage,No odometer problems,1G1ZD5ST2JF262478,Car - Midsize,Clean,No Issue,Minor,No Open Recalls,No Issue,No Issue,No CPO Info Available,No Issue,4-cyl,Turbo Gas,Front Wheel Drive,,,,,
2015,Chevrolet,Volt ,13998,76000,35 city/40 hwy,,Silver/Black,2 Owners,No flood or frame damage,No odometer problems,1G1RA6E48FU110534,Car - Compact,Clean,No Issue,No Issue,No Open Recalls,No Issue,No Issue,No CPO Info Available,No Issue,4-cyl,Plug-in Hybrid,Front Wheel Drive,,38 miles,101 city/93 hwy,,4 hours
2021,Chevrolet,Equinox LS,21998,30000,25 city/30 hwy,Automatic,White/Gray,2 Owners,No flood or frame damage,No odometer problems,3GNAXSEV8MS101342,CUV - Midsize,Clean,No Issue,No Issue,No Open Recalls,No Issue,No Issue,OEM-Certified,No Issue,4-cyl,Turbo Gas,All Wheel Drive,,,,,
2015,Chevrolet,Cruze LS,14998,23000,22 city/35 hwy,Automatic,Red/Gray,1 Owner,No flood or frame damage,No odometer problems,1G1PA5SG0F7196405,Car - Midsize,Clean,No Issue,No Issue,No Open Recalls,No Issue,No Issue,No CPO Info Available,No Issue,4-cyl,Gas,Front Wheel Drive,,,,,
2021,Chevrolet,Tahoe LS,47998,31000,16 city/20 hwy,Automatic,Gray/Black,1 Owner,No flood or frame damage,No odometer problems,1GNSKMKD3MR346305,SUV - Large,Clean,No Issue,No Issue,No Open Recalls,No Issue,No Issue,No CPO Info Available,No Issue,8-cyl,Gas,Four Wheel Drive,,,,,
2020,Chevrolet,Silverado 1500 LTZ,44998,23000,Not available,Automatic,Black/Black,2 Owners,No flood or frame damage,No odometer problems,3GCUYGET2LG447015,Pickup - Fullsize,Clean,No Issue,No Issue,No Open Recalls,No Issue,No Issue,No Recent CPO Reported,No Issue,,,,5.5 ft,,,,
2019,Chevrolet,Equinox LT,17998,84000,22 city/29 hwy,Automatic,Gray/Black,3 Owners,No flood or frame damage,No odometer problems,3GNAXLEX4KL200853,CUV - Midsize,Clean,No Issue,Minor,No Open Recalls,No Issue,No Issue,No CPO Info Available,No Issue,4-cyl,Turbo Gas,Front Wheel Drive,,,,,
2024,Chevrolet,Trax Activ,25998,14000,28 city/32 hwy,Automatic,Red/Black,1 Owner,No flood or frame damage,No odometer problems,KL77LKE28RC046342,CUV - Compact,Clean,No Issue,No Issue,No Open Recalls,No Issue,No Issue,No CPO Info Available,No Issue,,,,,,,,
2021,Chevrolet,Trax LS,18998,12000,26 city/31 hwy,Automatic,White/Gray,2 Owners,No flood or frame damage,No odometer problems,KL7CJKSBXMB344608,CUV - Compact,Clean,No Issue,No Issue,No Open Recalls,No Issue,No Issue,No CPO Info Available,No Issue,4-cyl,Turbo Gas,Front Wheel Drive,,,,,
2018,Chevrolet,Trax LT,13998,104000,25 city/33 hwy,Automatic,Gray/Black,2 Owners,No flood or frame damage,No odometer problems,3GNCJLSBXJL350726,CUV - Compact,Clean,No Issue,No Issue,No Open Recalls,No Issue,No Issue,No CPO Info Available,No Issue,4-cyl,Turbo Gas,Front Wheel Drive,,,,,
2023,Chevrolet,Silverado 1500 Work Truck,28998,15000,17 city/21 hwy,Automatic,White/Black,1 Owner,No flood or frame damage,No odometer problems,3GCNAAED3PG313277,Pickup - Fullsize,Clean,No Issue,Minor,No Open Recalls,No Issue,No Issue,No CPO Info Available,No Issue,8-cyl,Gas,Rear Wheel Drive,8 ft,,,,
2023,Chevrolet,Silverado 1500 Work Truck,28998,12000,17 city/21 hwy,Automatic,White/Black,1 Owner,No flood or frame damage,No odometer problems,3GCNAAED3PG310881,Pickup - Fullsize,Clean,No Issue,No Issue,No Open Recalls,No Issue,No Issue,No CPO Info Available,No Issue,8-cyl,Gas,Rear Wheel Drive,8 ft,,,,
2023,Chevrolet,Silverado 1500 Work Truck,28998,12000,17 city/21 hwy,Automatic,White/Black,1 Owner,No flood or frame damage,No odometer problems,3GCNAAED8PG323268,Pickup - Fullsize,Clean,No Issue,No Issue,No Open Recalls,No Issue,No Issue,No CPO Info Available,No Issue,8-cyl,Gas,Rear Wheel Drive,8 ft,,,,
2021,Chevrolet,Silverado 1500 LT Trail Boss,44998,32000,16 city/22 hwy,Automatic,Gray/Black,1 Owner,No flood or frame damage,No odometer problems,1GCPYFED5MZ208768,Pickup - Fullsize,Clean,No Issue,No Issue,No Open Recalls,No Issue,No Issue,No CPO Info Available,No Issue,8-cyl,Gas,Four Wheel Drive,5.5 ft,,,,
2023,Chevrolet,Silverado 1500 Work Truck,28998,14000,17 city/21 hwy,Automatic,White/Gray,1 Owner,No flood or frame damage,No odometer problems,3GCNAAED4PG274229,Pickup - Fullsize,Clean,No Issue,No Issue,No Open Recalls,No Issue,No Issue,No CPO Info Available,No Issue,8-cyl,Gas,Rear Wheel Drive,8 ft,,,,
2017,Chevrolet,Silverado 1500 LT,24998,90000,16 city/22 hwy,Automatic,White/Black,2 Owners,No flood or frame damage,No odometer problems,1GCVKREC1HZ288335,Pickup - Fullsize,Clean,No Issue,No Issue,No Open Recalls,No Issue,No Issue,No CPO Info Available,No Issue,8-cyl,Gas,Four Wheel Drive,6.5 ft,,,,
2021,Chevrolet,Corvette Stingray 2LT,65998,23000,15 city/27 hwy,Automatic,Gray/Black,2 Owners,No flood or frame damage,No odometer problems,1G1YB3D46M5112928,Sport Car - Subcompact,Clean,No Issue,No Issue,No Open Recalls,No Issue,No Issue,No CPO Info Available,No Issue,8-cyl,Gas,Rear Wheel Drive,,,,,
2016,Chevrolet,Impala LT,14998,102000,19 city/29 hwy,Automatic,Blue/Black,2 Owners,No flood or frame damage,No odometer problems,2G1115S3XG9149305,Car - Midsize,Clean,No Issue,Minor,No Open Recalls,No Issue,No Issue,No Recent CPO Reported,No Issue,6-cyl,Gas,Front Wheel Drive,,,,,
2023,Chevrolet,Camaro 2SS,47998,10000,16 city/24 hwy,Automatic,Silver/Black,2 Owners,No flood or frame damage,No odometer problems,1G1FH1R71P0160075,Sport Car - Compact,Clean,No Issue,No Issue,No Open Recalls,No Issue,No Issue,OEM-Certified,No Issue,8-cyl,Gas,,,,,,
2016,Chevrolet,Silverado 1500 LS,25998,69000,16 city/22 hwy,Automatic,Silver/Gray,2 Owners,No flood or frame damage,No odometer problems,1GCVKNEC1GZ174715,Pickup - Fullsize,Clean,No Issue,Minor,No Open Recalls,No Issue,No Issue,No Recent CPO Reported,No Issue,8-cyl,Gas,Four Wheel Drive,6.5 ft,,,,
2019,Chevrolet,Equinox LT,19998,56000,25 city/30 hwy,Automatic,Black/Black,1 Owner,No flood or frame damage,No odometer problems,3GNAXUEV4KL292468,CUV - Midsize,Clean,No Issue,No Issue,1 Open Recall(s),No Issue,No Issue,No CPO Info Available,No Issue,4-cyl,Turbo Gas,All Wheel Drive,,,,,
2020,Chevrolet,Equinox Premier,22998,52000,25 city/30 hwy,Automatic,Black/Black,1 Owner,No flood or frame damage,No odometer problems,2GNAXXEV3L6157733,CUV - Midsize,Clean,No Issue,No Issue,No Open Recalls,No Issue,No Issue,No CPO Info Available,No Issue,4-cyl,Turbo Gas,All Wheel Drive,,,,,
2019,Chevrolet,Trax LT,15998,52000,26 city/31 hwy,Automatic,Gray/Black,2 Owners,No flood or frame damage,No odometer problems,KL7CJLSB9KB942613,CUV - Compact,Clean,No Issue,No Issue,No Open Recalls,No Issue,No Issue,No CPO Info Available,No Issue,4-cyl,Turbo Gas,Front Wheel Drive,,,,,
2018,Chevrolet,Equinox LT,18998,55000,22 city/28 hwy,Automatic,Gray/Black,2 Owners,No flood or frame damage,No odometer problems,2GNAXTEXXJ6145408,CUV - Midsize,Clean,No Issue,Damage Reported,No Open Recalls,No Issue,No Issue,No Recent CPO Reported,No Issue,4-cyl,Turbo Gas,All Wheel Drive,,,,,
2019,Chevrolet,Equinox LT,19998,29000,26 city/32 hwy,Automatic,Black/Black,2 Owners,No flood or frame damage,No odometer problems,2GNAXUEV4K6206743,CUV - Midsize,Clean,No Issue,No Issue,No Open Recalls,No Issue,No Issue,No CPO Info Available,No Issue,4-cyl,Turbo Gas,Front Wheel Drive,,,,,
2019,Chevrolet,Tahoe LS,32998,69000,15 city/21 hwy,Automatic,Black/Black,1 Owner,No flood or frame damage,No odometer problems,1GNSKAKC2KR353152,SUV - Large,Clean,No Issue,No Issue,No Open Recalls,No Issue,No Issue,No CPO Info Available,No Issue,8-cyl,Gas,Four Wheel Drive,,,,,
2023,Chevrolet,Bolt EUV LT,21998,50000,,,Red/Blue,1 Owner,No flood or frame damage,No odometer problems,1G1FZ6S02P4142023,CUV - Midsize,Clean,No Issue,No Issue,No Open Recalls,No Issue,No Issue,No CPO Info Available,No Issue,,,,,247 miles,125 city/104 hwy,Electric,7.5 hours
2016,Chevrolet,Sonic LS,12998,39000,24 city/35 hwy,Automatic,Red/Black,2 Owners,No flood or frame damage,No odometer problems,1G1JA5SG5G4164753,Car - Compact,Clean,No Issue,Minor,No Open Recalls,No Issue,No Issue,No Recent CPO Reported,No Issue,4-cyl,Gas,Front Wheel Drive,,,,,
2017,Chevrolet,Malibu LT,14998,93000,27 city/36 hwy,Automatic,Silver/Black,2 Owners,No flood or frame damage,No odometer problems,1G1ZE5ST2HF156233,Car - Midsize,Clean,No Issue,Damage Reported,No Open Recalls,No Issue,No Issue,No CPO Info Available,No Issue,4-cyl,Turbo Gas,Front Wheel Drive,,,,,
2017,Chevrolet,Malibu LT,14599,108000,27 city/36 hwy,Automatic,Silver/Black,2 Owners,No flood or frame damage,No odometer problems,1G1ZE5ST9HF247337,Car - Midsize,Clean,No Issue,No Issue,No Open Recalls,No Issue,No Issue,No CPO Info Available,No Issue,4-cyl,Turbo Gas,Front Wheel Drive,,,,,
2015,Chevrolet,Tahoe LTZ,28998,94000,16 city/22 hwy,Automatic,Black/Black,1 Owner,No flood or frame damage,No odometer problems,1GNSKCKC0FR743197,SUV - Large,Clean,No Issue,No Issue,No Open Recalls,No Issue,No Issue,No CPO Info Available,No Issue,8-cyl,Gas,Four Wheel Drive,,,,,
2020,Chevrolet,Spark LT,14599,59000,30 city/38 hwy,Automatic,Purple/Black,1 Owner,No flood or frame damage,No odometer problems,KL8CD6SA7LC459872,Car - Subcompact,Clean,No Issue,Minor,No Open Recalls,No Issue,No Issue,No CPO Info Available,No Issue,4-cyl,Gas,Front Wheel Drive,,,,,
2021,Chevrolet,Silverado 1500 LT,33998,42000,19 city/23 hwy,Automatic,Gray/Black,2 Owners,No flood or frame damage,No odometer problems,3GCPYDEK0MG346138,Pickup - Fullsize,Clean,No Issue,No Issue,No Open Recalls,No Issue,No Issue,OEM-Certified,No Issue,4-cyl,Turbo Gas,Four Wheel Drive,5.5 ft,,,,
2020,Chevrolet,Corvette Stingray 1LT,61998,26000,15 city/27 hwy,Automatic,Blue/Black,2 Owners,No flood or frame damage,No odometer problems,1G1Y62D40L5102926,Sport Car - Subcompact,Clean,No Issue,No Issue,No Open Recalls,No Issue,No Issue,No CPO Info Available,No Issue,8-cyl,Gas,Rear Wheel Drive,,,,,
2017,Chevrolet,Trax LS,12998,101000,25 city/33 hwy,Automatic,Black/Black,4 Owners,No flood or frame damage,No odometer problems,3GNCJKSBXHL197141,CUV - Compact,Clean,No Issue,No Issue,No Open Recalls,No Issue,No Issue,No CPO Info Available,No Issue,4-cyl,Turbo Gas,Front Wheel Drive,,,,,
2017,Chevrolet,Silverado 1500 LT,26998,69000,16 city/22 hwy,Automatic,Silver/Gray,2 Owners,No flood or frame damage,No odometer problems,1GCVKREC5HZ374568,Pickup - Fullsize,Clean,No Issue,No Issue,No Open Recalls,No Issue,No Issue,No CPO Info Available,No Issue,8-cyl,Gas,Four Wheel Drive,6.5 ft,,,,
2021,Chevrolet,Traverse LT Cloth,28998,26000,17 city/25 hwy,Automatic,Red/Black,2 Owners,No flood or frame damage,No odometer problems,1GNEVGKWXMJ135981,CUV - Large,Clean,No Issue,Minor,No Open Recalls,No Issue,No Issue,No CPO Info Available,No Issue,6-cyl,Gas,All Wheel Drive,,,,,
2021,Chevrolet,Equinox LT,19998,42000,26 city/31 hwy,Automatic,Silver/Gray,2 Owners,No flood or frame damage,No odometer problems,3GNAXKEV1MS122937,CUV - Midsize,Clean,No Issue,Minor,No Open Recalls,No Issue,No Issue,No CPO Info Available,No Issue,4-cyl,Turbo Gas,Front Wheel Drive,,,,,
2022,Chevrolet,Tahoe High Country,59998,58000,14 city/19 hwy,Automatic,White/Brown,1 Owner,No flood or frame damage,No odometer problems,1GNSKTKL2NR191409,SUV - Large,Clean,No Issue,No Issue,No Open Recalls,No Issue,No Issue,No CPO Info Available,No Issue,8-cyl,Gas,Four Wheel Drive,,,,,
2014,Chevrolet,Equinox LT,13998,81000,22 city/32 hwy,Automatic,Black/Black,2 Owners,No flood or frame damage,No odometer problems,2GNALBEK1E6127444,CUV - Midsize,Clean,No Issue,No Issue,No Open Recalls,No Issue,No Issue,No CPO Info Available,No Issue,4-cyl,Gas,Front Wheel Drive,,,,,
2020,Chevrolet,Silverado 1500 High Country,40998,67000,16 city/22 hwy,Automatic,Black/Black,2 Owners,No flood or frame damage,No odometer problems,1GCUYHED4LZ224487,Pickup - Fullsize,Clean,No Issue,No Issue,No Open Recalls,No Issue,No Issue,No CPO Info Available,No Issue,8-cyl,Gas,Four Wheel Drive,5.5 ft,,,,
2021,Chevrolet,Silverado 1500 RST,27998,126000,19 city/22 hwy,Automatic,Gray/Black,1 Owner,No flood or frame damage,No odometer problems,1GCUYEED4MZ437486,Pickup - Fullsize,Clean,No Issue,No Issue,No Open Recalls,No Issue,No Issue,No CPO Info Available,No Issue,8-cyl,Gas,Four Wheel Drive,5.5 ft,,,,
2024,Chevrolet,Silverado 2500 ZR2,84998,1000,Not available,Automatic,Gray/Black,1 Owner,No flood or frame damage,No odometer problems,1GC4YYEY5RF304880,Pickup - Fullsize,Clean,No Issue,No Issue,No Open Recalls,No Issue,No Issue,No CPO Info Available,No Issue,8-cyl,Turbo Diesel,Four Wheel Drive,6.5 ft,,,,
2020,Chevrolet,Corvette Stingray 1LT,65998,3000,15 city/27 hwy,Automatic,Blue/Cream,1 Owner,No flood or frame damage,No odometer problems,1G1Y62D47L5107895,Sport Car - Subcompact,Clean,No Issue,No Issue,1 Open Recall(s),No Issue,No Issue,No CPO Info Available,No Issue,8-cyl,Gas,Rear Wheel Drive,,,,,
2019,Chevrolet,Equinox LT,19998,27000,26 city/32 hwy,Automatic,Blue/Black,1 Owner,No flood or frame damage,No odometer problems,3GNAXKEV9KS503674,CUV - Midsize,Clean,No Issue,Damage Reported,No Open Recalls,No Issue,No Issue,No Recent CPO Reported,No Issue,4-cyl,Turbo Gas,Front Wheel Drive,,,,,
2019,Chevrolet,Trax LT,17998,33000,24 city/29 hwy,Automatic,Gray/Black,3 Owners,No flood or frame damage,No odometer problems,3GNCJPSB5KL308957,CUV - Compact,Clean,No Issue,No Issue,No Open Recalls,No Issue,No Issue,No Recent CPO Reported,No Issue,4-cyl,Turbo Gas,All Wheel Drive,,,,,
2016,Chevrolet,Equinox LTZ,15998,88000,16 city/23 hwy,Automatic,Blue/Black,2 Owners,No flood or frame damage,No odometer problems,2GNFLGE32G6211352,CUV - Midsize,Clean,No Issue,No Issue,No Open Recalls,No Issue,No Issue,OEM-Certified,No Issue,6-cyl,Gas,All Wheel Drive,,,,,
2023,Chevrolet,TrailBlazer LT,25998,4000,29 city/31 hwy,Automatic,White/Black,1 Owner,No flood or frame damage,No odometer problems,KL79MPS29PB070479,CUV - Compact,Clean,No Issue,No Issue,No Open Recalls,No Issue,No Issue,No CPO Info Available,No Issue,3-cyl,Turbo Gas,Front Wheel Drive,,,,,
2021,Chevrolet,Tahoe Premier,53998,47000,16 city/20 hwy,Automatic,Black/Black,2 Owners,No flood or frame damage,No odometer problems,1GNSKSKDXMR101344,SUV - Large,Clean,No Issue,Minor,No Open Recalls,No Issue,No Issue,No CPO Info Available,No Issue,8-cyl,Gas,Four Wheel Drive,,,,,
2015,Chevrolet,Equinox LT,14998,86000,22 city/32 hwy,Automatic,Black/Gray,3 Owners,No flood or frame damage,No odometer problems,2GNALBEK7F6335961,CUV - Midsize,Clean,No Issue,No Issue,1 Open Recall(s),No Issue,No Issue,No CPO Info Available,No Issue,4-cyl,Gas,Front Wheel Drive,,,,,
2021,Chevrolet,Silverado 1500 LT,35998,26000,17 city/23 hwy,Automatic,Black/Black,2 Owners,No flood or frame damage,No odometer problems,1GCPWCED9MZ285650,Pickup - Fullsize,Clean,No Issue,Moderate,No Open Recalls,No Issue,No Issue,No CPO Info Available,No Issue,8-cyl,Gas,Rear Wheel Drive,5.5 ft,,,,
2018,Chevrolet,Suburban 1500 LT,33998,84000,15 city/22 hwy,Automatic,Gray/Tan,2 Owners,No flood or frame damage,No odometer problems,1GNSKHKC5JR149243,SUV - Large,Clean,No Issue,Minor,No Open Recalls,No Issue,No Issue,No CPO Info Available,No Issue,8-cyl,Gas,Four Wheel Drive,,,,,
2019,Chevrolet,Equinox LT,20998,43000,22 city/28 hwy,Automatic,Black/Black,2 Owners,No flood or frame damage,No odometer problems,2GNAXVEX8K6270095,CUV - Midsize,Clean,No Issue,No Issue,No Open Recalls,No Issue,No Issue,No CPO Info Available,No Issue,4-cyl,Turbo Gas,All Wheel Drive,,,,,
2018,Chevrolet,Equinox LT,16998,80000,28 city/38 hwy,Automatic,Blue/Black,2 Owners,No flood or frame damage,No odometer problems,3GNAXUEU7JS599273,CUV - Midsize,Clean,No Issue,Minor,No Open Recalls,No Issue,No Issue,No CPO Info Available,No Issue,4-cyl,Turbo Diesel,All Wheel Drive,,,,,
2023,Chevrolet,Corvette Stingray 1LT,65998,17000,16 city/24 hwy,Automatic,White/Red,1 Owner,No flood or frame damage,No odometer problems,1G1YA2D43P5116971,Sport Car - Subcompact,Clean,No Issue,No Issue,No Open Recalls,No Issue,No Issue,No CPO Info Available,No Issue,8-cyl,Gas,Rear Wheel Drive,,,,,
2023,Chevrolet,Suburban 1500 LS,54998,28000,15 city/19 hwy,Automatic,Black/Black,1 Owner,No flood or frame damage,No odometer problems,1GNSKBKD3PR116031,SUV - Large,Clean,No Issue,No Issue,No Open Recalls,No Issue,No Issue,No CPO Info Available,No Issue,8-cyl,Gas,Four Wheel Drive,,,,,
2023,Chevrolet,Silverado 1500 Work Truck,25998,21000,17 city/21 hwy,Automatic,White/Gray,1 Owner,No flood or frame damage,No odometer problems,3GCNAAED3PG183629,Pickup - Fullsize,Clean,No Issue,No Issue,No Open Recalls,No Issue,No Issue,No CPO Info Available,No Issue,8-cyl,Gas,Rear Wheel Drive,8 ft,,,,
2016,Chevrolet,Silverado 1500 LTZ,26998,81000,16 city/22 hwy,Automatic,Blue/Black,2 Owners,No flood or frame damage,No odometer problems,1GCVKSEC5GZ101376,Pickup - Fullsize,Clean,No Issue,Damage Reported,No Open Recalls,No Issue,No Issue,No CPO Info Available,No Issue,8-cyl,Gas,Four Wheel Drive,6.5 ft,,,,
2018,Chevrolet,Equinox Premier,21998,47000,22 city/28 hwy,Automatic,Red/Gray,2 Owners,No flood or frame damage,No odometer problems,2GNAXWEXXJ6185229,CUV - Midsize,Clean,No Issue,Damage Reported,No Open Recalls,No Issue,No Issue,No Recent CPO Reported,No Issue,4-cyl,Turbo Gas,All Wheel Drive,,,,,
2019,Chevrolet,Colorado Work Truck,26998,45000,17 city/24 hwy,Automatic,Red/Gray,2 Owners,No flood or frame damage,No odometer problems,1GCGTBENXK1347399,Pickup - Midsize,Clean,No Issue,Damage Reported,No Open Recalls,No Issue,No Issue,No CPO Info Available,No Issue,6-cyl,Gas,Four Wheel Drive,5 ft,,,,
2020,Chevrolet,Malibu LS,18998,47000,29 city/36 hwy,Automatic,Blue/Black,2 Owners,No flood or frame damage,No odometer problems,1G1ZB5STXLF081508,Car - Midsize,Clean,No Issue,No Issue,No Open Recalls,No Issue,No Issue,No CPO Info Available,No Issue,4-cyl,Turbo Gas,Front Wheel Drive,,,,,
2017,Chevrolet,Silverado 1500 LT,24998,106000,16 city/23 hwy,Automatic,Blue/Black,4 Owners,No flood or frame damage,No odometer problems,3GCPCREC8HG366809,Pickup - Fullsize,Clean,No Issue,No Issue,No Open Recalls,No Issue,No Issue,No Recent CPO Reported,No Issue,,,,5.5 ft,,,,
2014,Chevrolet,Impala LT,14998,70000,21 city/31 hwy,Automatic,Blue/Gray,2 Owners,No flood or frame damage,No odometer problems,1G1115SL3EU118560,Car - Midsize,Clean,No Issue,Damage Reported,No Open Recalls,No Issue,No Issue,No CPO Info Available,No Issue,4-cyl,Gas,Front Wheel Drive,,,,,
2023,Chevrolet,Silverado 1500 Work Truck,29998,12000,17 city/21 hwy,Automatic,White/Black,1 Owner,No flood or frame damage,No odometer problems,3GCNAAED1PG294731,Pickup - Fullsize,Clean,No Issue,No Issue,No Open Recalls,No Issue,No Issue,No CPO Info Available,No Issue,8-cyl,Gas,Rear Wheel Drive,8 ft,,,,
2021,Chevrolet,Corvette Stingray 1LT,64998,6000,15 city/27 hwy,Automatic,Red/Red,1 Owner,No flood or frame damage,No odometer problems,1G1YA2D4XM5101301,Sport Car - Subcompact,Clean,No Issue,No Issue,No Open Recalls,No Issue,No Issue,No CPO Info Available,No Issue,8-cyl,Gas,Rear Wheel Drive,,,,,
2018,Chevrolet,Cruze Premier,16998,53000,28 city/37 hwy,Automatic,Silver/Black,2 Owners,No flood or frame damage,No odometer problems,3G1BF6SM3JS589574,Car - Compact,Clean,No Issue,Minor,No Open Recalls,No Issue,No Issue,No Recent CPO Reported,No Issue,4-cyl,Turbo Gas,Front Wheel Drive,,,,,
2023,Chevrolet,Silverado 1500 Work Truck,29998,12000,17 city/21 hwy,Automatic,White/Black,1 Owner,No flood or frame damage,No odometer problems,3GCNAAED9PG322615,Pickup - Fullsize,Clean,No Issue,No Issue,No Open Recalls,No Issue,No Issue,No CPO Info Available,No Issue,8-cyl,Gas,Rear Wheel Drive,8 ft,,,,
2019,Chevrolet,Malibu LS,18998,51000,29 city/36 hwy,Automatic,White/Black,1 Owner,No flood or frame damage,No odometer problems,1G1ZB5ST4KF127848,Car - Midsize,Clean,No Issue,Damage Reported,No Open Recalls,No Issue,No Issue,No CPO Info Available,No Issue,4-cyl,Turbo Gas,Front Wheel Drive,,,,,
2023,Chevrolet,Silverado 1500 Work Truck,28998,13000,17 city/21 hwy,Automatic,White/Black,1 Owner,No flood or frame damage,No odometer problems,3GCNAAED4PG332257,Pickup - Fullsize,Clean,No Issue,No Issue,No Open Recalls,No Issue,No Issue,No CPO Info Available,No Issue,8-cyl,Gas,Rear Wheel Drive,8 ft,,,,
2019,Chevrolet,Traverse LT,25998,59000,17 city/25 hwy,Automatic,Black/Black,3 Owners,No flood or frame damage,No odometer problems,1GNEVGKW1KJ147031,CUV - Large,Clean,No Issue,No Issue,No Open Recalls,No Issue,No Issue,No CPO Info Available,No Issue,6-cyl,Gas,All Wheel Drive,,,,,
2023,Chevrolet,Silverado 1500 Work Truck,28998,13000,17 city/21 hwy,Automatic,White/Black,1 Owner,No flood or frame damage,No odometer problems,3GCNAAEDXPG343134,Pickup - Fullsize,Clean,No Issue,No Issue,No Open Recalls,No Issue,No Issue,No CPO Info Available,No Issue,8-cyl,Gas,Rear Wheel Drive,8 ft,,,,
2014,Chevrolet,Silverado 1500 LT,20998,102000,16 city/23 hwy,Automatic,Red/Gray,1 Owner,No flood or frame damage,No odometer problems,1GCRCREC2EZ116289,Pickup - Fullsize,Clean,No Issue,No Issue,No Open Recalls,No Issue,No Issue,No CPO Info Available,No Issue,8-cyl,Gas,Rear Wheel Drive,6.5 ft,,,,
2023,Chevrolet,Silverado 1500 Work Truck,29998,12000,17 city/21 hwy,Automatic,White/Black,1 Owner,No flood or frame damage,No odometer problems,3GCNAAED5PG310879,Pickup - Fullsize,Clean,No Issue,No Issue,No Open Recalls,No Issue,No Issue,No CPO Info Available,No Issue,8-cyl,Gas,Rear Wheel Drive,8 ft,,,,
2017,Chevrolet,Trax LS,15998,57000,24 city/30 hwy,Automatic,White/Black,1 Owner,No flood or frame damage,No odometer problems,KL7CJNSBXHB123016,CUV - Compact,Clean,No Issue,No Issue,No Open Recalls,No Issue,No Issue,No CPO Info Available,No Issue,4-cyl,Turbo Gas,All Wheel Drive,,,,,
2023,Chevrolet,Silverado 1500 Work Truck,28998,16000,17 city/21 hwy,Automatic,White/Black,1 Owner,No flood or frame damage,No odometer problems,3GCNAAED8PG322010,Pickup - Fullsize,Clean,No Issue,Damage Reported,No Open Recalls,No Issue,No Issue,No CPO Info Available,No Issue,8-cyl,Gas,Rear Wheel Drive,8 ft,,,,
2020,Chevrolet,Equinox LT,20998,52000,25 city/30 hwy,Automatic,Blue/Black,1 Owner,No flood or frame damage,No odometer problems,3GNAXUEV8LL335422,CUV - Midsize,Clean,No Issue,No Issue,No Open Recalls,No Issue,No Issue,No CPO Info Available,No Issue,4-cyl,Turbo Gas,All Wheel Drive,,,,,
2021,Chevrolet,Trax LT,17998,45000,26 city/31 hwy,Automatic,Silver/Black,1 Owner,No flood or frame damage,No odometer problems,KL7CJLSM3MB376078,CUV - Compact,Clean,No Issue,No Issue,No Open Recalls,No Issue,No Issue,No CPO Info Available,No Issue,4-cyl,Turbo Gas,Front Wheel Drive,,,,,
2024,Chevrolet,Corvette Stingray 3LT,89998,1000,16 city/25 hwy,Automatic,Red/Black,1 Owner,No flood or frame damage,No odometer problems,1G1YC3D40R5116610,Sport Car - Subcompact,Clean,No Issue,No Issue,No Open Recalls,No Issue,No Issue,No CPO Info Available,No Issue,8-cyl,Gas,Rear Wheel Drive,,,,,
2023,Chevrolet,Silverado 1500 Work Truck,28998,13000,17 city/21 hwy,Automatic,White/Black,1 Owner,No flood or frame damage,No odometer problems,3GCNAAED7PG330048,Pickup - Fullsize,Clean,No Issue,No Issue,No Open Recalls,No Issue,No Issue,No CPO Info Available,No Issue,8-cyl,Gas,Rear Wheel Drive,8 ft,,,,
2017,Chevrolet,Colorado Z71,23998,109000,17 city/24 hwy,Automatic,Gray/Black,2 Owners,No flood or frame damage,No odometer problems,1GCGTDEN3H1148182,Pickup - Midsize,Clean,No Issue,Moderate,No Open Recalls,No Issue,No Issue,No CPO Info Available,No Issue,6-cyl,Gas,Four Wheel Drive,6 ft,,,,
2023,Chevrolet,Silverado 1500 Work Truck,27998,12000,17 city/21 hwy,Automatic,White/Gray,1 Owner,No flood or frame damage,No odometer problems,3GCNAAED1PG322026,Pickup - Fullsize,Clean,No Issue,No Issue,No Open Recalls,No Issue,No Issue,No CPO Info Available,No Issue,8-cyl,Gas,Rear Wheel Drive,8 ft,,,,
2019,Chevrolet,Malibu LS,19998,25000,29 city/36 hwy,Automatic,White/Black,1 Owner,No flood or frame damage,No odometer problems,1G1ZB5ST6KF223416,Car - Midsize,Clean,No Issue,No Issue,No Open Recalls,No Issue,No Issue,No CPO Info Available,No Issue,4-cyl,Turbo Gas,Front Wheel Drive,,,,,
2021,Chevrolet,Tahoe LT,49998,48000,16 city/20 hwy,Automatic,Black/Black,2 Owners,No flood or frame damage,No odometer problems,1GNSKNKD6MR409385,SUV - Large,Clean,No Issue,Minor,No Open Recalls,No Issue,No Issue,No CPO Info Available,No Issue,8-cyl,Gas,Four Wheel Drive,,,,,
2023,Chevrolet,Tahoe LT,55998,40000,15 city/20 hwy,Automatic,Red/Black,1 Owner,No flood or frame damage,No odometer problems,1GNSKNKD8PR202548,SUV - Large,Clean,No Issue,No Issue,No Open Recalls,No Issue,No Issue,No CPO Info Available,No Issue,8-cyl,Gas,Four Wheel Drive,,,,,
2023,Chevrolet,Silverado 1500 Work Truck,28998,14000,17 city/21 hwy,Automatic,White/Gray,1 Owner,No flood or frame damage,No odometer problems,3GCNAAED3PG343136,Pickup - Fullsize,Clean,No Issue,No Issue,No Open Recalls,No Issue,No Issue,No CPO Info Available,No Issue,8-cyl,Gas,Rear Wheel Drive,8 ft,,,,
2019,Chevrolet,Colorado LT,24998,30000,20 city/26 hwy,Automatic,Gray/Gray,2 Owners,No flood or frame damage,No odometer problems,1GCHSBEA8K1236354,Pickup - Midsize,Clean,No Issue,Minor,No Open Recalls,No Issue,No Issue,No CPO Info Available,No Issue,4-cyl,Gas,Rear Wheel Drive,6 ft,,,,
2020,Chevrolet,Blazer RS,33998,23000,18 city/25 hwy,Automatic,Black/Black,2 Owners,No flood or frame damage,No odometer problems,3GNKBKRS8LS714580,CUV - Midsize,Clean,No Issue,No Issue,No Open Recalls,No Issue,No Issue,No CPO Info Available,No Issue,,,,,,,,
2022,Chevrolet,Spark Activ,18998,24000,30 city/38 hwy,Automatic,Gray/Black,1 Owner,No flood or frame damage,No odometer problems,KL8CH6SA9NC026951,Car - Subcompact,Clean,No Issue,No Issue,No Open Recalls,No Issue,No Issue,No CPO Info Available,No Issue,4-cyl,Gas,Front Wheel Drive,,,,,
2023,Chevrolet,Silverado 1500 Work Truck,29998,12000,17 city/21 hwy,Automatic,White/Black,1 Owner,No flood or frame damage,No odometer problems,3GCNAAED5PG347706,Pickup - Fullsize,Clean,No Issue,No Issue,No Open Recalls,No Issue,No Issue,No CPO Info Available,No Issue,8-cyl,Gas,Rear Wheel Drive,8 ft,,,,
2015,Chevrolet,Equinox LT,14599,91000,22 city/32 hwy,Automatic,Black/Black,2 Owners,No flood or frame damage,No odometer problems,2GNALCEKXF6198312,CUV - Midsize,Clean,No Issue,No Issue,1 Open Recall(s),No Issue,No Issue,No CPO Info Available,No Issue,4-cyl,Gas,Front Wheel Drive,,,,,
2022,Chevrolet,Silverado 1500 LTD Custom,33998,17000,19 city/22 hwy,Automatic,White/Black,3 Owners,No flood or frame damage,No odometer problems,3GCPWBEK9NG146306,Pickup - Fullsize,Clean,No Issue,No Issue,No Open Recalls,No Issue,No Issue,No CPO Info Available,No Issue,4-cyl,Turbo Gas,Rear Wheel Drive,5.5 ft,,,,
2023,Chevrolet,Corvette Stingray 2LT,70998,4000,16 city/24 hwy,Automatic,Red/Black,1 Owner,No flood or frame damage,No odometer problems,1G1YB2D44P5130018,Sport Car - Subcompact,Clean,No Issue,No Issue,No Open Recalls,No Issue,No Issue,No CPO Info Available,No Issue,8-cyl,Gas,Rear Wheel Drive,,,,,
2016,Chevrolet,Equinox LT,15998,65000,20 city/28 hwy,Automatic,Burgundy/Black,2 Owners,No flood or frame damage,No odometer problems,2GNFLFEK3G6324048,CUV - Midsize,Clean,No Issue,Damage Reported,No Open Recalls,No Issue,No Issue,No CPO Info Available,No Issue,,,,,,,,
2022,Chevrolet,Equinox LS,21998,27000,26 city/31 hwy,Automatic,Gray/Gray,1 Owner,No flood or frame damage,No odometer problems,3GNAXHEVXNS243230,CUV - Midsize,Clean,No Issue,No Issue,No Open Recalls,No Issue,No Issue,No CPO Info Available,No Issue,,,,,,,,
2022,Chevrolet,Malibu LS,18998,50000,29 city/36 hwy,Automatic,White/Black,1 Owner,No flood or frame damage,No odometer problems,1G1ZC5ST7NF176270,Car - Midsize,Clean,No Issue,No Issue,No Open Recalls,No Issue,No Issue,No CPO Info Available,No Issue,4-cyl,Turbo Gas,Front Wheel Drive,,,,,
2014,Chevrolet,Malibu LT,14599,80000,25 city/36 hwy,Automatic,Gray/Black,2 Owners,No flood or frame damage,No odometer problems,1G11C5SLXEF265862,Car - Midsize,Clean,No Issue,Minor,No Open Recalls,No Issue,No Issue,No CPO Info Available,No Issue,4-cyl,Gas,Front Wheel Drive,,,,,
2022,Chevrolet,Silverado 2500 Custom,48998,11000,Not available,Automatic,Red/Black,1 Owner,No flood or frame damage,No odometer problems,2GC4YME76N1226238,Pickup - Fullsize,Clean,No Issue,No Issue,1 Open Recall(s),No Issue,No Issue,No CPO Info Available,No Issue,8-cyl,Gas,Four Wheel Drive,6.5 ft,,,,
2021,Chevrolet,Traverse High Country,35998,39000,17 city/25 hwy,Automatic,Red/Brown,1 Owner,No flood or frame damage,No odometer problems,1GNEVNKW6MJ164091,CUV - Large,Clean,No Issue,Damage Reported,No Open Recalls,No Issue,No Issue,No CPO Info Available,No Issue,6-cyl,Gas,All Wheel Drive,,,,,
2019,Chevrolet,Cruze LS,17998,29000,28 city/38 hwy,Automatic,Black/Black,2 Owners,No flood or frame damage,No odometer problems,3G1BC6SM6KS546891,Car - Midsize,Clean,No Issue,No Issue,No Open Recalls,No Issue,No Issue,No CPO Info Available,No Issue,4-cyl,Turbo Gas,Front Wheel Drive,,,,,
2019,Chevrolet,Traverse LT,23998,76000,17 city/25 hwy,Automatic,Black/Black,1 Owner,No flood or frame damage,No odometer problems,1GNEVHKW7KJ252906,CUV - Large,Clean,No Issue,No Issue,No Open Recalls,No Issue,No Issue,No CPO Info Available,No Issue,6-cyl,Gas,All Wheel Drive,,,,,
2017,Chevrolet,Corvette Stingray  Z51,41998,30000,16 city/25 hwy,Automatic,Black/Black,4 Owners,No flood or frame damage,No odometer problems,1G1YK2D7XH5119522,Sport Car - Subcompact,Clean,No Issue,Damage Reported,No Open Recalls,No Issue,No Issue,No Recent CPO Reported,No Issue,8-cyl,Gas,Rear Wheel Drive,,,,,
2020,Chevrolet,Blazer RS,24998,69000,19 city/26 hwy,Automatic,Red/Black,3 Owners,No flood or frame damage,No odometer problems,3GNKBERS6LS551512,CUV - Midsize,Clean,No Issue,Minor,No Open Recalls,No Issue,No Issue,No Recent CPO Reported,No Issue,6-cyl,Gas,Front Wheel Drive,,,,,
2015,Chevrolet,Tahoe LTZ,36998,45000,16 city/22 hwy,Automatic,White/Gray,2 Owners,No flood or frame damage,No odometer problems,1GNSKCKC7FR709368,SUV - Large,Clean,No Issue,No Issue,No Open Recalls,No Issue,No Issue,No CPO Info Available,No Issue,8-cyl,Gas,Four Wheel Drive,,,,,
2019,Chevrolet,Colorado ZR2,31998,56000,16 city/18 hwy,Automatic,Black/Black,3 Owners,No flood or frame damage,No odometer problems,1GCGTEEN1K1288390,Pickup - Midsize,Clean,No Issue,Damage Reported,No Open Recalls,No Issue,No Issue,OEM-Certified,No Issue,6-cyl,Gas,Four Wheel Drive,5 ft,,,,
2024,Chevrolet,Traverse Limited LT,43998,6000,17 city/25 hwy,Automatic,Black/Black,1 Owner,No flood or frame damage,No odometer problems,1GNETWKWXRJ131193,CUV - Large,Clean,No Issue,No Issue,No Open Recalls,No Issue,No Issue,No CPO Info Available,No Issue,6-cyl,Gas,All Wheel Drive,,,,,
2025,Chevrolet,Trax 2RS,28998,1000,28 city/31 hwy,Automatic,Red/Black,1 Owner,No flood or frame damage,No odometer problems,KL77LJEP3SC019271,CUV - Compact,Clean,No Issue,No Issue,No Open Recalls,No Issue,No Issue,No CPO Info Available,No Issue,3-cyl,Turbo Gas,Front Wheel Drive,,,,,
2023,Chevrolet,Corvette Stingray 2LT,70998,5000,16 city/24 hwy,Automatic,Red/Brown,1 Owner,No flood or frame damage,No odometer problems,1G1YB2D40P5106640,Sport Car - Subcompact,Clean,No Issue,No Issue,No Open Recalls,No Issue,No Issue,No CPO Info Available,No Issue,8-cyl,Gas,Rear Wheel Drive,,,,,
2019,Chevrolet,Equinox LS,19998,46000,25 city/30 hwy,Automatic,Purple/Black,1 Owner,No flood or frame damage,No odometer problems,3GNAXSEV5KL267518,CUV - Midsize,Clean,No Issue,No Issue,No Open Recalls,No Issue,No Issue,No CPO Info Available,No Issue,4-cyl,Turbo Gas,All Wheel Drive,,,,,
2024,Chevrolet,Trax 1RS,25998,4000,28 city/32 hwy,Automatic,Red/Black,1 Owner,No flood or frame damage,No odometer problems,KL77LGE22RC062727,CUV - Compact,Clean,No Issue,No Issue,No Open Recalls,No Issue,No Issue,No CPO Info Available,No Issue,3-cyl,Turbo Gas,Front Wheel Drive,,,,,
2019,Chevrolet,Colorado Z71,28998,53000,17 city/24 hwy,Automatic,Red/Black,2 Owners,No flood or frame damage,No odometer problems,1GCGTDEN6K1267030,Pickup - Midsize,Clean,No Issue,No Issue,No Open Recalls,No Issue,No Issue,No CPO Info Available,No Issue,6-cyl,Gas,Four Wheel Drive,5 ft,,,,
2022,Chevrolet,Trax LT,20998,9000,23 city/30 hwy,Automatic,Gray/Black,1 Owner,No flood or frame damage,No odometer problems,KL7CJPSM2NB539750,CUV - Compact,Clean,No Issue,No Issue,No Open Recalls,No Issue,No Issue,No CPO Info Available,No Issue,4-cyl,Turbo Gas,All Wheel Drive,,,,,
2023,Chevrolet,Equinox RS,24998,37000,26 city/31 hwy,Automatic,Gray/Black,1 Owner,No flood or frame damage,No odometer problems,3GNAXMEG5PS114955,CUV - Midsize,Clean,No Issue,No Issue,No Open Recalls,No Issue,No Issue,No CPO Info Available,No Issue,4-cyl,Turbo Gas,Front Wheel Drive,,,,,
2019,Chevrolet,Suburban 1500 LT,33998,87000,14 city/21 hwy,Automatic,Black/Black,2 Owners,No flood or frame damage,No odometer problems,1GNSKHKC1KR193886,SUV - Large,Clean,No Issue,No Issue,No Open Recalls,No Issue,No Issue,No CPO Info Available,No Issue,8-cyl,Gas,Four Wheel Drive,,,,,
2018,Chevrolet,Equinox LT,15998,97000,24 city/30 hwy,Automatic,Silver/Black,2 Owners,No flood or frame damage,No odometer problems,3GNAXSEV2JS568509,CUV - Midsize,Clean,No Issue,No Issue,No Open Recalls,No Issue,No Issue,No CPO Info Available,No Issue,4-cyl,Turbo Gas,All Wheel Drive,,,,,
2023,Chevrolet,Silverado 1500 Work Truck,28998,12000,17 city/21 hwy,Automatic,White/Black,1 Owner,No flood or frame damage,No odometer problems,3GCNAAED3PG330046,Pickup - Fullsize,Clean,No Issue,No Issue,No Open Recalls,No Issue,No Issue,No CPO Info Available,No Issue,8-cyl,Gas,Rear Wheel Drive,8 ft,,,,
2014,Chevrolet,Malibu LS,13998,65000,25 city/36 hwy,Automatic,Silver/Gray,2 Owners,No flood or frame damage,No odometer problems,1G11B5SL7EF190895,Car - Midsize,Clean,No Issue,Minor,No Open Recalls,No Issue,No Issue,No CPO Info Available,No Issue,4-cyl,Gas,Front Wheel Drive,,,,,
2018,Chevrolet,Colorado LT,26998,29000,17 city/24 hwy,Automatic,Silver/Black,3 Owners,No flood or frame damage,No odometer problems,1GCHTCEN5J1135146,Pickup - Midsize,Clean,No Issue,Damage Reported,No Open Recalls,No Issue,No Issue,No CPO Info Available,No Issue,6-cyl,Gas,Four Wheel Drive,6 ft,,,,
2022,Chevrolet,Equinox LT,24998,13000,25 city/30 hwy,Automatic,Black/Black,1 Owner,No flood or frame damage,No odometer problems,3GNAXUEV6NL264059,CUV - Midsize,Clean,No Issue,No Issue,No Open Recalls,No Issue,No Issue,No CPO Info Available,No Issue,4-cyl,Turbo Gas,All Wheel Drive,,,,,
2025,Chevrolet,Trax Activ,26998,1000,28 city/31 hwy,Automatic,White/Gray,1 Owner,No flood or frame damage,No odometer problems,KL77LKEP9SC000634,CUV - Compact,Clean,No Issue,No Issue,No Open Recalls,No Issue,No Issue,No CPO Info Available,No Issue,3-cyl,Turbo Gas,Front Wheel Drive,,,,,
2021,Chevrolet,Traverse LS,28998,25000,18 city/27 hwy,Automatic,White/Black,1 Owner,No flood or frame damage,No odometer problems,1GNERFKWXMJ230958,CUV - Large,Clean,No Issue,No Issue,No Open Recalls,No Issue,No Issue,No CPO Info Available,No Issue,6-cyl,Gas,Front Wheel Drive,,,,,
2021,Chevrolet,Silverado 1500 RST,37998,37000,19 city/22 hwy,Automatic,Blue/Black,1 Owner,No flood or frame damage,No odometer problems,3GCUYEED7MG269133,Pickup - Fullsize,Clean,No Issue,Moderate,No Open Recalls,No Issue,No Issue,No CPO Info Available,No Issue,8-cyl,Gas,Four Wheel Drive,5.5 ft,,,,
2018,Chevrolet,Malibu LT,14998,95000,27 city/36 hwy,Automatic,Silver/Black,2 Owners,No flood or frame damage,No odometer problems,1G1ZD5ST8JF137923,Car - Midsize,Clean,No Issue,No Issue,No Open Recalls,No Issue,No Issue,No CPO Info Available,No Issue,4-cyl,Turbo Gas,Front Wheel Drive,,,,,
2019,Chevrolet,Trax LS,16998,28000,26 city/31 hwy,Automatic,Gray/Gray,1 Owner,No flood or frame damage,No odometer problems,3GNCJKSB8KL156434,CUV - Compact,Clean,No Issue,No Issue,No Open Recalls,No Issue,No Issue,No CPO Info Available,No Issue,4-cyl,Turbo Gas,Front Wheel Drive,,,,,
2017,Chevrolet,Traverse LT,20998,62000,15 city/22 hwy,Automatic,Blue/Gray,2 Owners,No flood or frame damage,No odometer problems,1GNKVGKD3HJ154251,CUV - Large,Clean,No Issue,Minor,1 Open Recall(s),No Issue,No Issue,No CPO Info Available,No Issue,6-cyl,Gas,All Wheel Drive,,,,,
2019,Chevrolet,Tahoe LT,38998,53000,15 city/21 hwy,Automatic,Black/Black,1 Owner,No flood or frame damage,No odometer problems,1GNSKBKC7KR404456,SUV - Large,Clean,No Issue,No Issue,No Open Recalls,No Issue,No Issue,No CPO Info Available,No Issue,8-cyl,Gas,Four Wheel Drive,,,,,
2017,Chevrolet,Equinox LS,16998,47000,21 city/31 hwy,Automatic,Black/Black,1 Owner,No flood or frame damage,No odometer problems,2GNALBEK6H1556869,CUV - Midsize,Clean,No Issue,Damage Reported,No Open Recalls,No Issue,No Issue,No CPO Info Available,No Issue,4-cyl,Gas,Front Wheel Drive,,,,,
2018,Chevrolet,Cruze LT,17998,10000,29 city/38 hwy,Automatic,Silver/Black,2 Owners,No flood or frame damage,No odometer problems,3G1BE6SM0JS612165,Car - Compact,Clean,No Issue,No Issue,No Open Recalls,No Issue,No Issue,No CPO Info Available,No Issue,4-cyl,Turbo Gas,Front Wheel Drive,,,,,
2023,Chevrolet,Silverado 1500 Work Truck,29998,12000,17 city/21 hwy,Automatic,White/Black,1 Owner,No flood or frame damage,No odometer problems,3GCNAAED3PG284511,Pickup - Fullsize,Clean,No Issue,No Issue,No Open Recalls,No Issue,No Issue,No CPO Info Available,No Issue,8-cyl,Gas,Rear Wheel Drive,8 ft,,,,
2023,Chevrolet,Silverado 1500 Work Truck,29998,7000,17 city/21 hwy,Automatic,White/Black,1 Owner,No flood or frame damage,No odometer problems,3GCNAAED4PG346031,Pickup - Fullsize,Clean,No Issue,No Issue,No Open Recalls,No Issue,No Issue,No CPO Info Available,No Issue,8-cyl,Gas,Rear Wheel Drive,8 ft,,,,
2020,Chevrolet,Trax LS,17998,38000,24 city/29 hwy,Automatic,White/Gray,1 Owner,No flood or frame damage,No odometer problems,KL7CJNSB3LB092166,CUV - Compact,Clean,No Issue,No Issue,No Open Recalls,No Issue,No Issue,No CPO Info Available,No Issue,4-cyl,Turbo Gas,All Wheel Drive,,,,,
2021,Chevrolet,Tahoe LT,55998,29000,16 city/20 hwy,Automatic,Black/Black,1 Owner,No flood or frame damage,No odometer problems,1GNSKNKD4MR449254,SUV - Large,Clean,No Issue,No Issue,1 Open Recall(s),No Issue,No Issue,No CPO Info Available,No Issue,8-cyl,Gas,Four Wheel Drive,,,,,
2018,Chevrolet,Equinox Premier,22998,36000,24 city/30 hwy,Automatic,Red/Black,2 Owners,No flood or frame damage,No odometer problems,2GNAXVEV9J6337588,CUV - Midsize,Clean,No Issue,No Issue,No Open Recalls,No Issue,No Issue,No CPO Info Available,No Issue,4-cyl,Turbo Gas,All Wheel Drive,,,,,
2021,Chevrolet,Silverado 1500 LT Trail Boss,48998,11000,16 city/22 hwy,Automatic,White/Black,1 Owner,No flood or frame damage,No odometer problems,1GCPYFED3MZ205156,Pickup - Fullsize,Clean,No Issue,No Issue,No Open Recalls,No Issue,No Issue,No CPO Info Available,No Issue,8-cyl,Gas,Four Wheel Drive,5.5 ft,,,,
2019,Chevrolet,Silverado 1500 High Country,44998,38000,16 city/22 hwy,Automatic,Black/Black,2 Owners,No flood or frame damage,No odometer problems,1GCUYHED4KZ167206,Pickup - Fullsize,Clean,No Issue,No Issue,No Open Recalls,No Issue,No Issue,No CPO Info Available,No Issue,8-cyl,Gas,Four Wheel Drive,5.5 ft,,,,
2020,Chevrolet,Sonic LT,14998,46000,26 city/34 hwy,Automatic,Black/Black,1 Owner,No flood or frame damage,No odometer problems,1G1JG6SB9L4124470,Car - Compact,Clean,No Issue,Minor,No Open Recalls,No Issue,No Issue,No CPO Info Available,No Issue,4-cyl,Turbo Gas,Front Wheel Drive,,,,,
2021,Chevrolet,Silverado 1500 LT Trail Boss,49998,15000,16 city/22 hwy,Automatic,Silver/Black,1 Owner,No flood or frame damage,No odometer problems,3GCPYFED9MG221085,Pickup - Fullsize,Clean,No Issue,No Issue,No Open Recalls,No Issue,No Issue,No CPO Info Available,No Issue,8-cyl,Gas,Four Wheel Drive,5.5 ft,,,,
2017,Chevrolet,Silverado 1500 Work Truck,23998,64000,18 city/24 hwy,Automatic,White/Gray,2 Owners,No flood or frame damage,No odometer problems,1GCRCNEH9HZ100826,Pickup - Fullsize,Clean,No Issue,Minor,No Open Recalls,No Issue,No Issue,No CPO Info Available,No Issue,6-cyl,Gas,Rear Wheel Drive,6.5 ft,,,,
2018,Chevrolet,Trax LT,16998,30000,25 city/33 hwy,Automatic,Gray/Black,2 Owners,No flood or frame damage,No odometer problems,KL7CJLSB8JB662793,CUV - Compact,Clean,No Issue,No Issue,No Open Recalls,No Issue,No Issue,No CPO Info Available,No Issue,4-cyl,Turbo Gas,Front Wheel Drive,,,,,
2021,Chevrolet,Silverado 1500 LT,31998,78000,19 city/18 hwy,Automatic,Blue/Black,3 Owners,No flood or frame damage,No odometer problems,1GCUYDED4MZ241607,Pickup - Fullsize,Clean,No Issue,No Issue,No Open Recalls,No Issue,No Issue,No CPO Info Available,No Issue,8-cyl,Gas,Four Wheel Drive,5.5 ft,,,,
2020,Chevrolet,Malibu Premier,22998,47000,22 city/32 hwy,Automatic,Blue/Black,1 Owner,No flood or frame damage,No odometer problems,1G1ZE5SX8LF020815,Car - Midsize,Clean,No Issue,Minor,No Open Recalls,No Issue,No Issue,No CPO Info Available,No Issue,4-cyl,Turbo Gas,Front Wheel Drive,,,,,
2019,Chevrolet,Silverado 1500 LD LT Z71,32998,60000,15 city/21 hwy,Automatic,Gray/Black,2 Owners,No flood or frame damage,No odometer problems,2GCVKPEC1K1195108,Pickup - Fullsize,Clean,No Issue,No Issue,No Open Recalls,No Issue,No Issue,No Recent CPO Reported,No Issue,8-cyl,Gas,,6.5 ft,,,,
2020,Chevrolet,Impala Premier,29998,31000,19 city/28 hwy,Automatic,Silver/Black,2 Owners,No flood or frame damage,No odometer problems,1G1105S34LU113111,Car - Midsize,Clean,No Issue,No Issue,No Open Recalls,No Issue,No Issue,OEM-Certified,No Issue,6-cyl,Gas,Front Wheel Drive,,,,,
2015,Chevrolet,Impala LTZ,14998,101000,17 city/25 hwy,Automatic,Gray/Gray,2 Owners,No flood or frame damage,No odometer problems,2G1165S39F9133483,Car - Midsize,Clean,No Issue,No Issue,No Open Recalls,No Issue,No Issue,No CPO Info Available,No Issue,6-cyl,Gas,Front Wheel Drive,,,,,
2020,Chevrolet,Sonic LT,15998,48000,26 city/34 hwy,Automatic,Gray/Black,1 Owner,No flood or frame damage,No odometer problems,1G1JG6SB2L4128649,Car - Compact,Clean,No Issue,No Issue,No Open Recalls,No Issue,No Issue,No CPO Info Available,No Issue,4-cyl,Turbo Gas,Front Wheel Drive,,,,,
2014,Chevrolet,Cruze LT,11599,95000,26 city/38 hwy,Automatic,Tan/Black,3 Owners,No flood or frame damage,No odometer problems,1G1PC5SB4E7472016,Car - Midsize,Clean,No Issue,No Issue,No Open Recalls,No Issue,No Issue,No CPO Info Available,No Issue,4-cyl,Turbo Gas,Front Wheel Drive,,,,,
2022,Chevrolet,Malibu RS,23998,12000,29 city/36 hwy,Automatic,White/Black,1 Owner,No flood or frame damage,No odometer problems,1G1ZG5ST3NF193541,Car - Midsize,Clean,No Issue,Minor,No Open Recalls,No Issue,No Issue,No CPO Info Available,No Issue,4-cyl,Turbo Gas,Front Wheel Drive,,,,,
2022,Chevrolet,Equinox LS,23998,17000,25 city/30 hwy,Automatic,Blue/Gray,1 Owner,No flood or frame damage,No odometer problems,3GNAXSEV4NS160907,CUV - Midsize,Clean,No Issue,No Issue,No Open Recalls,No Issue,No Issue,No CPO Info Available,No Issue,4-cyl,Turbo Gas,All Wheel Drive,,,,,
2020,Chevrolet,Equinox LT,16998,85000,26 city/31 hwy,Automatic,White/Black,1 Owner,No flood or frame damage,No odometer problems,2GNAXKEV5L6107645,CUV - Midsize,Clean,No Issue,No Issue,No Open Recalls,No Issue,No Issue,No CPO Info Available,No Issue,4-cyl,Turbo Gas,Front Wheel Drive,,,,,
2017,Chevrolet,Silverado 1500 LTZ,26998,103000,16 city/22 hwy,Automatic,White/Black,3 Owners,No flood or frame damage,No odometer problems,3GCUKSECXHG287297,Pickup - Fullsize,Clean,No Issue,Minor,No Open Recalls,No Issue,No Issue,No Recent CPO Reported,No Issue,8-cyl,Gas,Four Wheel Drive,5.5 ft,,,,
