year,make,model,price,mileage,Miles per gallon,cylinders,fuel,Drive type,Transmission,Color,owner,frame_damage,Odometer_problem,VIN,class,State Title Brand,Auction Brand / Issues,Accident / Damage,Open Recall Check,Insurance Loss / Transfer,Odometer Check,Certified Pre-Owned,Service / Repair,Miles per gallon equivalent (MPGe),Range (when new),Time to fully charge battery (240V)
2019,Chrysler,Pacifica Touring L,21998,62000,19 city/28 hwy,6-cyl,Gas,Front Wheel Drive,Automatic,Gray/Black,2 Owners,No flood or frame damage,No odometer problems,2C4RC1BGXKR523730,Van - Mini,Clean,No Issue,Moderate,No Open Recalls,No Issue,No Issue,No CPO Info Available,No Issue,,,
2018,Chrysler,Pacifica Limited,27998,49000,19 city/28 hwy,6-cyl,Gas,Front Wheel Drive,Automatic,White/Black,2 Owners,No flood or frame damage,No odometer problems,2C4RC1GG7JR106749,Van - Mini,Clean,No Issue,No Issue,No Open Recalls,No Issue,No Issue,No CPO Info Available,No Issue,,,
2022,Chrysler,Pacifica Touring L,33998,35000,,6-cyl,Gas,All Wheel Drive,Automatic,Black/Black,2 Owners,No flood or frame damage,No odometer problems,2C4RC3BG7NR217004,Van - Mini,Clean,No Issue,No Issue,No Open Recalls,No Issue,No Issue,No CPO Info Available,No Issue,,,
2016,Chrysler,300 S,15998,109000,19 city/31 hwy,6-cyl,Gas,Rear Wheel Drive,Automatic,Silver/Black,1 Owner,No flood or frame damage,No odometer problems,2C3CCABG2GH130277,Car - Large,Clean,No Issue,No Issue,No Open Recalls,No Issue,No Issue,No CPO Info Available,No Issue,,,
2017,Chrysler,300 C,18998,69000,18 city/27 hwy,6-cyl,Gas,All Wheel Drive,Automatic,Burgundy/Tan,1 Owner,No flood or frame damage,No odometer problems,2C3CCAKG7HH632199,Car - Large,Clean,No Issue,No Issue,No Open Recalls,No Issue,No Issue,No CPO Info Available,No Issue,,,
2018,Chrysler,Pacifica Hybrid Touring Plus,25998,29000,,6-cyl,Plug-in Hybrid,Front Wheel Drive,,Red/Tan,2 Owners,No flood or frame damage,No odometer problems,2C4RC1H77JR355244,Van - Mini,Clean,No Issue,No Issue,No Open Recalls,No Issue,No Issue,No CPO Info Available,No Issue,89 city/78 hwy,33 miles,2 hours
2019,Chrysler,Pacifica Touring L,26998,47000,19 city/28 hwy,6-cyl,Gas,Front Wheel Drive,Automatic,Gray/Black,2 Owners,No flood or frame damage,No odometer problems,2C4RC1BG7KR549914,Van - Mini,Clean,No Issue,No Issue,No Open Recalls,No Issue,No Issue,No CPO Info Available,No Issue,,,
2020,Chrysler,Voyager LXI,20998,71000,19 city/28 hwy,6-cyl,Gas,Front Wheel Drive,Automatic,White/Black,2 Owners,No flood or frame damage,No odometer problems,2C4RC1DG0LR144671,Van - Mini,Clean,No Issue,Minor,No Open Recalls,No Issue,No Issue,No CPO Info Available,No Issue,,,
2015,Chrysler,Town and Country Touring L,19998,66000,17 city/25 hwy,6-cyl,Gas,Front Wheel Drive,Automatic,White/Tan,2 Owners,No flood or frame damage,No odometer problems,2C4RC1CG8FR583249,Van - Mini,Clean,No Issue,No Issue,No Open Recalls,No Issue,No Issue,No CPO Info Available,No Issue,,,
2015,Chrysler,300 C Platinum,19998,58000,18 city/27 hwy,6-cyl,Gas,All Wheel Drive,Automatic,Silver/Black,4 Owners,No flood or frame damage,No odometer problems,2C3CCASG4FH736453,Car - Large,Clean,No Issue,No Issue,No Open Recalls,No Issue,No Issue,No CPO Info Available,No Issue,,,
2015,Chrysler,Town and Country Touring,17998,74000,17 city/25 hwy,6-cyl,Gas,Front Wheel Drive,Automatic,Black/Tan,1 Owner,No flood or frame damage,No odometer problems,2C4RC1BG9FR665217,Van - Mini,Clean,No Issue,No Issue,No Open Recalls,No Issue,No Issue,No CPO Info Available,No Issue,,,
2018,Chrysler,Pacifica Touring L,22998,84000,19 city/28 hwy,6-cyl,Gas,Front Wheel Drive,Automatic,Gray/Black,1 Owner,No flood or frame damage,No odometer problems,2C4RC1BG6JR261798,Van - Mini,Clean,No Issue,No Issue,No Open Recalls,No Issue,No Issue,No CPO Info Available,No Issue,,,
2016,Chrysler,300 Limited,14998,107000,19 city/31 hwy,6-cyl,Gas,Rear Wheel Drive,Automatic,White/Black,4 Owners,No flood or frame damage,No odometer problems,2C3CCAAG0GH189555,Car - Large,Clean,No Issue,No Issue,No Open Recalls,No Issue,No Issue,No CPO Info Available,No Issue,,,
2017,Chrysler,Pacifica Touring L-Plus,25998,32000,,,,,Automatic,Black/Cream,1 Owner,No flood or frame damage,No odometer problems,2C4RC1EG1HR507761,Van - Mini,Clean,No Issue,No Issue,No Open Recalls,No Issue,No Issue,No CPO Info Available,No Issue,,,
2018,Chrysler,Pacifica Touring L Plus,24998,58000,19 city/28 hwy,6-cyl,Gas,Front Wheel Drive,Automatic,White/Black,2 Owners,No flood or frame damage,No odometer problems,2C4RC1EG8JR354138,Van - Mini,Clean,No Issue,No Issue,No Open Recalls,No Issue,No Issue,No CPO Info Available,No Issue,,,
2020,Chrysler,Voyager LXI,20998,70000,19 city/28 hwy,6-cyl,Gas,Front Wheel Drive,Automatic,Black/Black,3 Owners,No flood or frame damage,No odometer problems,2C4RC1DG5LR257368,Van - Mini,Clean,No Issue,Minor,No Open Recalls,No Issue,No Issue,No CPO Info Available,No Issue,,,
2019,Chrysler,300 Touring,20998,53000,19 city/30 hwy,6-cyl,Gas,Rear Wheel Drive,Automatic,Gray/Black,1 Owner,No flood or frame damage,No odometer problems,2C3CCAAGXKH693653,Car - Large,Clean,No Issue,No Issue,No Open Recalls,No Issue,No Issue,No CPO Info Available,No Issue,,,
2017,Chrysler,Pacifica Touring L,22998,44000,19 city/28 hwy,6-cyl,Gas,Front Wheel Drive,Automatic,Black/Black,2 Owners,No flood or frame damage,No odometer problems,2C4RC1BG9HR610513,Van - Mini,Clean,No Issue,Damage Reported,No Open Recalls,No Issue,No Issue,No CPO Info Available,No Issue,,,
2024,Chrysler,Pacifica Hybrid Select,40998,9000,,6-cyl,Plug-in Hybrid,Front Wheel Drive,,White/Black,1 Owner,No flood or frame damage,No odometer problems,2C4RC1S77RR104082,Van - Mini,Clean,No Issue,No Issue,No Open Recalls,No Issue,No Issue,No CPO Info Available,No Issue,87 city/77 hwy,32 miles,2 hours
2023,Chrysler,Pacifica Hybrid Limited,43998,4000,,6-cyl,Plug-in Hybrid,Front Wheel Drive,,White/Black,1 Owner,No flood or frame damage,No odometer problems,2C4RC1S7XPR618831,Van - Mini,Clean,No Issue,No Issue,No Open Recalls,No Issue,No Issue,No CPO Info Available,No Issue,87 city/77 hwy,32 miles,2 hours
2014,Chrysler,Town and Country Touring L,17998,62000,17 city/25 hwy,6-cyl,Gas,Front Wheel Drive,Automatic,Silver/Black,1 Owner,No flood or frame damage,No odometer problems,2C4RC1CG3ER345470,Van - Mini,Clean,No Issue,Damage Reported,No Open Recalls,No Issue,No Issue,No CPO Info Available,No Issue,,,
2020,Chrysler,Pacifica Launch Edition,28998,59000,17 city/25 hwy,6-cyl,Gas,All Wheel Drive,Automatic,Black/Black,1 Owner,No flood or frame damage,No odometer problems,2C4RC3BG5LR288926,Van - Mini,Clean,No Issue,No Issue,No Open Recalls,No Issue,No Issue,No CPO Info Available,No Issue,,,
2018,Chrysler,Pacifica Touring L,22998,53000,19 city/28 hwy,6-cyl,Gas,Front Wheel Drive,Automatic,White/Black,4 Owners,No flood or frame damage,No odometer problems,2C4RC1BG7JR124286,Van - Mini,Clean,No Issue,Damage Reported,No Open Recalls,No Issue,No Issue,No CPO Info Available,No Issue,,,
2016,Chrysler,200 Limited Platinum,14599,86000,23 city/36 hwy,4-cyl,Gas,Front Wheel Drive,Automatic,Silver/Black,2 Owners,No flood or frame damage,No odometer problems,1C3CCCABXGN176190,Car - Midsize,Clean,No Issue,Moderate,No Open Recalls,No Issue,No Issue,No CPO Info Available,No Issue,,,
2016,Chrysler,Town and Country Limited,17998,71000,17 city/25 hwy,6-cyl,Gas,Front Wheel Drive,Automatic,Silver/Black,2 Owners,No flood or frame damage,No odometer problems,2C4RC1JGXGR263970,Van - Mini,Clean,No Issue,Moderate,No Open Recalls,No Issue,No Issue,No CPO Info Available,No Issue,,,
2018,Chrysler,Pacifica Touring Plus,22998,59000,19 city/28 hwy,6-cyl,Gas,Front Wheel Drive,Automatic,White/Black,2 Owners,No flood or frame damage,No odometer problems,2C4RC1FG4JR128306,Van - Mini,Clean,No Issue,No Issue,No Open Recalls,No Issue,No Issue,No CPO Info Available,No Issue,,,
2019,Chrysler,Pacifica Limited,27998,59000,19 city/28 hwy,6-cyl,Gas,Front Wheel Drive,Automatic,Black/Black,2 Owners,No flood or frame damage,No odometer problems,2C4RC1GG6KR589278,Van - Mini,Clean,No Issue,No Issue,No Open Recalls,No Issue,No Issue,No CPO Info Available,No Issue,,,
2023,Chrysler,Pacifica Hybrid Limited,46998,5000,,4-cyl,Plug-in Hybrid,Front Wheel Drive,,Silver/Black,1 Owner,No flood or frame damage,No odometer problems,2C4RC1S79PR513794,Van - Mini,Clean,No Issue,No Issue,No Open Recalls,No Issue,No Issue,No CPO Info Available,No Issue,87 city/77 hwy,32 miles,2 hours
2017,Chrysler,200 Touring,12998,105000,23 city/36 hwy,4-cyl,Gas,Front Wheel Drive,Automatic,Black/Black,1 Owner,No flood or frame damage,No odometer problems,1C3CCCFB9HN500482,Car - Midsize,Clean,No Issue,No Issue,No Open Recalls,No Issue,No Issue,No CPO Info Available,No Issue,,,
2017,Chrysler,Pacifica Limited,25998,45000,19 city/28 hwy,6-cyl,Gas,Front Wheel Drive,Automatic,Burgundy/Black,1 Owner,No flood or frame damage,No odometer problems,2C4RC1GG9HR837967,Van - Mini,Clean,No Issue,Damage Reported,No Open Recalls,No Issue,No Issue,No CPO Info Available,No Issue,,,
2017,Chrysler,Pacifica Touring L,20998,70000,19 city/28 hwy,6-cyl,Gas,Front Wheel Drive,Automatic,Silver/Black,2 Owners,No flood or frame damage,No odometer problems,2C4RC1BG6HR820972,Van - Mini,Clean,No Issue,No Issue,No Open Recalls,No Issue,No Issue,No CPO Info Available,No Issue,,,
2022,Chrysler,Pacifica Limited,35998,26000,,6-cyl,Gas,Front Wheel Drive,Automatic,Gray/Black,1 Owner,No flood or frame damage,No odometer problems,2C4RC1GG7NR186852,Van - Mini,Clean,No Issue,No Issue,No Open Recalls,No Issue,No Issue,No CPO Info Available,No Issue,,,
2017,Chrysler,Pacifica Touring L,19998,76000,19 city/28 hwy,6-cyl,Gas,Front Wheel Drive,Automatic,Gray/Tan,1 Owner,No flood or frame damage,No odometer problems,2C4RC1BG3HR599590,Van - Mini,Clean,No Issue,No Issue,No Open Recalls,No Issue,No Issue,No CPO Info Available,No Issue,,,
2017,Chrysler,Pacifica LX,19998,50000,19 city/28 hwy,6-cyl,Gas,Front Wheel Drive,Automatic,Red/White,2 Owners,No flood or frame damage,No odometer problems,2C4RC1CG8HR648801,Van - Mini,Clean,No Issue,Damage Reported,No Open Recalls,No Issue,No Issue,No CPO Info Available,No Issue,,,
2017,Chrysler,Pacifica LX,18998,64000,19 city/28 hwy,6-cyl,Gas,Front Wheel Drive,Automatic,Brown/Gray,1 Owner,No flood or frame damage,No odometer problems,2C4RC1CG1HR536275,Van - Mini,Clean,No Issue,No Issue,No Open Recalls,No Issue,No Issue,No CPO Info Available,No Issue,,,
2015,Chrysler,200 S,13998,123000,18 city/29 hwy,6-cyl,Gas,All Wheel Drive,Automatic,Black/Black,3 Owners,No flood or frame damage,No odometer problems,1C3CCCDG1FN684389,Car - Midsize,Clean,No Issue,Minor,No Open Recalls,No Issue,No Issue,No CPO Info Available,No Issue,,,
2020,Chrysler,300 Touring,20998,74000,,6-cyl,Gas,All Wheel Drive,Automatic,Black/Black,1 Owner,No flood or frame damage,No odometer problems,2C3CCARG8LH158987,Car - Large,Clean,No Issue,Minor,No Open Recalls,No Issue,No Issue,No CPO Info Available,No Issue,,,
2022,Chrysler,Pacifica Touring L,28998,43000,,6-cyl,Gas,Front Wheel Drive,Automatic,Black/Black,2 Owners,No flood or frame damage,No odometer problems,2C4RC1BG3NR113890,Van - Mini,Clean,No Issue,No Issue,No Open Recalls,No Issue,No Issue,No CPO Info Available,No Issue,,,
2021,Chrysler,Pacifica Limited,39998,39000,,6-cyl,Gas,All Wheel Drive,Automatic,Blue/Gray,1 Owner,No flood or frame damage,No odometer problems,2C4RC3GG5MR582109,Van - Mini,Clean,No Issue,No Issue,No Open Recalls,No Issue,No Issue,No CPO Info Available,No Issue,,,
2016,Chrysler,Town and Country Limited,17998,89000,17 city/25 hwy,6-cyl,Gas,Front Wheel Drive,Automatic,Gray/Black,2 Owners,No flood or frame damage,No odometer problems,2C4RC1JG7GR232398,Van - Mini,Clean,No Issue,No Issue,No Open Recalls,No Issue,No Issue,No CPO Info Available,No Issue,,,
2015,Chrysler,Town and Country Touring L,17998,72000,17 city/25 hwy,6-cyl,Gas,Front Wheel Drive,Automatic,Silver/Black,2 Owners,No flood or frame damage,No odometer problems,2C4RC1CGXFR753207,Van - Mini,Clean,No Issue,No Issue,No Open Recalls,No Issue,No Issue,No CPO Info Available,No Issue,,,
2015,Chrysler,300 C Platinum,19998,62000,18 city/27 hwy,6-cyl,Gas,All Wheel Drive,Automatic,Black/Black,2 Owners,No flood or frame damage,No odometer problems,2C3CCASG2FH831514,Car - Large,Clean,No Issue,No Issue,No Open Recalls,No Issue,No Issue,No CPO Info Available,No Issue,,,
2021,Chrysler,Pacifica Hybrid Limited,42998,14000,,6-cyl,Plug-in Hybrid,Front Wheel Drive,,Gray/Black,1 Owner,No flood or frame damage,No odometer problems,2C4RC1S7XMR517901,Van - Mini,Clean,No Issue,No Issue,No Open Recalls,No Issue,No Issue,No CPO Info Available,No Issue,87 city/77 hwy,32 miles,2 hours
2021,Chrysler,Pacifica Hybrid Limited,34998,42000,,6-cyl,Plug-in Hybrid,Front Wheel Drive,,Black/Black,1 Owner,No flood or frame damage,No odometer problems,2C4RC1S78MR510672,Van - Mini,Clean,No Issue,No Issue,No Open Recalls,No Issue,No Issue,No CPO Info Available,No Issue,87 city/77 hwy,32 miles,2 hours
2015,Chrysler,200 S,14998,33000,23 city/36 hwy,4-cyl,Gas,Front Wheel Drive,Automatic,Burgundy/Black,2 Owners,No flood or frame damage,No odometer problems,1C3CCCBB7FN533533,Car - Midsize,Clean,No Issue,No Issue,No Open Recalls,No Issue,No Issue,No CPO Info Available,No Issue,,,
2017,Chrysler,Pacifica Touring L,20998,72000,19 city/28 hwy,6-cyl,Gas,Front Wheel Drive,Automatic,Brown/Brown,2 Owners,No flood or frame damage,No odometer problems,2C4RC1BG9HR833196,Van - Mini,Clean,No Issue,No Issue,No Open Recalls,No Issue,No Issue,No CPO Info Available,No Issue,,,
2019,Chrysler,300 Limited,19998,71000,19 city/30 hwy,6-cyl,Gas,Rear Wheel Drive,Automatic,Gray/Black,2 Owners,No flood or frame damage,No odometer problems,2C3CCAEGXKH555637,Car - Large,Clean,No Issue,No Issue,No Open Recalls,No Issue,No Issue,No CPO Info Available,No Issue,,,
2019,Chrysler,Pacifica Limited,28998,53000,19 city/28 hwy,6-cyl,Gas,Front Wheel Drive,Automatic,Gray/Black,1 Owner,No flood or frame damage,No odometer problems,2C4RC1GG3KR715533,Van - Mini,Clean,No Issue,No Issue,No Open Recalls,No Issue,No Issue,No CPO Info Available,No Issue,,,
2022,Chrysler,Pacifica Touring L,29998,33000,,6-cyl,Gas,Front Wheel Drive,Automatic,Red/Black,1 Owner,No flood or frame damage,No odometer problems,2C4RC1BG6NR218150,Van - Mini,Clean,No Issue,No Issue,No Open Recalls,No Issue,No Issue,No CPO Info Available,No Issue,,,
2013,Chrysler,300 S,14998,104000,18 city/27 hwy,6-cyl,Gas,All Wheel Drive,Automatic,Black/Black,3 Owners,No flood or frame damage,No odometer problems,2C3CCABG3DH576742,Car - Large,Clean,No Issue,No Issue,No Open Recalls,No Issue,No Issue,No CPO Info Available,No Issue,,,
2019,Chrysler,Pacifica Touring L,24998,41000,19 city/28 hwy,6-cyl,Gas,Front Wheel Drive,Automatic,Gray/Black,1 Owner,No flood or frame damage,No odometer problems,2C4RC1BG5KR526647,Van - Mini,Clean,No Issue,Damage Reported,No Open Recalls,No Issue,No Issue,No CPO Info Available,No Issue,,,
2018,Chrysler,Pacifica Touring L Plus,21998,75000,19 city/28 hwy,6-cyl,Gas,Front Wheel Drive,Automatic,Blue/Black,1 Owner,No flood or frame damage,No odometer problems,2C4RC1EG7JR306081,Van - Mini,Clean,No Issue,Minor,No Open Recalls,No Issue,No Issue,No CPO Info Available,No Issue,,,
2018,Chrysler,Pacifica Touring L,19998,81000,19 city/28 hwy,6-cyl,Gas,Front Wheel Drive,Automatic,Black/Black,3 Owners,No flood or frame damage,No odometer problems,2C4RC1BG0JR321168,Van - Mini,Clean,No Issue,No Issue,No Open Recalls,No Issue,No Issue,No CPO Info Available,No Issue,,,
2018,Chrysler,Pacifica Hybrid Limited,27998,62000,,6-cyl,Plug-in Hybrid,Front Wheel Drive,,Blue/Gray,1 Owner,No flood or frame damage,No odometer problems,2C4RC1N71JR129690,Van - Mini,Clean,No Issue,No Issue,No Open Recalls,No Issue,No Issue,No CPO Info Available,No Issue,89 city/78 hwy,33 miles,2 hours
2022,Chrysler,Pacifica Limited,30998,60000,,6-cyl,Gas,Front Wheel Drive,Automatic,Black/Black,1 Owner,No flood or frame damage,No odometer problems,2C4RC1GG6NR140669,Van - Mini,Clean,No Issue,No Issue,No Open Recalls,No Issue,No Issue,No CPO Info Available,No Issue,,,
2018,Chrysler,300 Limited,18998,71000,18 city/27 hwy,6-cyl,Gas,All Wheel Drive,Automatic,Silver/Black,2 Owners,No flood or frame damage,No odometer problems,2C3CCAKG2JH240852,Car - Large,Clean,No Issue,No Issue,No Open Recalls,No Issue,No Issue,No CPO Info Available,No Issue,,,
2021,Chrysler,Voyager LXI,21998,78000,,6-cyl,Gas,Front Wheel Drive,Automatic,Burgundy/Black,3 Owners,No flood or frame damage,No odometer problems,2C4RC1DG1MR532543,Van - Mini,Clean,No Issue,No Issue,No Open Recalls,No Issue,No Issue,No CPO Info Available,No Issue,,,
2021,Chrysler,Pacifica Hybrid Limited,33998,22000,,6-cyl,Plug-in Hybrid,Front Wheel Drive,,Black/Black,1 Owner,No flood or frame damage,No odometer problems,2C4RC1S72MR522526,Van - Mini,Clean,No Issue,No Issue,No Open Recalls,No Issue,No Issue,No CPO Info Available,No Issue,87 city/77 hwy,32 miles,2 hours
2021,Chrysler,Pacifica Hybrid Limited,29998,60000,,6-cyl,Plug-in Hybrid,Front Wheel Drive,,Gray/Black,1 Owner,No flood or frame damage,No odometer problems,2C4RC1S7XMR517865,Van - Mini,Clean,No Issue,Damage Reported,No Open Recalls,No Issue,No Issue,No CPO Info Available,No Issue,87 city/77 hwy,32 miles,2 hours
2021,Chrysler,Pacifica Hybrid Limited,33998,35000,,6-cyl,Plug-in Hybrid,Front Wheel Drive,,White/Brown,1 Owner,No flood or frame damage,No odometer problems,2C4RC1S73MR568110,Van - Mini,Clean,No Issue,No Issue,No Open Recalls,No Issue,No Issue,No CPO Info Available,No Issue,87 city/77 hwy,32 miles,2 hours
2015,Chrysler,200 S,12998,105000,19 city/32 hwy,6-cyl,Gas,Front Wheel Drive,Automatic,Silver/Black,1 Owner,No flood or frame damage,No odometer problems,1C3CCCBG9FN565282,Car - Midsize,Clean,No Issue,No Issue,No Open Recalls,No Issue,No Issue,No CPO Info Available,No Issue,,,
2016,Chrysler,200 Touring,14998,69000,23 city/36 hwy,4-cyl,Gas,Front Wheel Drive,Automatic,Black/Black,3 Owners,No flood or frame damage,No odometer problems,1C3CCCFB5GN186313,Car - Midsize,Clean,No Issue,Minor,No Open Recalls,No Issue,No Issue,No CPO Info Available,No Issue,,,
2017,Chrysler,Pacifica Touring L-Plus,20998,84000,19 city/28 hwy,6-cyl,Gas,Front Wheel Drive,Automatic,Gray/Black,1 Owner,No flood or frame damage,No odometer problems,2C4RC1EG3HR622152,Van - Mini,Clean,No Issue,Damage Reported,No Open Recalls,No Issue,No Issue,No CPO Info Available,No Issue,,,
2016,Chrysler,200 Limited,12599,111000,23 city/36 hwy,4-cyl,Gas,Front Wheel Drive,Automatic,Silver/Black,1 Owner,No flood or frame damage,No odometer problems,1C3CCCAB7GN157127,Car - Midsize,Clean,No Issue,Minor,No Open Recalls,No Issue,No Issue,No CPO Info Available,No Issue,,,
2021,Chrysler,Pacifica Hybrid Limited,32998,49000,,6-cyl,Plug-in Hybrid,Front Wheel Drive,,Silver/Black,1 Owner,No flood or frame damage,No odometer problems,2C4RC1S79MR507442,Van - Mini,Clean,No Issue,No Issue,No Open Recalls,No Issue,No Issue,No CPO Info Available,No Issue,87 city/77 hwy,32 miles,2 hours
2015,Chrysler,200 C,15998,68000,18 city/29 hwy,6-cyl,Gas,All Wheel Drive,Automatic,Silver/Black,1 Owner,No flood or frame damage,No odometer problems,1C3CCCEG8FN512228,Car - Midsize,Clean,No Issue,No Issue,No Open Recalls,No Issue,No Issue,No CPO Info Available,No Issue,,,
2021,Chrysler,Pacifica Hybrid Limited,33998,42000,,6-cyl,Plug-in Hybrid,Front Wheel Drive,,White/Black,1 Owner,No flood or frame damage,No odometer problems,2C4RC1S74MR567578,Van - Mini,Clean,No Issue,No Issue,No Open Recalls,No Issue,No Issue,No CPO Info Available,No Issue,87 city/77 hwy,32 miles,2 hours
2022,Chrysler,Pacifica Hybrid Touring L,31998,38000,,6-cyl,Plug-in Hybrid,Front Wheel Drive,,White/Black,1 Owner,No flood or frame damage,No odometer problems,2C4RC1L73NR184134,Van - Mini,Clean,No Issue,No Issue,No Open Recalls,No Issue,No Issue,No CPO Info Available,No Issue,87 city/77 hwy,32 miles,2 hours
2021,Chrysler,Pacifica Hybrid Limited,38998,21000,,6-cyl,Plug-in Hybrid,Front Wheel Drive,,Blue/Black,1 Owner,No flood or frame damage,No odometer problems,2C4RC1S71MR572978,Van - Mini,Clean,No Issue,No Issue,No Open Recalls,No Issue,No Issue,No CPO Info Available,No Issue,87 city/77 hwy,32 miles,2 hours
2021,Chrysler,Pacifica Hybrid Touring L,28998,46000,,6-cyl,Plug-in Hybrid,Front Wheel Drive,,Gray/Black,1 Owner,No flood or frame damage,No odometer problems,2C4RC1L75MR540694,Van - Mini,Clean,No Issue,No Issue,No Open Recalls,No Issue,No Issue,No CPO Info Available,No Issue,87 city/77 hwy,32 miles,2 hours
2021,Chrysler,300 S,30998,12000,,6-cyl,Gas,Rear Wheel Drive,Automatic,Gray/Black,2 Owners,No flood or frame damage,No odometer problems,2C3CCABG0MH500685,Car - Large,Clean,No Issue,No Issue,No Open Recalls,No Issue,No Issue,No CPO Info Available,No Issue,,,
2017,Chrysler,Pacifica Hybrid Platinum,25998,65000,,6-cyl,Plug-in Hybrid,Front Wheel Drive,,Silver/Tan,1 Owner,No flood or frame damage,No odometer problems,2C4RC1N73HR685011,Van - Mini,Clean,No Issue,No Issue,No Open Recalls,No Issue,No Issue,No CPO Info Available,No Issue,,33 miles,
2021,Chrysler,Pacifica Touring L,27998,35000,,6-cyl,Gas,Front Wheel Drive,Automatic,White/Black,1 Owner,No flood or frame damage,No odometer problems,2C4RC1BG8MR576106,Van - Mini,Clean,No Issue,No Issue,No Open Recalls,No Issue,No Issue,No CPO Info Available,No Issue,,,
2021,Chrysler,Pacifica Hybrid Limited,28998,56000,,6-cyl,Plug-in Hybrid,Front Wheel Drive,,White/Black,1 Owner,No flood or frame damage,No odometer problems,2C4RC1S74MR562963,Van - Mini,Clean,No Issue,Minor,No Open Recalls,No Issue,No Issue,No CPO Info Available,No Issue,87 city/77 hwy,32 miles,2 hours
2018,Chrysler,Pacifica Touring L Plus,21998,83000,19 city/28 hwy,6-cyl,Gas,Front Wheel Drive,Automatic,White/Gray,1 Owner,No flood or frame damage,No odometer problems,2C4RC1EG7JR273163,Van - Mini,Clean,No Issue,Damage Reported,No Open Recalls,No Issue,No Issue,No CPO Info Available,No Issue,,,
2022,Chrysler,Pacifica Touring L,34998,18000,,6-cyl,Gas,Front Wheel Drive,Automatic,Red/Black,1 Owner,No flood or frame damage,No odometer problems,2C4RC1BG7NR223440,Van - Mini,Clean,No Issue,No Issue,No Open Recalls,No Issue,No Issue,No CPO Info Available,No Issue,,,
2023,Chrysler,Voyager LX,28998,31000,,6-cyl,Gas,Front Wheel Drive,Automatic,Black/Black,1 Owner,No flood or frame damage,No odometer problems,2C4RC1CG3PR535689,Van - Mini,Clean,No Issue,No Issue,No Open Recalls,No Issue,No Issue,No CPO Info Available,No Issue,,,
2018,Chrysler,Pacifica Touring L Plus,26998,42000,19 city/28 hwy,6-cyl,Gas,Front Wheel Drive,Automatic,Red/Black,1 Owner,No flood or frame damage,No odometer problems,2C4RC1EG3JR331012,Van - Mini,Clean,No Issue,No Issue,No Open Recalls,No Issue,No Issue,No CPO Info Available,No Issue,,,
2021,Chrysler,Pacifica Touring L,30998,27000,,6-cyl,Gas,Front Wheel Drive,Automatic,Gray/Black,1 Owner,No flood or frame damage,No odometer problems,2C4RC1BG2MR560340,Van - Mini,Clean,No Issue,No Issue,No Open Recalls,No Issue,No Issue,No CPO Info Available,No Issue,,,
2017,Chrysler,300 C,19998,65000,18 city/27 hwy,6-cyl,Gas,All Wheel Drive,Automatic,Gray/Black,2 Owners,No flood or frame damage,No odometer problems,2C3CCAKG9HH548420,Car - Large,Clean,No Issue,No Issue,No Open Recalls,No Issue,No Issue,No CPO Info Available,No Issue,,,
2020,Chrysler,Pacifica Limited,22998,83000,19 city/28 hwy,6-cyl,Gas,Front Wheel Drive,Automatic,Black/Black,2 Owners,No flood or frame damage,No odometer problems,2C4RC1GG7LR275639,Van - Mini,Clean,No Issue,No Issue,No Open Recalls,No Issue,No Issue,No CPO Info Available,No Issue,,,
2017,Chrysler,Pacifica Touring L-Plus,20998,79000,19 city/28 hwy,6-cyl,Gas,Front Wheel Drive,Automatic,Tan/Gray,2 Owners,No flood or frame damage,No odometer problems,2C4RC1EG6HR616121,Van - Mini,Clean,No Issue,No Issue,No Open Recalls,No Issue,No Issue,No CPO Info Available,No Issue,,,
2021,Chrysler,300 S,30998,15000,,6-cyl,Gas,Rear Wheel Drive,Automatic,Gray/Black,1 Owner,No flood or frame damage,No odometer problems,2C3CCABG9MH660693,Car - Large,Clean,No Issue,No Issue,No Open Recalls,No Issue,No Issue,No CPO Info Available,No Issue,,,
2022,Chrysler,Pacifica Limited,36998,23000,,6-cyl,Gas,Front Wheel Drive,Automatic,Silver/Black,1 Owner,No flood or frame damage,No odometer problems,2C4RC1GG3NR230636,Van - Mini,Clean,No Issue,No Issue,No Open Recalls,No Issue,No Issue,No CPO Info Available,No Issue,,,
2022,Chrysler,Pacifica Limited,35998,32000,,6-cyl,Gas,Front Wheel Drive,Automatic,Blue/Black,2 Owners,No flood or frame damage,No odometer problems,2C4RC1GG5NR160380,Van - Mini,Clean,No Issue,No Issue,No Open Recalls,No Issue,No Issue,No CPO Info Available,No Issue,,,
2022,Chrysler,Pacifica Limited,34998,27000,,6-cyl,Gas,Front Wheel Drive,Automatic,Black/Black,2 Owners,No flood or frame damage,No odometer problems,2C4RC1GGXNR210433,Van - Mini,Clean,No Issue,No Issue,No Open Recalls,No Issue,No Issue,No CPO Info Available,No Issue,,,
2013,Chrysler,Town and Country Touring L,14998,79000,17 city/25 hwy,6-cyl,Gas,Front Wheel Drive,Automatic,Blue/Tan,2 Owners,No flood or frame damage,No odometer problems,2C4RC1CGXDR781747,Van - Mini,Clean,No Issue,No Issue,No Open Recalls,No Issue,No Issue,No CPO Info Available,No Issue,,,
2018,Chrysler,Pacifica Touring L Plus,22998,75000,19 city/28 hwy,6-cyl,Gas,Front Wheel Drive,Automatic,Gray/Black,3 Owners,No flood or frame damage,No odometer problems,2C4RC1EG6JR174771,Van - Mini,Clean,No Issue,Moderate,No Open Recalls,No Issue,No Issue,No CPO Info Available,No Issue,,,
2019,Chrysler,Pacifica Touring L,29998,25000,19 city/28 hwy,6-cyl,Gas,Front Wheel Drive,Automatic,White/Cream,1 Owner,No flood or frame damage,No odometer problems,2C4RC1EG4KR733431,Van - Mini,Clean,No Issue,No Issue,No Open Recalls,No Issue,No Issue,No CPO Info Available,No Issue,,,
2015,Chrysler,200 Limited,16998,30000,23 city/36 hwy,4-cyl,Gas,Front Wheel Drive,Automatic,Silver/Black,1 Owner,No flood or frame damage,No odometer problems,1C3CCCAB6FN751545,Car - Midsize,Clean,No Issue,Damage Reported,No Open Recalls,No Issue,No Issue,No CPO Info Available,No Issue,,,
2023,Chrysler,Pacifica Limited,44998,14000,,6-cyl,Gas,All Wheel Drive,Automatic,Gray/Black,1 Owner,No flood or frame damage,No odometer problems,2C4RC3GG0PR570065,Van - Mini,Clean,No Issue,Minor,No Open Recalls,No Issue,No Issue,No CPO Info Available,No Issue,,,
2023,Chrysler,Pacifica Hybrid Touring L,33998,36000,,6-cyl,Plug-in Hybrid,Front Wheel Drive,,Black/Black,1 Owner,No flood or frame damage,No odometer problems,2C4RC1L70PR632476,Van - Mini,Clean,No Issue,No Issue,No Open Recalls,No Issue,No Issue,No CPO Info Available,No Issue,87 city/77 hwy,32 miles,2 hours
2022,Chrysler,Pacifica Limited,33998,39000,,6-cyl,Gas,Front Wheel Drive,Automatic,Gray/Black,2 Owners,No flood or frame damage,No odometer problems,2C4RC1GG6NR172683,Van - Mini,Clean,No Issue,No Issue,No Open Recalls,No Issue,No Issue,No CPO Info Available,No Issue,,,
2015,Chrysler,Town and Country Touring,15998,88000,17 city/25 hwy,6-cyl,Gas,Front Wheel Drive,Automatic,Gray/Black,2 Owners,No flood or frame damage,No odometer problems,2C4RC1BG0FR645289,Van - Mini,Clean,No Issue,No Issue,No Open Recalls,No Issue,No Issue,No CPO Info Available,No Issue,,,
2022,Chrysler,Voyager LX,25998,46000,,6-cyl,Gas,Front Wheel Drive,Automatic,White/Black,1 Owner,No flood or frame damage,No odometer problems,2C4RC1CG6NR159955,Van - Mini,Clean,No Issue,No Issue,No Open Recalls,No Issue,No Issue,No CPO Info Available,No Issue,,,
2017,Chrysler,Pacifica Touring Plus,19998,86000,19 city/28 hwy,6-cyl,Gas,Front Wheel Drive,Automatic,Red/Black,1 Owner,No flood or frame damage,No odometer problems,2C4RC1BG4HR778866,Van - Mini,Clean,No Issue,No Issue,No Open Recalls,No Issue,No Issue,No CPO Info Available,No Issue,,,
2017,Chrysler,Pacifica Hybrid Premium,21998,73000,,6-cyl,Plug-in Hybrid,Front Wheel Drive,,Gold/Tan,1 Owner,No flood or frame damage,No odometer problems,2C4RC1L7XHR779180,Van - Mini,Clean,No Issue,No Issue,No Open Recalls,No Issue,No Issue,No CPO Info Available,No Issue,,33 miles,
2017,Chrysler,Pacifica Touring L,19998,87000,19 city/28 hwy,6-cyl,Gas,Front Wheel Drive,Automatic,Silver/Black,4 Owners,No flood or frame damage,No odometer problems,2C4RC1BG4HR569157,Van - Mini,Clean,No Issue,No Issue,No Open Recalls,No Issue,No Issue,No CPO Info Available,No Issue,,,
2018,Chrysler,Pacifica Touring L,23998,68000,19 city/28 hwy,6-cyl,Gas,Front Wheel Drive,Automatic,Silver/Black,1 Owner,No flood or frame damage,No odometer problems,2C4RC1BG3JR287162,Van - Mini,Clean,No Issue,No Issue,No Open Recalls,No Issue,No Issue,No CPO Info Available,No Issue,,,
2023,Chrysler,Pacifica Hybrid Limited,43998,3000,,6-cyl,Plug-in Hybrid,Front Wheel Drive,,Black/Black,1 Owner,No flood or frame damage,No odometer problems,2C4RC1S73PR565440,Van - Mini,Clean,No Issue,No Issue,No Open Recalls,No Issue,No Issue,No CPO Info Available,No Issue,87 city/77 hwy,32 miles,2 hours
2021,Chrysler,Pacifica Touring L,30998,28000,,6-cyl,Gas,Front Wheel Drive,Automatic,Gray/Black,1 Owner,No flood or frame damage,No odometer problems,2C4RC1BG6MR576203,Van - Mini,Clean,No Issue,Moderate,No Open Recalls,No Issue,No Issue,No CPO Info Available,No Issue,,,
2019,Chrysler,Pacifica Touring Plus,26998,43000,19 city/28 hwy,6-cyl,Gas,Front Wheel Drive,Automatic,Red/Black,1 Owner,No flood or frame damage,No odometer problems,2C4RC1FG9KR507013,Van - Mini,Clean,No Issue,No Issue,No Open Recalls,No Issue,No Issue,No CPO Info Available,No Issue,,,
2015,Chrysler,200 S,13599,120000,19 city/32 hwy,6-cyl,Gas,Front Wheel Drive,Automatic,Black/Black,2 Owners,No flood or frame damage,No odometer problems,1C3CCCBG5FN605096,Car - Midsize,Clean,No Issue,No Issue,No Open Recalls,No Issue,No Issue,No CPO Info Available,No Issue,,,
2017,Chrysler,Pacifica Touring L,20998,75000,19 city/28 hwy,6-cyl,Gas,Front Wheel Drive,Automatic,Gray/Black,1 Owner,No flood or frame damage,No odometer problems,2C4RC1BG5HR710480,Van - Mini,Clean,No Issue,Damage Reported,No Open Recalls,No Issue,No Issue,No CPO Info Available,No Issue,,,
2021,Chrysler,Pacifica Limited,37998,36000,,6-cyl,Gas,All Wheel Drive,Automatic,Red/Brown,1 Owner,No flood or frame damage,No odometer problems,2C4RC3GG2MR595173,Van - Mini,Clean,No Issue,No Issue,No Open Recalls,No Issue,No Issue,No CPO Info Available,No Issue,,,
2021,Chrysler,Voyager LXI,21998,66000,,6-cyl,Gas,Front Wheel Drive,Automatic,Burgundy/Gray,2 Owners,No flood or frame damage,No odometer problems,2C4RC1DG4MR538207,Van - Mini,Clean,No Issue,No Issue,No Open Recalls,No Issue,No Issue,No CPO Info Available,No Issue,,,
2018,Chrysler,Pacifica Limited,27998,58000,19 city/28 hwy,6-cyl,Gas,Front Wheel Drive,Automatic,Black/Brown,3 Owners,No flood or frame damage,No odometer problems,2C4RC1GGXJR260033,Van - Mini,Clean,No Issue,Moderate,No Open Recalls,No Issue,No Issue,No CPO Info Available,No Issue,,,
2020,Chrysler,Pacifica Touring,27998,25000,19 city/28 hwy,6-cyl,Gas,Front Wheel Drive,Automatic,Black/Black,1 Owner,No flood or frame damage,No odometer problems,2C4RC1FG9LR216092,Van - Mini,Clean,No Issue,Damage Reported,No Open Recalls,No Issue,No Issue,No CPO Info Available,No Issue,,,
2021,Chrysler,Pacifica Touring,25998,54000,,6-cyl,Gas,Front Wheel Drive,Automatic,Black/Black,1 Owner,No flood or frame damage,No odometer problems,2C4RC1FG5MR524457,Van - Mini,Clean,No Issue,No Issue,No Open Recalls,No Issue,No Issue,No CPO Info Available,No Issue,,,
2014,Chrysler,300 S,17998,78000,18 city/27 hwy,6-cyl,Gas,All Wheel Drive,Automatic,Gray/Black,2 Owners,No flood or frame damage,No odometer problems,2C3CCAGG0EH378159,Car - Large,Clean,No Issue,Damage Reported,No Open Recalls,No Issue,No Issue,No CPO Info Available,No Issue,,,
2015,Chrysler,Town and Country Touring,16998,70000,17 city/25 hwy,6-cyl,Gas,Front Wheel Drive,Automatic,White/Tan,4 Owners,No flood or frame damage,No odometer problems,2C4RC1BG9FR742488,Van - Mini,Clean,No Issue,Damage Reported,No Open Recalls,No Issue,No Issue,No CPO Info Available,No Issue,,,
2021,Chrysler,Pacifica Touring L,29998,35000,,6-cyl,Gas,Front Wheel Drive,Automatic,Burgundy/Black,1 Owner,No flood or frame damage,No odometer problems,2C4RC1BG0MR607588,Van - Mini,Clean,No Issue,No Issue,No Open Recalls,No Issue,No Issue,No CPO Info Available,No Issue,,,
2021,Chrysler,Pacifica Pinnacle,43998,18000,,6-cyl,Gas,All Wheel Drive,Automatic,Black/Brown,1 Owner,No flood or frame damage,No odometer problems,2C4RC3PG0MR573835,Van - Mini,Clean,No Issue,Minor,No Open Recalls,No Issue,No Issue,No CPO Info Available,No Issue,,,
2015,Chrysler,200 Limited,11998,110000,23 city/36 hwy,4-cyl,Gas,Front Wheel Drive,Automatic,White/Black,2 Owners,No flood or frame damage,No odometer problems,1C3CCCABXFN542728,Car - Midsize,Clean,No Issue,No Issue,No Open Recalls,No Issue,No Issue,No CPO Info Available,No Issue,,,
2016,Chrysler,200 Limited,13599,106000,23 city/36 hwy,4-cyl,Gas,Front Wheel Drive,Automatic,White/Black,2 Owners,No flood or frame damage,No odometer problems,1C3CCCAB1GN135320,Car - Midsize,Clean,No Issue,No Issue,No Open Recalls,No Issue,No Issue,No CPO Info Available,No Issue,,,
2017,Chrysler,Pacifica Limited,21998,81000,19 city/28 hwy,6-cyl,Gas,Front Wheel Drive,Automatic,Silver/Gray,3 Owners,No flood or frame damage,No odometer problems,2C4RC1GG5HR528741,Van - Mini,Clean,No Issue,No Issue,No Open Recalls,No Issue,No Issue,No CPO Info Available,No Issue,,,
2019,Chrysler,Pacifica Touring Plus,25998,43000,19 city/28 hwy,6-cyl,Gas,Front Wheel Drive,Automatic,White/Gray,1 Owner,No flood or frame damage,No odometer problems,2C4RC1FG1KR559784,Van - Mini,Clean,No Issue,No Issue,No Open Recalls,No Issue,No Issue,No CPO Info Available,No Issue,,,
2015,Chrysler,200 Limited,14998,60000,23 city/36 hwy,4-cyl,Gas,Front Wheel Drive,Automatic,Silver/Black,1 Owner,No flood or frame damage,No odometer problems,1C3CCCAB8FN755371,Car - Midsize,Clean,No Issue,No Issue,No Open Recalls,No Issue,No Issue,No CPO Info Available,No Issue,,,
2023,Chrysler,Pacifica Hybrid Touring L,33998,27000,,6-cyl,Plug-in Hybrid,Front Wheel Drive,,Black/Black,1 Owner,No flood or frame damage,No odometer problems,2C4RC1L79PR632377,Van - Mini,Clean,No Issue,No Issue,No Open Recalls,No Issue,No Issue,No CPO Info Available,No Issue,87 city/77 hwy,32 miles,2 hours
2016,Chrysler,200 Limited,15998,39000,23 city/36 hwy,4-cyl,Gas,Front Wheel Drive,Automatic,Red/Black,3 Owners,No flood or frame damage,No odometer problems,1C3CCCAB3GN163037,Car - Midsize,Clean,No Issue,No Issue,No Open Recalls,No Issue,No Issue,No CPO Info Available,No Issue,,,
2023,Chrysler,Pacifica Hybrid Touring L,30998,44000,,6-cyl,Plug-in Hybrid,Front Wheel Drive,,Black/Black,1 Owner,No flood or frame damage,No odometer problems,2C4RC1L78PR519018,Van - Mini,Clean,No Issue,No Issue,No Open Recalls,No Issue,No Issue,No CPO Info Available,No Issue,87 city/77 hwy,32 miles,2 hours
2015,Chrysler,Town and Country Touring,16998,75000,17 city/25 hwy,6-cyl,Gas,Front Wheel Drive,Automatic,Black/Tan,2 Owners,No flood or frame damage,No odometer problems,2C4RC1BG3FR628809,Van - Mini,Clean,No Issue,No Issue,No Open Recalls,No Issue,No Issue,No CPO Info Available,No Issue,,,
2019,Chrysler,Pacifica Touring Plus,23998,69000,19 city/28 hwy,6-cyl,Gas,Front Wheel Drive,Automatic,Black/Black,2 Owners,No flood or frame damage,No odometer problems,2C4RC1FG5KR568990,Van - Mini,Clean,No Issue,Minor,No Open Recalls,No Issue,No Issue,No CPO Info Available,No Issue,,,
2017,Chrysler,Pacifica Touring Plus,19998,77000,19 city/28 hwy,6-cyl,Gas,Front Wheel Drive,Automatic,Black/Black,2 Owners,No flood or frame damage,No odometer problems,2C4RC1BG7HR796102,Van - Mini,Clean,No Issue,Damage Reported,No Open Recalls,No Issue,No Issue,No CPO Info Available,No Issue,,,
2020,Chrysler,Pacifica Limited,33998,31000,19 city/28 hwy,6-cyl,Gas,Front Wheel Drive,Automatic,White/Black,1 Owner,No flood or frame damage,No odometer problems,2C4RC1GG2LR177375,Van - Mini,Clean,No Issue,No Issue,No Open Recalls,No Issue,No Issue,No CPO Info Available,No Issue,,,
2022,Chrysler,Pacifica Touring L,28998,42000,,6-cyl,Gas,Front Wheel Drive,Automatic,Gray/Black,1 Owner,No flood or frame damage,No odometer problems,2C4RC1BG9NR167663,Van - Mini,Clean,No Issue,No Issue,No Open Recalls,No Issue,No Issue,No CPO Info Available,No Issue,,,
2017,Chrysler,Pacifica Touring L,20998,58000,19 city/28 hwy,6-cyl,Gas,Front Wheel Drive,Automatic,Black/Black,1 Owner,No flood or frame damage,No odometer problems,2C4RC1BG0HR588076,Van - Mini,Clean,No Issue,Moderate,No Open Recalls,No Issue,No Issue,No CPO Info Available,No Issue,,,
2022,Chrysler,Pacifica Touring L,30998,37000,,6-cyl,Gas,Front Wheel Drive,Automatic,Black/Black,1 Owner,No flood or frame damage,No odometer problems,2C4RC1BG7NR186180,Van - Mini,Clean,No Issue,No Issue,No Open Recalls,No Issue,No Issue,No CPO Info Available,No Issue,,,
2018,Chrysler,Pacifica Touring L Plus,22998,71000,19 city/28 hwy,6-cyl,Gas,Front Wheel Drive,Automatic,Gray/Black,4 Owners,No flood or frame damage,No odometer problems,2C4RC1EG7JR107774,Van - Mini,Clean,No Issue,No Issue,No Open Recalls,No Issue,No Issue,No CPO Info Available,No Issue,,,
2018,Chrysler,Pacifica Touring L,19998,86000,19 city/28 hwy,6-cyl,Gas,Front Wheel Drive,Automatic,Silver/Black,3 Owners,No flood or frame damage,No odometer problems,2C4RC1BG3JR233635,Van - Mini,Clean,No Issue,No Issue,No Open Recalls,No Issue,No Issue,No CPO Info Available,No Issue,,,
2017,Chrysler,Pacifica Limited,30998,26000,,,,,Automatic,Silver/Brown,2 Owners,No flood or frame damage,No odometer problems,2C4RC1GG5HR798133,Van - Mini,Clean,No Issue,No Issue,No Open Recalls,No Issue,No Issue,No CPO Info Available,No Issue,,,
2019,Chrysler,Pacifica Touring L,26998,25000,19 city/28 hwy,6-cyl,Gas,Front Wheel Drive,Automatic,Blue/Tan,2 Owners,No flood or frame damage,No odometer problems,2C4RC1BG2KR610098,Van - Mini,Clean,No Issue,Moderate,No Open Recalls,No Issue,No Issue,No CPO Info Available,No Issue,,,
2015,Chrysler,200 C,13998,96000,19 city/32 hwy,6-cyl,Gas,Front Wheel Drive,Automatic,White/Tan,3 Owners,No flood or frame damage,No odometer problems,1C3CCCCG3FN625541,Car - Midsize,Clean,No Issue,No Issue,No Open Recalls,No Issue,No Issue,No CPO Info Available,No Issue,,,
2019,Chrysler,Pacifica Limited,29998,39000,19 city/28 hwy,6-cyl,Gas,Front Wheel Drive,Automatic,Burgundy/Black,2 Owners,No flood or frame damage,No odometer problems,2C4RC1GG3KR720375,Van - Mini,Clean,No Issue,No Issue,No Open Recalls,No Issue,No Issue,No CPO Info Available,No Issue,,,
2018,Chrysler,Pacifica Touring Plus,24998,51000,19 city/28 hwy,6-cyl,Gas,Front Wheel Drive,Automatic,Black/Black,2 Owners,No flood or frame damage,No odometer problems,2C4RC1FGXJR263273,Van - Mini,Clean,No Issue,Damage Reported,No Open Recalls,No Issue,No Issue,No CPO Info Available,No Issue,,,
2019,Chrysler,Pacifica Touring L,20998,74000,19 city/28 hwy,6-cyl,Gas,Front Wheel Drive,Automatic,Silver/Black,4 Owners,No flood or frame damage,No odometer problems,2C4RC1BG0KR685432,Van - Mini,Clean,No Issue,No Issue,No Open Recalls,No Issue,No Issue,No CPO Info Available,No Issue,,,
2022,Chrysler,Pacifica Touring L,26998,54000,,6-cyl,Gas,Front Wheel Drive,Automatic,Gray/Black,1 Owner,No flood or frame damage,No odometer problems,2C4RC1BG0NR168510,Van - Mini,Clean,No Issue,No Issue,No Open Recalls,No Issue,No Issue,No CPO Info Available,No Issue,,,
2022,Chrysler,Pacifica Hybrid Touring L,27998,54000,,6-cyl,Plug-in Hybrid,Front Wheel Drive,,Gray/Black,1 Owner,No flood or frame damage,No odometer problems,2C4RC1L70NR161247,Van - Mini,Clean,No Issue,No Issue,No Open Recalls,No Issue,No Issue,No CPO Info Available,No Issue,87 city/77 hwy,32 miles,2 hours
2019,Chrysler,300 Limited,23998,28000,19 city/30 hwy,6-cyl,Gas,Rear Wheel Drive,Automatic,Black/Black,2 Owners,No flood or frame damage,No odometer problems,2C3CCAEG4KH616996,Car - Large,Clean,No Issue,Minor,No Open Recalls,No Issue,No Issue,No CPO Info Available,No Issue,,,
2021,Chrysler,Pacifica Touring L,31998,37000,,6-cyl,Gas,Front Wheel Drive,Automatic,White/Black,2 Owners,No flood or frame damage,No odometer problems,2C4RC1BG6MR572295,Van - Mini,Clean,No Issue,No Issue,No Open Recalls,No Issue,No Issue,No CPO Info Available,No Issue,,,
2017,Chrysler,Pacifica Touring L,19998,86000,19 city/28 hwy,6-cyl,Gas,Front Wheel Drive,Automatic,Black/Gray,3 Owners,No flood or frame damage,No odometer problems,2C4RC1BG0HR757450,Van - Mini,Clean,No Issue,Damage Reported,No Open Recalls,No Issue,No Issue,No CPO Info Available,No Issue,,,
2022,Chrysler,Pacifica Limited,27998,64000,,6-cyl,Gas,Front Wheel Drive,Automatic,Gray/Black,1 Owner,No flood or frame damage,No odometer problems,2C4RC1GG5NR120770,Van - Mini,Clean,No Issue,No Issue,No Open Recalls,No Issue,No Issue,No CPO Info Available,No Issue,,,
2018,Chrysler,Pacifica Limited,23998,63000,19 city/28 hwy,6-cyl,Gas,Front Wheel Drive,Automatic,White/Black,2 Owners,No flood or frame damage,No odometer problems,2C4RC1GG6JR247604,Van - Mini,Clean,No Issue,Moderate,No Open Recalls,No Issue,No Issue,No CPO Info Available,No Issue,,,
2021,Chrysler,Pacifica Hybrid Touring L,29998,47000,,6-cyl,Plug-in Hybrid,Front Wheel Drive,,Gray/Cream,2 Owners,No flood or frame damage,No odometer problems,2C4RC1L70MR529585,Van - Mini,Clean,No Issue,No Issue,No Open Recalls,No Issue,No Issue,No CPO Info Available,No Issue,87 city/77 hwy,32 miles,2 hours
2020,Chrysler,Pacifica Touring L-Plus,26998,57000,19 city/28 hwy,6-cyl,Gas,Front Wheel Drive,Automatic,Black/Black,1 Owner,No flood or frame damage,No odometer problems,2C4RC1EG0LR136147,Van - Mini,Clean,No Issue,Damage Reported,No Open Recalls,No Issue,No Issue,No CPO Info Available,No Issue,,,
2021,Chrysler,Pacifica Pinnacle,36998,47000,,6-cyl,Gas,All Wheel Drive,Automatic,White/Brown,1 Owner,No flood or frame damage,No odometer problems,2C4RC3PG1MR519282,Van - Mini,Clean,No Issue,No Issue,No Open Recalls,No Issue,No Issue,No CPO Info Available,No Issue,,,
2022,Chrysler,Pacifica Limited,33998,59000,,6-cyl,Gas,Front Wheel Drive,Automatic,Silver/Black,1 Owner,No flood or frame damage,No odometer problems,2C4RC1GG5NR181567,Van - Mini,Clean,No Issue,No Issue,No Open Recalls,No Issue,No Issue,No CPO Info Available,No Issue,,,
2022,Chrysler,Voyager LX,26998,33000,,6-cyl,Gas,Front Wheel Drive,Automatic,White/Black,2 Owners,No flood or frame damage,No odometer problems,2C4RC1CG8NR225535,Van - Mini,Clean,No Issue,No Issue,No Open Recalls,No Issue,No Issue,No CPO Info Available,No Issue,,,
2019,Chrysler,Pacifica Touring Plus,25998,49000,19 city/28 hwy,6-cyl,Gas,Front Wheel Drive,Automatic,White/Black,2 Owners,No flood or frame damage,No odometer problems,2C4RC1FG3KR633402,Van - Mini,Clean,No Issue,No Issue,No Open Recalls,No Issue,No Issue,No CPO Info Available,No Issue,,,
2022,Chrysler,Pacifica Pinnacle,39998,57000,,6-cyl,Gas,All Wheel Drive,Automatic,Black/Brown,1 Owner,No flood or frame damage,No odometer problems,2C4RC3PG2NR143984,Van - Mini,Clean,No Issue,No Issue,No Open Recalls,No Issue,No Issue,No CPO Info Available,No Issue,,,
2017,Chrysler,300 Limited,17998,57000,19 city/30 hwy,6-cyl,Gas,Rear Wheel Drive,Automatic,Gray/Black,1 Owner,No flood or frame damage,No odometer problems,2C3CCAAG3HH647462,Car - Large,Clean,No Issue,No Issue,No Open Recalls,No Issue,No Issue,No CPO Info Available,No Issue,,,
2018,Chrysler,Pacifica Touring L Plus,23998,55000,,,,,Automatic,Gold/Black,1 Owner,No flood or frame damage,No odometer problems,2C4RC1EG3JR108551,Van - Mini,Clean,No Issue,No Issue,No Open Recalls,No Issue,No Issue,No CPO Info Available,No Issue,,,
2021,Chrysler,Pacifica Hybrid Touring L,21998,75000,,6-cyl,Gas,Front Wheel Drive,Automatic,Gray/Black,2 Owners,No flood or frame damage,No odometer problems,2C4RC1L73MR594639,Van - Mini,Clean,No Issue,No Issue,No Open Recalls,No Issue,No Issue,No CPO Info Available,No Issue,,,
2017,Chrysler,300 C,19998,52000,19 city/30 hwy,6-cyl,Gas,Rear Wheel Drive,Automatic,White/Black,2 Owners,No flood or frame damage,No odometer problems,2C3CCAEG1HH565000,Car - Large,Clean,No Issue,Moderate,No Open Recalls,No Issue,No Issue,No CPO Info Available,No Issue,,,
2017,Chrysler,Pacifica Limited,21998,66000,19 city/28 hwy,6-cyl,Gas,Front Wheel Drive,Automatic,Gray/Black,2 Owners,No flood or frame damage,No odometer problems,2C4RC1GG9HR683728,Van - Mini,Clean,No Issue,Minor,No Open Recalls,No Issue,No Issue,No CPO Info Available,No Issue,,,
2022,Chrysler,Voyager LX,26998,38000,,6-cyl,Gas,Front Wheel Drive,Automatic,Gray/Black,1 Owner,No flood or frame damage,No odometer problems,2C4RC1CG0NR225531,Van - Mini,Clean,No Issue,No Issue,No Open Recalls,No Issue,No Issue,No CPO Info Available,No Issue,,,
2020,Chrysler,Pacifica Touring L,25998,56000,19 city/28 hwy,6-cyl,Gas,Front Wheel Drive,Automatic,Silver/Black,1 Owner,No flood or frame damage,No odometer problems,2C4RC1BG0LR120311,Van - Mini,Clean,No Issue,Damage Reported,No Open Recalls,No Issue,No Issue,No CPO Info Available,No Issue,,,
2017,Chrysler,Pacifica Touring L-Plus,23998,59000,19 city/28 hwy,6-cyl,Gas,Front Wheel Drive,Automatic,Red/Tan,1 Owner,No flood or frame damage,No odometer problems,2C4RC1EG5HR525924,Van - Mini,Clean,No Issue,No Issue,No Open Recalls,No Issue,No Issue,No CPO Info Available,No Issue,,,
2023,Chrysler,Pacifica Hybrid Touring L,35998,33000,,6-cyl,Plug-in Hybrid,Front Wheel Drive,,Black/Black,1 Owner,No flood or frame damage,No odometer problems,2C4RC1L76PR632126,Van - Mini,Clean,No Issue,No Issue,No Open Recalls,No Issue,No Issue,No CPO Info Available,No Issue,87 city/77 hwy,32 miles,2 hours
2019,Chrysler,Pacifica Touring Plus,25998,58000,19 city/28 hwy,6-cyl,Gas,Front Wheel Drive,Automatic,Black/Black,1 Owner,No flood or frame damage,No odometer problems,2C4RC1FG3KR609455,Van - Mini,Clean,No Issue,No Issue,No Open Recalls,No Issue,No Issue,No CPO Info Available,No Issue,,,
2017,Chrysler,Pacifica Touring L-Plus,20998,87000,19 city/28 hwy,6-cyl,Gas,Front Wheel Drive,Automatic,White/Black,2 Owners,No flood or frame damage,No odometer problems,2C4RC1EG1HR734450,Van - Mini,Clean,No Issue,No Issue,No Open Recalls,No Issue,No Issue,No CPO Info Available,No Issue,,,
2020,Chrysler,Pacifica Touring L-Plus,27998,57000,19 city/28 hwy,6-cyl,Gas,Front Wheel Drive,Automatic,White/Black,2 Owners,No flood or frame damage,No odometer problems,2C4RC1EG3LR211181,Van - Mini,Clean,No Issue,No Issue,No Open Recalls,No Issue,No Issue,No CPO Info Available,No Issue,,,
2018,Chrysler,Pacifica Touring L,19998,77000,19 city/28 hwy,6-cyl,Gas,Front Wheel Drive,Automatic,Blue/Black,1 Owner,No flood or frame damage,No odometer problems,2C4RC1BG7JR129097,Van - Mini,Clean,No Issue,Minor,No Open Recalls,No Issue,No Issue,No CPO Info Available,No Issue,,,
2024,Chrysler,Pacifica Pinnacle,50998,5000,,6-cyl,Gas,Front Wheel Drive,Automatic,Black/Brown,1 Owner,No flood or frame damage,No odometer problems,2C4RC1PG9RR134225,Van - Mini,Clean,No Issue,No Issue,No Open Recalls,No Issue,No Issue,No CPO Info Available,No Issue,,,
2020,Chrysler,Pacifica Limited,29998,29000,19 city/28 hwy,6-cyl,Gas,Front Wheel Drive,Automatic,Gray/Black,1 Owner,No flood or frame damage,No odometer problems,2C4RC1GG7LR263071,Van - Mini,Clean,No Issue,Minor,No Open Recalls,No Issue,No Issue,No CPO Info Available,No Issue,,,
2015,Chrysler,200 Limited,10998,121000,23 city/36 hwy,4-cyl,Gas,Front Wheel Drive,Automatic,White/Tan,3 Owners,No flood or frame damage,No odometer problems,1C3CCCAB8FN748887,Car - Midsize,Clean,No Issue,Moderate,No Open Recalls,No Issue,No Issue,No CPO Info Available,No Issue,,,
2021,Chrysler,Pacifica Hybrid Limited,37998,16000,,6-cyl,Plug-in Hybrid,Front Wheel Drive,,Tan/Brown,1 Owner,No flood or frame damage,No odometer problems,2C4RC1S7XMR525156,Van - Mini,Clean,No Issue,No Issue,No Open Recalls,No Issue,No Issue,No CPO Info Available,No Issue,87 city/77 hwy,32 miles,2 hours
2015,Chrysler,200 Limited,14599,47000,19 city/32 hwy,6-cyl,Gas,Front Wheel Drive,Automatic,Burgundy/Black,1 Owner,No flood or frame damage,No odometer problems,1C3CCCAG9FN756508,Car - Midsize,Clean,No Issue,No Issue,No Open Recalls,No Issue,No Issue,No CPO Info Available,No Issue,,,
2022,Chrysler,Pacifica Hybrid Touring L,28998,53000,,6-cyl,Plug-in Hybrid,Front Wheel Drive,,White/Black,1 Owner,No flood or frame damage,No odometer problems,2C4RC1L75NR139602,Van - Mini,Clean,No Issue,No Issue,No Open Recalls,No Issue,No Issue,No CPO Info Available,No Issue,87 city/77 hwy,32 miles,2 hours
2017,Chrysler,Pacifica Touring,17998,89000,19 city/28 hwy,6-cyl,Gas,Front Wheel Drive,Automatic,Burgundy/Tan,2 Owners,No flood or frame damage,No odometer problems,2C4RC1DG8HR520153,Van - Mini,Clean,No Issue,No Issue,No Open Recalls,No Issue,No Issue,No CPO Info Available,No Issue,,,
2022,Chrysler,300 S,27998,49000,,6-cyl,Gas,Rear Wheel Drive,Automatic,White/Black,1 Owner,No flood or frame damage,No odometer problems,2C3CCABGXNH256478,Car - Large,Clean,No Issue,No Issue,No Open Recalls,No Issue,No Issue,No CPO Info Available,No Issue,,,
2018,Chrysler,Pacifica Limited,24998,74000,19 city/28 hwy,6-cyl,Gas,Front Wheel Drive,Automatic,White/Black,2 Owners,No flood or frame damage,No odometer problems,2C4RC1GG1JR165182,Van - Mini,Clean,No Issue,Minor,No Open Recalls,No Issue,No Issue,No CPO Info Available,No Issue,,,
2022,Chrysler,Pacifica Touring L,27998,44000,,6-cyl,Gas,Front Wheel Drive,Automatic,Gray/Black,1 Owner,No flood or frame damage,No odometer problems,2C4RC1BG5NR190597,Van - Mini,Clean,No Issue,No Issue,No Open Recalls,No Issue,No Issue,No CPO Info Available,No Issue,,,
2017,Chrysler,200 Limited,13998,95000,23 city/36 hwy,4-cyl,Gas,Front Wheel Drive,Automatic,White/Black,1 Owner,No flood or frame damage,No odometer problems,1C3CCCAB1HN502203,Car - Midsize,Clean,No Issue,No Issue,No Open Recalls,No Issue,No Issue,No CPO Info Available,No Issue,,,
2019,Chrysler,Pacifica Touring L,18998,81000,19 city/28 hwy,6-cyl,Gas,Front Wheel Drive,Automatic,Silver/Black,2 Owners,No flood or frame damage,No odometer problems,2C4RC1EG9KR667216,Van - Mini,Clean,No Issue,No Issue,No Open Recalls,No Issue,No Issue,No CPO Info Available,No Issue,,,
2014,Chrysler,200 S,14998,35000,19 city/29 hwy,6-cyl,Gas,Front Wheel Drive,Automatic,White/Black,2 Owners,No flood or frame damage,No odometer problems,1C3BCBGG9EN135295,Car - Compact,Clean,No Issue,No Issue,No Open Recalls,No Issue,No Issue,No CPO Info Available,No Issue,,,
2023,Chrysler,Pacifica Limited,41998,2000,,6-cyl,Gas,All Wheel Drive,Automatic,Silver/Black,1 Owner,No flood or frame damage,No odometer problems,2C4RC3GG3PR570058,Van - Mini,Clean,No Issue,Damage Reported,No Open Recalls,No Issue,No Issue,No CPO Info Available,No Issue,,,
2021,Chrysler,Voyager LXI,22998,67000,,6-cyl,Gas,Front Wheel Drive,Automatic,Burgundy/Black,1 Owner,No flood or frame damage,No odometer problems,2C4RC1DG4MR502842,Van - Mini,Clean,No Issue,No Issue,No Open Recalls,No Issue,No Issue,OEM-Certified,No Issue,,,
2015,Chrysler,200 Limited,13998,83000,23 city/36 hwy,4-cyl,Gas,Front Wheel Drive,Automatic,Silver/Black,1 Owner,No flood or frame damage,No odometer problems,1C3CCCAB2FN702858,Car - Midsize,Clean,No Issue,No Issue,No Open Recalls,No Issue,No Issue,No CPO Info Available,No Issue,,,
2017,Chrysler,200 Limited Platinum,14998,97000,23 city/36 hwy,4-cyl,Gas,Front Wheel Drive,Automatic,Blue/Black,2 Owners,No flood or frame damage,No odometer problems,1C3CCCAB5HN502432,Car - Midsize,Clean,No Issue,No Issue,No Open Recalls,No Issue,No Issue,No CPO Info Available,No Issue,,,
2020,Chrysler,Pacifica Hybrid Limited,36998,28000,,6-cyl,Plug-in Hybrid,Front Wheel Drive,,White/Black,1 Owner,No flood or frame damage,No odometer problems,2C4RC1N74LR263144,Van - Mini,Clean,No Issue,No Issue,No Open Recalls,No Issue,No Issue,No CPO Info Available,No Issue,87 city/77 hwy,32 miles,2 hours
2020,Chrysler,Pacifica Limited,34998,18000,,,,,Automatic,Gray/Brown,1 Owner,No flood or frame damage,No odometer problems,2C4RC1GGXLR102696,Van - Mini,Clean,No Issue,No Issue,No Open Recalls,No Issue,No Issue,No CPO Info Available,No Issue,,,
2018,Chrysler,Pacifica Touring Plus,19998,88000,19 city/28 hwy,6-cyl,Gas,Front Wheel Drive,Automatic,Silver/Black,1 Owner,No flood or frame damage,No odometer problems,2C4RC1FG3JR122593,Van - Mini,Clean,No Issue,No Issue,No Open Recalls,No Issue,No Issue,No CPO Info Available,No Issue,,,
2018,Chrysler,Pacifica Touring L Plus,21998,85000,19 city/28 hwy,6-cyl,Gas,Front Wheel Drive,Automatic,White/Gray,1 Owner,No flood or frame damage,No odometer problems,2C4RC1EG4JR351737,Van - Mini,Clean,No Issue,Damage Reported,No Open Recalls,No Issue,No Issue,No CPO Info Available,No Issue,,,
2022,Chrysler,Pacifica Hybrid Pinnacle,44998,17000,,6-cyl,Plug-in Hybrid,Front Wheel Drive,,White/Brown,1 Owner,No flood or frame damage,No odometer problems,2C4RC1N73NR224810,Van - Mini,Clean,No Issue,No Issue,No Open Recalls,No Issue,No Issue,No CPO Info Available,No Issue,87 city/77 hwy,32 miles,2 hours
2022,Chrysler,Pacifica Touring L,32998,30000,,6-cyl,Gas,Front Wheel Drive,Automatic,Black/Black,2 Owners,No flood or frame damage,No odometer problems,2C4RC1BG6NR150061,Van - Mini,Clean,No Issue,No Issue,No Open Recalls,No Issue,No Issue,No CPO Info Available,No Issue,,,
2024,Chrysler,Pacifica Hybrid Select,47998,1000,,6-cyl,Plug-in Hybrid,Front Wheel Drive,,White/Black,1 Owner,No flood or frame damage,No odometer problems,2C4RC1S74RR118246,Van - Mini,Clean,No Issue,No Issue,No Open Recalls,No Issue,No Issue,No CPO Info Available,No Issue,87 city/77 hwy,32 miles,2 hours
2016,Chrysler,200 Limited,16998,58000,23 city/36 hwy,4-cyl,Gas,Front Wheel Drive,Automatic,Burgundy/Black,1 Owner,No flood or frame damage,No odometer problems,1C3CCCAB0GN143277,Car - Midsize,Clean,No Issue,Moderate,No Open Recalls,No Issue,No Issue,No CPO Info Available,No Issue,,,
2022,Chrysler,300 Touring,26998,9000,,6-cyl,Gas,All Wheel Drive,Automatic,White/Black,1 Owner,No flood or frame damage,No odometer problems,2C3CCARG8NH178997,Car - Large,Clean,No Issue,No Issue,No Open Recalls,No Issue,No Issue,No CPO Info Available,No Issue,,,
2018,Chrysler,Pacifica Touring L,17998,82000,19 city/28 hwy,6-cyl,Gas,Front Wheel Drive,Automatic,Red/Black,2 Owners,No flood or frame damage,No odometer problems,2C4RC1BG8JR185940,Van - Mini,Clean,No Issue,No Issue,No Open Recalls,No Issue,No Issue,No CPO Info Available,No Issue,,,
2017,Chrysler,200 Limited Platinum,11998,126000,23 city/36 hwy,4-cyl,Gas,Front Wheel Drive,Automatic,Black/Black,1 Owner,No flood or frame damage,No odometer problems,1C3CCCAB4HN510618,Car - Midsize,Clean,No Issue,Minor,No Open Recalls,No Issue,No Issue,No CPO Info Available,No Issue,,,
2023,Chrysler,Pacifica Touring L,36998,14000,,6-cyl,Gas,Front Wheel Drive,Automatic,Red/Black,1 Owner,No flood or frame damage,No odometer problems,2C4RC1BG8PR509512,Van - Mini,Clean,No Issue,No Issue,No Open Recalls,No Issue,No Issue,No CPO Info Available,No Issue,,,
2013,Chrysler,200 Touring,10998,102000,20 city/31 hwy,4-cyl,Gas,Front Wheel Drive,Automatic,Burgundy/Black,1 Owner,No flood or frame damage,No odometer problems,1C3CCBBB7DN579001,Car - Midsize,Clean,No Issue,Minor-Moderate,No Open Recalls,No Issue,No Issue,No CPO Info Available,No Issue,,,
2024,Chrysler,Pacifica Hybrid Select,36998,28000,,6-cyl,Plug-in Hybrid,Front Wheel Drive,,Black/Black,1 Owner,No flood or frame damage,No odometer problems,2C4RC1S70RR103162,Van - Mini,Clean,No Issue,No Issue,No Open Recalls,No Issue,No Issue,No CPO Info Available,No Issue,87 city/77 hwy,32 miles,2 hours
2017,Chrysler,Pacifica Touring L,18998,74000,19 city/28 hwy,6-cyl,Gas,Front Wheel Drive,Automatic,White/Black,2 Owners,No flood or frame damage,No odometer problems,2C4RC1BG9HR598976,Van - Mini,Clean,No Issue,No Issue,No Open Recalls,No Issue,No Issue,No CPO Info Available,No Issue,,,
2021,Chrysler,Pacifica Limited,41998,26000,,6-cyl,Gas,All Wheel Drive,Automatic,Gray/Black,1 Owner,No flood or frame damage,No odometer problems,2C4RC3GG5MR575578,Van - Mini,Clean,No Issue,No Issue,No Open Recalls,No Issue,No Issue,No CPO Info Available,No Issue,,,
2015,Chrysler,200 Limited,13599,82000,23 city/36 hwy,4-cyl,Gas,Front Wheel Drive,Automatic,Blue/Black,2 Owners,No flood or frame damage,No odometer problems,1C3CCCAB4FN564935,Car - Midsize,Clean,No Issue,Minor,No Open Recalls,No Issue,No Issue,No CPO Info Available,No Issue,,,
2022,Chrysler,Pacifica Pinnacle,40998,47000,,6-cyl,Gas,All Wheel Drive,Automatic,Black/Brown,1 Owner,No flood or frame damage,No odometer problems,2C4RC3PG6NR102578,Van - Mini,Clean,No Issue,No Issue,No Open Recalls,No Issue,No Issue,No CPO Info Available,No Issue,,,
2015,Chrysler,300 Limited,14998,90000,19 city/31 hwy,6-cyl,Gas,Rear Wheel Drive,Automatic,White/Black,3 Owners,No flood or frame damage,No odometer problems,2C3CCAAG1FH849326,Car - Large,Clean,No Issue,No Issue,No Open Recalls,No Issue,No Issue,No CPO Info Available,No Issue,,,
2020,Chrysler,Pacifica Touring L,24998,50000,19 city/28 hwy,6-cyl,Gas,Front Wheel Drive,Automatic,White/Black,2 Owners,No flood or frame damage,No odometer problems,2C4RC1BG4LR116097,Van - Mini,Clean,No Issue,No Issue,No Open Recalls,No Issue,No Issue,No CPO Info Available,No Issue,,,
2018,Chrysler,Pacifica Hybrid Touring L,21998,87000,,6-cyl,Plug-in Hybrid,Front Wheel Drive,,Gray/Black,3 Owners,No flood or frame damage,No odometer problems,2C4RC1L76JR145144,Van - Mini,Clean,No Issue,No Issue,No Open Recalls,No Issue,No Issue,No CPO Info Available,No Issue,89 city/78 hwy,33 miles,2 hours
2018,Chrysler,Pacifica Touring Plus,20998,73000,19 city/28 hwy,6-cyl,Gas,Front Wheel Drive,Automatic,Gray/Black,2 Owners,No flood or frame damage,No odometer problems,2C4RC1FG5JR198011,Van - Mini,Clean,No Issue,Minor,No Open Recalls,No Issue,No Issue,No CPO Info Available,No Issue,,,
2015,Chrysler,200 C,12998,101000,19 city/32 hwy,6-cyl,Gas,Front Wheel Drive,Automatic,Red/Gray,1 Owner,No flood or frame damage,No odometer problems,1C3CCCCG3FN514374,Car - Midsize,Clean,No Issue,Minor,No Open Recalls,No Issue,No Issue,No CPO Info Available,No Issue,,,
2022,Chrysler,Pacifica Touring L,27998,44000,,6-cyl,Gas,Front Wheel Drive,Automatic,White/Black,2 Owners,No flood or frame damage,No odometer problems,2C4RC1BG1NR149013,Van - Mini,Clean,No Issue,No Issue,No Open Recalls,No Issue,No Issue,No CPO Info Available,No Issue,,,
2019,Chrysler,300 Limited,16998,104000,19 city/30 hwy,6-cyl,Gas,Rear Wheel Drive,Automatic,Black/Black,2 Owners,No flood or frame damage,No odometer problems,2C3CCAEG4KH536212,Car - Large,Clean,No Issue,No Issue,No Open Recalls,No Issue,No Issue,No CPO Info Available,No Issue,,,
2017,Chrysler,Pacifica LX,23998,17000,19 city/28 hwy,6-cyl,Gas,Front Wheel Drive,Automatic,Gray/Gray,1 Owner,No flood or frame damage,No odometer problems,2C4RC1CG9HR753542,Van - Mini,Clean,No Issue,No Issue,No Open Recalls,No Issue,No Issue,No CPO Info Available,No Issue,,,
2019,Chrysler,Pacifica Limited,28998,49000,19 city/28 hwy,6-cyl,Gas,Front Wheel Drive,Automatic,White/Black,1 Owner,No flood or frame damage,No odometer problems,2C4RC1GG4KR507967,Van - Mini,Clean,No Issue,No Issue,No Open Recalls,No Issue,No Issue,No CPO Info Available,No Issue,,,
2016,Chrysler,Town and Country Touring,15998,74000,17 city/25 hwy,6-cyl,Gas,Front Wheel Drive,Automatic,Black/Black,3 Owners,No flood or frame damage,No odometer problems,2C4RC1BG8GR127867,Van - Mini,Clean,No Issue,Damage Reported,No Open Recalls,No Issue,No Issue,No CPO Info Available,No Issue,,,
2022,Chrysler,Pacifica Limited,29998,46000,,6-cyl,Gas,Front Wheel Drive,Automatic,Black/Black,1 Owner,No flood or frame damage,No odometer problems,2C4RC1GG2NR164936,Van - Mini,Clean,No Issue,No Issue,No Open Recalls,No Issue,No Issue,No CPO Info Available,No Issue,,,
2020,Chrysler,Pacifica Limited,31998,31000,,,,,Automatic,Burgundy/Black,1 Owner,No flood or frame damage,No odometer problems,2C4RC1GG3LR104161,Van - Mini,Clean,No Issue,Damage Reported,No Open Recalls,No Issue,No Issue,No CPO Info Available,No Issue,,,
2023,Chrysler,Pacifica Touring L,38998,13000,,6-cyl,Gas,All Wheel Drive,Automatic,Black/Black,1 Owner,No flood or frame damage,No odometer problems,2C4RC3BG1PR514093,Van - Mini,Clean,No Issue,No Issue,No Open Recalls,No Issue,No Issue,No CPO Info Available,No Issue,,,
2019,Chrysler,300 Touring,20998,57000,19 city/30 hwy,6-cyl,Gas,Rear Wheel Drive,Automatic,White/Tan,4 Owners,No flood or frame damage,No odometer problems,2C3CCAAG6KH636883,Car - Large,Clean,No Issue,No Issue,No Open Recalls,No Issue,No Issue,No CPO Info Available,No Issue,,,
2021,Chrysler,Pacifica Hybrid Pinnacle,39998,31000,,6-cyl,Plug-in Hybrid,Front Wheel Drive,,White/Brown,1 Owner,No flood or frame damage,No odometer problems,2C4RC1N75MR548727,Van - Mini,Clean,No Issue,No Issue,No Open Recalls,No Issue,No Issue,No CPO Info Available,No Issue,87 city/77 hwy,32 miles,2 hours
2017,Chrysler,Pacifica Touring L,18998,69000,19 city/28 hwy,6-cyl,Gas,Front Wheel Drive,Automatic,Red/Black,3 Owners,No flood or frame damage,No odometer problems,2C4RC1BG8HR627402,Van - Mini,Clean,No Issue,Minor,No Open Recalls,No Issue,No Issue,No CPO Info Available,No Issue,,,
2022,Chrysler,Pacifica Touring L,25998,50000,,6-cyl,Gas,Front Wheel Drive,Automatic,White/Black,1 Owner,No flood or frame damage,No odometer problems,2C4RC1BG6NR114080,Van - Mini,Clean,No Issue,No Issue,No Open Recalls,No Issue,No Issue,No CPO Info Available,No Issue,,,
2023,Chrysler,Pacifica Touring L,35998,26000,,6-cyl,Gas,Front Wheel Drive,Automatic,Gray/Black,1 Owner,No flood or frame damage,No odometer problems,2C4RC1BG7PR521764,Van - Mini,Clean,No Issue,No Issue,No Open Recalls,No Issue,No Issue,No CPO Info Available,No Issue,,,
2022,Chrysler,300 S,35998,2000,,6-cyl,Gas,Rear Wheel Drive,Automatic,White/Black,1 Owner,No flood or frame damage,No odometer problems,2C3CCADG2NH206428,Car - Large,Clean,No Issue,No Issue,No Open Recalls,No Issue,No Issue,No CPO Info Available,No Issue,,,
2019,Chrysler,Pacifica Touring Plus,23998,49000,19 city/28 hwy,6-cyl,Gas,Front Wheel Drive,Automatic,Gray/Black,1 Owner,No flood or frame damage,No odometer problems,2C4RC1FG5KR741598,Van - Mini,Clean,No Issue,No Issue,No Open Recalls,No Issue,No Issue,No CPO Info Available,No Issue,,,
2022,Chrysler,Pacifica Touring L,27998,38000,,6-cyl,Gas,Front Wheel Drive,Automatic,Red/Black,1 Owner,No flood or frame damage,No odometer problems,2C4RC1BG8NR197138,Van - Mini,Clean,No Issue,Minor-Moderate,No Open Recalls,No Issue,No Issue,No CPO Info Available,No Issue,,,
2019,Chrysler,Pacifica Touring L,23998,59000,19 city/28 hwy,6-cyl,Gas,Front Wheel Drive,Automatic,Red/Black,2 Owners,No flood or frame damage,No odometer problems,2C4RC1BG4KR561079,Van - Mini,Clean,No Issue,No Issue,No Open Recalls,No Issue,No Issue,No CPO Info Available,No Issue,,,
2019,Chrysler,300 Touring,20998,50000,18 city/27 hwy,6-cyl,Gas,All Wheel Drive,Automatic,Silver/Black,3 Owners,No flood or frame damage,No odometer problems,2C3CCARG4KH566479,Car - Large,Clean,No Issue,No Issue,No Open Recalls,No Issue,No Issue,No CPO Info Available,No Issue,,,
2020,Chrysler,Pacifica Touring L,25998,35000,19 city/28 hwy,6-cyl,Gas,Front Wheel Drive,Automatic,Gray/Black,1 Owner,No flood or frame damage,No odometer problems,2C4RC1BG0LR117926,Van - Mini,Clean,No Issue,No Issue,No Open Recalls,No Issue,No Issue,No CPO Info Available,No Issue,,,
2017,Chrysler,Pacifica Touring L,17998,85000,19 city/28 hwy,6-cyl,Gas,Front Wheel Drive,Automatic,Black/Black,3 Owners,No flood or frame damage,No odometer problems,2C4RC1BG8HR534993,Van - Mini,Clean,No Issue,No Issue,No Open Recalls,No Issue,No Issue,No CPO Info Available,No Issue,,,
2022,Chrysler,Pacifica Touring L,28998,43000,,6-cyl,Gas,Front Wheel Drive,Automatic,Black/Black,1 Owner,No flood or frame damage,No odometer problems,2C4RC1BG8NR142981,Van - Mini,Clean,No Issue,No Issue,No Open Recalls,No Issue,No Issue,No CPO Info Available,No Issue,,,
2021,Chrysler,Pacifica Hybrid Touring L,25998,72000,,6-cyl,Plug-in Hybrid,Front Wheel Drive,,Gray/Black,2 Owners,No flood or frame damage,No odometer problems,2C4RC1L70MR536472,Van - Mini,Clean,No Issue,No Issue,No Open Recalls,No Issue,No Issue,No CPO Info Available,No Issue,87 city/77 hwy,32 miles,2 hours
2018,Chrysler,Pacifica Touring L,21998,59000,19 city/28 hwy,6-cyl,Gas,Front Wheel Drive,Automatic,Red/Gray,3 Owners,No flood or frame damage,No odometer problems,2C4RC1BG3JR262200,Van - Mini,Clean,No Issue,No Issue,No Open Recalls,No Issue,No Issue,No CPO Info Available,No Issue,,,
2023,Chrysler,Pacifica Touring L,30998,34000,,6-cyl,Gas,Front Wheel Drive,Automatic,White/Black,1 Owner,No flood or frame damage,No odometer problems,2C4RC1BG0PR620166,Van - Mini,Clean,No Issue,No Issue,No Open Recalls,No Issue,No Issue,No CPO Info Available,No Issue,,,
2015,Chrysler,200 Limited,14998,85000,23 city/36 hwy,4-cyl,Gas,Front Wheel Drive,Automatic,Gray/Black,3 Owners,No flood or frame damage,No odometer problems,1C3CCCAB8FN708003,Car - Midsize,Clean,No Issue,No Issue,No Open Recalls,No Issue,No Issue,No CPO Info Available,No Issue,,,
2021,Chrysler,Pacifica Touring L,24998,59000,,6-cyl,Gas,Front Wheel Drive,Automatic,White/Black,1 Owner,No flood or frame damage,No odometer problems,2C4RC1BG4MR597471,Van - Mini,Clean,No Issue,No Issue,No Open Recalls,No Issue,No Issue,No CPO Info Available,No Issue,,,
2021,Chrysler,Pacifica Touring L,33998,23000,,6-cyl,Gas,Front Wheel Drive,Automatic,White/Black,1 Owner,No flood or frame damage,No odometer problems,2C4RC1BG9MR607086,Van - Mini,Clean,No Issue,No Issue,No Open Recalls,No Issue,No Issue,No CPO Info Available,No Issue,,,
2023,Chrysler,Pacifica Hybrid Limited,42998,14000,,6-cyl,Plug-in Hybrid,Front Wheel Drive,,Black/Black,1 Owner,No flood or frame damage,No odometer problems,2C4RC1S76PR609303,Van - Mini,Clean,No Issue,No Issue,No Open Recalls,No Issue,No Issue,No CPO Info Available,No Issue,87 city/77 hwy,32 miles,2 hours
2019,Chrysler,Pacifica Touring Plus,24998,53000,19 city/28 hwy,6-cyl,Gas,Front Wheel Drive,Automatic,White/Black,1 Owner,No flood or frame damage,No odometer problems,2C4RC1FG8KR679064,Van - Mini,Clean,No Issue,No Issue,No Open Recalls,No Issue,No Issue,No CPO Info Available,No Issue,,,
2023,Chrysler,Pacifica Hybrid Pinnacle,47998,10000,,6-cyl,Plug-in Hybrid,Front Wheel Drive,,White/Orange,2 Owners,No flood or frame damage,No odometer problems,2C4RC1N73PR569872,Van - Mini,Clean,No Issue,No Issue,No Open Recalls,No Issue,No Issue,No CPO Info Available,No Issue,87 city/77 hwy,32 miles,2 hours
2018,Chrysler,300 S,24998,60000,19 city/30 hwy,6-cyl,Gas,Rear Wheel Drive,Automatic,White/Black,2 Owners,No flood or frame damage,No odometer problems,2C3CCABGXJH214578,Car - Large,Clean,No Issue,No Issue,No Open Recalls,No Issue,No Issue,No CPO Info Available,No Issue,,,
2019,Chrysler,Pacifica Hybrid Limited,25998,71000,,6-cyl,Plug-in Hybrid,Front Wheel Drive,,Black/Brown,1 Owner,No flood or frame damage,No odometer problems,2C4RC1N77KR590345,Van - Mini,Clean,No Issue,No Issue,No Open Recalls,No Issue,No Issue,No CPO Info Available,No Issue,87 city/76 hwy,33 miles,2 hours
2019,Chrysler,Pacifica Limited,25998,57000,19 city/28 hwy,6-cyl,Gas,Front Wheel Drive,Automatic,White/Black,1 Owner,No flood or frame damage,No odometer problems,2C4RC1GG1KR705079,Van - Mini,Clean,No Issue,No Issue,No Open Recalls,No Issue,No Issue,No CPO Info Available,No Issue,,,
2018,Chrysler,Pacifica Touring L Plus,21998,67000,19 city/28 hwy,6-cyl,Gas,Front Wheel Drive,Automatic,White/Black,1 Owner,No flood or frame damage,No odometer problems,2C4RC1EG8JR252452,Van - Mini,Clean,No Issue,No Issue,No Open Recalls,No Issue,No Issue,No CPO Info Available,No Issue,,,
2020,Chrysler,Voyager LX,22998,49000,19 city/28 hwy,6-cyl,Gas,Front Wheel Drive,Automatic,White/Gray,2 Owners,No flood or frame damage,No odometer problems,2C4RC1CGXLR122954,Van - Mini,Clean,No Issue,No Issue,No Open Recalls,No Issue,No Issue,No CPO Info Available,No Issue,,,
2020,Chrysler,Pacifica Limited,33998,30000,19 city/28 hwy,6-cyl,Gas,Front Wheel Drive,Automatic,Gray/Black,1 Owner,No flood or frame damage,No odometer problems,2C4RC1GG7LR118256,Van - Mini,Clean,No Issue,No Issue,No Open Recalls,No Issue,No Issue,No CPO Info Available,No Issue,,,
2020,Chrysler,Pacifica Limited,30998,25000,19 city/28 hwy,6-cyl,Gas,Front Wheel Drive,Automatic,Gray/Black,4 Owners,No flood or frame damage,No odometer problems,2C4RC1GG4LR156477,Van - Mini,Clean,No Issue,No Issue,No Open Recalls,No Issue,No Issue,No CPO Info Available,No Issue,,,
2021,Chrysler,Pacifica Hybrid Touring,28998,32000,,6-cyl,Plug-in Hybrid,Front Wheel Drive,,White/Black,1 Owner,No flood or frame damage,No odometer problems,2C4RC1R7XMR525275,Van - Mini,Clean,No Issue,Minor,No Open Recalls,No Issue,No Issue,No CPO Info Available,No Issue,87 city/77 hwy,32 miles,2 hours
2019,Chrysler,300 Touring,20998,45000,19 city/30 hwy,6-cyl,Gas,Rear Wheel Drive,Automatic,Silver/Black,2 Owners,No flood or frame damage,No odometer problems,2C3CCAAG4KH728851,Car - Large,Clean,No Issue,Minor,No Open Recalls,No Issue,No Issue,No CPO Info Available,No Issue,,,
2018,Chrysler,Pacifica Hybrid Touring Plus,25998,34000,,6-cyl,Plug-in Hybrid,Front Wheel Drive,,White/Tan,1 Owner,No flood or frame damage,No odometer problems,2C4RC1H78JR143257,Van - Mini,Clean,No Issue,No Issue,No Open Recalls,No Issue,No Issue,No CPO Info Available,No Issue,89 city/78 hwy,33 miles,2 hours
2020,Chrysler,Voyager L,26998,10000,19 city/28 hwy,6-cyl,Gas,Front Wheel Drive,Automatic,White/Gray,1 Owner,No flood or frame damage,No odometer problems,2C4RC1AG6LR249218,Van - Mini,Clean,No Issue,No Issue,No Open Recalls,No Issue,No Issue,No CPO Info Available,No Issue,,,
2019,Chrysler,Pacifica Limited,28998,49000,19 city/28 hwy,6-cyl,Gas,Front Wheel Drive,Automatic,Black/Black,2 Owners,No flood or frame damage,No odometer problems,2C4RC1GG0KR701184,Van - Mini,Clean,No Issue,No Issue,No Open Recalls,No Issue,No Issue,No CPO Info Available,No Issue,,,
2018,Chrysler,Pacifica Touring L,18998,81000,19 city/28 hwy,6-cyl,Gas,Front Wheel Drive,Automatic,Silver/Black,1 Owner,No flood or frame damage,No odometer problems,2C4RC1BG3JR217936,Van - Mini,Clean,No Issue,Damage Reported,No Open Recalls,No Issue,No Issue,No CPO Info Available,No Issue,,,
2019,Chrysler,Pacifica Limited,27998,53000,19 city/28 hwy,6-cyl,Gas,Front Wheel Drive,Automatic,Gray/Black,1 Owner,No flood or frame damage,No odometer problems,2C4RC1GGXKR657470,Van - Mini,Clean,No Issue,No Issue,No Open Recalls,No Issue,No Issue,No CPO Info Available,No Issue,,,
2020,Chrysler,Pacifica Limited,28998,60000,19 city/28 hwy,6-cyl,Gas,Front Wheel Drive,Automatic,White/Black,1 Owner,No flood or frame damage,No odometer problems,2C4RC1EG6LR250489,Van - Mini,Clean,No Issue,No Issue,No Open Recalls,No Issue,No Issue,No CPO Info Available,No Issue,,,
2014,Chrysler,300 Uptown,19998,68000,19 city/30 hwy,6-cyl,Gas,Rear Wheel Drive,Automatic,Gray/Tan,2 Owners,No flood or frame damage,No odometer problems,2C3CCAAG2EH343289,Car - Large,Clean,No Issue,No Issue,No Open Recalls,No Issue,No Issue,No CPO Info Available,No Issue,,,
2021,Chrysler,Pacifica Hybrid Limited,33998,25000,,6-cyl,Plug-in Hybrid,Front Wheel Drive,,Black/Black,1 Owner,No flood or frame damage,No odometer problems,2C4RC1S70MR517969,Van - Mini,Clean,No Issue,No Issue,No Open Recalls,No Issue,No Issue,No CPO Info Available,No Issue,87 city/77 hwy,32 miles,2 hours
2020,Chrysler,Pacifica Touring L,25998,31000,19 city/28 hwy,6-cyl,Gas,Front Wheel Drive,Automatic,Red/Black,1 Owner,No flood or frame damage,No odometer problems,2C4RC1BG8LR117933,Van - Mini,Clean,No Issue,No Issue,No Open Recalls,No Issue,No Issue,No CPO Info Available,No Issue,,,
2021,Chrysler,300 S,37998,12000,16 city/25 hwy,8-cyl,Gas,Rear Wheel Drive,Automatic,White/White,2 Owners,No flood or frame damage,No odometer problems,2C3CCABT2MH614751,Car - Large,Clean,No Issue,No Issue,No Open Recalls,No Issue,No Issue,No CPO Info Available,No Issue,,,
2023,Chrysler,Pacifica Touring L,30998,30000,,6-cyl,Gas,Front Wheel Drive,Automatic,Black/Black,1 Owner,No flood or frame damage,No odometer problems,2C4RC1BG6PR524218,Van - Mini,Clean,No Issue,No Issue,No Open Recalls,No Issue,No Issue,No CPO Info Available,No Issue,,,
2019,Chrysler,300 Touring,19998,47000,,,,,Automatic,Black/Black,1 Owner,No flood or frame damage,No odometer problems,2C3CCAAG1KH626665,Car - Large,Clean,No Issue,No Issue,No Open Recalls,No Issue,No Issue,No CPO Info Available,No Issue,,,
2021,Chrysler,Pacifica Limited,32998,47000,,6-cyl,Gas,All Wheel Drive,Automatic,Gray/Black,1 Owner,No flood or frame damage,No odometer problems,2C4RC3GG4MR587821,Van - Mini,Clean,No Issue,No Issue,No Open Recalls,No Issue,No Issue,No CPO Info Available,No Issue,,,
2014,Chrysler,300 C,15998,66000,18 city/27 hwy,6-cyl,Gas,All Wheel Drive,Automatic,Silver/Black,2 Owners,No flood or frame damage,No odometer problems,2C3CCAKG7EH194361,Car - Large,Clean,No Issue,No Issue,No Open Recalls,No Issue,No Issue,No CPO Info Available,No Issue,,,
2018,Chrysler,300 Limited,17998,78000,19 city/30 hwy,6-cyl,Gas,Rear Wheel Drive,Automatic,Black/Black,2 Owners,No flood or frame damage,No odometer problems,2C3CCAEG4JH319774,Car - Large,Clean,No Issue,No Issue,No Open Recalls,No Issue,No Issue,No CPO Info Available,No Issue,,,
2017,Chrysler,Pacifica Touring L,19998,58000,,,,,Automatic,Tan/Gray,3 Owners,No flood or frame damage,No odometer problems,2C4RC1BG5HR621265,Van - Mini,Clean,No Issue,No Issue,No Open Recalls,No Issue,No Issue,No CPO Info Available,No Issue,,,
2020,Chrysler,Pacifica Touring L,20998,74000,19 city/28 hwy,6-cyl,Gas,Front Wheel Drive,Automatic,White/Black,2 Owners,No flood or frame damage,No odometer problems,2C4RC1BG1LR114422,Van - Mini,Clean,No Issue,No Issue,No Open Recalls,No Issue,No Issue,No CPO Info Available,No Issue,,,
2017,Chrysler,300 C,17998,65000,19 city/30 hwy,6-cyl,Gas,Rear Wheel Drive,Automatic,Gray/Black,2 Owners,No flood or frame damage,No odometer problems,2C3CCAEG5HH630916,Car - Large,Clean,No Issue,No Issue,No Open Recalls,No Issue,No Issue,No CPO Info Available,No Issue,,,
2020,Chrysler,Pacifica Touring L,20998,79000,19 city/28 hwy,6-cyl,Gas,Front Wheel Drive,Automatic,White/Black,2 Owners,No flood or frame damage,No odometer problems,2C4RC1BG6LR106879,Van - Mini,Clean,No Issue,No Issue,No Open Recalls,No Issue,No Issue,OEM-Certified,No Issue,,,
2019,Chrysler,Pacifica Touring Plus,24998,41000,19 city/28 hwy,6-cyl,Gas,Front Wheel Drive,Automatic,Blue/Gray,2 Owners,No flood or frame damage,No odometer problems,2C4RC1FG3KR540301,Van - Mini,Clean,No Issue,No Issue,No Open Recalls,No Issue,No Issue,No CPO Info Available,No Issue,,,
2017,Chrysler,Pacifica Touring,17998,78000,19 city/28 hwy,6-cyl,Gas,Front Wheel Drive,Automatic,Burgundy/Black,2 Owners,No flood or frame damage,No odometer problems,2C4RC1DG0HR654591,Van - Mini,Clean,No Issue,No Issue,No Open Recalls,No Issue,No Issue,No CPO Info Available,No Issue,,,
2022,Chrysler,Voyager LX,22998,63000,,6-cyl,Gas,Front Wheel Drive,Automatic,White/Black,1 Owner,No flood or frame damage,No odometer problems,2C4RC1CG8NR229763,Van - Mini,Clean,No Issue,No Issue,No Open Recalls,No Issue,No Issue,Non-OEM Certified,No Issue,,,
2020,Chrysler,300 Limited,23998,31000,,6-cyl,Gas,Rear Wheel Drive,Automatic,Red/Black,1 Owner,No flood or frame damage,No odometer problems,2C3CCAEGXLH103012,Car - Large,Clean,No Issue,No Issue,No Open Recalls,No Issue,No Issue,No CPO Info Available,No Issue,,,
2017,Chrysler,Pacifica Limited,20998,83000,19 city/28 hwy,6-cyl,Gas,Front Wheel Drive,Automatic,Brown/Brown,3 Owners,No flood or frame damage,No odometer problems,2C4RC1GG3HR593572,Van - Mini,Clean,No Issue,Damage Reported,No Open Recalls,No Issue,No Issue,No CPO Info Available,No Issue,,,
2019,Chrysler,Pacifica Touring L,20998,60000,19 city/28 hwy,6-cyl,Gas,Front Wheel Drive,Automatic,Silver/Black,2 Owners,No flood or frame damage,No odometer problems,2C4RC1BG9KR626654,Van - Mini,Clean,No Issue,No Issue,No Open Recalls,No Issue,No Issue,No CPO Info Available,No Issue,,,
2017,Chrysler,Pacifica Touring L-Plus,27998,13000,19 city/28 hwy,6-cyl,Gas,Front Wheel Drive,Automatic,Red/Gray,1 Owner,No flood or frame damage,No odometer problems,2C4RC1EGXHR805130,Van - Mini,Clean,No Issue,No Issue,No Open Recalls,No Issue,No Issue,No CPO Info Available,No Issue,,,
2017,Chrysler,Pacifica Touring L,19998,75000,19 city/28 hwy,6-cyl,Gas,Front Wheel Drive,Automatic,Silver/Black,2 Owners,No flood or frame damage,No odometer problems,2C4RC1BG1HR744738,Van - Mini,Clean,No Issue,No Issue,No Open Recalls,No Issue,No Issue,No CPO Info Available,No Issue,,,
2023,Chrysler,Pacifica Hybrid Pinnacle,44998,17000,,6-cyl,Plug-in Hybrid,Front Wheel Drive,,Blue/Brown,1 Owner,No flood or frame damage,No odometer problems,2C4RC1N77PR555134,Van - Mini,Clean,No Issue,No Issue,No Open Recalls,No Issue,No Issue,No CPO Info Available,No Issue,87 city/77 hwy,32 miles,2 hours
2017,Chrysler,Pacifica Touring,19998,57000,19 city/28 hwy,6-cyl,Gas,Front Wheel Drive,Automatic,Gray/Gray,1 Owner,No flood or frame damage,No odometer problems,2C4RC1DG9HR522204,Van - Mini,Clean,No Issue,No Issue,No Open Recalls,No Issue,No Issue,No CPO Info Available,No Issue,,,
2018,Chrysler,Pacifica Hybrid Touring Plus,24998,44000,,6-cyl,Plug-in Hybrid,Front Wheel Drive,,Silver/Tan,4 Owners,No flood or frame damage,No odometer problems,2C4RC1H70JR195269,Van - Mini,Clean,No Issue,Damage Reported,No Open Recalls,No Issue,No Issue,No CPO Info Available,No Issue,89 city/78 hwy,33 miles,2 hours
2022,Chrysler,Pacifica Limited,38998,15000,,6-cyl,Gas,Front Wheel Drive,Automatic,Gray/Black,1 Owner,No flood or frame damage,No odometer problems,2C4RC1GG2NR209826,Van - Mini,Clean,No Issue,No Issue,No Open Recalls,No Issue,No Issue,No CPO Info Available,No Issue,,,
2015,Chrysler,200 Limited,12599,112000,23 city/36 hwy,4-cyl,Gas,Front Wheel Drive,Automatic,Black/Black,3 Owners,No flood or frame damage,No odometer problems,1C3CCCAB3FN665397,Car - Midsize,Clean,No Issue,No Issue,No Open Recalls,No Issue,No Issue,No CPO Info Available,No Issue,,,
2017,Chrysler,Pacifica Limited,20998,73000,19 city/28 hwy,6-cyl,Gas,Front Wheel Drive,Automatic,Red/Brown,2 Owners,No flood or frame damage,No odometer problems,2C4RC1GG9HR599506,Van - Mini,Clean,No Issue,No Issue,No Open Recalls,No Issue,No Issue,No CPO Info Available,No Issue,,,
2021,Chrysler,300 S,27998,45000,,6-cyl,Gas,Rear Wheel Drive,Automatic,Burgundy/Black,2 Owners,No flood or frame damage,No odometer problems,2C3CCABG6MH549986,Car - Large,Clean,No Issue,No Issue,No Open Recalls,No Issue,No Issue,No CPO Info Available,No Issue,,,
2018,Chrysler,Pacifica Hybrid Limited,24998,76000,,6-cyl,Plug-in Hybrid,Front Wheel Drive,,White/Black,1 Owner,No flood or frame damage,No odometer problems,2C4RC1N73JR323282,Van - Mini,Clean,No Issue,No Issue,No Open Recalls,No Issue,No Issue,No CPO Info Available,No Issue,89 city/78 hwy,33 miles,2 hours
2022,Chrysler,Pacifica Touring L,27998,42000,,6-cyl,Gas,Front Wheel Drive,Automatic,Gray/Black,1 Owner,No flood or frame damage,No odometer problems,2C4RC1BGXNR189221,Van - Mini,Clean,No Issue,No Issue,No Open Recalls,No Issue,No Issue,No CPO Info Available,No Issue,,,
2018,Chrysler,Pacifica Touring L,22998,56000,19 city/28 hwy,6-cyl,Gas,Front Wheel Drive,Automatic,Black/Black,1 Owner,No flood or frame damage,No odometer problems,2C4RC1BG9JR235549,Van - Mini,Clean,No Issue,No Issue,No Open Recalls,No Issue,No Issue,No CPO Info Available,No Issue,,,
2019,Chrysler,Pacifica Touring L,21998,74000,19 city/28 hwy,6-cyl,Gas,Front Wheel Drive,Automatic,White/Black,2 Owners,No flood or frame damage,No odometer problems,2C4RC1BG5KR732504,Van - Mini,Clean,No Issue,No Issue,No Open Recalls,No Issue,No Issue,No CPO Info Available,No Issue,,,
2018,Chrysler,Pacifica L,17998,71000,18 city/28 hwy,6-cyl,Gas,Front Wheel Drive,Automatic,Red/Gray,3 Owners,No flood or frame damage,No odometer problems,2C4RC1AG1JR100826,Van - Mini,Clean,No Issue,No Issue,No Open Recalls,No Issue,No Issue,No CPO Info Available,No Issue,,,
2018,Chrysler,Pacifica Touring Plus,20998,57000,19 city/28 hwy,6-cyl,Gas,Front Wheel Drive,Automatic,Red/Black,1 Owner,No flood or frame damage,No odometer problems,2C4RC1FG9JR115731,Van - Mini,Clean,No Issue,Damage Reported,No Open Recalls,No Issue,No Issue,No CPO Info Available,No Issue,,,
2017,Chrysler,Pacifica Limited,28998,30000,19 city/28 hwy,6-cyl,Gas,Front Wheel Drive,Automatic,White/Black,2 Owners,No flood or frame damage,No odometer problems,2C4RC1GGXHR811619,Van - Mini,Clean,No Issue,No Issue,No Open Recalls,No Issue,No Issue,No CPO Info Available,No Issue,,,
2019,Chrysler,Pacifica LX,20998,51000,19 city/28 hwy,6-cyl,Gas,Front Wheel Drive,Automatic,Gray/Black,1 Owner,No flood or frame damage,No odometer problems,2C4RC1CGXKR644384,Van - Mini,Clean,No Issue,No Issue,No Open Recalls,No Issue,No Issue,No CPO Info Available,No Issue,,,
2018,Chrysler,Pacifica Hybrid Limited,24998,78000,,6-cyl,Plug-in Hybrid,Front Wheel Drive,,Gray/Black,1 Owner,No flood or frame damage,No odometer problems,2C4RC1N73JR237681,Van - Mini,Clean,No Issue,No Issue,No Open Recalls,No Issue,No Issue,No CPO Info Available,No Issue,89 city/78 hwy,33 miles,2 hours
2023,Chrysler,Pacifica Touring L,30998,34000,,6-cyl,Gas,Front Wheel Drive,Automatic,Silver/Black,1 Owner,No flood or frame damage,No odometer problems,2C4RC1BG2PR624333,Van - Mini,Clean,No Issue,No Issue,No Open Recalls,No Issue,No Issue,No CPO Info Available,No Issue,,,
2022,Chrysler,Pacifica Hybrid Touring L,34998,29000,,6-cyl,Plug-in Hybrid,Front Wheel Drive,,Black/Black,1 Owner,No flood or frame damage,No odometer problems,2C4RC1L70NR207644,Van - Mini,Clean,No Issue,No Issue,No Open Recalls,No Issue,No Issue,No CPO Info Available,No Issue,87 city/77 hwy,32 miles,2 hours
2018,Chrysler,Pacifica Touring L,22998,47000,19 city/28 hwy,6-cyl,Gas,Front Wheel Drive,Automatic,Gray/Black,3 Owners,No flood or frame damage,No odometer problems,2C4RC1BG7JR113787,Van - Mini,Clean,No Issue,No Issue,No Open Recalls,No Issue,No Issue,No CPO Info Available,No Issue,,,
2014,Chrysler,Town and Country Touring,18998,48000,17 city/25 hwy,6-cyl,Gas,Front Wheel Drive,Automatic,Brown/Brown,1 Owner,No flood or frame damage,No odometer problems,2C4RC1BG6ER313470,Van - Mini,Clean,No Issue,No Issue,No Open Recalls,No Issue,No Issue,No CPO Info Available,No Issue,,,
2020,Chrysler,Pacifica Touring L,24998,65000,19 city/28 hwy,6-cyl,Gas,Front Wheel Drive,Automatic,Gray/Black,2 Owners,No flood or frame damage,No odometer problems,2C4RC1BG2LR134078,Van - Mini,Clean,No Issue,Minor,No Open Recalls,No Issue,No Issue,No CPO Info Available,No Issue,,,
2021,Chrysler,Pacifica Pinnacle,45998,7000,,6-cyl,Gas,All Wheel Drive,Automatic,Red/Tan,1 Owner,No flood or frame damage,No odometer problems,2C4RC3PG5MR554178,Van - Mini,Clean,No Issue,No Issue,No Open Recalls,No Issue,No Issue,No CPO Info Available,No Issue,,,
2022,Chrysler,Pacifica Limited,28998,60000,,6-cyl,Gas,Front Wheel Drive,Automatic,Silver/Black,1 Owner,No flood or frame damage,No odometer problems,2C4RC1GG8NR175813,Van - Mini,Clean,No Issue,No Issue,No Open Recalls,No Issue,No Issue,No CPO Info Available,No Issue,,,
2020,Chrysler,Pacifica Limited,30998,50000,19 city/28 hwy,6-cyl,Gas,Front Wheel Drive,Automatic,Silver/Cream,2 Owners,No flood or frame damage,No odometer problems,2C4RC1GG7LR195595,Van - Mini,Clean,No Issue,Minor,No Open Recalls,No Issue,No Issue,No CPO Info Available,No Issue,,,
2023,Chrysler,Pacifica Limited,43998,5000,,6-cyl,Gas,Front Wheel Drive,Automatic,White/Cream,2 Owners,No flood or frame damage,No odometer problems,2C4RC1GG9PR526232,Van - Mini,Clean,No Issue,No Issue,No Open Recalls,No Issue,No Issue,No CPO Info Available,No Issue,,,
2022,Chrysler,Pacifica Limited,34998,34000,,6-cyl,Gas,Front Wheel Drive,Automatic,Blue/Black,1 Owner,No flood or frame damage,No odometer problems,2C4RC1GG1NR219229,Van - Mini,Clean,No Issue,No Issue,No Open Recalls,No Issue,No Issue,No CPO Info Available,No Issue,,,
2014,Chrysler,Town and Country Limited,18998,53000,17 city/25 hwy,6-cyl,Gas,Front Wheel Drive,Automatic,White/Black,3 Owners,No flood or frame damage,No odometer problems,2C4RC1GG7ER240022,Van - Mini,Clean,No Issue,No Issue,No Open Recalls,No Issue,No Issue,No CPO Info Available,No Issue,,,
2018,Chrysler,Pacifica Hybrid Limited,26998,71000,,6-cyl,Plug-in Hybrid,Front Wheel Drive,,Black/Black,1 Owner,No flood or frame damage,No odometer problems,2C4RC1N73JR230584,Van - Mini,Clean,No Issue,No Issue,No Open Recalls,No Issue,No Issue,No CPO Info Available,No Issue,89 city/78 hwy,33 miles,2 hours
2019,Chrysler,Pacifica Touring L,27998,28000,19 city/28 hwy,6-cyl,Gas,Front Wheel Drive,Automatic,Gray/Black,2 Owners,No flood or frame damage,No odometer problems,2C4RC1BG9KR550529,Van - Mini,Clean,No Issue,No Issue,No Open Recalls,No Issue,No Issue,No CPO Info Available,No Issue,,,
2018,Chrysler,Pacifica Touring Plus,21998,80000,19 city/28 hwy,6-cyl,Gas,Front Wheel Drive,Automatic,Burgundy/Black,1 Owner,No flood or frame damage,No odometer problems,2C4RC1FG8JR204626,Van - Mini,Clean,No Issue,No Issue,No Open Recalls,No Issue,No Issue,No CPO Info Available,No Issue,,,
2020,Chrysler,Pacifica Limited,26998,44000,19 city/28 hwy,6-cyl,Gas,Front Wheel Drive,Automatic,Gray/Gray,2 Owners,No flood or frame damage,No odometer problems,2C4RC1GG6LR156240,Van - Mini,Clean,No Issue,No Issue,No Open Recalls,No Issue,No Issue,No CPO Info Available,No Issue,,,
