year,make,model,price,mileage,Miles per gallon,cylinders,fuel,Drive type,Transmission,Color,owner,frame_damage,Odometer_problem,VIN,class,State Title Brand,Auction Brand / Issues,Accident / Damage,Open Recall Check,Insurance Loss / Transfer,Odometer Check,Certified Pre-Owned,Service / Repair,Range (when new)
2019,Dodge,Grand Caravan GT,19998,76000,17 city/25 hwy,6-cyl,Gas,Front Wheel Drive,Automatic,Burgundy/Black,2 Owners,No flood or frame damage,No odometer problems,2C4RDGEG9KR599970,Van - Mini,Clean,No Issue,No Issue,No Open Recalls,No Issue,No Issue,No CPO Info Available,No Issue,
2017,Dodge,Journey Crossroad Plus,14599,103000,19 city/25 hwy,6-cyl,Gas,Front Wheel Drive,Automatic,Gray/Black,2 Owners,No flood or frame damage,No odometer problems,3C4PDCGG9HT670619,CUV - Midsize,Clean,No Issue,No Issue,No Open Recalls,No Issue,No Issue,No CPO Info Available,No Issue,
2024,Dodge,Hornet R/T,34998,4000,,4-cyl,Plug-in Hybrid,All Wheel Drive,,Gray/Red,1 Owner,No flood or frame damage,No odometer problems,ZACPDFDW0R3A11115,CUV - Compact,Clean,No Issue,No Issue,No Open Recalls,No Issue,No Issue,No CPO Info Available,No Issue,30 miles
2019,Dodge,Durango SXT Plus,23998,52000,18 city/25 hwy,6-cyl,Gas,All Wheel Drive,Automatic,Silver/Black,2 Owners,No flood or frame damage,No odometer problems,1C4RDJAG9KC676462,SUV - Midsize,Clean,No Issue,No Issue,No Open Recalls,No Issue,No Issue,No CPO Info Available,No Issue,
2018,Dodge,Grand Caravan SE,19998,55000,17 city/25 hwy,6-cyl,Gas,Front Wheel Drive,Automatic,Black/Black,2 Owners,No flood or frame damage,No odometer problems,2C4RDGBG1JR153377,Van - Mini,Clean,No Issue,Damage Reported,No Open Recalls,No Issue,No Issue,No CPO Info Available,No Issue,
2021,Dodge,Charger Scat Pack Widebody,49998,29000,15 city/24 hwy,8-cyl,Gas,Rear Wheel Drive,Automatic,Green/Black,2 Owners,No flood or frame damage,No odometer problems,2C3CDXGJ6MH540113,Sport Car - Large,Clean,No Issue,Minor,No Open Recalls,No Issue,No Issue,No CPO Info Available,No Issue,
2020,Dodge,Durango GT,29998,42000,18 city/25 hwy,6-cyl,Gas,All Wheel Drive,Automatic,White/Black,1 Owner,No flood or frame damage,No odometer problems,1C4RDJDG0LC411636,SUV - Midsize,Clean,No Issue,No Issue,No Open Recalls,No Issue,No Issue,No CPO Info Available,No Issue,
2022,Dodge,Challenger R/T Scat Pack Widebody,53998,4000,14 city/23 hwy,8-cyl,Gas,Rear Wheel Drive,Manual 6 Speed,Green/Black,1 Owner,No flood or frame damage,No odometer problems,2C3CDZFJ1NH134948,Sport Car - Midsize,Clean,No Issue,No Issue,No Open Recalls,No Issue,No Issue,No CPO Info Available,No Issue,
2019,Dodge,Charger SXT,22998,45000,19 city/30 hwy,6-cyl,Gas,Rear Wheel Drive,Automatic,White/Black,2 Owners,No flood or frame damage,No odometer problems,2C3CDXBG2KH554213,Sport Car - Large,Clean,No Issue,Minor,No Open Recalls,No Issue,No Issue,No CPO Info Available,No Issue,
2023,Dodge,Durango R/T Premium,45998,19000,14 city/22 hwy,8-cyl,Gas,All Wheel Drive,Automatic,Gray/Black,1 Owner,No flood or frame damage,No odometer problems,1C4SDJCT9PC584724,SUV - Midsize,Clean,No Issue,No Issue,No Open Recalls,No Issue,No Issue,No CPO Info Available,No Issue,
2019,Dodge,Grand Caravan SE,18998,65000,17 city/25 hwy,6-cyl,Gas,Front Wheel Drive,Automatic,Gray/Black,2 Owners,No flood or frame damage,No odometer problems,2C4RDGBG0KR767502,Van - Mini,Clean,No Issue,No Issue,No Open Recalls,No Issue,No Issue,No CPO Info Available,No Issue,
2019,Dodge,Grand Caravan SE,19998,53000,17 city/25 hwy,6-cyl,Gas,Front Wheel Drive,Automatic,Gray/Black,2 Owners,No flood or frame damage,No odometer problems,2C4RDGBG7KR789125,Van - Mini,Clean,No Issue,Minor,No Open Recalls,No Issue,No Issue,No CPO Info Available,No Issue,
2014,Dodge,Grand Caravan SXT,14998,79000,17 city/25 hwy,6-cyl,Gas,Front Wheel Drive,Automatic,Tan/Black,2 Owners,No flood or frame damage,No odometer problems,2C4RDGCG7ER321222,Van - Mini,Clean,No Issue,No Issue,No Open Recalls,No Issue,No Issue,No CPO Info Available,No Issue,
2024,Dodge,Durango R/T Plus,52998,4000,14 city/22 hwy,8-cyl,Gas,All Wheel Drive,Automatic,Burgundy/Black,1 Owner,No flood or frame damage,No odometer problems,1C4SDJCT3RC214436,SUV - Midsize,Clean,No Issue,No Issue,No Open Recalls,No Issue,No Issue,No CPO Info Available,No Issue,
2016,Dodge,Journey SE,14599,70000,19 city/26 hwy,4-cyl,Gas,Front Wheel Drive,Automatic,Gray/Black,1 Owner,No flood or frame damage,No odometer problems,3C4PDCAB1GT164844,CUV - Midsize,Clean,No Issue,Minor,No Open Recalls,No Issue,No Issue,No CPO Info Available,No Issue,
2020,Dodge,Charger Scat Pack,41998,29000,15 city/24 hwy,8-cyl,Gas,Rear Wheel Drive,Automatic,Gray/Black,1 Owner,No flood or frame damage,No odometer problems,2C3CDXGJ9LH244842,Sport Car - Large,Clean,No Issue,No Issue,No Open Recalls,No Issue,No Issue,No CPO Info Available,No Issue,
2023,Dodge,Durango GT Plus,37998,9000,19 city/26 hwy,6-cyl,Gas,Rear Wheel Drive,Automatic,Black/Black,1 Owner,No flood or frame damage,No odometer problems,1C4RDHDG5PC614892,SUV - Midsize,Clean,No Issue,Minor,No Open Recalls,No Issue,No Issue,No CPO Info Available,No Issue,
2021,Dodge,Durango GT Plus,29998,53000,18 city/25 hwy,6-cyl,Gas,All Wheel Drive,Automatic,Gray/Black,1 Owner,No flood or frame damage,No odometer problems,1C4RDJDG0MC575020,SUV - Midsize,Clean,No Issue,No Issue,No Open Recalls,No Issue,No Issue,OEM-Certified,No Issue,
2022,Dodge,Charger GT,27998,28000,,6-cyl,Gas,Rear Wheel Drive,Automatic,Black/Black,1 Owner,No flood or frame damage,No odometer problems,2C3CDXHG3NH236211,Sport Car - Large,Clean,No Issue,No Issue,No Open Recalls,No Issue,No Issue,No CPO Info Available,No Issue,
2017,Dodge,Durango GT,23998,86000,18 city/25 hwy,6-cyl,Gas,All Wheel Drive,Automatic,Black/Black,2 Owners,No flood or frame damage,No odometer problems,1C4RDJDG5HC833912,SUV - Midsize,Clean,No Issue,Damage Reported,No Open Recalls,No Issue,No Issue,No CPO Info Available,No Issue,
2023,Dodge,Durango SXT,28998,17000,19 city/26 hwy,6-cyl,Gas,Rear Wheel Drive,Automatic,Black/Black,2 Owners,No flood or frame damage,No odometer problems,1C4RDHAG0PC685356,SUV - Midsize,Clean,No Issue,No Issue,No Open Recalls,No Issue,No Issue,No CPO Info Available,No Issue,
2024,Dodge,Hornet R/T,31998,8000,,4-cyl,Plug-in Hybrid,All Wheel Drive,,Gray/Black,1 Owner,No flood or frame damage,No odometer problems,ZACPDFCW5R3A12844,CUV - Compact,Clean,No Issue,No Issue,No Open Recalls,No Issue,No Issue,No CPO Info Available,No Issue,30 miles
2019,Dodge,Charger SXT Plus,28998,9000,,6-cyl,Gas,,Automatic,Burgundy/Black,2 Owners,No flood or frame damage,No odometer problems,2C3CDXJG4KH523806,Sport Car - Large,Clean,No Issue,Minor,No Open Recalls,No Issue,No Issue,No CPO Info Available,No Issue,
2018,Dodge,Grand Caravan SXT,17998,79000,17 city/25 hwy,6-cyl,Gas,Front Wheel Drive,Automatic,Black/Black,2 Owners,No flood or frame damage,No odometer problems,2C4RDGCG7JR207294,Van - Mini,Clean,No Issue,Minor,No Open Recalls,No Issue,No Issue,No CPO Info Available,No Issue,
2022,Dodge,Durango R/T,39998,12000,14 city/22 hwy,8-cyl,Gas,All Wheel Drive,Automatic,Black/Black,1 Owner,No flood or frame damage,No odometer problems,1C4SDJCT1NC215675,SUV - Midsize,Clean,No Issue,Minor,No Open Recalls,No Issue,No Issue,No CPO Info Available,No Issue,
2023,Dodge,Hornet GT Plus,28998,11000,21 city/29 hwy,4-cyl,Turbo Gas,All Wheel Drive,Automatic,Black/Black,1 Owner,No flood or frame damage,No odometer problems,ZACNDFBN3P3A02472,CUV - Compact,Clean,No Issue,No Issue,No Open Recalls,No Issue,No Issue,No CPO Info Available,No Issue,
2023,Dodge,Hornet GT Plus,27998,13000,21 city/29 hwy,4-cyl,Turbo Gas,All Wheel Drive,Automatic,Black/Black,1 Owner,No flood or frame damage,No odometer problems,ZACNDFBN4P3A02237,CUV - Compact,Clean,No Issue,Minor,No Open Recalls,No Issue,No Issue,No CPO Info Available,No Issue,
2024,Dodge,Hornet GT Plus,30998,5000,21 city/29 hwy,4-cyl,Turbo Gas,All Wheel Drive,Automatic,Blue/Black,1 Owner,No flood or frame damage,No odometer problems,ZACNDFBNXR3A23435,CUV - Compact,Clean,No Issue,No Issue,No Open Recalls,No Issue,No Issue,No CPO Info Available,No Issue,
2023,Dodge,Durango SXT Plus,31998,18000,19 city/26 hwy,6-cyl,Gas,Rear Wheel Drive,Automatic,Black/Black,1 Owner,No flood or frame damage,No odometer problems,1C4RDHAG3PC612370,SUV - Midsize,Clean,No Issue,No Issue,No Open Recalls,No Issue,No Issue,No CPO Info Available,No Issue,
2023,Dodge,Hornet GT Plus,27998,16000,21 city/29 hwy,4-cyl,Turbo Gas,All Wheel Drive,Automatic,Blue/Black,1 Owner,No flood or frame damage,No odometer problems,ZACNDFBN4P3A02710,CUV - Compact,Clean,No Issue,No Issue,No Open Recalls,No Issue,No Issue,No CPO Info Available,No Issue,
2023,Dodge,Hornet GT Plus,27998,14000,21 city/29 hwy,4-cyl,Turbo Gas,All Wheel Drive,Automatic,Blue/Black,1 Owner,No flood or frame damage,No odometer problems,ZACNDFBN7P3A02748,CUV - Compact,Clean,No Issue,No Issue,No Open Recalls,No Issue,No Issue,No CPO Info Available,No Issue,
2020,Dodge,Grand Caravan GT,27998,21000,,6-cyl,Gas,Front Wheel Drive,Automatic,Black/Black,2 Owners,No flood or frame damage,No odometer problems,2C4RDGEG1LR188144,Van - Mini,Clean,No Issue,No Issue,No Open Recalls,No Issue,No Issue,No CPO Info Available,No Issue,
2016,Dodge,Journey SXT,17998,36000,16 city/24 hwy,6-cyl,Gas,All Wheel Drive,Automatic,White/Black,1 Owner,No flood or frame damage,No odometer problems,3C4PDDBG0GT176094,CUV - Midsize,Clean,No Issue,No Issue,No Open Recalls,No Issue,No Issue,No CPO Info Available,No Issue,
2020,Dodge,Charger SXT,28998,7000,19 city/30 hwy,6-cyl,Gas,Rear Wheel Drive,Automatic,Blue/Black,1 Owner,No flood or frame damage,No odometer problems,2C3CDXBG7LH228490,Sport Car - Large,Clean,No Issue,No Issue,No Open Recalls,No Issue,No Issue,No CPO Info Available,No Issue,
2021,Dodge,Charger Scat Pack,37998,35000,15 city/24 hwy,8-cyl,Gas,Rear Wheel Drive,Automatic,Black/Black,1 Owner,No flood or frame damage,No odometer problems,2C3CDXGJ5MH556397,Sport Car - Large,Clean,No Issue,Damage Reported,No Open Recalls,No Issue,No Issue,No CPO Info Available,No Issue,
2020,Dodge,Charger Scat Pack Widebody,51998,11000,15 city/24 hwy,8-cyl,Gas,Rear Wheel Drive,Automatic,Black/Black,1 Owner,No flood or frame damage,No odometer problems,2C3CDXGJ9LH103110,Sport Car - Large,Clean,No Issue,No Issue,No Open Recalls,No Issue,No Issue,No CPO Info Available,No Issue,
2021,Dodge,Challenger GT,25998,43000,19 city/30 hwy,6-cyl,Gas,Rear Wheel Drive,Automatic,Black/Black,3 Owners,No flood or frame damage,No odometer problems,2C3CDZJG6MH510599,Sport Car - Midsize,Clean,No Issue,Minor,No Open Recalls,No Issue,No Issue,No CPO Info Available,No Issue,
2019,Dodge,Challenger R/T Scat Pack,39998,9000,14 city/23 hwy,8-cyl,Gas,,Automatic,Black/Black,1 Owner,No flood or frame damage,No odometer problems,2C3CDZFJ7KH671626,Sport Car - Midsize,Clean,No Issue,No Issue,No Open Recalls,No Issue,No Issue,No CPO Info Available,No Issue,
2018,Dodge,Challenger R/T Plus,30998,33000,15 city/23 hwy,8-cyl,Gas,Rear Wheel Drive,Automatic,Black/Red,4 Owners,No flood or frame damage,No odometer problems,2C3CDZBT6JH202548,Sport Car - Midsize,Clean,No Issue,No Issue,No Open Recalls,No Issue,No Issue,OEM-Certified,No Issue,
2019,Dodge,Grand Caravan SXT,18998,77000,17 city/25 hwy,6-cyl,Gas,Front Wheel Drive,Automatic,Silver/Black,2 Owners,No flood or frame damage,No odometer problems,2C4RDGCG9KR579642,Van - Mini,Clean,No Issue,Minor,No Open Recalls,No Issue,No Issue,No CPO Info Available,No Issue,
2020,Dodge,Durango GT Plus,30998,45000,,,,,Automatic,Gray/Black,1 Owner,No flood or frame damage,No odometer problems,1C4RDJDG6LC103385,SUV - Midsize,Clean,No Issue,No Issue,No Open Recalls,No Issue,No Issue,No CPO Info Available,No Issue,
2017,Dodge,Durango R/T,30998,65000,14 city/22 hwy,8-cyl,Gas,All Wheel Drive,Automatic,Black/Red,1 Owner,No flood or frame damage,No odometer problems,1C4SDJCT1HC839514,SUV - Midsize,Clean,No Issue,Minor,No Open Recalls,No Issue,No Issue,No CPO Info Available,No Issue,
2015,Dodge,Journey Limited,13599,108000,16 city/24 hwy,6-cyl,Gas,All Wheel Drive,Automatic,Gray/Black,1 Owner,No flood or frame damage,No odometer problems,3C4PDDDG4FT519114,CUV - Midsize,Clean,No Issue,Moderate,No Open Recalls,No Issue,No Issue,No CPO Info Available,No Issue,
2022,Dodge,Charger SXT,22998,26000,,6-cyl,Gas,Rear Wheel Drive,Automatic,Blue/Black,1 Owner,No flood or frame damage,No odometer problems,2C3CDXBG7NH240013,Sport Car - Large,Clean,No Issue,No Issue,No Open Recalls,No Issue,No Issue,No CPO Info Available,No Issue,
2018,Dodge,Charger R/T,29998,25000,16 city/25 hwy,8-cyl,Gas,Rear Wheel Drive,Automatic,Gray/Black,2 Owners,No flood or frame damage,No odometer problems,2C3CDXCT1JH313222,Sport Car - Large,Clean,No Issue,Minor,No Open Recalls,No Issue,No Issue,No CPO Info Available,No Issue,
2021,Dodge,Durango R/T,39998,42000,14 city/22 hwy,8-cyl,Gas,All Wheel Drive,Automatic,Black/Black,1 Owner,No flood or frame damage,No odometer problems,1C4SDJCT2MC851052,SUV - Midsize,Clean,No Issue,No Issue,No Open Recalls,No Issue,No Issue,No CPO Info Available,No Issue,
2014,Dodge,Journey Crossroad,14599,78000,17 city/25 hwy,6-cyl,Gas,Front Wheel Drive,Automatic,Silver/Black,1 Owner,No flood or frame damage,No odometer problems,3C4PDCGGXET264909,CUV - Midsize,Clean,No Issue,Minor,No Open Recalls,No Issue,No Issue,No CPO Info Available,No Issue,
2018,Dodge,Durango SRT,48998,45000,13 city/19 hwy,8-cyl,Gas,All Wheel Drive,Automatic,Gray/Black,3 Owners,No flood or frame damage,No odometer problems,1C4SDJGJ1JC134193,SUV - Midsize,Clean,No Issue,No Issue,No Open Recalls,No Issue,No Issue,No CPO Info Available,No Issue,
2021,Dodge,Durango R/T,39998,37000,14 city/22 hwy,8-cyl,Gas,All Wheel Drive,Automatic,Black/Red,2 Owners,No flood or frame damage,No odometer problems,1C4SDJCT9MC520999,SUV - Midsize,Clean,No Issue,No Issue,No Open Recalls,No Issue,No Issue,No CPO Info Available,No Issue,
2021,Dodge,Durango GT Plus,34998,12000,18 city/25 hwy,6-cyl,Gas,All Wheel Drive,Automatic,White/Black,2 Owners,No flood or frame damage,No odometer problems,1C4RDJDG9MC523238,SUV - Midsize,Clean,No Issue,Minor,No Open Recalls,No Issue,No Issue,OEM-Certified,No Issue,
2020,Dodge,Charger Scat Pack,37998,50000,15 city/24 hwy,8-cyl,Gas,Rear Wheel Drive,Automatic,Gray/Black,2 Owners,No flood or frame damage,No odometer problems,2C3CDXGJXLH211994,Sport Car - Large,Clean,No Issue,Minor,No Open Recalls,No Issue,No Issue,No CPO Info Available,No Issue,
2023,Dodge,Hornet GT Plus,29998,10000,21 city/29 hwy,4-cyl,Turbo Gas,All Wheel Drive,Automatic,Gold/Red,1 Owner,No flood or frame damage,No odometer problems,ZACNDFBN5P3A03199,CUV - Compact,Clean,No Issue,No Issue,No Open Recalls,No Issue,No Issue,No CPO Info Available,No Issue,
2014,Dodge,Charger SXT,18998,53000,18 city/27 hwy,6-cyl,Gas,All Wheel Drive,Automatic,Gray/Black,2 Owners,No flood or frame damage,No odometer problems,2C3CDXJG3EH351319,Sport Car - Large,Clean,No Issue,No Issue,No Open Recalls,No Issue,No Issue,No CPO Info Available,No Issue,
2017,Dodge,Challenger R/T,25998,60000,15 city/23 hwy,8-cyl,Gas,Rear Wheel Drive,Manual 6 Speed,Gray/Black,4 Owners,No flood or frame damage,No odometer problems,2C3CDZBT4HH664259,Sport Car - Midsize,Clean,No Issue,No Issue,No Open Recalls,No Issue,No Issue,No CPO Info Available,No Issue,
2022,Dodge,Durango GT,32998,17000,,6-cyl,Gas,All Wheel Drive,Automatic,Gray/Gray,1 Owner,No flood or frame damage,No odometer problems,1C4RDJDG4NC108815,SUV - Midsize,Clean,No Issue,No Issue,No Open Recalls,No Issue,No Issue,No CPO Info Available,No Issue,
2021,Dodge,Durango GT Plus,34998,23000,18 city/25 hwy,6-cyl,Gas,All Wheel Drive,Automatic,White/Black,1 Owner,No flood or frame damage,No odometer problems,1C4RDJDG4MC786656,SUV - Midsize,Clean,No Issue,No Issue,No Open Recalls,No Issue,No Issue,No CPO Info Available,No Issue,
2017,Dodge,Challenger SRT 392,30998,70000,14 city/23 hwy,8-cyl,Gas,Rear Wheel Drive,Automatic,Red/Black,2 Owners,No flood or frame damage,No odometer problems,2C3CDZDJ3HH522318,Sport Car - Midsize,Clean,No Issue,No Issue,No Open Recalls,No Issue,No Issue,No CPO Info Available,No Issue,
2021,Dodge,Challenger R/T,31998,16000,15 city/23 hwy,8-cyl,Gas,Rear Wheel Drive,Manual 6 Speed,Purple/Black,1 Owner,No flood or frame damage,No odometer problems,2C3CDZBT1MH614364,Sport Car - Midsize,Clean,No Issue,No Issue,No Open Recalls,No Issue,No Issue,No CPO Info Available,No Issue,
2021,Dodge,Challenger SXT,27998,18000,,,,,Automatic,Black/Black,1 Owner,No flood or frame damage,No odometer problems,2C3CDZGG6MH610998,Sport Car - Midsize,Clean,No Issue,No Issue,No Open Recalls,No Issue,No Issue,No CPO Info Available,No Issue,
2021,Dodge,Charger SXT,23998,54000,,6-cyl,Gas,Rear Wheel Drive,Automatic,White/Black,1 Owner,No flood or frame damage,No odometer problems,2C3CDXBG4MH635989,Sport Car - Large,Clean,No Issue,Minor,No Open Recalls,No Issue,No Issue,No CPO Info Available,No Issue,
2021,Dodge,Charger SXT,23998,58000,,6-cyl,Gas,Rear Wheel Drive,Automatic,Black/Black,1 Owner,No flood or frame damage,No odometer problems,2C3CDXBG8MH642864,Sport Car - Large,Clean,No Issue,No Issue,No Open Recalls,No Issue,No Issue,No CPO Info Available,No Issue,
2018,Dodge,Charger R/T Plus,28998,42000,16 city/25 hwy,8-cyl,Gas,,Automatic,Gray/Black,2 Owners,No flood or frame damage,No odometer problems,2C3CDXCT1JH312250,Sport Car - Large,Clean,No Issue,No Issue,No Open Recalls,No Issue,No Issue,No CPO Info Available,No Issue,
2022,Dodge,Durango R/T Plus,40998,27000,14 city/22 hwy,8-cyl,Gas,Rear Wheel Drive,Automatic,Gray/Black,1 Owner,No flood or frame damage,No odometer problems,1C4SDHCT3NC131642,SUV - Midsize,Clean,No Issue,No Issue,No Open Recalls,No Issue,No Issue,No CPO Info Available,No Issue,
2016,Dodge,Grand Caravan SE Plus,17998,51000,17 city/25 hwy,6-cyl,Gas,Front Wheel Drive,Automatic,Silver/Black,0 Owner,No flood or frame damage,No odometer problems,2C4RDGBG8GR352208,Van - Mini,Clean,No Issue,No Issue,No Open Recalls,No Issue,No Issue,No CPO Info Available,No Issue,
2019,Dodge,Grand Caravan GT,18998,83000,17 city/25 hwy,6-cyl,Gas,Front Wheel Drive,Automatic,Black/Black,2 Owners,No flood or frame damage,No odometer problems,2C4RDGEG3KR614074,Van - Mini,Clean,No Issue,No Issue,No Open Recalls,No Issue,No Issue,No CPO Info Available,No Issue,
2018,Dodge,Charger GT,23998,64000,18 city/27 hwy,6-cyl,Gas,All Wheel Drive,Automatic,White/Black,1 Owner,No flood or frame damage,No odometer problems,2C3CDXJG2JH324168,Sport Car - Large,Clean,No Issue,Damage Reported,No Open Recalls,No Issue,No Issue,No CPO Info Available,No Issue,
2022,Dodge,Durango GT,32998,16000,,6-cyl,Gas,All Wheel Drive,Automatic,White/Gray,2 Owners,No flood or frame damage,No odometer problems,1C4RDJDG4NC104862,SUV - Midsize,Clean,No Issue,Damage Reported,No Open Recalls,No Issue,No Issue,No CPO Info Available,No Issue,
2023,Dodge,Durango GT Premium,39998,12000,18 city/25 hwy,6-cyl,Gas,All Wheel Drive,Automatic,White/Black,1 Owner,No flood or frame damage,No odometer problems,1C4RDJDG7PC681985,SUV - Midsize,Clean,No Issue,No Issue,No Open Recalls,No Issue,No Issue,No CPO Info Available,No Issue,
2023,Dodge,Challenger SXT,25998,40000,,6-cyl,Gas,Rear Wheel Drive,Automatic,Black/Black,1 Owner,No flood or frame damage,No odometer problems,2C3CDZAG7PH526461,Sport Car - Midsize,Clean,No Issue,Damage Reported,No Open Recalls,No Issue,No Issue,No CPO Info Available,No Issue,
2023,Dodge,Hornet GT Plus,27998,20000,21 city/29 hwy,4-cyl,Turbo Gas,All Wheel Drive,Automatic,Blue/Black,2 Owners,No flood or frame damage,No odometer problems,ZACNDFBN3P3A02701,CUV - Compact,Clean,No Issue,No Issue,No Open Recalls,No Issue,No Issue,No CPO Info Available,No Issue,
2016,Dodge,Grand Caravan SE Plus,21998,18000,17 city/25 hwy,6-cyl,Gas,Front Wheel Drive,Automatic,Gray/Black,1 Owner,No flood or frame damage,No odometer problems,2C4RDGBG2GR349658,Van - Mini,Clean,No Issue,No Issue,No Open Recalls,No Issue,No Issue,No CPO Info Available,No Issue,
2023,Dodge,Hornet GT Plus,29998,11000,21 city/29 hwy,4-cyl,Turbo Gas,All Wheel Drive,Automatic,Black/Black,1 Owner,No flood or frame damage,No odometer problems,ZACNDFBN0P3A02283,CUV - Compact,Clean,No Issue,No Issue,No Open Recalls,No Issue,No Issue,No CPO Info Available,No Issue,
2023,Dodge,Hornet GT,28998,4000,21 city/29 hwy,4-cyl,Turbo Gas,Four Wheel Drive,Automatic,Black/Black,1 Owner,No flood or frame damage,No odometer problems,ZACNDFAN7P3A00466,CUV - Compact,Clean,No Issue,Damage Reported,No Open Recalls,No Issue,No Issue,No CPO Info Available,No Issue,
2021,Dodge,Durango Citadel,35998,24000,18 city/25 hwy,6-cyl,Gas,All Wheel Drive,Automatic,Black/Black,1 Owner,No flood or frame damage,No odometer problems,1C4RDJEG8MC851734,SUV - Midsize,Clean,No Issue,No Issue,No Open Recalls,No Issue,No Issue,No CPO Info Available,No Issue,
2020,Dodge,Journey Crossroad,18998,70000,19 city/25 hwy,4-cyl,Gas,Front Wheel Drive,Automatic,White/Black,2 Owners,No flood or frame damage,No odometer problems,3C4PDCGB6LT206829,CUV - Midsize,Clean,No Issue,Minor,No Open Recalls,No Issue,No Issue,No CPO Info Available,No Issue,
2020,Dodge,Charger Scat Pack,40998,11000,15 city/24 hwy,8-cyl,Gas,Rear Wheel Drive,Automatic,Orange/Black,2 Owners,No flood or frame damage,No odometer problems,2C3CDXGJ4LH229150,Sport Car - Large,Clean,No Issue,Minor,No Open Recalls,No Issue,No Issue,No CPO Info Available,No Issue,
2020,Dodge,Challenger R/T Scat Pack Widebody,45998,17000,14 city/23 hwy,8-cyl,Gas,,Automatic,Silver/Black,2 Owners,No flood or frame damage,No odometer problems,2C3CDZFJ5LH222768,Sport Car - Midsize,Clean,No Issue,Minor,No Open Recalls,No Issue,No Issue,No CPO Info Available,No Issue,
2020,Dodge,Charger R/T,30998,43000,16 city/25 hwy,8-cyl,Gas,Rear Wheel Drive,Automatic,Red/Black,1 Owner,No flood or frame damage,No odometer problems,2C3CDXCT2LH133556,Sport Car - Large,Clean,No Issue,Damage Reported,No Open Recalls,No Issue,No Issue,No CPO Info Available,No Issue,
2023,Dodge,Durango GT Plus,31998,37000,19 city/26 hwy,6-cyl,Gas,Rear Wheel Drive,Automatic,White/Black,1 Owner,No flood or frame damage,No odometer problems,1C4RDHDG1PC571877,SUV - Midsize,Clean,No Issue,No Issue,No Open Recalls,No Issue,No Issue,No CPO Info Available,No Issue,
2023,Dodge,Hornet GT Plus,27998,14000,21 city/29 hwy,4-cyl,Turbo Gas,All Wheel Drive,Automatic,Blue/Black,1 Owner,No flood or frame damage,No odometer problems,ZACNDFBNXP3A04283,CUV - Compact,Clean,No Issue,No Issue,No Open Recalls,No Issue,No Issue,No CPO Info Available,No Issue,
2021,Dodge,Durango GT,29998,27000,18 city/25 hwy,6-cyl,Gas,All Wheel Drive,Automatic,Black/Black,1 Owner,No flood or frame damage,No odometer problems,1C4RDJDG7MC558036,SUV - Midsize,Clean,No Issue,No Issue,No Open Recalls,No Issue,No Issue,No CPO Info Available,No Issue,
2023,Dodge,Durango R/T Plus,39998,32000,14 city/22 hwy,8-cyl,Gas,All Wheel Drive,Automatic,Black/Black,1 Owner,No flood or frame damage,No odometer problems,1C4SDJCT2PC572432,SUV - Midsize,Clean,No Issue,Minor,No Open Recalls,No Issue,No Issue,No CPO Info Available,No Issue,
2023,Dodge,Durango GT Plus,34998,36000,18 city/25 hwy,6-cyl,Gas,All Wheel Drive,Automatic,Black/Black,1 Owner,No flood or frame damage,No odometer problems,1C4RDJDG3PC574299,SUV - Midsize,Clean,No Issue,No Issue,No Open Recalls,No Issue,No Issue,No CPO Info Available,No Issue,
2023,Dodge,Hornet GT Plus,28998,19000,21 city/29 hwy,4-cyl,Turbo Gas,All Wheel Drive,Automatic,Blue/Black,1 Owner,No flood or frame damage,No odometer problems,ZACNDFBN8P3A03942,CUV - Compact,Clean,No Issue,No Issue,No Open Recalls,No Issue,No Issue,No CPO Info Available,No Issue,
2019,Dodge,Challenger R/T Scat Pack,35998,31000,14 city/23 hwy,8-cyl,Gas,Rear Wheel Drive,Manual 6 Speed,Gray/Black,3 Owners,No flood or frame damage,No odometer problems,2C3CDZFJ6KH620764,Sport Car - Midsize,Clean,No Issue,No Issue,No Open Recalls,No Issue,No Issue,No CPO Info Available,No Issue,
2023,Dodge,Durango GT Plus,31998,31000,19 city/26 hwy,6-cyl,Gas,Rear Wheel Drive,Automatic,Black/Black,1 Owner,No flood or frame damage,No odometer problems,1C4RDHDGXPC616668,SUV - Midsize,Clean,No Issue,No Issue,No Open Recalls,No Issue,No Issue,No CPO Info Available,No Issue,
2019,Dodge,Challenger SXT,23998,47000,19 city/30 hwy,6-cyl,Gas,Rear Wheel Drive,Automatic,White/Black,2 Owners,No flood or frame damage,No odometer problems,2C3CDZAG2KH750763,Sport Car - Midsize,Clean,No Issue,No Issue,No Open Recalls,No Issue,No Issue,No CPO Info Available,No Issue,
2021,Dodge,Durango R/T,33998,73000,14 city/22 hwy,8-cyl,Gas,All Wheel Drive,Automatic,Gray/Black,1 Owner,No flood or frame damage,No odometer problems,1C4SDJCT8MC804432,SUV - Midsize,Clean,No Issue,Minor,No Open Recalls,No Issue,No Issue,No CPO Info Available,No Issue,
2023,Dodge,Charger SXT,25998,19000,,6-cyl,Gas,Rear Wheel Drive,Automatic,Gray/Black,1 Owner,No flood or frame damage,No odometer problems,2C3CDXBG8PH608153,Sport Car - Large,Clean,No Issue,No Issue,No Open Recalls,No Issue,No Issue,No CPO Info Available,No Issue,
2021,Dodge,Durango GT,32998,44000,18 city/25 hwy,6-cyl,Gas,All Wheel Drive,Automatic,Black/Black,1 Owner,No flood or frame damage,No odometer problems,1C4RDJDG1MC751718,SUV - Midsize,Clean,No Issue,Damage Reported,No Open Recalls,No Issue,No Issue,No CPO Info Available,No Issue,
2023,Dodge,Durango SXT,27998,22000,19 city/26 hwy,6-cyl,Gas,Rear Wheel Drive,Automatic,Black/Black,1 Owner,No flood or frame damage,No odometer problems,1C4RDHAG7PC635294,SUV - Midsize,Clean,No Issue,No Issue,No Open Recalls,No Issue,No Issue,No CPO Info Available,No Issue,
2017,Dodge,Grand Caravan GT,15998,82000,17 city/25 hwy,6-cyl,Gas,Front Wheel Drive,Automatic,White/Black,2 Owners,No flood or frame damage,No odometer problems,2C4RDGEG0HR673866,Van - Mini,Clean,No Issue,No Issue,No Open Recalls,No Issue,No Issue,No CPO Info Available,No Issue,
2018,Dodge,Charger SXT,20998,73000,19 city/30 hwy,6-cyl,Gas,Rear Wheel Drive,Automatic,Silver/Black,2 Owners,No flood or frame damage,No odometer problems,2C3CDXBG6JH167467,Sport Car - Large,Clean,No Issue,Minor,No Open Recalls,No Issue,No Issue,No CPO Info Available,No Issue,
2020,Dodge,Durango R/T,37998,31000,14 city/22 hwy,8-cyl,Gas,All Wheel Drive,Automatic,Gray/Black,2 Owners,No flood or frame damage,No odometer problems,1C4SDJCT6LC253125,SUV - Midsize,Clean,No Issue,No Issue,No Open Recalls,No Issue,No Issue,No CPO Info Available,No Issue,
2018,Dodge,Journey Crossroad,16998,88000,16 city/24 hwy,6-cyl,Gas,All Wheel Drive,Automatic,Silver/Black,2 Owners,No flood or frame damage,No odometer problems,3C4PDDGG5JT449580,CUV - Midsize,Clean,No Issue,Damage Reported,No Open Recalls,No Issue,No Issue,No CPO Info Available,No Issue,
2021,Dodge,Charger SXT,22998,58000,,6-cyl,Gas,Rear Wheel Drive,Automatic,Gray/Black,2 Owners,No flood or frame damage,No odometer problems,2C3CDXBG5MH587659,Sport Car - Large,Clean,No Issue,No Issue,No Open Recalls,No Issue,No Issue,No CPO Info Available,No Issue,
2021,Dodge,Durango R/T,35998,52000,14 city/22 hwy,8-cyl,Gas,All Wheel Drive,Automatic,Gray/Black,2 Owners,No flood or frame damage,No odometer problems,1C4SDJCT7MC662705,SUV - Midsize,Clean,No Issue,No Issue,No Open Recalls,No Issue,No Issue,OEM-Certified,No Issue,
2015,Dodge,Journey R/T,14998,93000,17 city/25 hwy,6-cyl,Gas,Front Wheel Drive,Automatic,Black/Black,1 Owner,No flood or frame damage,No odometer problems,3C4PDCEG4FT698425,CUV - Midsize,Clean,No Issue,No Issue,No Open Recalls,No Issue,No Issue,No CPO Info Available,No Issue,
2020,Dodge,Challenger R/T Scat Pack Widebody,40998,59000,14 city/23 hwy,8-cyl,Gas,,Automatic,Blue/Black,2 Owners,No flood or frame damage,No odometer problems,2C3CDZFJ0LH231412,Sport Car - Midsize,Clean,No Issue,Minor,No Open Recalls,No Issue,No Issue,No CPO Info Available,No Issue,
2019,Dodge,Grand Caravan SXT,23998,45000,17 city/25 hwy,6-cyl,Gas,Front Wheel Drive,Automatic,Blue/Black,2 Owners,No flood or frame damage,No odometer problems,2C4RDGCG2KR698665,Van - Mini,Clean,No Issue,No Issue,No Open Recalls,No Issue,No Issue,No CPO Info Available,No Issue,
2022,Dodge,Challenger R/T Scat Pack Widebody,47998,20000,14 city/23 hwy,8-cyl,Gas,,Automatic,Black/Black,1 Owner,No flood or frame damage,No odometer problems,2C3CDZFJXNH179564,Sport Car - Midsize,Clean,No Issue,No Issue,No Open Recalls,No Issue,No Issue,No CPO Info Available,No Issue,
2013,Dodge,Journey SXT,11998,94000,19 city/26 hwy,4-cyl,Gas,Front Wheel Drive,Automatic,Orange/Black,2 Owners,No flood or frame damage,No odometer problems,3C4PDCBB7DT530428,CUV - Midsize,Clean,Auction Issue Reported,Damage Reported,No Open Recalls,No Issue,No Issue,No CPO Info Available,No Issue,
2020,Dodge,Journey SE,18998,29000,19 city/25 hwy,4-cyl,Gas,Front Wheel Drive,Automatic,Gray/Black,1 Owner,No flood or frame damage,No odometer problems,3C4PDCAB0LT280093,CUV - Midsize,Clean,No Issue,No Issue,No Open Recalls,No Issue,No Issue,No CPO Info Available,No Issue,
2020,Dodge,Challenger R/T Scat Pack,36998,38000,14 city/23 hwy,8-cyl,Gas,,Automatic,Orange/Black,2 Owners,No flood or frame damage,No odometer problems,2C3CDZFJ5LH164760,Sport Car - Midsize,Clean,No Issue,No Issue,No Open Recalls,No Issue,No Issue,No CPO Info Available,No Issue,
2023,Dodge,Durango GT Launch Edition,35998,7000,18 city/25 hwy,6-cyl,Gas,All Wheel Drive,Automatic,Black/Black,1 Owner,No flood or frame damage,No odometer problems,1C4RDJDGXPC591343,SUV - Midsize,Clean,No Issue,No Issue,No Open Recalls,No Issue,No Issue,No CPO Info Available,No Issue,
2020,Dodge,Durango R/T,34998,48000,14 city/22 hwy,8-cyl,Gas,All Wheel Drive,Automatic,Black/Black,1 Owner,No flood or frame damage,No odometer problems,1C4SDJCT4LC382822,SUV - Midsize,Clean,No Issue,Damage Reported,No Open Recalls,No Issue,No Issue,No CPO Info Available,No Issue,
2016,Dodge,Journey R/T,14998,90000,17 city/25 hwy,6-cyl,Gas,Front Wheel Drive,Automatic,White/Black,3 Owners,No flood or frame damage,No odometer problems,3C4PDCEG7GT154308,CUV - Midsize,Clean,No Issue,No Issue,No Open Recalls,No Issue,No Issue,No CPO Info Available,No Issue,
2021,Dodge,Durango GT Plus,30998,20000,19 city/26 hwy,6-cyl,Gas,Rear Wheel Drive,Automatic,Gray/Black,2 Owners,No flood or frame damage,No odometer problems,1C4RDHDG7MC864095,SUV - Midsize,Clean,No Issue,Damage Reported,No Open Recalls,No Issue,No Issue,No CPO Info Available,No Issue,
2015,Dodge,Charger R/T Scat Pack,28998,88000,15 city/25 hwy,8-cyl,Gas,Rear Wheel Drive,Automatic,Gray/Black,1 Owner,No flood or frame damage,No odometer problems,2C3CDXGJ9FH884618,Sport Car - Large,Clean,No Issue,No Issue,No Open Recalls,No Issue,No Issue,No CPO Info Available,No Issue,
2019,Dodge,Grand Caravan SXT,19998,84000,17 city/25 hwy,6-cyl,Gas,Front Wheel Drive,Automatic,Burgundy/Black,2 Owners,No flood or frame damage,No odometer problems,2C4RDGCG5KR552843,Van - Mini,Clean,No Issue,No Issue,No Open Recalls,No Issue,No Issue,No CPO Info Available,No Issue,
2019,Dodge,Durango R/T,36998,32000,14 city/22 hwy,8-cyl,Gas,All Wheel Drive,Automatic,Black/Black,1 Owner,No flood or frame damage,No odometer problems,1C4SDJCT1KC622813,SUV - Midsize,Clean,No Issue,No Issue,No Open Recalls,No Issue,No Issue,No CPO Info Available,No Issue,
2017,Dodge,Charger SXT,20998,76000,19 city/30 hwy,6-cyl,Gas,Rear Wheel Drive,Automatic,Blue/Tan,1 Owner,No flood or frame damage,No odometer problems,2C3CDXHG6HH503815,Sport Car - Large,Clean,No Issue,No Issue,No Open Recalls,No Issue,No Issue,No CPO Info Available,No Issue,
2022,Dodge,Durango GT Plus,31998,22000,19 city,6-cyl,Gas,Rear Wheel Drive,Automatic,Black/Black,1 Owner,No flood or frame damage,No odometer problems,1C4RDHDG4NC217767,SUV - Midsize,Clean,No Issue,No Issue,No Open Recalls,No Issue,No Issue,No CPO Info Available,No Issue,
2022,Dodge,Durango GT,32998,16000,,6-cyl,Gas,All Wheel Drive,Automatic,White/Black,1 Owner,No flood or frame damage,No odometer problems,1C4RDJDG4NC212513,SUV - Midsize,Clean,No Issue,No Issue,No Open Recalls,No Issue,No Issue,No CPO Info Available,No Issue,
2018,Dodge,Journey SXT,14998,77000,17 city/25 hwy,6-cyl,Gas,Front Wheel Drive,Automatic,White/Black,1 Owner,No flood or frame damage,No odometer problems,3C4PDCBG1JT522171,CUV - Midsize,Clean,No Issue,Damage Reported,No Open Recalls,No Issue,No Issue,No CPO Info Available,No Issue,
2016,Dodge,Grand Caravan American Value,15998,79000,17 city/25 hwy,6-cyl,Gas,Front Wheel Drive,Automatic,Gray/Black,2 Owners,No flood or frame damage,No odometer problems,2C4RDGBG3GR341472,Van - Mini,Clean,No Issue,Damage Reported,No Open Recalls,No Issue,No Issue,No CPO Info Available,No Issue,
2016,Dodge,Challenger R/T Scat Pack,26998,70000,14 city/23 hwy,8-cyl,Gas,Rear Wheel Drive,Manual 5 Speed,White/Black,6 Owners,No flood or frame damage,No odometer problems,2C3CDZFJXGH168566,Sport Car - Midsize,Clean,No Issue,No Issue,No Open Recalls,No Issue,No Issue,No CPO Info Available,No Issue,
2021,Dodge,Charger SXT,23998,54000,,6-cyl,Gas,Rear Wheel Drive,Automatic,Black/Black,3 Owners,No flood or frame damage,No odometer problems,2C3CDXBG3MH647325,Sport Car - Large,Clean,No Issue,Damage Reported,No Open Recalls,No Issue,No Issue,No CPO Info Available,No Issue,
2023,Dodge,Durango SXT,32998,9000,18 city/25 hwy,6-cyl,Gas,All Wheel Drive,Automatic,White/Black,1 Owner,No flood or frame damage,No odometer problems,1C4RDJAGXPC612647,SUV - Midsize,Clean,No Issue,No Issue,No Open Recalls,No Issue,No Issue,No CPO Info Available,No Issue,
2016,Dodge,Charger R/T Scat Pack,27998,101000,15 city/25 hwy,8-cyl,Gas,Rear Wheel Drive,Automatic,Black/Black,3 Owners,No flood or frame damage,No odometer problems,2C3CDXGJ0GH305758,Sport Car - Large,Clean,No Issue,No Issue,No Open Recalls,No Issue,No Issue,No CPO Info Available,No Issue,
2021,Dodge,Challenger R/T,35998,10000,15 city/23 hwy,8-cyl,Gas,,Automatic,Orange/Black,1 Owner,No flood or frame damage,No odometer problems,2C3CDZBT9MH594140,Sport Car - Midsize,Clean,No Issue,No Issue,No Open Recalls,No Issue,No Issue,No CPO Info Available,No Issue,
2019,Dodge,Journey Crossroad,19998,49000,16 city/24 hwy,6-cyl,Gas,All Wheel Drive,Automatic,White/White,2 Owners,No flood or frame damage,No odometer problems,3C4PDDGG5KT789877,CUV - Midsize,Clean,No Issue,No Issue,No Open Recalls,No Issue,No Issue,No CPO Info Available,No Issue,
2017,Dodge,Journey SXT,14998,77000,16 city/24 hwy,6-cyl,Gas,All Wheel Drive,Automatic,Gray/Black,2 Owners,No flood or frame damage,No odometer problems,3C4PDDBG1HT575470,CUV - Midsize,Clean,No Issue,No Issue,No Open Recalls,No Issue,No Issue,No CPO Info Available,No Issue,
2023,Dodge,Challenger R/T Scat Pack,47998,1000,15 city/24 hwy,8-cyl,Gas,Rear Wheel Drive,Manual 6 Speed,Purple/Black,1 Owner,No flood or frame damage,No odometer problems,2C3CDZFJ5PH686245,Sport Car - Midsize,Clean,No Issue,No Issue,No Open Recalls,No Issue,No Issue,No CPO Info Available,No Issue,
2022,Dodge,Challenger R/T,35998,9000,15 city/23 hwy,8-cyl,Gas,Rear Wheel Drive,Manual 6 Speed,White/Red,1 Owner,No flood or frame damage,No odometer problems,2C3CDZBT5NH194691,Sport Car - Midsize,Clean,No Issue,No Issue,No Open Recalls,No Issue,No Issue,No CPO Info Available,No Issue,
2019,Dodge,Journey SE,18998,23000,19 city/25 hwy,4-cyl,Gas,Front Wheel Drive,Automatic,Blue/Black,1 Owner,No flood or frame damage,No odometer problems,3C4PDCABXKT865634,CUV - Midsize,Clean,No Issue,No Issue,No Open Recalls,No Issue,No Issue,No CPO Info Available,No Issue,
2020,Dodge,Challenger R/T Scat Pack Widebody,47998,17000,14 city/23 hwy,8-cyl,Gas,,Automatic,Purple/Black,1 Owner,No flood or frame damage,No odometer problems,2C3CDZFJXLH178542,Sport Car - Midsize,Clean,No Issue,No Issue,No Open Recalls,No Issue,No Issue,No CPO Info Available,No Issue,
2017,Dodge,Journey SE,13998,95000,19 city/25 hwy,4-cyl,Gas,Front Wheel Drive,Automatic,Gray/Black,2 Owners,No flood or frame damage,No odometer problems,3C4PDCAB2HT637930,CUV - Midsize,Clean,No Issue,Minor,No Open Recalls,No Issue,No Issue,No CPO Info Available,No Issue,
2022,Dodge,Durango R/T Plus,41998,16000,14 city/22 hwy,8-cyl,Gas,Rear Wheel Drive,Automatic,Black/Black,1 Owner,No flood or frame damage,No odometer problems,1C4SDHCT5NC203022,SUV - Midsize,Clean,No Issue,No Issue,No Open Recalls,No Issue,No Issue,No CPO Info Available,No Issue,
2023,Dodge,Durango GT Plus,34998,39000,18 city/25 hwy,6-cyl,Gas,All Wheel Drive,Automatic,Black/Black,1 Owner,No flood or frame damage,No odometer problems,1C4RDJDG3PC603333,SUV - Midsize,Clean,No Issue,No Issue,No Open Recalls,No Issue,No Issue,No CPO Info Available,No Issue,
2022,Dodge,Charger Scat Pack Widebody,49998,12000,15 city/24 hwy,8-cyl,Gas,Rear Wheel Drive,Automatic,Blue/Black,1 Owner,No flood or frame damage,No odometer problems,2C3CDXGJ8NH147389,Sport Car - Large,Clean,No Issue,No Issue,No Open Recalls,No Issue,No Issue,No CPO Info Available,No Issue,
2014,Dodge,Journey SXT,12998,100000,17 city/25 hwy,6-cyl,Gas,Front Wheel Drive,Automatic,White/Black,2 Owners,No flood or frame damage,No odometer problems,3C4PDCBG6ET104789,CUV - Midsize,Clean,No Issue,No Issue,No Open Recalls,No Issue,No Issue,No CPO Info Available,No Issue,
2020,Dodge,Durango R/T,35998,39000,14 city/22 hwy,8-cyl,Gas,All Wheel Drive,Automatic,Blue/Black,1 Owner,No flood or frame damage,No odometer problems,1C4SDJCT7LC166608,SUV - Midsize,Clean,No Issue,Minor,No Open Recalls,No Issue,No Issue,No CPO Info Available,No Issue,
2021,Dodge,Durango GT,29998,14000,19 city/26 hwy,6-cyl,Gas,Rear Wheel Drive,Automatic,Gray/Black,1 Owner,No flood or frame damage,No odometer problems,1C4RDHDG6MC746748,SUV - Midsize,Clean,No Issue,No Issue,No Open Recalls,No Issue,No Issue,No CPO Info Available,No Issue,
2023,Dodge,Challenger R/T Scat Pack Widebody,53998,4000,15 city/24 hwy,8-cyl,Gas,,Automatic,White/Black,1 Owner,No flood or frame damage,No odometer problems,2C3CDZFJ3PH625623,Sport Car - Midsize,Clean,No Issue,No Issue,No Open Recalls,No Issue,No Issue,No CPO Info Available,No Issue,
2021,Dodge,Durango R/T,36998,36000,14 city/22 hwy,8-cyl,Gas,All Wheel Drive,Automatic,Gray/Black,1 Owner,No flood or frame damage,No odometer problems,1C4SDJCT3MC518472,SUV - Midsize,Clean,No Issue,No Issue,No Open Recalls,No Issue,No Issue,No CPO Info Available,No Issue,
2016,Dodge,Journey SXT,14998,61000,19 city/26 hwy,4-cyl,Gas,Front Wheel Drive,Automatic,Red/Blue,5 Owners,No flood or frame damage,No odometer problems,3C4PDCBBXGT181284,CUV - Midsize,Clean,No Issue,No Issue,No Open Recalls,No Issue,No Issue,No CPO Info Available,No Issue,
2023,Dodge,Hornet GT Plus,28998,10000,21 city/29 hwy,4-cyl,Turbo Gas,All Wheel Drive,Automatic,Black/Black,1 Owner,No flood or frame damage,No odometer problems,ZACNDFBN9P3A01410,CUV - Compact,Clean,No Issue,No Issue,No Open Recalls,No Issue,No Issue,No CPO Info Available,No Issue,
2021,Dodge,Challenger R/T Scat Pack Widebody,50998,7000,14 city/23 hwy,8-cyl,Gas,Rear Wheel Drive,Manual 6 Speed,Green/Green,1 Owner,No flood or frame damage,No odometer problems,2C3CDZFJ0MH596108,Sport Car - Midsize,Clean,No Issue,No Issue,No Open Recalls,No Issue,No Issue,No CPO Info Available,No Issue,
2018,Dodge,Grand Caravan SXT,18998,65000,17 city/25 hwy,6-cyl,Gas,Front Wheel Drive,Automatic,Gray/Black,1 Owner,No flood or frame damage,No odometer problems,2C4RDGCG4JR173556,Van - Mini,Clean,No Issue,No Issue,No Open Recalls,No Issue,No Issue,No CPO Info Available,No Issue,
2021,Dodge,Charger Scat Pack,40998,53000,15 city/24 hwy,8-cyl,Gas,Rear Wheel Drive,Automatic,Black/Black,1 Owner,No flood or frame damage,No odometer problems,2C3CDXGJ8MH648572,Sport Car - Large,Clean,No Issue,No Issue,No Open Recalls,No Issue,No Issue,No CPO Info Available,No Issue,
2019,Dodge,Journey GT,17998,59000,16 city/24 hwy,6-cyl,Gas,All Wheel Drive,Automatic,Black/Black,3 Owners,No flood or frame damage,No odometer problems,3C4PDDEG6KT795139,CUV - Midsize,Clean,No Issue,No Issue,No Open Recalls,No Issue,No Issue,No CPO Info Available,No Issue,
2018,Dodge,Challenger 392 Hemi Scat Pack Shaker,33998,66000,14 city/23 hwy,,,,Automatic,Black/Black,2 Owners,No flood or frame damage,No odometer problems,2C3CDZFJ9JH278483,Sport Car - Midsize,Clean,No Issue,Minor,No Open Recalls,No Issue,No Issue,No CPO Info Available,No Issue,
2018,Dodge,Grand Caravan GT,16998,83000,17 city/25 hwy,6-cyl,Gas,Front Wheel Drive,Automatic,White/Black,2 Owners,No flood or frame damage,No odometer problems,2C4RDGEG0JR190240,Van - Mini,Clean,No Issue,No Issue,No Open Recalls,No Issue,No Issue,No CPO Info Available,No Issue,
2021,Dodge,Challenger SXT,26998,19000,19 city,6-cyl,Gas,Rear Wheel Drive,Automatic,Gray/Black,2 Owners,No flood or frame damage,No odometer problems,2C3CDZAGXMH571681,Sport Car - Midsize,Clean,No Issue,No Issue,No Open Recalls,No Issue,No Issue,No CPO Info Available,No Issue,
2016,Dodge,Durango R/T,31998,18000,14 city/22 hwy,8-cyl,Gas,Rear Wheel Drive,Automatic,Red/Black,1 Owner,No flood or frame damage,No odometer problems,1C4SDHCTXGC308299,SUV - Midsize,Clean,No Issue,No Issue,No Open Recalls,No Issue,No Issue,No CPO Info Available,No Issue,
2019,Dodge,Charger R/T Scat Pack,32998,100000,15 city/24 hwy,8-cyl,Gas,Rear Wheel Drive,Automatic,Black/Black,1 Owner,No flood or frame damage,No odometer problems,2C3CDXGJ2KH678700,Sport Car - Large,Clean,No Issue,Minor,No Open Recalls,No Issue,No Issue,No CPO Info Available,No Issue,
2018,Dodge,Durango Citadel,24998,57000,19 city/26 hwy,6-cyl,Gas,Rear Wheel Drive,Automatic,Black/Tan,2 Owners,No flood or frame damage,No odometer problems,1C4RDHEG9JC175525,SUV - Midsize,Clean,No Issue,No Issue,No Open Recalls,No Issue,No Issue,No CPO Info Available,No Issue,
2020,Dodge,Charger Scat Pack,38998,41000,15 city/24 hwy,8-cyl,Gas,Rear Wheel Drive,Automatic,Orange/Black,1 Owner,No flood or frame damage,No odometer problems,2C3CDXGJ7LH244306,Sport Car - Large,Clean,No Issue,Minor,No Open Recalls,No Issue,No Issue,No CPO Info Available,No Issue,
2023,Dodge,Durango SXT,28998,23000,19 city/26 hwy,6-cyl,Gas,Rear Wheel Drive,Automatic,Black/Black,1 Owner,No flood or frame damage,No odometer problems,1C4RDHAG3PC635308,SUV - Midsize,Clean,No Issue,No Issue,No Open Recalls,No Issue,No Issue,No CPO Info Available,No Issue,
2018,Dodge,Charger GT,24998,53000,18 city/27 hwy,6-cyl,Gas,All Wheel Drive,Automatic,Black/Black,4 Owners,No flood or frame damage,No odometer problems,2C3CDXJG2JH249245,Sport Car - Large,Clean,No Issue,No Issue,No Open Recalls,No Issue,No Issue,No CPO Info Available,No Issue,
2014,Dodge,Dart SXT,12998,67000,22 city/35 hwy,4-cyl,Gas,Front Wheel Drive,Automatic,Gray/Black,2 Owners,No flood or frame damage,No odometer problems,1C3CDFBB7ED904127,Car - Midsize,Clean,No Issue,No Issue,No Open Recalls,No Issue,No Issue,No CPO Info Available,No Issue,
2022,Dodge,Durango R/T Plus,39998,39000,14 city/22 hwy,8-cyl,Gas,All Wheel Drive,Automatic,Black/Black,2 Owners,No flood or frame damage,No odometer problems,1C4SDJCT4NC221079,SUV - Midsize,Clean,No Issue,No Issue,No Open Recalls,No Issue,No Issue,No CPO Info Available,No Issue,
2021,Dodge,Durango R/T,34998,45000,14 city/22 hwy,8-cyl,Gas,All Wheel Drive,Automatic,Gray/Black,1 Owner,No flood or frame damage,No odometer problems,1C4SDJCT9MC694961,SUV - Midsize,Clean,No Issue,No Issue,No Open Recalls,No Issue,No Issue,No CPO Info Available,No Issue,
2019,Dodge,Challenger R/T Scat Pack,37998,33000,14 city/23 hwy,8-cyl,Gas,,Automatic,Blue/Black,1 Owner,No flood or frame damage,No odometer problems,2C3CDZFJ0KH571299,Sport Car - Midsize,Clean,No Issue,No Issue,No Open Recalls,No Issue,No Issue,No CPO Info Available,No Issue,
2021,Dodge,Charger Scat Pack,43998,25000,15 city/24 hwy,,,,Automatic,White/Black,2 Owners,No flood or frame damage,No odometer problems,2C3CDXGJ4MH518997,Sport Car - Large,Clean,No Issue,No Issue,No Open Recalls,No Issue,No Issue,No CPO Info Available,No Issue,
2017,Dodge,Journey Crossroad Plus,17998,53000,16 city/24 hwy,6-cyl,Gas,All Wheel Drive,Automatic,Gray/Black,2 Owners,No flood or frame damage,No odometer problems,3C4PDDGG8HT520703,CUV - Midsize,Clean,No Issue,No Issue,No Open Recalls,No Issue,No Issue,No CPO Info Available,No Issue,
2019,Dodge,Grand Caravan GT,17998,87000,17 city/25 hwy,6-cyl,Gas,Front Wheel Drive,Automatic,Red/Black,3 Owners,No flood or frame damage,No odometer problems,2C4RDGEG1KR563237,Van - Mini,Clean,No Issue,Minor,No Open Recalls,No Issue,No Issue,No CPO Info Available,No Issue,
2019,Dodge,Durango SXT,24998,60000,18 city/25 hwy,6-cyl,Gas,All Wheel Drive,Automatic,Black/Black,2 Owners,No flood or frame damage,No odometer problems,1C4RDJAG8KC803573,SUV - Midsize,Clean,No Issue,No Issue,No Open Recalls,No Issue,No Issue,No CPO Info Available,No Issue,
2016,Dodge,Dart SE,13998,61000,25 city/36 hwy,4-cyl,Gas,,Automatic,Blue/Black,1 Owner,No flood or frame damage,No odometer problems,1C3CDFAA0GD555758,Car - Midsize,Clean,No Issue,Moderate,No Open Recalls,No Issue,No Issue,No CPO Info Available,No Issue,
2015,Dodge,Durango R/T,26998,77000,14 city/22 hwy,8-cyl,Gas,All Wheel Drive,Automatic,Black/Black,2 Owners,No flood or frame damage,No odometer problems,1C4SDJCT1FC851207,SUV - Midsize,Clean,No Issue,No Issue,No Open Recalls,No Issue,No Issue,No CPO Info Available,No Issue,
2014,Dodge,Dart SXT,13599,63000,22 city/35 hwy,4-cyl,Gas,,Automatic,Blue/Gray,1 Owner,No flood or frame damage,No odometer problems,1C3CDFBB5ED865926,Car - Midsize,Clean,No Issue,No Issue,No Open Recalls,No Issue,No Issue,No CPO Info Available,No Issue,
2022,Dodge,Charger SXT,24998,34000,,6-cyl,Gas,Rear Wheel Drive,Automatic,Black/Black,1 Owner,No flood or frame damage,No odometer problems,2C3CDXBG2NH141955,Sport Car - Large,Clean,No Issue,No Issue,No Open Recalls,No Issue,No Issue,No CPO Info Available,No Issue,
2020,Dodge,Charger R/T,31998,55000,16 city/25 hwy,8-cyl,Gas,Rear Wheel Drive,Automatic,Blue/Black,1 Owner,No flood or frame damage,No odometer problems,2C3CDXCT8LH153956,Sport Car - Large,Clean,No Issue,No Issue,No Open Recalls,No Issue,No Issue,No CPO Info Available,No Issue,
2016,Dodge,Dart GT,14998,77000,23 city/33 hwy,4-cyl,Gas,Front Wheel Drive,Automatic,Red/Black,3 Owners,No flood or frame damage,No odometer problems,1C3CDFEB2GD645125,Car - Midsize,Clean,No Issue,No Issue,No Open Recalls,No Issue,No Issue,No CPO Info Available,No Issue,
2023,Dodge,Durango SXT,27998,25000,19 city/26 hwy,6-cyl,Gas,Rear Wheel Drive,Automatic,Black/Black,1 Owner,No flood or frame damage,No odometer problems,1C4RDHAGXPC685283,SUV - Midsize,Clean,No Issue,No Issue,No Open Recalls,No Issue,No Issue,No CPO Info Available,No Issue,
2021,Dodge,Durango GT Plus,32998,32000,18 city/25 hwy,6-cyl,Gas,All Wheel Drive,Automatic,Gray/Black,1 Owner,No flood or frame damage,No odometer problems,1C4RDJDG7MC558232,SUV - Midsize,Clean,No Issue,No Issue,No Open Recalls,No Issue,No Issue,No CPO Info Available,No Issue,
2018,Dodge,Journey SE,16998,76000,19 city/25 hwy,4-cyl,Gas,Front Wheel Drive,Automatic,Black/Black,1 Owner,No flood or frame damage,No odometer problems,3C4PDCAB7JT439804,CUV - Midsize,Clean,No Issue,No Issue,No Open Recalls,No Issue,No Issue,No CPO Info Available,No Issue,
2021,Dodge,Challenger SXT,27998,16000,19 city,6-cyl,Gas,Rear Wheel Drive,Automatic,Blue/Black,2 Owners,No flood or frame damage,No odometer problems,2C3CDZAG0MH573133,Sport Car - Midsize,Clean,No Issue,No Issue,No Open Recalls,No Issue,No Issue,No CPO Info Available,No Issue,
2019,Dodge,Charger SXT,22998,42000,19 city/30 hwy,6-cyl,Gas,Rear Wheel Drive,Automatic,Black/Black,1 Owner,No flood or frame damage,No odometer problems,2C3CDXBGXKH581904,Sport Car - Large,Clean,No Issue,No Issue,No Open Recalls,No Issue,No Issue,No CPO Info Available,No Issue,
2018,Dodge,Challenger R/T Plus,26998,78000,15 city/23 hwy,8-cyl,Gas,,Automatic,Black/Black,4 Owners,No flood or frame damage,No odometer problems,2C3CDZBTXJH160997,Sport Car - Midsize,Clean,No Issue,Minor,No Open Recalls,No Issue,No Issue,No CPO Info Available,No Issue,
2014,Dodge,Charger SXT,15998,103000,19 city/31 hwy,6-cyl,Gas,Rear Wheel Drive,Automatic,Black/Black,2 Owners,No flood or frame damage,No odometer problems,2C3CDXHGXEH338539,Sport Car - Large,Clean,No Issue,Moderate,No Open Recalls,No Issue,No Issue,No CPO Info Available,No Issue,
2019,Dodge,Grand Caravan GT,18998,75000,17 city/25 hwy,6-cyl,Gas,Front Wheel Drive,Automatic,Black/Black,2 Owners,No flood or frame damage,No odometer problems,2C4RDGEG1KR752714,Van - Mini,Clean,No Issue,Minor,No Open Recalls,No Issue,No Issue,No CPO Info Available,No Issue,
2019,Dodge,Grand Caravan SXT,15998,92000,17 city/25 hwy,6-cyl,Gas,Front Wheel Drive,Automatic,Burgundy/Black,2 Owners,No flood or frame damage,No odometer problems,2C4RDGCG6KR735569,Van - Mini,Clean,No Issue,No Issue,No Open Recalls,No Issue,No Issue,No CPO Info Available,No Issue,
2021,Dodge,Charger Scat Pack,43998,17000,15 city/24 hwy,8-cyl,Gas,Rear Wheel Drive,Automatic,Gray/Black,1 Owner,No flood or frame damage,No odometer problems,2C3CDXGJ9MH615015,Sport Car - Large,Clean,No Issue,No Issue,No Open Recalls,No Issue,No Issue,No CPO Info Available,No Issue,
2020,Dodge,Grand Caravan GT,22998,58000,,6-cyl,Gas,Front Wheel Drive,Automatic,White/Black,2 Owners,No flood or frame damage,No odometer problems,2C4RDGEG9LR198906,Van - Mini,Clean,No Issue,No Issue,No Open Recalls,No Issue,No Issue,No CPO Info Available,No Issue,
2020,Dodge,Journey SE,17998,47000,19 city/25 hwy,4-cyl,Gas,Front Wheel Drive,Automatic,Gray/Black,2 Owners,No flood or frame damage,No odometer problems,3C4PDCAB8LT277670,CUV - Midsize,Clean,No Issue,No Issue,No Open Recalls,No Issue,No Issue,No CPO Info Available,No Issue,
2019,Dodge,Charger R/T Scat Pack,37998,56000,15 city/24 hwy,8-cyl,Gas,Rear Wheel Drive,Automatic,White/Black,4 Owners,No flood or frame damage,No odometer problems,2C3CDXGJ4KH637596,Sport Car - Large,Clean,No Issue,No Issue,No Open Recalls,No Issue,No Issue,No CPO Info Available,No Issue,
2018,Dodge,Charger R/T Scat Pack,36998,51000,15 city/25 hwy,8-cyl,Gas,Rear Wheel Drive,Automatic,Black/Black,2 Owners,No flood or frame damage,No odometer problems,2C3CDXGJ8JH114290,Sport Car - Large,Clean,No Issue,Damage Reported,No Open Recalls,No Issue,No Issue,OEM-Certified,No Issue,
2017,Dodge,Journey SE,12998,102000,19 city/25 hwy,4-cyl,Gas,Front Wheel Drive,Automatic,Black/Black,1 Owner,No flood or frame damage,No odometer problems,3C4PDCAB7HT709060,CUV - Midsize,Clean,No Issue,No Issue,No Open Recalls,No Issue,No Issue,No CPO Info Available,No Issue,
2022,Dodge,Charger GT,27998,27000,,6-cyl,Gas,Rear Wheel Drive,Automatic,White/Black,2 Owners,No flood or frame damage,No odometer problems,2C3CDXHG7NH153350,Sport Car - Large,Clean,No Issue,No Issue,No Open Recalls,No Issue,No Issue,No CPO Info Available,No Issue,
2021,Dodge,Charger SXT,24998,28000,,6-cyl,Gas,Rear Wheel Drive,Automatic,Blue/Black,1 Owner,No flood or frame damage,No odometer problems,2C3CDXBG2MH613053,Sport Car - Large,Clean,No Issue,Damage Reported,No Open Recalls,No Issue,No Issue,No CPO Info Available,No Issue,
2019,Dodge,Challenger R/T,30998,27000,15 city/23 hwy,8-cyl,Gas,,Automatic,Blue/Black,2 Owners,No flood or frame damage,No odometer problems,2C3CDZBT4KH747665,Sport Car - Midsize,Clean,No Issue,Minor,No Open Recalls,No Issue,No Issue,No CPO Info Available,No Issue,
2020,Dodge,Grand Caravan SXT,17998,86000,,6-cyl,Gas,Front Wheel Drive,Automatic,White/Black,4 Owners,No flood or frame damage,No odometer problems,2C4RDGCG7LR175238,Van - Mini,Clean,No Issue,No Issue,No Open Recalls,No Issue,No Issue,No CPO Info Available,No Issue,
2018,Dodge,Grand Caravan SXT,15998,89000,17 city/25 hwy,6-cyl,Gas,Front Wheel Drive,Automatic,Silver/Black,2 Owners,No flood or frame damage,No odometer problems,2C4RDGCG5JR208542,Van - Mini,Clean,No Issue,Minor,No Open Recalls,No Issue,No Issue,No CPO Info Available,No Issue,
2019,Dodge,Charger R/T Scat Pack,37998,48000,15 city/24 hwy,8-cyl,Gas,Rear Wheel Drive,Automatic,White/Black,2 Owners,No flood or frame damage,No odometer problems,2C3CDXGJ9KH518975,Sport Car - Large,Clean,No Issue,No Issue,No Open Recalls,No Issue,No Issue,No CPO Info Available,No Issue,
2019,Dodge,Grand Caravan SXT,17998,102000,17 city/25 hwy,6-cyl,Gas,Front Wheel Drive,Automatic,Silver/Black,1 Owner,No flood or frame damage,No odometer problems,2C4RDGCG3KR600260,Van - Mini,Clean,No Issue,No Issue,No Open Recalls,No Issue,No Issue,No CPO Info Available,No Issue,
2020,Dodge,Challenger R/T,28998,55000,15 city/23 hwy,8-cyl,Gas,Rear Wheel Drive,Manual 6 Speed,Black/Black,2 Owners,No flood or frame damage,No odometer problems,2C3CDZBTXLH157049,Sport Car - Midsize,Clean,No Issue,Minor,No Open Recalls,No Issue,No Issue,No CPO Info Available,No Issue,
2017,Dodge,Journey SE,14998,89000,19 city/25 hwy,4-cyl,Gas,Front Wheel Drive,Automatic,Black/Black,2 Owners,No flood or frame damage,No odometer problems,3C4PDCAB7HT708166,CUV - Midsize,Clean,No Issue,No Issue,No Open Recalls,No Issue,No Issue,No CPO Info Available,No Issue,
2021,Dodge,Challenger R/T Scat Pack Widebody,44998,33000,14 city/23 hwy,8-cyl,Gas,,Automatic,Black/Black,1 Owner,No flood or frame damage,No odometer problems,2C3CDZFJ5MH542965,Sport Car - Midsize,Clean,No Issue,No Issue,No Open Recalls,No Issue,No Issue,No CPO Info Available,No Issue,
2021,Dodge,Durango R/T,33998,50000,14 city/22 hwy,8-cyl,Gas,Rear Wheel Drive,Automatic,Gray/Black,1 Owner,No flood or frame damage,No odometer problems,1C4SDHCT5MC846081,SUV - Midsize,Clean,No Issue,No Issue,No Open Recalls,No Issue,No Issue,No CPO Info Available,No Issue,
2022,Dodge,Durango R/T,35998,29000,14 city/22 hwy,8-cyl,Gas,All Wheel Drive,Automatic,Red/Black,1 Owner,No flood or frame damage,No odometer problems,1C4SDJCT5NC230809,SUV - Midsize,Clean,No Issue,No Issue,No Open Recalls,No Issue,No Issue,No CPO Info Available,No Issue,
2022,Dodge,Charger R/T,37998,7000,16 city/25 hwy,8-cyl,Gas,Rear Wheel Drive,Automatic,Black/Black,1 Owner,No flood or frame damage,No odometer problems,2C3CDXCT2NH183781,Sport Car - Large,Clean,No Issue,No Issue,No Open Recalls,No Issue,No Issue,No CPO Info Available,No Issue,
2014,Dodge,Journey R/T,14998,75000,16 city/24 hwy,6-cyl,Gas,All Wheel Drive,Automatic,White/Black,2 Owners,No flood or frame damage,No odometer problems,3C4PDDEG4ET302465,CUV - Midsize,Clean,No Issue,No Issue,No Open Recalls,No Issue,No Issue,No CPO Info Available,No Issue,
2015,Dodge,Challenger SXT,17998,113000,19 city/30 hwy,6-cyl,Gas,Rear Wheel Drive,Automatic,Black/Black,1 Owner,No flood or frame damage,No odometer problems,2C3CDZAG9FH888967,Sport Car - Midsize,Clean,No Issue,Moderate,No Open Recalls,No Issue,No Issue,No CPO Info Available,No Issue,
