year,make,model,price,mileage,Miles per gallon,Transmission,Color,owner,frame_damage,Odometer_problem,VIN,class,State Title Brand,Auction Brand / Issues,Accident / Damage,Open Recall Check,Insurance Loss / Transfer,Odometer Check,Certified Pre-Owned,Service / Repair,cylinders,fuel,Drive type,Bed Length,Range (when new),Miles per gallon equivalent (MPGe),Motor,Time to fully charge battery (240V)
2017,Ford,Fusion SE,17998,45000,21 city/31 hwy,Automatic,Gray/Black,2 Owners,No flood or frame damage,No odometer problems,3FA6P0H95HR167657,Car - Midsize,Clean,No Issue,No Issue,No Open Recalls,No Issue,No Issue,No CPO Info Available,No Issue,,,,,,,,
2018,Ford,F150 XLT,28998,33000,18 city/23 hwy,Automatic,Red/Gray,1 Owner,No flood or frame damage,No odometer problems,1FTEX1EP2JKG01087,Pickup - Fullsize,Clean,No Issue,Moderate,No Open Recalls,No Issue,No Issue,No CPO Info Available,No Issue,6-cyl,Turbo Gas,Four Wheel Drive,6.5 ft,,,,
2020,Ford,Explorer XLT,27998,57000,20 city/27 hwy,Automatic,White/Black,2 Owners,No flood or frame damage,No odometer problems,1FMSK8DH0LGB88785,CUV - Large,Clean,No Issue,No Issue,No Open Recalls,No Issue,No Issue,No CPO Info Available,No Issue,4-cyl,Turbo Gas,Four Wheel Drive,,,,,
2020,Ford,F150 XL,26998,78000,19 city/24 hwy,Automatic,Gray/Gray,1 Owner,No flood or frame damage,No odometer problems,1FTEW1EP8LKE53968,Pickup - Fullsize,Clean,No Issue,Minor,No Open Recalls,No Issue,No Issue,No CPO Info Available,No Issue,6-cyl,Turbo Gas,Four Wheel Drive,5.5 ft,,,,
2022,Ford,Escape SEL,25998,7000,26 city/31 hwy,Automatic,White/Black,2 Owners,No flood or frame damage,No odometer problems,1FMCU9H67NUA99233,CUV - Midsize,Clean,No Issue,No Issue,No Open Recalls,No Issue,No Issue,No CPO Info Available,No Issue,3-cyl,Turbo Gas,All Wheel Drive,,,,,
2014,Ford,Fusion SE,11998,122000,23 city/36 hwy,Automatic,Red/Black,1 Owner,No flood or frame damage,No odometer problems,3FA6P0HD9ER206704,Car - Midsize,Clean,No Issue,No Issue,No Open Recalls,No Issue,No Issue,No CPO Info Available,No Issue,4-cyl,Turbo Gas,Front Wheel Drive,,,,,
2024,Ford,Mustang GT Premium,49998,5000,14 city/23 hwy,Automatic,Blue/Brown,1 Owner,No flood or frame damage,No odometer problems,1FA6P8CF8R5416985,Sport Car - Subcompact,Clean,No Issue,No Issue,No Open Recalls,No Issue,No Issue,No CPO Info Available,No Issue,,,,,,,,
2014,Ford,Focus SE,11599,82000,26 city/36 hwy,Automatic,Gray/Gray,3 Owners,No flood or frame damage,No odometer problems,1FADP3F24EL233933,Car - Compact,Clean,No Issue,Damage Reported,No Open Recalls,No Issue,No Issue,No CPO Info Available,No Issue,4-cyl,Gas,,,,,,
2017,Ford,F150 Lariat,29998,89000,18 city/23 hwy,Automatic,Blue/Tan,2 Owners,No flood or frame damage,No odometer problems,1FTEW1EG3HFB80745,Pickup - Fullsize,Clean,No Issue,No Issue,No Open Recalls,No Issue,No Issue,No Recent CPO Reported,No Issue,6-cyl,Turbo Gas,Four Wheel Drive,5.5 ft,,,,
2022,Ford,EcoSport S,19998,11000,23 city/29 hwy,Automatic,Silver/Tan,1 Owner,No flood or frame damage,No odometer problems,MAJ6S3FL8NC449039,CUV - Compact,Clean,No Issue,No Issue,No Open Recalls,No Issue,No Issue,No CPO Info Available,No Issue,4-cyl,Gas,Four Wheel Drive,,,,,
2017,Ford,F150 King Ranch,33998,95000,15 city/21 hwy,Automatic,Burgundy/Black,2 Owners,No flood or frame damage,No odometer problems,1FTEW1EF7HFB72798,Pickup - Fullsize,Clean,No Issue,No Issue,No Open Recalls,No Issue,No Issue,No CPO Info Available,No Issue,8-cyl,Gas,Four Wheel Drive,5.5 ft,,,,
2014,Ford,Fusion SE,13599,89000,22 city/33 hwy,Automatic,Silver/Black,3 Owners,No flood or frame damage,No odometer problems,3FA6P0H90ER267225,Car - Midsize,Clean,No Issue,No Issue,2 Open Recall(s),No Issue,No Issue,No CPO Info Available,No Issue,4-cyl,Turbo Gas,Front Wheel Drive,,,,,
2022,Ford,Explorer Limited,30998,29000,20 city/28 hwy,Automatic,Blue/Black,1 Owner,No flood or frame damage,No odometer problems,1FMSK7FH9NGA80093,CUV - Large,Clean,No Issue,No Issue,No Open Recalls,No Issue,No Issue,No CPO Info Available,No Issue,4-cyl,Turbo Gas,Rear Wheel Drive,,,,,
2020,Ford,Edge Titanium,25998,41000,21 city/28 hwy,Automatic,Silver/Black,1 Owner,No flood or frame damage,No odometer problems,2FMPK4K90LBB16907,CUV - Midsize,Clean,No Issue,No Issue,No Open Recalls,No Issue,No Issue,No CPO Info Available,No Issue,4-cyl,Turbo Gas,All Wheel Drive,,,,,
2018,Ford,Escape SE,17998,25000,23 city/30 hwy,Automatic,Blue/Black,1 Owner,No flood or frame damage,No odometer problems,1FMCU0GD2JUC30347,CUV - Compact,Clean,No Issue,No Issue,No Open Recalls,No Issue,No Issue,No CPO Info Available,No Issue,4-cyl,Turbo Gas,Front Wheel Drive,,,,,
2016,Ford,Fiesta SE,13599,31000,28 city/36 hwy,Automatic,White/Black,1 Owner,No flood or frame damage,No odometer problems,3FADP4BJ9GM149160,Car - Subcompact,Clean,No Issue,No Issue,No Open Recalls,No Issue,No Issue,No CPO Info Available,No Issue,4-cyl,Gas,,,,,,
2021,Ford,Explorer XLT,28998,30000,20 city/27 hwy,Automatic,Gray/Black,1 Owner,No flood or frame damage,No odometer problems,1FMSK8DH5MGB87245,CUV - Large,Clean,No Issue,No Issue,No Open Recalls,No Issue,No Issue,No CPO Info Available,No Issue,4-cyl,Turbo Gas,Four Wheel Drive,,,,,
2020,Ford,Explorer Platinum,29998,90000,18 city/24 hwy,Automatic,White/Tan,1 Owner,No flood or frame damage,No odometer problems,1FM5K8HC8LGA02423,CUV - Large,Clean,No Issue,Minor,No Open Recalls,No Issue,No Issue,No CPO Info Available,No Issue,6-cyl,Turbo Gas,Four Wheel Drive,,,,,
2022,Ford,Bronco Sport Big Bend,27998,12000,25 city/28 hwy,Automatic,Black/Gray,1 Owner,No flood or frame damage,No odometer problems,3FMCR9B6XNRE07092,SUV - Compact,Clean,No Issue,No Issue,2 Open Recall(s),No Issue,No Issue,No CPO Info Available,No Issue,3-cyl,Turbo Gas,Four Wheel Drive,,,,,
2019,Ford,Expedition Max Platinum,44998,41000,16 city/21 hwy,Automatic,Black/Black,3 Owners,No flood or frame damage,No odometer problems,1FMJK1MT2KEA06618,SUV - Large,Clean,No Issue,Damage Reported,1 Open Recall(s),No Issue,No Issue,No Recent CPO Reported,No Issue,6-cyl,Turbo Gas,Four Wheel Drive,,,,,
2018,Ford,F150 XL,25998,71000,18 city/23 hwy,Automatic,Blue/Black,2 Owners,No flood or frame damage,No odometer problems,1FTEX1EP6JFC07259,Pickup - Fullsize,Clean,No Issue,No Issue,No Open Recalls,No Issue,No Issue,No CPO Info Available,No Issue,6-cyl,Turbo Gas,Four Wheel Drive,6.5 ft,,,,
2016,Ford,Edge SEL,18998,42000,20 city/28 hwy,Automatic,Black/Black,2 Owners,No flood or frame damage,No odometer problems,2FMPK4J9XGBC30033,CUV - Midsize,Clean,No Issue,No Issue,No Open Recalls,No Issue,No Issue,No CPO Info Available,No Issue,4-cyl,Turbo Gas,All Wheel Drive,,,,,
2015,Ford,Escape SE,12599,92000,23 city/32 hwy,Automatic,Blue/Gray,2 Owners,No flood or frame damage,No odometer problems,1FMCU0G74FUB87261,CUV - Compact,Clean,No Issue,No Issue,No Open Recalls,No Issue,No Issue,No CPO Info Available,No Issue,4-cyl,Gas,Front Wheel Drive,,,,,
2022,Ford,Expedition Max XLT,40998,50000,16 city/23 hwy,Automatic,White/Black,1 Owner,No flood or frame damage,No odometer problems,1FMJK1HT0NEA21228,SUV - Large,Clean,No Issue,No Issue,No Open Recalls,No Issue,No Issue,No CPO Info Available,No Issue,6-cyl,Turbo Gas,Rear Wheel Drive,,,,,
2018,Ford,Fiesta SE,11998,98000,27 city/35 hwy,Automatic,White/Black,1 Owner,No flood or frame damage,No odometer problems,3FADP4EJ4JM143172,Car - Subcompact,Clean,No Issue,Damage Reported,No Open Recalls,No Issue,No Issue,No CPO Info Available,No Issue,4-cyl,Gas,,,,,,
2019,Ford,Ranger Lariat,28998,60000,20 city/24 hwy,Automatic,Silver/Black,2 Owners,No flood or frame damage,No odometer problems,1FTER4FH0KLB24528,Pickup - Midsize,Clean,No Issue,No Issue,No Open Recalls,No Issue,No Issue,No CPO Info Available,No Issue,4-cyl,Turbo Gas,Four Wheel Drive,5 ft,,,,
2017,Ford,Escape Titanium,15998,75000,22 city/28 hwy,Automatic,Pearl/Black,1 Owner,No flood or frame damage,No odometer problems,1FMCU9J9XHUB34890,CUV - Compact,Clean,No Issue,No Issue,No Open Recalls,No Issue,No Issue,No CPO Info Available,No Issue,4-cyl,Turbo Gas,Four Wheel Drive,,,,,
2014,Ford,Fusion SE,14998,44000,22 city/34 hwy,Automatic,Black/Tan,2 Owners,No flood or frame damage,No odometer problems,1FA6P0H73E5354358,Car - Midsize,Clean,No Issue,Moderate,No Open Recalls,No Issue,No Issue,No CPO Info Available,No Issue,4-cyl,Gas,Front Wheel Drive,,,,,
2015,Ford,Fusion SE,14998,63000,25 city/37 hwy,Automatic,Green/Black,1 Owner,No flood or frame damage,No odometer problems,3FA6P0HD2FR202446,Car - Midsize,Clean,No Issue,No Issue,No Open Recalls,No Issue,No Issue,No CPO Info Available,No Issue,4-cyl,Turbo Gas,Front Wheel Drive,,,,,
2014,Ford,F150 XL,21998,29000,17 city/23 hwy,Automatic,White/Gray,1 Owner,No flood or frame damage,No odometer problems,1FTMF1CM4EKE17718,Pickup - Fullsize,Clean,No Issue,No Issue,No Open Recalls,No Issue,No Issue,No CPO Info Available,No Issue,6-cyl,Gas,Rear Wheel Drive,8 ft,,,,
2016,Ford,Fusion SE,12998,97000,25 city/37 hwy,Automatic,Silver/Black,2 Owners,No flood or frame damage,No odometer problems,1FA6P0HD7G5106252,Car - Midsize,Clean,No Issue,No Issue,No Open Recalls,No Issue,No Issue,No Recent CPO Reported,No Issue,4-cyl,Turbo Gas,Front Wheel Drive,,,,,
2019,Ford,Taurus Limited,21998,42000,18 city/26 hwy,Automatic,White/Black,2 Owners,No flood or frame damage,No odometer problems,1FAHP2F80KG114555,Car - Midsize,Clean,No Issue,No Issue,No Open Recalls,No Issue,No Issue,No Recent CPO Reported,No Issue,6-cyl,Gas,Front Wheel Drive,,,,,
2017,Ford,Focus SE,14998,42000,26 city/38 hwy,Automatic,Black/Black,1 Owner,No flood or frame damage,No odometer problems,1FADP3K23HL281420,Car - Midsize,Clean,No Issue,Damage Reported,No Open Recalls,No Issue,No Issue,No CPO Info Available,No Issue,4-cyl,Gas,Front Wheel Drive,,,,,
2015,Ford,Fusion Titanium,16998,67000,22 city/31 hwy,Automatic,White/Black,2 Owners,No flood or frame damage,No odometer problems,3FA6P0D94FR140999,Car - Midsize,Clean,No Issue,No Issue,No Open Recalls,No Issue,No Issue,No CPO Info Available,No Issue,4-cyl,Turbo Gas,All Wheel Drive,,,,,
2016,Ford,Escape SE,13998,87000,22 city/29 hwy,Automatic,Red/Gray,2 Owners,No flood or frame damage,No odometer problems,1FMCU9GX8GUC81536,CUV - Compact,Clean,No Issue,No Issue,No Open Recalls,No Issue,No Issue,No CPO Info Available,No Issue,4-cyl,Turbo Gas,Four Wheel Drive,,,,,
2023,Ford,Bronco Sport Heritage,31998,3000,25 city/28 hwy,Automatic,Blue/Blue,2 Owners,No flood or frame damage,No odometer problems,3FMCR9G64PRD07579,SUV - Compact,Clean,No Issue,No Issue,No Open Recalls,No Issue,No Issue,No CPO Info Available,No Issue,3-cyl,Turbo Gas,Four Wheel Drive,,,,,
2018,Ford,Escape SEL,14599,96000,23 city/30 hwy,Automatic,Blue/Black,3 Owners,No flood or frame damage,No odometer problems,1FMCU0HD0JUB67036,CUV - Compact,Clean,No Issue,Moderate,No Open Recalls,No Issue,No Issue,No CPO Info Available,No Issue,4-cyl,Turbo Gas,Front Wheel Drive,,,,,
2019,Ford,Edge ST,25998,36000,19 city/26 hwy,Automatic,Black/Black,1 Owner,No flood or frame damage,No odometer problems,2FMPK4AP7KBC04884,CUV - Midsize,Clean,No Issue,No Issue,No Open Recalls,No Issue,No Issue,No CPO Info Available,No Issue,6-cyl,Turbo Gas,All Wheel Drive,,,,,
2021,Ford,Mustang GT Premium,41998,4000,15 city/24 hwy,Automatic,Black/Black,1 Owner,No flood or frame damage,No odometer problems,1FA6P8CFXM5120343,Sport Car - Subcompact,Clean,No Issue,No Issue,1 Open Recall(s),No Issue,No Issue,No CPO Info Available,No Issue,,,,,,,,
2017,Ford,Escape SE,13998,90000,22 city/28 hwy,Automatic,Gray/Gray,2 Owners,No flood or frame damage,No odometer problems,1FMCU9GD2HUE24567,CUV - Compact,Clean,No Issue,No Issue,No Open Recalls,No Issue,No Issue,No CPO Info Available,No Issue,4-cyl,Turbo Gas,Four Wheel Drive,,,,,
2014,Ford,Fiesta Titanium,12599,95000,28 city/36 hwy,Automatic,Red/Black,2 Owners,No flood or frame damage,No odometer problems,3FADP4FJ2EM206936,Car - Subcompact,Clean,No Issue,No Issue,No Open Recalls,No Issue,No Issue,No CPO Info Available,No Issue,4-cyl,Gas,,,,,,
2020,Ford,Escape Hybrid Titanium,26998,27000,43 city/37 hwy,Automatic,Red/Black,1 Owner,No flood or frame damage,No odometer problems,1FMCU9DZ9LUC42812,CUV - Midsize,Clean,No Issue,No Issue,No Open Recalls,No Issue,No Issue,No CPO Info Available,No Issue,4-cyl,Hybrid,All Wheel Drive,,,,,
2016,Ford,Fusion SE,11998,117000,22 city/34 hwy,Automatic,Gray/Black,3 Owners,No flood or frame damage,No odometer problems,1FA6P0H75G5123254,Car - Midsize,Clean,No Issue,Minor,No Open Recalls,No Issue,No Issue,No CPO Info Available,No Issue,4-cyl,Gas,Front Wheel Drive,,,,,
2019,Ford,F150 XLT,34998,16000,17 city/23 hwy,Automatic,Black/Gray,1 Owner,No flood or frame damage,No odometer problems,1FTFX1E49KFB14084,Pickup - Fullsize,Clean,No Issue,No Issue,No Open Recalls,No Issue,No Issue,No CPO Info Available,No Issue,6-cyl,Turbo Gas,Four Wheel Drive,6.5 ft,,,,
2014,Ford,Escape SE,11998,127000,22 city/30 hwy,Automatic,Gray/Gray,1 Owner,No flood or frame damage,No odometer problems,1FMCU9GX5EUC90255,CUV - Compact,Clean,No Issue,No Issue,No Open Recalls,No Issue,No Issue,No CPO Info Available,No Issue,4-cyl,Turbo Gas,Four Wheel Drive,,,,,
2021,Ford,Explorer Limited,29998,41000,20 city/27 hwy,Automatic,Gray/Gray,1 Owner,No flood or frame damage,No odometer problems,1FMSK8DHXMGA00940,CUV - Large,Clean,No Issue,Minor,No Open Recalls,No Issue,No Issue,No CPO Info Available,No Issue,4-cyl,Turbo Gas,Four Wheel Drive,,,,,
2018,Ford,Focus SEL,15998,42000,24 city/34 hwy,Automatic,White/Black,2 Owners,No flood or frame damage,No odometer problems,1FADP3H28JL219539,Car - Compact,Clean,No Issue,Damage Reported,No Open Recalls,No Issue,No Issue,No CPO Info Available,No Issue,4-cyl,Gas,Front Wheel Drive,,,,,
2020,Ford,Explorer ST,35998,37000,18 city/24 hwy,Automatic,Red/Black,2 Owners,No flood or frame damage,No odometer problems,1FM5K8GC2LGA31529,CUV - Large,Clean,No Issue,No Issue,2 Open Recall(s),No Issue,No Issue,No CPO Info Available,No Issue,6-cyl,Turbo Gas,Four Wheel Drive,,,,,
2022,Ford,Escape Hybrid SE,23998,18000,,Automatic,Black/Gray,1 Owner,No flood or frame damage,No odometer problems,1FMCU0BZ6NUA01257,CUV - Midsize,Clean,No Issue,No Issue,No Open Recalls,No Issue,No Issue,No CPO Info Available,No Issue,4-cyl,Hybrid,Front Wheel Drive,,,,,
2014,Ford,Escape SE,15998,50000,23 city/32 hwy,Automatic,Black/Black,1 Owner,No flood or frame damage,No odometer problems,1FMCU0G96EUD40836,CUV - Compact,Clean,No Issue,No Issue,2 Open Recall(s),No Issue,No Issue,No CPO Info Available,No Issue,4-cyl,Turbo Gas,Front Wheel Drive,,,,,
2019,Ford,Fiesta SE,12599,92000,27 city/35 hwy,Automatic,White/Black,3 Owners,No flood or frame damage,No odometer problems,3FADP4BJ9KM147790,Car - Subcompact,Clean,No Issue,No Issue,No Open Recalls,No Issue,No Issue,No CPO Info Available,No Issue,4-cyl,Gas,,,,,,
2021,Ford,Mustang Mach 1,49998,13000,14 city/22 hwy,Manual 6 Speed,White/Black,3 Owners,No flood or frame damage,No odometer problems,1FA6P8R00M5553236,Sport Car - Subcompact,Clean,No Issue,No Issue,No Open Recalls,No Issue,No Issue,No CPO Info Available,No Issue,8-cyl,Gas,Rear Wheel Drive,,,,,
2016,Ford,Mustang GT,27998,46000,15 city/25 hwy,Manual 6 Speed,Black/Black,3 Owners,No flood or frame damage,No odometer problems,1FA6P8CF7G5332184,Sport Car - Subcompact,Clean,No Issue,No Issue,No Open Recalls,No Issue,No Issue,No CPO Info Available,No Issue,8-cyl,Gas,Rear Wheel Drive,,,,,
2014,Ford,Focus SE,13998,42000,26 city/36 hwy,Automatic,Gray/Gray,3 Owners,No flood or frame damage,No odometer problems,1FADP3F29EL448644,Car - Compact,Clean,No Issue,No Issue,No Open Recalls,No Issue,No Issue,No CPO Info Available,No Issue,4-cyl,Gas,,,,,,
2020,Ford,Transit Connect XL,27998,55000,24 city/27 hwy,Automatic,White/Gray,1 Owner,No flood or frame damage,No odometer problems,NM0LS7E27L1476526,Van - Mini,Clean,No Issue,No Issue,1 Open Recall(s),No Issue,No Issue,No CPO Info Available,No Issue,,,,,,,,
2017,Ford,Explorer Platinum,22998,91000,16 city/22 hwy,Automatic,Blue/Tan,1 Owner,No flood or frame damage,No odometer problems,1FM5K8HT0HGB44031,CUV - Large,Clean,No Issue,Minor,4 Open Recall(s),No Issue,No Issue,No CPO Info Available,No Issue,6-cyl,Turbo Gas,Four Wheel Drive,,,,,
2017,Ford,Escape Titanium,17998,59000,23 city/30 hwy,Automatic,Black/Black,2 Owners,No flood or frame damage,No odometer problems,1FMCU0J90HUA63176,CUV - Compact,Clean,No Issue,No Issue,No Open Recalls,No Issue,No Issue,No CPO Info Available,No Issue,4-cyl,Turbo Gas,Front Wheel Drive,,,,,
2017,Ford,F350 XL,45998,59000,Not available,Automatic,Gray/Gray,2 Owners,No flood or frame damage,No odometer problems,1FT8W3BT1HEE16809,Pickup - Fullsize,Clean,No Issue,No Issue,2 Open Recall(s),No Issue,No Issue,No CPO Info Available,No Issue,8-cyl,Turbo Diesel,Four Wheel Drive,6.5 ft,,,,
2019,Ford,Fusion Hybrid SE,18998,63000,43 city/41 hwy,Automatic,Blue/Black,3 Owners,No flood or frame damage,No odometer problems,3FA6P0LU6KR101444,Car - Midsize,Clean,No Issue,No Issue,No Open Recalls,No Issue,No Issue,No CPO Info Available,No Issue,4-cyl,Hybrid,Front Wheel Drive,,,,,
2018,Ford,Edge SEL,15998,117000,20 city/27 hwy,Automatic,Black/Black,1 Owner,No flood or frame damage,No odometer problems,2FMPK4J99JBC30581,CUV - Midsize,Clean,No Issue,No Issue,No Open Recalls,No Issue,No Issue,No CPO Info Available,No Issue,4-cyl,Turbo Gas,All Wheel Drive,,,,,
2021,Ford,F150 XLT,39998,33000,24 city/24 hwy,Automatic,Black/Black,2 Owners,No flood or frame damage,No odometer problems,1FTFW1E86MFA47176,Pickup - Fullsize,Clean,No Issue,No Issue,1 Open Recall(s),No Issue,No Issue,No CPO Info Available,No Issue,6-cyl,Turbo Gas,Four Wheel Drive,5.5 ft,,,,
2014,Ford,Escape Titanium,14998,61000,22 city/30 hwy,Automatic,Gray/Black,2 Owners,No flood or frame damage,No odometer problems,1FMCU9JX2EUD70573,CUV - Compact,Clean,No Issue,No Issue,No Open Recalls,No Issue,No Issue,No CPO Info Available,No Issue,4-cyl,Turbo Gas,Four Wheel Drive,,,,,
2021,Ford,Bronco Sport ,23998,40000,25 city/28 hwy,Automatic,Gray/Black,1 Owner,No flood or frame damage,No odometer problems,3FMCR9A66MRA58724,SUV - Compact,Clean,No Issue,No Issue,No Open Recalls,No Issue,No Issue,No CPO Info Available,No Issue,3-cyl,Turbo Gas,Four Wheel Drive,,,,,
2015,Ford,Explorer XLT,14998,114000,17 city/24 hwy,Automatic,Black/Black,2 Owners,No flood or frame damage,No odometer problems,1FM5K7D87FGC44667,CUV - Large,Clean,No Issue,Minor,2 Open Recall(s),No Issue,No Issue,No Recent CPO Reported,No Issue,6-cyl,Gas,Front Wheel Drive,,,,,
2017,Ford,Escape SE,13998,97000,22 city/28 hwy,Automatic,Gray/Gray,1 Owner,No flood or frame damage,No odometer problems,1FMCU9GD8HUC17181,CUV - Compact,Clean,No Issue,No Issue,No Open Recalls,No Issue,No Issue,No CPO Info Available,No Issue,4-cyl,Turbo Gas,Four Wheel Drive,,,,,
2017,Ford,Fusion SE,17998,41000,23 city/34 hwy,Automatic,Silver/Tan,1 Owner,No flood or frame damage,No odometer problems,3FA6P0HD5HR219504,Car - Midsize,Clean,No Issue,No Issue,1 Open Recall(s),No Issue,No Issue,No CPO Info Available,No Issue,,,,,,,,
2018,Ford,Explorer XLT,23998,54000,16 city/22 hwy,Automatic,White/Black,2 Owners,No flood or frame damage,No odometer problems,1FM5K8D88JGC90068,CUV - Large,Clean,No Issue,No Issue,No Open Recalls,No Issue,No Issue,No Recent CPO Reported,No Issue,6-cyl,Gas,Four Wheel Drive,,,,,
2015,Ford,Escape SE,12998,120000,22 city/29 hwy,Automatic,Gray/Gray,3 Owners,No flood or frame damage,No odometer problems,1FMCU9G98FUA88027,CUV - Compact,Clean,No Issue,No Issue,No Open Recalls,No Issue,No Issue,No CPO Info Available,No Issue,4-cyl,Turbo Gas,Four Wheel Drive,,,,,
2014,Ford,Escape Titanium,13599,109000,22 city/30 hwy,Automatic,White/Tan,1 Owner,No flood or frame damage,No odometer problems,1FMCU9J94EUA67991,CUV - Compact,Clean,No Issue,Minor,No Open Recalls,No Issue,No Issue,No CPO Info Available,No Issue,4-cyl,Turbo Gas,Four Wheel Drive,,,,,
2017,Ford,Escape SE,12998,122000,22 city/28 hwy,Automatic,Black/Black,2 Owners,No flood or frame damage,No odometer problems,1FMCU9GD1HUB25362,CUV - Compact,Clean,No Issue,Minor,No Open Recalls,No Issue,No Issue,No CPO Info Available,No Issue,4-cyl,Turbo Gas,Four Wheel Drive,,,,,
2020,Ford,EcoSport SE,16998,35000,27 city/29 hwy,Automatic,Burgundy/Black,1 Owner,No flood or frame damage,No odometer problems,MAJ3S2GE9LC341605,CUV - Compact,Clean,No Issue,No Issue,1 Open Recall(s),No Issue,No Issue,No CPO Info Available,No Issue,3-cyl,Turbo Gas,Front Wheel Drive,,,,,
2019,Ford,Escape SEL,19998,32000,22 city/28 hwy,Automatic,Black/Tan,1 Owner,No flood or frame damage,No odometer problems,1FMCU9HD0KUB44118,CUV - Compact,Clean,No Issue,No Issue,No Open Recalls,No Issue,No Issue,No CPO Info Available,No Issue,4-cyl,Turbo Gas,Four Wheel Drive,,,,,
2016,Ford,Edge SEL,13998,120000,20 city/28 hwy,Automatic,Black/Tan,2 Owners,No flood or frame damage,No odometer problems,2FMPK4J90GBB31978,CUV - Midsize,Clean,No Issue,No Issue,1 Open Recall(s),No Issue,No Issue,No CPO Info Available,No Issue,4-cyl,Turbo Gas,All Wheel Drive,,,,,
2018,Ford,Escape SE,13998,105000,22 city/28 hwy,Automatic,White/Gray,3 Owners,No flood or frame damage,No odometer problems,1FMCU9GD9JUB42691,CUV - Compact,Clean,No Issue,No Issue,No Open Recalls,No Issue,No Issue,No CPO Info Available,No Issue,4-cyl,Turbo Gas,Four Wheel Drive,,,,,
2019,Ford,F150 Raptor,46998,96000,15 city/18 hwy,Automatic,Black/Black,1 Owner,No flood or frame damage,No odometer problems,1FTFW1RG5KFC15422,Pickup - Fullsize,Clean,No Issue,No Issue,No Open Recalls,No Issue,No Issue,No CPO Info Available,No Issue,6-cyl,Turbo Gas,Four Wheel Drive,5.5 ft,,,,
2020,Ford,Fusion SE,16998,54000,23 city/34 hwy,Automatic,Red/Gray,1 Owner,No flood or frame damage,No odometer problems,3FA6P0HD2LR223390,Car - Midsize,Clean,No Issue,No Issue,No Open Recalls,No Issue,No Issue,No CPO Info Available,No Issue,4-cyl,Turbo Gas,Front Wheel Drive,,,,,
2015,Ford,F150 Lariat,32998,99000,17 city/23 hwy,Automatic,Black/Black,2 Owners,No flood or frame damage,No odometer problems,1FTEW1EG8FKE19078,Pickup - Fullsize,Clean,No Issue,No Issue,No Open Recalls,No Issue,No Issue,No CPO Info Available,No Issue,6-cyl,Turbo Gas,Four Wheel Drive,5.5 ft,,,,
2014,Ford,Escape SE,13998,83000,23 city/32 hwy,Automatic,Gray/Gray,2 Owners,No flood or frame damage,No odometer problems,1FMCU0GX3EUA78062,CUV - Compact,Clean,No Issue,No Issue,No Open Recalls,No Issue,No Issue,No Recent CPO Reported,No Issue,4-cyl,Turbo Gas,Front Wheel Drive,,,,,
2018,Ford,F150 XLT,32998,60000,16 city/22 hwy,Automatic,Gray/Black,1 Owner,No flood or frame damage,No odometer problems,1FTEW1E50JFE72258,Pickup - Fullsize,Clean,No Issue,No Issue,No Open Recalls,No Issue,No Issue,No CPO Info Available,No Issue,8-cyl,Gas,Four Wheel Drive,5.5 ft,,,,
2017,Ford,Escape Titanium,16998,74000,22 city/28 hwy,Automatic,Burgundy/Black,2 Owners,No flood or frame damage,No odometer problems,1FMCU9J95HUB91045,CUV - Compact,Clean,No Issue,No Issue,No Open Recalls,No Issue,No Issue,No CPO Info Available,No Issue,4-cyl,Turbo Gas,Four Wheel Drive,,,,,
2020,Ford,Explorer XLT,20998,83000,21 city/28 hwy,Automatic,Black/Black,3 Owners,No flood or frame damage,No odometer problems,1FMSK7DH7LGA91061,CUV - Large,Clean,No Issue,No Issue,No Open Recalls,No Issue,No Issue,No CPO Info Available,No Issue,4-cyl,Turbo Gas,Rear Wheel Drive,,,,,
2022,Ford,F150 XLT,39998,26000,17 city/23 hwy,Automatic,Black/Black,1 Owner,No flood or frame damage,No odometer problems,1FTEW1EP1NKD66237,Pickup - Fullsize,Clean,No Issue,No Issue,2 Open Recall(s),No Issue,No Issue,No CPO Info Available,No Issue,6-cyl,Turbo Gas,Four Wheel Drive,5.5 ft,,,,
2021,Ford,Explorer XLT,28998,49000,20 city/27 hwy,Automatic,Black/Black,1 Owner,No flood or frame damage,No odometer problems,1FMSK8DH4MGA25767,CUV - Large,Clean,No Issue,Damage Reported,No Open Recalls,No Issue,No Issue,No CPO Info Available,No Issue,4-cyl,Turbo Gas,Four Wheel Drive,,,,,
2021,Ford,Escape SEL,20998,50000,28 city/34 hwy,Automatic,White/Black,2 Owners,No flood or frame damage,No odometer problems,1FMCU0H63MUA28279,CUV - Midsize,Clean,No Issue,No Issue,1 Open Recall(s),No Issue,No Issue,OEM-Certified,No Issue,4-cyl,Turbo Gas,Front Wheel Drive,,,,,
2024,Ford,Mustang GT,44998,4000,14 city/23 hwy,Automatic,Black/Black,1 Owner,No flood or frame damage,No odometer problems,1FA6P8CF8R5407073,Sport Car - Subcompact,Clean,No Issue,No Issue,No Open Recalls,No Issue,No Issue,No CPO Info Available,No Issue,8-cyl,Gas,,,,,,
2023,Ford,Bronco Outer Banks,46998,19000,20 city/21 hwy,Automatic,Black/Gray,1 Owner,No flood or frame damage,No odometer problems,1FMDE5BH8PLA82499,SUV - Compact,Clean,No Issue,No Issue,No Open Recalls,No Issue,No Issue,No CPO Info Available,No Issue,4-cyl,Turbo Gas,Four Wheel Drive,,,,,
2015,Ford,F150 XLT,22998,90000,18 city/23 hwy,Automatic,Black/Gray,3 Owners,No flood or frame damage,No odometer problems,1FTEX1EP5FFC49476,Pickup - Fullsize,Clean,No Issue,No Issue,No Open Recalls,No Issue,No Issue,No CPO Info Available,No Issue,6-cyl,Turbo Gas,Four Wheel Drive,6.5 ft,,,,
2022,Ford,Maverick XLT,26998,21000,23 city/30 hwy,Automatic,Orange/Gray,2 Owners,No flood or frame damage,No odometer problems,3FTTW8E93NRA07677,Pickup - Compact,Clean,No Issue,No Issue,1 Open Recall(s),No Issue,No Issue,No CPO Info Available,No Issue,4-cyl,Turbo Gas,Front Wheel Drive,4.5 ft,,,,
2018,Ford,Escape SE,16998,57000,22 city/28 hwy,Automatic,Gold/Black,1 Owner,No flood or frame damage,No odometer problems,1FMCU9GD4JUA60285,CUV - Compact,Clean,No Issue,No Issue,No Open Recalls,No Issue,No Issue,No CPO Info Available,No Issue,4-cyl,Turbo Gas,Four Wheel Drive,,,,,
2017,Ford,Fusion Sport,14998,124000,17 city/26 hwy,Automatic,Black/Gray,2 Owners,No flood or frame damage,No odometer problems,3FA6P0VPXHR239746,Car - Midsize,Clean,No Issue,Minor,1 Open Recall(s),No Issue,No Issue,No Recent CPO Reported,No Issue,6-cyl,Turbo Gas,All Wheel Drive,,,,,
2018,Ford,Explorer Sport,27998,42000,16 city/22 hwy,Automatic,White/Black,3 Owners,No flood or frame damage,No odometer problems,1FM5K8GT5JGB62497,CUV - Large,Clean,No Issue,No Issue,1 Open Recall(s),No Issue,No Issue,No CPO Info Available,No Issue,6-cyl,Turbo Gas,Four Wheel Drive,,,,,
2016,Ford,Fiesta SE,12998,41000,28 city/36 hwy,Automatic,Red/Black,2 Owners,No flood or frame damage,No odometer problems,3FADP4EJ8GM136606,Car - Subcompact,Clean,No Issue,No Issue,No Open Recalls,No Issue,No Issue,No CPO Info Available,No Issue,4-cyl,Gas,Front Wheel Drive,,,,,
2020,Ford,Expedition Max Platinum,48998,47000,16 city/21 hwy,Automatic,Black/Black,1 Owner,No flood or frame damage,No odometer problems,1FMJK1MT1LEA61546,SUV - Large,Clean,No Issue,Damage Reported,1 Open Recall(s),No Issue,No Issue,No CPO Info Available,No Issue,6-cyl,Turbo Gas,Four Wheel Drive,,,,,
2019,Ford,F150 XLT,30998,53000,19 city/24 hwy,Automatic,Blue/Gray,2 Owners,No flood or frame damage,No odometer problems,1FTEW1EP5KFD51244,Pickup - Fullsize,Clean,No Issue,Minor,No Open Recalls,No Issue,No Issue,No CPO Info Available,No Issue,6-cyl,Turbo Gas,Four Wheel Drive,5.5 ft,,,,
2014,Ford,Escape SE,14998,63000,22 city/30 hwy,Automatic,Gray/Black,1 Owner,No flood or frame damage,No odometer problems,1FMCU9GX6EUC90328,CUV - Compact,Clean,No Issue,No Issue,No Open Recalls,No Issue,No Issue,No CPO Info Available,No Issue,4-cyl,Turbo Gas,Four Wheel Drive,,,,,
2019,Ford,Edge SEL,22998,30000,21 city/28 hwy,Automatic,Black/Black,2 Owners,No flood or frame damage,No odometer problems,2FMPK4J93KBB04296,CUV - Midsize,Clean,No Issue,No Issue,No Open Recalls,No Issue,No Issue,No CPO Info Available,No Issue,4-cyl,Turbo Gas,All Wheel Drive,,,,,
2022,Ford,Explorer Platinum,44998,15000,18 city/24 hwy,Automatic,Black/Tan,1 Owner,No flood or frame damage,No odometer problems,1FM5K8HC8NGA91428,CUV - Large,Clean,No Issue,No Issue,1 Open Recall(s),No Issue,No Issue,No CPO Info Available,No Issue,6-cyl,Turbo Gas,Four Wheel Drive,,,,,
2015,Ford,Escape SE,15998,68000,22 city/29 hwy,Automatic,Red/Tan,2 Owners,No flood or frame damage,No odometer problems,1FMCU9G91FUC31271,CUV - Compact,Clean,No Issue,Moderate,No Open Recalls,No Issue,No Issue,No Recent CPO Reported,No Issue,4-cyl,Turbo Gas,Four Wheel Drive,,,,,
2017,Ford,C-Max Titanium Energi,16998,63000,,,Silver/Black,2 Owners,No flood or frame damage,No odometer problems,1FADP5FU7HL105493,Car - Compact,Clean,No Issue,Minor,No Open Recalls,No Issue,No Issue,No Recent CPO Reported,No Issue,4-cyl,Plug-in Hybrid,Front Wheel Drive,,20 miles,,,
2013,Ford,Fusion Hybrid SE,12998,108000,44 city/41 hwy,Automatic,Red/Tan,2 Owners,No flood or frame damage,No odometer problems,3FA6P0LU1DR219453,Car - Midsize,Clean,No Issue,No Issue,No Open Recalls,No Issue,No Issue,No CPO Info Available,No Issue,4-cyl,Hybrid,Front Wheel Drive,,,,,
2022,Ford,Explorer ST,43998,29000,18 city/24 hwy,Automatic,Gray/Black,2 Owners,No flood or frame damage,No odometer problems,1FM5K8GC4NGB91768,CUV - Large,Clean,No Issue,No Issue,No Open Recalls,No Issue,No Issue,No CPO Info Available,No Issue,6-cyl,Turbo Gas,Four Wheel Drive,,,,,
2018,Ford,Escape Titanium,19998,40000,20 city/27 hwy,Automatic,Blue/Black,2 Owners,No flood or frame damage,No odometer problems,1FMCU9J99JUA66670,CUV - Compact,Clean,No Issue,Moderate,No Open Recalls,No Issue,No Issue,No CPO Info Available,No Issue,4-cyl,Turbo Gas,Four Wheel Drive,,,,,
2024,Ford,Maverick XL,30998,5000,,Automatic,Blue/Gray,1 Owner,No flood or frame damage,No odometer problems,3FTTW8A36RRA01556,Pickup - Compact,Clean,No Issue,No Issue,No Open Recalls,No Issue,No Issue,No CPO Info Available,No Issue,4-cyl,Hybrid,Front Wheel Drive,4.5 ft,,,,
2017,Ford,Escape SE,12998,124000,22 city/28 hwy,Automatic,Gray/Gray,2 Owners,No flood or frame damage,No odometer problems,1FMCU9GD1HUC45503,CUV - Compact,Clean,No Issue,No Issue,No Open Recalls,No Issue,No Issue,No CPO Info Available,No Issue,4-cyl,Turbo Gas,Four Wheel Drive,,,,,
2020,Ford,F250 XLT,44998,40000,Not available,Automatic,Gray/Gray,1 Owner,No flood or frame damage,No odometer problems,1FT7W2B62LEE55904,Pickup - Fullsize,Clean,No Issue,No Issue,No Open Recalls,No Issue,No Issue,No CPO Info Available,No Issue,8-cyl,Gas,Four Wheel Drive,6.5 ft,,,,
2021,Ford,Explorer Limited,28998,58000,20 city/27 hwy,Automatic,Silver/Black,2 Owners,No flood or frame damage,No odometer problems,1FMSK8FH7MGB72906,CUV - Large,Clean,No Issue,No Issue,No Open Recalls,No Issue,No Issue,No CPO Info Available,No Issue,4-cyl,Turbo Gas,Four Wheel Drive,,,,,
2017,Ford,Escape SE,14998,104000,22 city/28 hwy,Automatic,Black/Black,3 Owners,No flood or frame damage,No odometer problems,1FMCU9G9XHUA73774,CUV - Compact,Clean,No Issue,Minor,No Open Recalls,No Issue,No Issue,No Recent CPO Reported,No Issue,4-cyl,Turbo Gas,Four Wheel Drive,,,,,
2018,Ford,Fiesta S,12599,72000,27 city/35 hwy,Automatic,Black/Black,1 Owner,No flood or frame damage,No odometer problems,3FADP4TJ4JM106044,Car - Subcompact,Clean,No Issue,No Issue,No Open Recalls,No Issue,No Issue,No CPO Info Available,No Issue,4-cyl,Gas,Front Wheel Drive,,,,,
2017,Ford,Edge SEL,18998,59000,20 city/29 hwy,Automatic,White/Black,3 Owners,No flood or frame damage,No odometer problems,2FMPK3J85HBB89331,CUV - Midsize,Clean,No Issue,No Issue,No Open Recalls,No Issue,No Issue,No CPO Info Available,No Issue,6-cyl,Gas,Front Wheel Drive,,,,,
2019,Ford,Fusion Hybrid SE,18998,55000,43 city/41 hwy,Automatic,Black/Gray,3 Owners,No flood or frame damage,No odometer problems,3FA6P0LU3KR146275,Car - Midsize,Clean,No Issue,Damage Reported,No Open Recalls,No Issue,No Issue,No CPO Info Available,No Issue,4-cyl,Hybrid,Front Wheel Drive,,,,,
2017,Ford,Escape SE,14998,81000,22 city/28 hwy,Automatic,Silver/Black,2 Owners,No flood or frame damage,No odometer problems,1FMCU9G95HUA39550,CUV - Compact,Clean,No Issue,No Issue,No Open Recalls,No Issue,No Issue,No CPO Info Available,No Issue,4-cyl,Turbo Gas,Four Wheel Drive,,,,,
2016,Ford,Escape Titanium,17998,54000,22 city/29 hwy,Automatic,White/Tan,2 Owners,No flood or frame damage,No odometer problems,1FMCU9JX8GUB42418,CUV - Compact,Clean,No Issue,Damage Reported,No Open Recalls,No Issue,No Issue,No CPO Info Available,No Issue,4-cyl,Turbo Gas,Four Wheel Drive,,,,,
2013,Ford,Escape SEL,12599,116000,23 city/33 hwy,Automatic,Green/Tan,1 Owner,No flood or frame damage,No odometer problems,1FMCU0H90DUB51371,CUV - Compact,Clean,No Issue,No Issue,No Open Recalls,No Issue,No Issue,No CPO Info Available,No Issue,4-cyl,Turbo Gas,Front Wheel Drive,,,,,
2018,Ford,F150 Lariat,31998,97000,17 city/23 hwy,Automatic,Black/Black,1 Owner,No flood or frame damage,No odometer problems,1FTEW1EG6JFE39864,Pickup - Fullsize,Clean,No Issue,No Issue,No Open Recalls,No Issue,No Issue,No CPO Info Available,No Issue,6-cyl,Turbo Gas,Four Wheel Drive,5.5 ft,,,,
2020,Ford,Explorer ST,33998,58000,18 city/24 hwy,Automatic,Gray/Black,2 Owners,No flood or frame damage,No odometer problems,1FM5K8GCXLGA87556,CUV - Large,Clean,No Issue,No Issue,No Open Recalls,No Issue,No Issue,OEM-Certified,No Issue,6-cyl,Turbo Gas,Four Wheel Drive,,,,,
2022,Ford,F250 Lariat,59998,22000,Not available,Automatic,White/Black,2 Owners,No flood or frame damage,No odometer problems,1FT7W2BN5NED62823,Pickup - Fullsize,Clean,No Issue,No Issue,No Open Recalls,No Issue,No Issue,No CPO Info Available,No Issue,,,,8 ft,,,,
2016,Ford,Escape Titanium,14998,90000,22 city/29 hwy,Automatic,Gray/Tan,2 Owners,No flood or frame damage,No odometer problems,1FMCU9JX1GUC18299,CUV - Compact,Clean,No Issue,No Issue,No Open Recalls,No Issue,No Issue,No CPO Info Available,No Issue,,,,,,,,
2021,Ford,Bronco Sport Outer Banks,29998,26000,25 city/28 hwy,Automatic,Black/Brown,1 Owner,No flood or frame damage,No odometer problems,3FMCR9C66MRB32933,SUV - Compact,Clean,No Issue,No Issue,No Open Recalls,No Issue,No Issue,No CPO Info Available,No Issue,3-cyl,Turbo Gas,Four Wheel Drive,,,,,
2015,Ford,Fusion SE,13599,91000,22 city/34 hwy,Automatic,Gold/Black,2 Owners,No flood or frame damage,No odometer problems,3FA6P0H77FR135675,Car - Midsize,Clean,No Issue,No Issue,No Open Recalls,No Issue,No Issue,No CPO Info Available,No Issue,4-cyl,Gas,Front Wheel Drive,,,,,
2019,Ford,F250 XL,38998,61000,Not available,Automatic,White/Gray,2 Owners,No flood or frame damage,No odometer problems,1FT7X2B60KED99960,Pickup - Fullsize,Clean,No Issue,Moderate,No Open Recalls,No Issue,No Issue,No CPO Info Available,No Issue,8-cyl,Gas,Four Wheel Drive,8 ft,,,,
2016,Ford,Focus SE,14599,56000,28 city/42 hwy,Automatic,Red/Black,2 Owners,No flood or frame damage,No odometer problems,1FADP3KE2GL250541,Car - Midsize,Clean,No Issue,Minor,1 Open Recall(s),No Issue,No Issue,No CPO Info Available,No Issue,3-cyl,Turbo Gas,,,,,,
2015,Ford,Fusion Titanium,16998,69000,22 city/33 hwy,Automatic,Red/Black,1 Owner,No flood or frame damage,No odometer problems,3FA6P0K99FR102462,Car - Midsize,Clean,No Issue,No Issue,1 Open Recall(s),No Issue,No Issue,No CPO Info Available,No Issue,4-cyl,Turbo Gas,Front Wheel Drive,,,,,
2018,Ford,Escape S,16998,40000,21 city/29 hwy,Automatic,Silver/Gray,3 Owners,No flood or frame damage,No odometer problems,1FMCU0F74JUC74412,CUV - Compact,Clean,No Issue,No Issue,No Open Recalls,No Issue,No Issue,No CPO Info Available,No Issue,4-cyl,Gas,Front Wheel Drive,,,,,
2019,Ford,Fusion Hybrid SE,14599,111000,43 city/41 hwy,Automatic,Gray/Black,2 Owners,No flood or frame damage,No odometer problems,3FA6P0LU7KR210513,Car - Midsize,Clean,No Issue,Damage Reported,No Open Recalls,No Issue,No Issue,No CPO Info Available,No Issue,4-cyl,Hybrid,Front Wheel Drive,,,,,
2019,Ford,F150 XLT,26998,104000,17 city/23 hwy,Automatic,Gray/Black,1 Owner,No flood or frame damage,No odometer problems,1FTFW1E46KKF21273,Pickup - Fullsize,Clean,No Issue,No Issue,No Open Recalls,No Issue,No Issue,No CPO Info Available,No Issue,6-cyl,Turbo Gas,Four Wheel Drive,5.5 ft,,,,
2022,Ford,F150 Lightning Lariat,50998,27000,,,Blue/Gray,1 Owner,No flood or frame damage,No odometer problems,1FTVW1EL3NWG14235,Pickup - Fullsize,Clean,No Issue,No Issue,No Open Recalls,No Issue,No Issue,No CPO Info Available,No Issue,,,All Wheel Drive,5.5 ft,230 miles,76 city/61 hwy,Electric,11.9 hours
2016,Ford,Fusion SE,13998,96000,25 city/36 hwy,Automatic,White/Black,2 Owners,No flood or frame damage,No odometer problems,3FA6P0HD8GR176811,Car - Midsize,Clean,No Issue,Minor,No Open Recalls,No Issue,No Issue,No CPO Info Available,No Issue,,,,,,,,
2023,Ford,F150 Lightning Pro,44998,15000,,,Silver/Gray,1 Owner,No flood or frame damage,No odometer problems,1FTVW1EL4PWG07104,Pickup - Fullsize,Clean,No Issue,No Issue,No Open Recalls,No Issue,No Issue,No CPO Info Available,No Issue,,,All Wheel Drive,,240 miles,76 city/61 hwy,Electric,11.9 hours
2015,Ford,Mustang Ecoboost Premium,18998,81000,22 city/31 hwy,Manual 6 Speed,Gray/Black,4 Owners,No flood or frame damage,No odometer problems,1FA6P8TH9F5356986,Sport Car - Subcompact,Clean,No Issue,No Issue,No Open Recalls,No Issue,No Issue,No CPO Info Available,No Issue,4-cyl,Turbo Gas,Rear Wheel Drive,,,,,
2021,Ford,Mustang GT,34998,8000,15 city/24 hwy,Manual 6 Speed,Blue/Black,2 Owners,No flood or frame damage,No odometer problems,1FA6P8CF3M5148825,Sport Car - Subcompact,Clean,No Issue,No Issue,No Open Recalls,No Issue,No Issue,No CPO Info Available,No Issue,8-cyl,Gas,Rear Wheel Drive,,,,,
2021,Ford,Explorer ST,35998,60000,18 city/24 hwy,Automatic,Blue/Black,1 Owner,No flood or frame damage,No odometer problems,1FM5K8GC0MGA02712,CUV - Large,Clean,No Issue,No Issue,No Open Recalls,No Issue,No Issue,No CPO Info Available,No Issue,6-cyl,Turbo Gas,Four Wheel Drive,,,,,
2022,Ford,F150 Lightning Platinum,58998,26000,,,Black/Tan,2 Owners,No flood or frame damage,No odometer problems,1FT6W1EV5NWG13156,Pickup - Fullsize,Clean,No Issue,No Issue,No Open Recalls,No Issue,No Issue,No CPO Info Available,No Issue,,,All Wheel Drive,5.5 ft,300 miles,73 city/60 hwy,Electric,9.3 hours
2014,Ford,Escape Titanium,13998,85000,23 city/32 hwy,Automatic,Red/Gray,2 Owners,No flood or frame damage,No odometer problems,1FMCU0J96EUC74619,CUV - Compact,Clean,No Issue,No Issue,2 Open Recall(s),No Issue,No Issue,No CPO Info Available,No Issue,4-cyl,Turbo Gas,Front Wheel Drive,,,,,
2016,Ford,Escape Titanium,14599,100000,22 city/29 hwy,Automatic,Gray/Champagne,2 Owners,No flood or frame damage,No odometer problems,1FMCU9J90GUC20871,CUV - Compact,Clean,No Issue,Minor,No Open Recalls,No Issue,No Issue,No CPO Info Available,No Issue,4-cyl,Turbo Gas,Four Wheel Drive,,,,,
2019,Ford,Mustang Ecoboost,21998,58000,21 city/31 hwy,Manual 6 Speed,Silver/Black,2 Owners,No flood or frame damage,No odometer problems,1FA6P8TH8K5189448,Sport Car - Subcompact,Clean,No Issue,Minor,No Open Recalls,No Issue,No Issue,No CPO Info Available,No Issue,4-cyl,Turbo Gas,Rear Wheel Drive,,,,,
2015,Ford,Fusion S,11998,124000,22 city/34 hwy,Automatic,White/Gray,3 Owners,No flood or frame damage,No odometer problems,1FA6P0G74F5100032,Car - Midsize,Clean,No Issue,Minor,No Open Recalls,No Issue,No Issue,No CPO Info Available,No Issue,4-cyl,Gas,Front Wheel Drive,,,,,
2019,Ford,F150 Lariat,38998,50000,17 city/23 hwy,Automatic,Green/Tan,2 Owners,No flood or frame damage,No odometer problems,1FTEW1E41KKE72706,Pickup - Fullsize,Clean,No Issue,Moderate,No Open Recalls,No Issue,No Issue,OEM-Certified,No Issue,6-cyl,Turbo Gas,Four Wheel Drive,,,,,
2016,Ford,Explorer XLT,24998,46000,16 city/23 hwy,Automatic,Black/Black,2 Owners,No flood or frame damage,No odometer problems,1FM5K8D88GGC02256,CUV - Large,Clean,No Issue,No Issue,2 Open Recall(s),No Issue,No Issue,No CPO Info Available,No Issue,6-cyl,Gas,Four Wheel Drive,,,,,
2020,Ford,EcoSport Titanium,17998,41000,23 city/29 hwy,Automatic,Black/Black,2 Owners,No flood or frame damage,No odometer problems,MAJ6S3KLXLC358180,CUV - Compact,Clean,No Issue,Damage Reported,No Open Recalls,No Issue,No Issue,No CPO Info Available,No Issue,4-cyl,Gas,Four Wheel Drive,,,,,
2014,Ford,Fusion Titanium,16998,55000,22 city/33 hwy,Automatic,Red/Black,1 Owner,No flood or frame damage,No odometer problems,3FA6P0K97ER119033,Car - Midsize,Clean,No Issue,No Issue,No Open Recalls,No Issue,No Issue,No CPO Info Available,No Issue,4-cyl,Turbo Gas,Front Wheel Drive,,,,,
2022,Ford,Explorer ST,43998,20000,18 city/24 hwy,Automatic,Black/Black,2 Owners,No flood or frame damage,No odometer problems,1FM5K8GC4NGA34189,CUV - Large,Clean,No Issue,No Issue,1 Open Recall(s),No Issue,No Issue,OEM-Certified,No Issue,6-cyl,Turbo Gas,Four Wheel Drive,,,,,
2018,Ford,Transit Connect XLT,20998,56000,19 city/27 hwy,Automatic,Gray/Black,4 Owners,No flood or frame damage,No odometer problems,NM0GE9F79J1363091,Van - Mini,Clean,No Issue,Damage Reported,No Open Recalls,No Issue,No Issue,No CPO Info Available,No Issue,4-cyl,Gas,Front Wheel Drive,,,,,
2019,Ford,Escape Titanium,16998,105000,21 city/27 hwy,Automatic,Gray/Tan,1 Owner,No flood or frame damage,No odometer problems,1FMCU9J93KUC21263,CUV - Compact,Clean,No Issue,No Issue,No Open Recalls,No Issue,No Issue,No CPO Info Available,No Issue,4-cyl,Turbo Gas,Four Wheel Drive,,,,,
2019,Ford,Explorer Limited,19998,114000,17 city/24 hwy,Automatic,White/Black,3 Owners,No flood or frame damage,No odometer problems,1FM5K7F88KGA97458,CUV - Large,Clean,No Issue,No Issue,No Open Recalls,No Issue,No Issue,No CPO Info Available,No Issue,6-cyl,Gas,Front Wheel Drive,,,,,
2016,Ford,Transit 350 XL,31998,91000,Not available,Automatic,White/Gray,1 Owner,No flood or frame damage,No odometer problems,1FBZX2YM1GKA52391,Van - Fullsize,Clean,No Issue,No Issue,2 Open Recall(s),No Issue,No Issue,No CPO Info Available,No Issue,6-cyl,Gas,Rear Wheel Drive,,,,,
2022,Ford,Bronco Sport Big Bend,27998,19000,25 city/28 hwy,Automatic,Black/Black,1 Owner,No flood or frame damage,No odometer problems,3FMCR9B62NRD89297,SUV - Compact,Clean,No Issue,Minor,No Open Recalls,No Issue,No Issue,No CPO Info Available,No Issue,3-cyl,Turbo Gas,Four Wheel Drive,,,,,
2022,Ford,Escape Hybrid SE,22998,49000,,Automatic,Silver/Gray,1 Owner,No flood or frame damage,No odometer problems,1FMCU9BZ4NUA23021,CUV - Midsize,Clean,No Issue,No Issue,No Open Recalls,No Issue,No Issue,No CPO Info Available,No Issue,4-cyl,Hybrid,All Wheel Drive,,,,,
2014,Ford,Escape Titanium,15998,88000,22 city/30 hwy,Automatic,Red/Tan,1 Owner,No flood or frame damage,No odometer problems,1FMCU9J97EUD77763,CUV - Compact,Clean,No Issue,No Issue,No Open Recalls,No Issue,No Issue,No CPO Info Available,No Issue,4-cyl,Turbo Gas,Four Wheel Drive,,,,,
2022,Ford,Bronco Sport Big Bend,29998,10000,25 city/28 hwy,Automatic,Black/Gray,1 Owner,No flood or frame damage,No odometer problems,3FMCR9B68NRE16549,SUV - Compact,Clean,No Issue,Damage Reported,No Open Recalls,No Issue,No Issue,No CPO Info Available,No Issue,3-cyl,Turbo Gas,Four Wheel Drive,,,,,
2023,Ford,Escape Active,23998,24000,26 city/32 hwy,Automatic,Silver/Black,2 Owners,No flood or frame damage,No odometer problems,1FMCU9GN1PUA08209,CUV - Midsize,Clean,No Issue,No Issue,No Open Recalls,No Issue,No Issue,No CPO Info Available,No Issue,3-cyl,Turbo Gas,All Wheel Drive,,,,,
2016,Ford,Focus SE,12998,68000,26 city/36 hwy,Automatic,Gray/Black,3 Owners,No flood or frame damage,No odometer problems,1FADP3K24GL267041,Car - Midsize,Clean,No Issue,No Issue,No Open Recalls,No Issue,No Issue,No CPO Info Available,No Issue,4-cyl,Gas,,,,,,
2019,Ford,Flex SE,23998,25000,16 city/23 hwy,Automatic,Silver/Black,2 Owners,No flood or frame damage,No odometer problems,2FMGK5B89KBA31317,CUV - Large,Clean,No Issue,No Issue,No Open Recalls,No Issue,No Issue,No CPO Info Available,No Issue,6-cyl,Gas,Front Wheel Drive,,,,,
2014,Ford,Fusion Hybrid SE,14599,70000,44 city/41 hwy,Automatic,Blue/Tan,2 Owners,No flood or frame damage,No odometer problems,3FA6P0LU8ER224778,Car - Midsize,Clean,No Issue,No Issue,No Open Recalls,No Issue,No Issue,No CPO Info Available,No Issue,4-cyl,Hybrid,Front Wheel Drive,,,,,
2022,Ford,Maverick XLT,28998,26000,22 city/29 hwy,Automatic,Gray/Gray,1 Owner,No flood or frame damage,No odometer problems,3FTTW8F91NRA14139,Pickup - Compact,Clean,No Issue,No Issue,1 Open Recall(s),No Issue,No Issue,No CPO Info Available,No Issue,4-cyl,Turbo Gas,All Wheel Drive,4.5 ft,,,,
2015,Ford,Edge Titanium,18998,56000,20 city/28 hwy,Automatic,White/Black,1 Owner,No flood or frame damage,No odometer problems,2FMPK4K93FBB98216,CUV - Midsize,Clean,No Issue,No Issue,No Open Recalls,No Issue,No Issue,No CPO Info Available,No Issue,4-cyl,Turbo Gas,All Wheel Drive,,,,,
2020,Ford,EcoSport S,17998,29000,23 city/29 hwy,Automatic,Black/Gray,1 Owner,No flood or frame damage,No odometer problems,MAJ6S3FL8LC336964,CUV - Compact,Clean,No Issue,Damage Reported,No Open Recalls,No Issue,No Issue,No CPO Info Available,No Issue,4-cyl,Gas,Four Wheel Drive,,,,,
2023,Ford,F150 Lightning XLT,44998,16000,,,White/Gray,1 Owner,No flood or frame damage,No odometer problems,1FTVW1EL5PWG01361,Pickup - Fullsize,Clean,No Issue,No Issue,No Open Recalls,No Issue,No Issue,No CPO Info Available,No Issue,,,All Wheel Drive,5.5 ft,240 miles,76 city/61 hwy,Electric,11.9 hours
2014,Ford,Escape Titanium,14998,72000,22 city/30 hwy,Automatic,White/Tan,3 Owners,No flood or frame damage,No odometer problems,1FMCU9JX9EUD62583,CUV - Compact,Clean,No Issue,No Issue,No Open Recalls,No Issue,No Issue,No Recent CPO Reported,No Issue,,,,,,,,
2021,Ford,Escape SE,21998,21000,28 city/34 hwy,Automatic,White/Black,1 Owner,No flood or frame damage,No odometer problems,1FMCU0G68MUB11501,CUV - Midsize,Clean,No Issue,No Issue,No Open Recalls,No Issue,No Issue,No CPO Info Available,No Issue,3-cyl,Turbo Gas,Front Wheel Drive,,,,,
2024,Ford,Maverick XL,30998,4000,22 city/29 hwy,Automatic,Silver/Black,1 Owner,No flood or frame damage,No odometer problems,3FTTW8B99RRA07449,Pickup - Compact,Clean,No Issue,No Issue,No Open Recalls,No Issue,No Issue,No CPO Info Available,No Issue,4-cyl,Turbo Gas,All Wheel Drive,4.5 ft,,,,
2018,Ford,Escape SE,16998,52000,22 city/28 hwy,Automatic,Silver/Black,2 Owners,No flood or frame damage,No odometer problems,1FMCU9GD2JUC16176,CUV - Compact,Clean,No Issue,No Issue,No Open Recalls,No Issue,No Issue,No CPO Info Available,No Issue,,,,,,,,
2014,Ford,Focus Titanium,13998,63000,26 city/37 hwy,Automatic,Gray/Black,1 Owner,No flood or frame damage,No odometer problems,1FADP3J25EL287250,Car - Compact,Clean,No Issue,Damage Reported,1 Open Recall(s),No Issue,No Issue,No CPO Info Available,No Issue,4-cyl,Gas,Front Wheel Drive,,,,,
2021,Ford,F150 XL,33998,24000,20 city/26 hwy,Automatic,Blue/Black,1 Owner,No flood or frame damage,No odometer problems,1FTEW1CP4MFA88542,Pickup - Fullsize,Clean,No Issue,No Issue,No Open Recalls,No Issue,No Issue,No CPO Info Available,No Issue,,,,5.5 ft,,,,
2013,Ford,Edge SEL,12998,122000,19 city/27 hwy,Automatic,Pearl/Black,3 Owners,No flood or frame damage,No odometer problems,2FMDK3JC2DBC10461,CUV - Midsize,Clean,No Issue,Minor,No Open Recalls,No Issue,No Issue,No CPO Info Available,No Issue,6-cyl,Gas,Front Wheel Drive,,,,,
2022,Ford,Bronco Sport Outer Banks,27998,42000,25 city/28 hwy,Automatic,White/Black,1 Owner,No flood or frame damage,No odometer problems,3FMCR9C69NRD10769,SUV - Compact,Clean,No Issue,No Issue,No Open Recalls,No Issue,No Issue,No CPO Info Available,No Issue,3-cyl,Turbo Gas,Four Wheel Drive,,,,,
2017,Ford,Escape Titanium,14998,92000,22 city/28 hwy,Automatic,Red/Black,2 Owners,No flood or frame damage,No odometer problems,1FMCU9J90HUA08277,CUV - Compact,Clean,No Issue,No Issue,No Open Recalls,No Issue,No Issue,No CPO Info Available,No Issue,4-cyl,Turbo Gas,Four Wheel Drive,,,,,
2017,Ford,Fusion SE,15998,86000,23 city/34 hwy,Automatic,Red/Black,1 Owner,No flood or frame damage,No odometer problems,3FA6P0HD4HR189296,Car - Midsize,Clean,No Issue,No Issue,No Open Recalls,No Issue,No Issue,No CPO Info Available,No Issue,4-cyl,Turbo Gas,Front Wheel Drive,,,,,
2017,Ford,Fusion Titanium,14998,115000,20 city/29 hwy,Automatic,Gray/Black,1 Owner,No flood or frame damage,No odometer problems,3FA6P0D91HR116727,Car - Midsize,Clean,No Issue,Damage Reported,No Open Recalls,No Issue,No Issue,No CPO Info Available,No Issue,,,,,,,,
2018,Ford,Taurus SE,15998,70000,18 city/27 hwy,Automatic,Black/Tan,1 Owner,No flood or frame damage,No odometer problems,1FAHP2D88JG141245,Car - Midsize,Clean,No Issue,Damage Reported,No Open Recalls,No Issue,No Issue,No CPO Info Available,No Issue,6-cyl,Gas,Front Wheel Drive,,,,,
2019,Ford,EcoSport SE,17998,34000,27 city/29 hwy,Automatic,Gray/Black,2 Owners,No flood or frame damage,No odometer problems,MAJ3S2GE3KC265815,CUV - Compact,Clean,No Issue,No Issue,1 Open Recall(s),No Issue,No Issue,No Recent CPO Reported,No Issue,3-cyl,Turbo Gas,Front Wheel Drive,,,,,
2016,Ford,Escape SE,15998,69000,22 city/29 hwy,Automatic,Black/Black,1 Owner,No flood or frame damage,No odometer problems,1FMCU9GX6GUB18402,CUV - Compact,Clean,No Issue,No Issue,No Open Recalls,No Issue,No Issue,No CPO Info Available,No Issue,4-cyl,Turbo Gas,Four Wheel Drive,,,,,
2019,Ford,Fusion SE,14998,125000,23 city/34 hwy,Automatic,Black/Gray,2 Owners,No flood or frame damage,No odometer problems,3FA6P0HD9KR247295,Car - Midsize,Clean,No Issue,No Issue,No Open Recalls,No Issue,No Issue,No CPO Info Available,No Issue,4-cyl,Turbo Gas,Front Wheel Drive,,,,,
2018,Ford,Edge SEL,20998,50000,20 city/27 hwy,Automatic,Black/Black,2 Owners,No flood or frame damage,No odometer problems,2FMPK4J80JBC42965,CUV - Midsize,Clean,No Issue,Minor,1 Open Recall(s),No Issue,No Issue,No Recent CPO Reported,No Issue,6-cyl,Gas,All Wheel Drive,,,,,
2015,Ford,Focus SE,13599,70000,26 city/36 hwy,Automatic,Gray/Gray,3 Owners,No flood or frame damage,No odometer problems,1FADP3F21FL311831,Car - Compact,Clean,No Issue,Moderate,No Open Recalls,No Issue,No Issue,No CPO Info Available,No Issue,4-cyl,Gas,Front Wheel Drive,,,,,
2021,Ford,Explorer XLT,28998,40000,20 city/27 hwy,Automatic,Black/Black,1 Owner,No flood or frame damage,No odometer problems,1FMSK8DH2MGC13025,CUV - Large,Clean,No Issue,No Issue,No Open Recalls,No Issue,No Issue,No CPO Info Available,No Issue,4-cyl,Turbo Gas,Four Wheel Drive,,,,,
2019,Ford,F150 XLT,30998,98000,14 city/19 hwy,Automatic,Black/Black,1 Owner,No flood or frame damage,No odometer problems,1FTFW1E51KFA38257,Pickup - Fullsize,Clean,No Issue,No Issue,No Open Recalls,No Issue,No Issue,No CPO Info Available,No Issue,,,,5.5 ft,,,,
2019,Ford,Escape SE,19998,33000,22 city/28 hwy,Automatic,Blue/Gray,2 Owners,No flood or frame damage,No odometer problems,1FMCU9GD3KUB06657,CUV - Compact,Clean,No Issue,No Issue,No Open Recalls,No Issue,No Issue,No CPO Info Available,No Issue,4-cyl,Turbo Gas,Four Wheel Drive,,,,,
2019,Ford,F150 Lariat,36998,54000,20 city/25 hwy,Automatic,Gray/Black,1 Owner,No flood or frame damage,No odometer problems,1FTFW1E13KFC51966,Pickup - Fullsize,Clean,No Issue,No Issue,1 Open Recall(s),No Issue,No Issue,No CPO Info Available,No Issue,6-cyl,Turbo Diesel,Four Wheel Drive,5.5 ft,,,,
2022,Ford,Explorer King Ranch,40998,38000,18 city/24 hwy,Automatic,Gray/Tan,1 Owner,No flood or frame damage,No odometer problems,1FM5K8LC5NGA39214,CUV - Large,Clean,No Issue,No Issue,1 Open Recall(s),No Issue,No Issue,No CPO Info Available,No Issue,6-cyl,Turbo Gas,Four Wheel Drive,,,,,
2017,Ford,Escape Titanium,14599,102000,22 city/28 hwy,Automatic,Silver/Gray,2 Owners,No flood or frame damage,No odometer problems,1FMCU9J99HUC13323,CUV - Compact,Clean,No Issue,No Issue,No Open Recalls,No Issue,No Issue,No CPO Info Available,No Issue,4-cyl,Turbo Gas,Four Wheel Drive,,,,,
2021,Ford,Mustang Ecoboost Premium,32998,16000,20 city/27 hwy,Automatic,Gray/Black,1 Owner,No flood or frame damage,No odometer problems,1FATP8UH1M5153945,Sport Car - Subcompact,Clean,No Issue,No Issue,2 Open Recall(s),No Issue,No Issue,No CPO Info Available,No Issue,4-cyl,Turbo Gas,,,,,,
2021,Ford,Explorer XLT,28998,33000,20 city/27 hwy,Automatic,White/Gray,1 Owner,No flood or frame damage,No odometer problems,1FMSK8DHXMGB85894,CUV - Large,Clean,No Issue,No Issue,No Open Recalls,No Issue,No Issue,No CPO Info Available,No Issue,4-cyl,Turbo Gas,Four Wheel Drive,,,,,
2018,Ford,Escape SE,14998,91000,23 city/30 hwy,Automatic,White/Tan,3 Owners,No flood or frame damage,No odometer problems,1FMCU0GD1JUA37297,CUV - Compact,Clean,No Issue,No Issue,No Open Recalls,No Issue,No Issue,No Recent CPO Reported,No Issue,4-cyl,Turbo Gas,Front Wheel Drive,,,,,
2021,Ford,F150 Lariat,48998,35000,24 city/24 hwy,Automatic,Red/Black,3 Owners,No flood or frame damage,No odometer problems,1FTFW1E84MFA02379,Pickup - Fullsize,Clean,No Issue,No Issue,2 Open Recall(s),No Issue,No Issue,No CPO Info Available,No Issue,6-cyl,Turbo Gas,Four Wheel Drive,5.5 ft,,,,
2022,Ford,Bronco Sport Big Bend,27998,31000,25 city/28 hwy,Automatic,Black/Gray,1 Owner,No flood or frame damage,No odometer problems,3FMCR9B6XNRD93372,SUV - Compact,Clean,No Issue,No Issue,No Open Recalls,No Issue,No Issue,No CPO Info Available,No Issue,3-cyl,Turbo Gas,Four Wheel Drive,,,,,
2019,Ford,Fusion Hybrid SE,18998,46000,43 city/41 hwy,Automatic,White/Gray,2 Owners,No flood or frame damage,No odometer problems,3FA6P0LU6KR220529,Car - Midsize,Clean,No Issue,No Issue,No Open Recalls,No Issue,No Issue,No CPO Info Available,No Issue,4-cyl,Hybrid,Front Wheel Drive,,,,,
2014,Ford,Escape Titanium,13599,105000,23 city/32 hwy,Automatic,Blue/Tan,2 Owners,No flood or frame damage,No odometer problems,1FMCU0J92EUB23633,CUV - Compact,Clean,No Issue,No Issue,1 Open Recall(s),No Issue,No Issue,No CPO Info Available,No Issue,4-cyl,Turbo Gas,Front Wheel Drive,,,,,
2020,Ford,Edge SEL,23998,31000,21 city/28 hwy,Automatic,Gray/Black,2 Owners,No flood or frame damage,No odometer problems,2FMPK4J94LBB45294,CUV - Midsize,Clean,No Issue,No Issue,No Open Recalls,No Issue,No Issue,No CPO Info Available,No Issue,4-cyl,Turbo Gas,All Wheel Drive,,,,,
2016,Ford,F150 Lariat,35998,34000,16 city/22 hwy,Automatic,Black/Gray,2 Owners,No flood or frame damage,No odometer problems,1FTEW1EG0GFC53326,Pickup - Fullsize,Clean,No Issue,No Issue,No Open Recalls,No Issue,No Issue,No CPO Info Available,No Issue,6-cyl,Turbo Gas,Four Wheel Drive,5.5 ft,,,,
2022,Ford,Bronco Sport Outer Banks,31998,20000,25 city/28 hwy,Automatic,Black/Brown,1 Owner,No flood or frame damage,No odometer problems,3FMCR9C69NRD54982,SUV - Compact,Clean,No Issue,No Issue,No Open Recalls,No Issue,No Issue,No CPO Info Available,No Issue,3-cyl,Turbo Gas,Four Wheel Drive,,,,,
2022,Ford,F250 XL,34998,18000,Not available,Automatic,White/Gray,1 Owner,No flood or frame damage,No odometer problems,1FTBF2A66NEG45431,Pickup - Fullsize,Clean,No Issue,No Issue,No Open Recalls,No Issue,No Issue,No CPO Info Available,No Issue,8-cyl,Gas,Rear Wheel Drive,8 ft,,,,
2016,Ford,F350 XL,38998,37000,Not available,Automatic,Blue/Gray,2 Owners,No flood or frame damage,No odometer problems,1FT8W3BT0GEC94104,Pickup - Fullsize,Clean,No Issue,Damage Reported,No Open Recalls,No Issue,No Issue,No CPO Info Available,No Issue,8-cyl,Gas,Four Wheel Drive,6.5 ft,,,,
2017,Ford,F150 XL,23998,23000,18 city/25 hwy,Automatic,White/Gray,1 Owner,No flood or frame damage,No odometer problems,1FTMF1C88HKE07149,Pickup - Fullsize,Clean,No Issue,No Issue,No Open Recalls,No Issue,No Issue,No CPO Info Available,No Issue,6-cyl,Gas,Rear Wheel Drive,,,,,
2018,Ford,Escape SEL,16998,73000,22 city/28 hwy,Automatic,White/Black,2 Owners,No flood or frame damage,No odometer problems,1FMCU9HD2JUC77817,CUV - Compact,Clean,No Issue,No Issue,No Open Recalls,No Issue,No Issue,No CPO Info Available,No Issue,4-cyl,Turbo Gas,Four Wheel Drive,,,,,
2018,Ford,F150 XLT,31998,56000,17 city/23 hwy,Automatic,Silver/Gray,2 Owners,No flood or frame damage,No odometer problems,1FTEW1EG5JFC77452,Pickup - Fullsize,Clean,No Issue,No Issue,1 Open Recall(s),No Issue,No Issue,No CPO Info Available,No Issue,6-cyl,Turbo Gas,Four Wheel Drive,5.5 ft,,,,
2022,Ford,Bronco Sport ,24998,42000,25 city/28 hwy,Automatic,Gray/Black,1 Owner,No flood or frame damage,No odometer problems,3FMCR9A62NRD03794,SUV - Compact,Clean,No Issue,No Issue,No Open Recalls,No Issue,No Issue,No CPO Info Available,No Issue,3-cyl,Turbo Gas,Four Wheel Drive,,,,,
2020,Ford,F150 XL,32998,23000,19 city/24 hwy,Automatic,Gray/Gray,3 Owners,No flood or frame damage,No odometer problems,1FTEX1EP5LKE01730,Pickup - Fullsize,Clean,No Issue,No Issue,No Open Recalls,No Issue,No Issue,No CPO Info Available,No Issue,6-cyl,Turbo Gas,Four Wheel Drive,6.5 ft,,,,
2016,Ford,Fiesta Titanium,14998,45000,28 city/36 hwy,Automatic,Red/Black,5 Owners,No flood or frame damage,No odometer problems,3FADP4CJ6GM163287,Car - Subcompact,Clean,No Issue,No Issue,No Open Recalls,No Issue,No Issue,No CPO Info Available,No Issue,4-cyl,Gas,,,,,,
2016,Ford,Fiesta ST,18998,35000,26 city/33 hwy,Manual 6 Speed,Black/Black,1 Owner,No flood or frame damage,No odometer problems,3FADP4GX8GM148837,Car - Subcompact,Clean,No Issue,Minor,No Open Recalls,No Issue,No Issue,No CPO Info Available,No Issue,4-cyl,Turbo Gas,Front Wheel Drive,,,,,
2020,Ford,Escape Titanium,19998,60000,23 city/31 hwy,Automatic,White/Black,1 Owner,No flood or frame damage,No odometer problems,1FMCU9J95LUC22478,CUV - Midsize,Clean,No Issue,Minor,No Open Recalls,No Issue,No Issue,No CPO Info Available,No Issue,4-cyl,Turbo Gas,All Wheel Drive,,,,,
2019,Ford,EcoSport SES,19998,20000,23 city/29 hwy,Automatic,White/Black,4 Owners,No flood or frame damage,No odometer problems,MAJ6S3JL3KC261077,CUV - Compact,Clean,No Issue,No Issue,No Open Recalls,No Issue,No Issue,No CPO Info Available,No Issue,4-cyl,Gas,Four Wheel Drive,,,,,
2014,Ford,Explorer XLT,16998,93000,17 city/23 hwy,Automatic,Black/Black,3 Owners,No flood or frame damage,No odometer problems,1FM5K8D82EGB14333,CUV - Large,Clean,No Issue,Minor,1 Open Recall(s),No Issue,No Issue,No CPO Info Available,No Issue,6-cyl,Gas,Four Wheel Drive,,,,,
2014,Ford,Escape SE,14998,66000,22 city/30 hwy,Automatic,Black/Gray,2 Owners,No flood or frame damage,No odometer problems,1FMCU9GX2EUA91194,CUV - Compact,Clean,No Issue,No Issue,No Open Recalls,No Issue,No Issue,No CPO Info Available,No Issue,4-cyl,Turbo Gas,Four Wheel Drive,,,,,
2018,Ford,Explorer Limited,17998,126000,16 city/22 hwy,Automatic,Red/Black,4 Owners,No flood or frame damage,No odometer problems,1FM5K8F82JGA37776,CUV - Large,Clean,No Issue,No Issue,No Open Recalls,No Issue,No Issue,No CPO Info Available,No Issue,6-cyl,Gas,Four Wheel Drive,,,,,
2018,Ford,Focus ST,21998,44000,22 city/30 hwy,Manual 6 Speed,White/Black,2 Owners,No flood or frame damage,No odometer problems,1FADP3L90JL226618,Car - Midsize,Clean,No Issue,No Issue,No Open Recalls,No Issue,No Issue,No CPO Info Available,No Issue,4-cyl,Turbo Gas,Front Wheel Drive,,,,,
2020,Ford,Escape Hybrid SE Sport,23998,38000,43 city/37 hwy,Automatic,Silver/Tan,2 Owners,No flood or frame damage,No odometer problems,1FMCU9BZ9LUB73820,CUV - Midsize,Clean,No Issue,No Issue,No Open Recalls,No Issue,No Issue,No CPO Info Available,No Issue,4-cyl,Hybrid,All Wheel Drive,,,,,
2016,Ford,Escape Titanium,13998,105000,22 city/29 hwy,Automatic,Silver/Black,1 Owner,No flood or frame damage,No odometer problems,1FMCU9J99GUA48582,CUV - Compact,Clean,No Issue,No Issue,No Open Recalls,No Issue,No Issue,No CPO Info Available,No Issue,4-cyl,Turbo Gas,Four Wheel Drive,,,,,
2016,Ford,Fusion SE,13998,80000,22 city/34 hwy,Automatic,Tan/Black,4 Owners,No flood or frame damage,No odometer problems,3FA6P0H71GR197168,Car - Midsize,Clean,No Issue,No Issue,2 Open Recall(s),No Issue,No Issue,No CPO Info Available,No Issue,4-cyl,Gas,Front Wheel Drive,,,,,
2018,Ford,Transit Connect XL,27998,30000,19 city/27 hwy,Automatic,White/Gray,2 Owners,No flood or frame damage,No odometer problems,NM0GS9E78J1365537,Van - Mini,Clean,No Issue,No Issue,No Open Recalls,No Issue,No Issue,No CPO Info Available,No Issue,4-cyl,Gas,Front Wheel Drive,,,,,
2020,Ford,Fusion Energi Titanium,19998,59000,,,Gray/Black,2 Owners,No flood or frame damage,No odometer problems,3FA6P0SU5LR154929,Car - Midsize,Clean,No Issue,Damage Reported,1 Open Recall(s),No Issue,No Issue,No Recent CPO Reported,No Issue,4-cyl,Plug-in Hybrid,Front Wheel Drive,,26 miles,109 city/97 hwy,,2.6 hours
2016,Ford,Escape S,14998,54000,22 city/31 hwy,Automatic,Black/Black,1 Owner,No flood or frame damage,No odometer problems,1FMCU0F79GUA25595,CUV - Compact,Clean,No Issue,No Issue,No Open Recalls,No Issue,No Issue,No CPO Info Available,No Issue,4-cyl,Gas,Front Wheel Drive,,,,,
2021,Ford,F150 XLT,37998,54000,24 city/24 hwy,Automatic,White/Black,1 Owner,No flood or frame damage,No odometer problems,1FTFW1E86MKD11858,Pickup - Fullsize,Clean,No Issue,Damage Reported,No Open Recalls,No Issue,No Issue,No CPO Info Available,No Issue,6-cyl,Turbo Gas,Four Wheel Drive,6.5 ft,,,,
2016,Ford,Escape SE,13998,95000,22 city/29 hwy,Automatic,Black/Gray,1 Owner,No flood or frame damage,No odometer problems,1FMCU9GXXGUB50821,CUV - Compact,Clean,No Issue,Damage Reported,No Open Recalls,No Issue,No Issue,No CPO Info Available,No Issue,4-cyl,Turbo Gas,Four Wheel Drive,,,,,
2023,Ford,F350 XLT,56998,4000,11 city/15 hwy,Automatic,Red/Gray,1 Owner,No flood or frame damage,No odometer problems,1FT8W3BN7PED01986,Pickup - Fullsize,Clean,No Issue,No Issue,No Open Recalls,No Issue,No Issue,No CPO Info Available,No Issue,8-cyl,Gas,Four Wheel Drive,8 ft,,,,
2017,Ford,Fusion SE,13998,110000,23 city/34 hwy,Automatic,White/Black,2 Owners,No flood or frame damage,No odometer problems,3FA6P0HD9HR153975,Car - Midsize,Clean,No Issue,No Issue,No Open Recalls,No Issue,No Issue,No CPO Info Available,No Issue,4-cyl,Turbo Gas,Front Wheel Drive,,,,,
2021,Ford,Bronco Sport Big Bend,26998,26000,25 city/28 hwy,Automatic,Gray/Gray,1 Owner,No flood or frame damage,No odometer problems,3FMCR9B61MRB21629,SUV - Compact,Clean,No Issue,Damage Reported,No Open Recalls,No Issue,No Issue,No CPO Info Available,No Issue,3-cyl,Turbo Gas,Four Wheel Drive,,,,,
2019,Ford,F150 XL,29998,75000,16 city/22 hwy,Automatic,Gray/Gray,1 Owner,No flood or frame damage,No odometer problems,1FTEW1E53KFA26655,Pickup - Fullsize,Clean,No Issue,No Issue,No Open Recalls,No Issue,No Issue,No CPO Info Available,No Issue,8-cyl,Gas,Four Wheel Drive,,,,,
2019,Ford,Ranger XLT,27998,28000,21 city/26 hwy,Automatic,Red/Black,1 Owner,No flood or frame damage,No odometer problems,1FTER4EH1KLA96286,Pickup - Midsize,Clean,No Issue,No Issue,No Open Recalls,No Issue,No Issue,No CPO Info Available,No Issue,4-cyl,Turbo Gas,Rear Wheel Drive,5 ft,,,,
2020,Ford,Edge Titanium,25998,37000,21 city/28 hwy,Automatic,Black/Black,2 Owners,No flood or frame damage,No odometer problems,2FMPK4K92LBB63145,CUV - Midsize,Clean,No Issue,No Issue,No Open Recalls,No Issue,No Issue,No CPO Info Available,No Issue,4-cyl,Turbo Gas,All Wheel Drive,,,,,
2017,Ford,Explorer XLT,22998,60000,16 city/23 hwy,Automatic,Red/Tan,2 Owners,No flood or frame damage,No odometer problems,1FM5K8DH3HGB88008,CUV - Large,Clean,No Issue,No Issue,No Open Recalls,No Issue,No Issue,No CPO Info Available,No Issue,4-cyl,Turbo Gas,Four Wheel Drive,,,,,
2020,Ford,Ranger Lariat,33998,20000,20 city/24 hwy,Automatic,Black/Black,1 Owner,No flood or frame damage,No odometer problems,1FTER4FH7LLA30129,Pickup - Midsize,Clean,No Issue,No Issue,No Open Recalls,No Issue,No Issue,No CPO Info Available,No Issue,4-cyl,Turbo Gas,Four Wheel Drive,5 ft,,,,
2016,Ford,Fusion SE,12998,121000,22 city/31 hwy,Automatic,Silver/Black,1 Owner,No flood or frame damage,No odometer problems,3FA6P0T91GR231988,Car - Midsize,Clean,No Issue,Minor,1 Open Recall(s),No Issue,No Issue,No CPO Info Available,No Issue,4-cyl,Turbo Gas,All Wheel Drive,,,,,
2014,Ford,Escape SE,13599,77000,23 city/32 hwy,Automatic,Red/Gray,2 Owners,No flood or frame damage,No odometer problems,1FMCU0GX0EUB77860,CUV - Compact,Clean,No Issue,Damage Reported,No Open Recalls,No Issue,No Issue,No CPO Info Available,No Issue,4-cyl,Turbo Gas,Front Wheel Drive,,,,,
2019,Ford,F350 Lariat,59998,16000,Not available,Automatic,Red/Black,1 Owner,No flood or frame damage,No odometer problems,1FT8W3BT0KEF38195,Pickup - Fullsize,Clean,No Issue,No Issue,No Open Recalls,No Issue,No Issue,No CPO Info Available,No Issue,8-cyl,Turbo Diesel,Four Wheel Drive,,,,,
2015,Ford,Explorer XLT,14599,110000,17 city/24 hwy,Automatic,Black/Black,2 Owners,No flood or frame damage,No odometer problems,1FM5K7D89FGC69358,CUV - Large,Clean,No Issue,Damage Reported,3 Open Recall(s),No Issue,No Issue,No CPO Info Available,No Issue,6-cyl,Gas,Front Wheel Drive,,,,,
2020,Ford,Edge ST,26998,47000,19 city/26 hwy,Automatic,Black/Black,1 Owner,No flood or frame damage,No odometer problems,2FMPK4AP1LBB36308,CUV - Midsize,Clean,No Issue,Minor,No Open Recalls,No Issue,No Issue,No CPO Info Available,No Issue,6-cyl,Turbo Gas,All Wheel Drive,,,,,
2019,Ford,F250 XL,40998,39000,Not available,Automatic,Blue/Gray,1 Owner,No flood or frame damage,No odometer problems,1FT7W2B6XKED62451,Pickup - Fullsize,Clean,No Issue,No Issue,No Open Recalls,No Issue,No Issue,No CPO Info Available,No Issue,8-cyl,Gas,Four Wheel Drive,6.5 ft,,,,
2023,Ford,Escape ST-Line,27998,7000,26 city/32 hwy,Automatic,Gray/Black,1 Owner,No flood or frame damage,No odometer problems,1FMCU9MNXPUA15003,CUV - Midsize,Clean,No Issue,No Issue,1 Open Recall(s),No Issue,No Issue,No CPO Info Available,No Issue,3-cyl,Turbo Gas,All Wheel Drive,,,,,
2016,Ford,F150 Lariat,24998,117000,15 city/21 hwy,Automatic,Red/Black,1 Owner,No flood or frame damage,No odometer problems,1FTFX1EF6GFA52619,Pickup - Fullsize,Clean,No Issue,Moderate,No Open Recalls,No Issue,No Issue,No CPO Info Available,No Issue,,,,,,,,
2017,Ford,Fusion SE,16998,62000,23 city/34 hwy,Automatic,Red/Tan,1 Owner,No flood or frame damage,No odometer problems,3FA6P0HD4HR334062,Car - Midsize,Clean,No Issue,No Issue,No Open Recalls,No Issue,No Issue,No CPO Info Available,No Issue,4-cyl,Turbo Gas,Front Wheel Drive,,,,,
2022,Ford,Maverick XLT,27998,39000,,Automatic,Blue/Gray,1 Owner,No flood or frame damage,No odometer problems,3FTTW8E36NRA19091,Pickup - Compact,Clean,No Issue,No Issue,1 Open Recall(s),No Issue,No Issue,No CPO Info Available,No Issue,4-cyl,Hybrid,Front Wheel Drive,4.5 ft,,,,
2021,Ford,F150 XLT,40998,44000,16 city/22 hwy,Automatic,Gray/Black,1 Owner,No flood or frame damage,No odometer problems,1FTFW1E8XMFB76893,Pickup - Fullsize,Clean,No Issue,No Issue,1 Open Recall(s),No Issue,No Issue,No CPO Info Available,No Issue,6-cyl,Turbo Hybrid,Four Wheel Drive,5.5 ft,,,,
2021,Ford,F150 XLT,34998,53000,18 city/24 hwy,Automatic,Gray/Gray,1 Owner,No flood or frame damage,No odometer problems,1FTEW1EP5MFB47739,Pickup - Fullsize,Clean,No Issue,No Issue,No Open Recalls,No Issue,No Issue,No CPO Info Available,No Issue,6-cyl,Turbo Gas,Four Wheel Drive,5.5 ft,,,,
2014,Ford,Escape Titanium,12998,114000,23 city/32 hwy,Automatic,Black/Black,1 Owner,No flood or frame damage,No odometer problems,1FMCU0JX9EUE09820,CUV - Compact,Clean,No Issue,Minor,2 Open Recall(s),No Issue,No Issue,No CPO Info Available,No Issue,4-cyl,Turbo Gas,Front Wheel Drive,,,,,
2021,Ford,F150 XLT,37998,36000,18 city/24 hwy,Automatic,Silver/Black,2 Owners,No flood or frame damage,No odometer problems,1FTEW1CPXMFC92634,Pickup - Fullsize,Clean,No Issue,No Issue,1 Open Recall(s),No Issue,No Issue,No CPO Info Available,No Issue,6-cyl,Turbo Gas,Four Wheel Drive,,,,,
2022,Ford,Bronco Sport Badlands,32998,25000,21 city/26 hwy,Automatic,Black/Brown,1 Owner,No flood or frame damage,No odometer problems,3FMCR9D95NRD62568,SUV - Compact,Clean,No Issue,No Issue,1 Open Recall(s),No Issue,No Issue,No CPO Info Available,No Issue,4-cyl,Turbo Gas,Four Wheel Drive,,,,,
2020,Ford,Fusion SE,19998,20000,23 city/34 hwy,Automatic,Black/Black,3 Owners,No flood or frame damage,No odometer problems,3FA6P0HD5LR154260,Car - Midsize,Clean,No Issue,No Issue,No Open Recalls,No Issue,No Issue,No CPO Info Available,No Issue,4-cyl,Turbo Gas,Front Wheel Drive,,,,,
2021,Ford,Escape Hybrid SE,19998,57000,37 hwy,Automatic,Black/Black,1 Owner,No flood or frame damage,No odometer problems,1FMCU0BZ5MUB14549,CUV - Midsize,Clean,No Issue,No Issue,No Open Recalls,No Issue,No Issue,No CPO Info Available,No Issue,4-cyl,Hybrid,Front Wheel Drive,,,,,
2019,Ford,Escape SE,17998,54000,22 city/28 hwy,Automatic,Red/Gray,2 Owners,No flood or frame damage,No odometer problems,1FMCU9GD8KUA83747,CUV - Compact,Clean,No Issue,No Issue,No Open Recalls,No Issue,No Issue,No CPO Info Available,No Issue,4-cyl,Turbo Gas,Four Wheel Drive,,,,,
2016,Ford,Explorer XLT,16998,114000,16 city/23 hwy,Automatic,Blue/Black,2 Owners,No flood or frame damage,No odometer problems,1FM5K8D89GGC68850,CUV - Large,Clean,No Issue,Minor,1 Open Recall(s),No Issue,No Issue,No Recent CPO Reported,No Issue,6-cyl,Gas,Four Wheel Drive,,,,,
2013,Ford,Focus SE,9998,105000,26 city/36 hwy,Automatic,Red/Black,1 Owner,No flood or frame damage,No odometer problems,1FADP3K22DL348650,Car - Midsize,Clean,No Issue,No Issue,No Open Recalls,No Issue,No Issue,No CPO Info Available,No Issue,4-cyl,Gas,,,,,,
2017,Ford,Explorer Sport,22998,83000,16 city/22 hwy,Automatic,Blue/Black,2 Owners,No flood or frame damage,No odometer problems,1FM5K8GT9HGC50267,CUV - Large,Clean,No Issue,No Issue,No Open Recalls,No Issue,No Issue,No CPO Info Available,No Issue,6-cyl,Turbo Gas,Four Wheel Drive,,,,,
2014,Ford,Escape SE,13998,80000,23 city/32 hwy,Automatic,Red/Gray,2 Owners,No flood or frame damage,No odometer problems,1FMCU0GX7EUB94851,CUV - Compact,Clean,No Issue,Damage Reported,4 Open Recall(s),No Issue,No Issue,No CPO Info Available,No Issue,4-cyl,Turbo Gas,Front Wheel Drive,,,,,
2019,Ford,F150 Raptor,49998,78000,15 city/18 hwy,Automatic,Black/Black,1 Owner,No flood or frame damage,No odometer problems,1FTFW1RG5KFA54344,Pickup - Fullsize,Clean,No Issue,No Issue,No Open Recalls,No Issue,No Issue,No CPO Info Available,No Issue,6-cyl,Turbo Gas,Four Wheel Drive,5.5 ft,,,,
2015,Ford,Escape Titanium,12998,103000,22 city/29 hwy,Automatic,Burgundy/Tan,2 Owners,No flood or frame damage,No odometer problems,1FMCU9J95FUA56127,CUV - Compact,Clean,No Issue,Minor,No Open Recalls,No Issue,No Issue,No CPO Info Available,No Issue,4-cyl,Turbo Gas,Four Wheel Drive,,,,,
2014,Ford,Escape Titanium,13998,70000,23 city/32 hwy,Automatic,Red/Black,3 Owners,No flood or frame damage,No odometer problems,1FMCU0JX0EUB70173,CUV - Compact,Clean,No Issue,No Issue,No Open Recalls,No Issue,No Issue,No CPO Info Available,No Issue,4-cyl,Turbo Gas,Front Wheel Drive,,,,,
2017,Ford,Focus SE,14998,36000,30 city/40 hwy,Automatic,Gray/Black,1 Owner,No flood or frame damage,No odometer problems,1FADP3F2XHL300717,Car - Compact,Clean,No Issue,No Issue,No Open Recalls,No Issue,No Issue,No CPO Info Available,No Issue,4-cyl,Gas,Front Wheel Drive,,,,,
2013,Ford,Explorer XLT,13998,111000,17 city/24 hwy,Automatic,Red/Tan,1 Owner,No flood or frame damage,No odometer problems,1FM5K7D85DGA21749,CUV - Large,Clean,No Issue,No Issue,2 Open Recall(s),No Issue,No Issue,No CPO Info Available,No Issue,6-cyl,Gas,Front Wheel Drive,,,,,
2017,Ford,Escape Titanium,13998,104000,22 city/28 hwy,Automatic,Gold/Cream,2 Owners,No flood or frame damage,No odometer problems,1FMCU9J99HUD84170,CUV - Compact,Clean,No Issue,Moderate,No Open Recalls,No Issue,No Issue,No Recent CPO Reported,No Issue,4-cyl,Turbo Gas,Four Wheel Drive,,,,,
2014,Ford,Focus Titanium,13998,67000,26 city/37 hwy,Automatic,Gray/Black,3 Owners,No flood or frame damage,No odometer problems,1FADP3N26EL448442,Car - Midsize,Clean,No Issue,No Issue,No Open Recalls,No Issue,No Issue,No CPO Info Available,No Issue,4-cyl,Gas,Front Wheel Drive,,,,,
2014,Ford,Focus SE,12599,73000,26 city/36 hwy,Automatic,Silver/Black,2 Owners,No flood or frame damage,No odometer problems,1FADP3F25EL103370,Car - Compact,Clean,No Issue,No Issue,4 Open Recall(s),No Issue,No Issue,No CPO Info Available,No Issue,4-cyl,Gas,,,,,,
2017,Ford,Fusion Energi Titanium,15998,76000,,Automatic,Gray/Black,2 Owners,No flood or frame damage,No odometer problems,3FA6P0SU9HR226867,Car - Midsize,Clean,No Issue,Minor,No Open Recalls,No Issue,No Issue,No Recent CPO Reported,No Issue,,,,,,,,
2016,Ford,Escape SE,16998,31000,22 city/29 hwy,Automatic,Blue/Gray,2 Owners,No flood or frame damage,No odometer problems,1FMCU9GX8GUC47709,CUV - Compact,Clean,No Issue,No Issue,No Open Recalls,No Issue,No Issue,No CPO Info Available,No Issue,4-cyl,Turbo Gas,Four Wheel Drive,,,,,
2020,Ford,Fusion SE,20998,27000,20 city/29 hwy,Automatic,White/Black,1 Owner,No flood or frame damage,No odometer problems,3FA6P0T94LR178262,Car - Midsize,Clean,No Issue,No Issue,No Open Recalls,No Issue,No Issue,No CPO Info Available,No Issue,4-cyl,Turbo Gas,All Wheel Drive,,,,,
2016,Ford,Fiesta SE,11998,76000,28 city/36 hwy,Automatic,Silver/Black,1 Owner,No flood or frame damage,No odometer problems,3FADP4BJ2GM118221,Car - Subcompact,Clean,No Issue,Damage Reported,No Open Recalls,No Issue,No Issue,No CPO Info Available,No Issue,4-cyl,Gas,,,,,,
2017,Ford,Fiesta SE,13599,47000,27 city/35 hwy,Automatic,Silver/Black,3 Owners,No flood or frame damage,No odometer problems,3FADP4BJ1HM149610,Car - Subcompact,Clean,No Issue,Minor,No Open Recalls,No Issue,No Issue,No CPO Info Available,No Issue,4-cyl,Gas,,,,,,
2016,Ford,F150 Lariat,26998,98000,16 city/22 hwy,Automatic,Red/Black,1 Owner,No flood or frame damage,No odometer problems,1FTEW1EG6GFB89857,Pickup - Fullsize,Clean,No Issue,No Issue,No Open Recalls,No Issue,No Issue,No CPO Info Available,No Issue,6-cyl,Turbo Gas,Four Wheel Drive,,,,,
2020,Ford,Edge SEL,23998,21000,21 city/28 hwy,Automatic,Black/Black,1 Owner,No flood or frame damage,No odometer problems,2FMPK4J93LBB17003,CUV - Midsize,Clean,No Issue,Damage Reported,No Open Recalls,No Issue,No Issue,OEM-Certified,No Issue,4-cyl,Turbo Gas,All Wheel Drive,,,,,
2016,Ford,Focus SE,14599,45000,26 city/36 hwy,Automatic,Gray/Black,2 Owners,No flood or frame damage,No odometer problems,1FADP3K2XGL329798,Car - Midsize,Clean,No Issue,No Issue,No Open Recalls,No Issue,No Issue,No Recent CPO Reported,No Issue,4-cyl,Gas,,,,,,
2015,Ford,Fusion SE,14998,67000,22 city/34 hwy,Automatic,White/Black,3 Owners,No flood or frame damage,No odometer problems,1FA6P0H72F5121315,Car - Midsize,Clean,No Issue,No Issue,No Open Recalls,No Issue,No Issue,No CPO Info Available,No Issue,4-cyl,Gas,Front Wheel Drive,,,,,
2016,Ford,Escape SE,13998,110000,22 city/29 hwy,Automatic,Blue/Gray,4 Owners,No flood or frame damage,No odometer problems,1FMCU9G99GUC68554,CUV - Compact,Clean,No Issue,No Issue,No Open Recalls,No Issue,No Issue,No CPO Info Available,No Issue,4-cyl,Turbo Gas,Four Wheel Drive,,,,,
2012,Ford,Taurus SHO,14998,95000,17 city/25 hwy,Automatic,White/Black,2 Owners,No flood or frame damage,No odometer problems,1FAHP2KT3CG142815,Car - Midsize,Clean,No Issue,No Issue,No Open Recalls,No Issue,No Issue,No CPO Info Available,No Issue,6-cyl,Turbo Gas,All Wheel Drive,,,,,
2016,Ford,Explorer XLT,20998,70000,16 city/23 hwy,Automatic,Black/Black,3 Owners,No flood or frame damage,No odometer problems,1FM5K8D88GGC27383,CUV - Large,Clean,No Issue,Minor,1 Open Recall(s),No Issue,No Issue,No CPO Info Available,No Issue,6-cyl,Gas,Four Wheel Drive,,,,,
2018,Ford,Edge SEL,17998,78000,20 city/27 hwy,Automatic,Black/Gray,3 Owners,No flood or frame damage,No odometer problems,2FMPK4J94JBC36160,CUV - Midsize,Clean,No Issue,No Issue,No Open Recalls,No Issue,No Issue,No CPO Info Available,No Issue,4-cyl,Turbo Gas,All Wheel Drive,,,,,
2019,Ford,Ranger Lariat,30998,23000,21 city/26 hwy,Automatic,Blue/Black,2 Owners,No flood or frame damage,No odometer problems,1FTER4EH2KLA92733,Pickup - Midsize,Clean,No Issue,No Issue,No Open Recalls,No Issue,No Issue,No CPO Info Available,No Issue,4-cyl,Turbo Gas,Rear Wheel Drive,5 ft,,,,
2014,Ford,Edge Limited,13998,91000,19 city/27 hwy,Automatic,Gray/Black,3 Owners,No flood or frame damage,No odometer problems,2FMDK3KCXEBA25445,CUV - Midsize,Clean,No Issue,No Issue,No Open Recalls,No Issue,No Issue,No CPO Info Available,No Issue,6-cyl,Gas,Front Wheel Drive,,,,,
2023,Ford,F150 XLT,46998,27000,17 city/22 hwy,Automatic,Black/Black,1 Owner,No flood or frame damage,No odometer problems,1FTFW1E53PFA70702,Pickup - Fullsize,Clean,No Issue,No Issue,No Open Recalls,No Issue,No Issue,No CPO Info Available,No Issue,8-cyl,Gas,Four Wheel Drive,5.5 ft,,,,
2018,Ford,Fiesta SE,14998,21000,27 city/35 hwy,Automatic,Black/Black,1 Owner,No flood or frame damage,No odometer problems,3FADP4BJ4JM111097,Car - Subcompact,Clean,No Issue,No Issue,No Open Recalls,No Issue,No Issue,No CPO Info Available,No Issue,4-cyl,Gas,Front Wheel Drive,,,,,
2014,Ford,Explorer XLT,16998,88000,17 city/23 hwy,Automatic,Gray/Black,2 Owners,No flood or frame damage,No odometer problems,1FM5K8D81EGA83981,CUV - Large,Clean,No Issue,No Issue,1 Open Recall(s),No Issue,No Issue,No CPO Info Available,No Issue,6-cyl,Gas,Four Wheel Drive,,,,,
2018,Ford,Escape SE,14599,94000,22 city/28 hwy,Automatic,Copper/Gray,2 Owners,No flood or frame damage,No odometer problems,1FMCU9GD7JUB78220,CUV - Compact,Clean,No Issue,No Issue,1 Open Recall(s),No Issue,No Issue,No CPO Info Available,No Issue,4-cyl,Turbo Gas,Four Wheel Drive,,,,,
2020,Ford,Explorer ST,37998,35000,18 city/24 hwy,Automatic,Black/Black,2 Owners,No flood or frame damage,No odometer problems,1FM5K8GC2LGA01186,CUV - Large,Clean,No Issue,No Issue,No Open Recalls,No Issue,No Issue,No CPO Info Available,No Issue,6-cyl,Turbo Gas,Four Wheel Drive,,,,,
2021,Ford,Escape SE,21998,36000,26 city/31 hwy,Automatic,White/Black,1 Owner,No flood or frame damage,No odometer problems,1FMCU9G66MUB33551,CUV - Midsize,Clean,No Issue,No Issue,No Open Recalls,No Issue,No Issue,No CPO Info Available,No Issue,3-cyl,Turbo Gas,All Wheel Drive,,,,,
2023,Ford,F150 XLT,34998,33000,20 city/26 hwy,Automatic,White/Black,1 Owner,No flood or frame damage,No odometer problems,1FTEW1CP0PKD24518,Pickup - Fullsize,Clean,No Issue,No Issue,No Open Recalls,No Issue,No Issue,No CPO Info Available,No Issue,6-cyl,Turbo Gas,Rear Wheel Drive,6.5 ft,,,,
2018,Ford,Edge SEL,19998,47000,20 city/27 hwy,Automatic,Gray/Black,2 Owners,No flood or frame damage,No odometer problems,2FMPK4J98JBB02431,CUV - Midsize,Clean,No Issue,No Issue,No Open Recalls,No Issue,No Issue,No CPO Info Available,No Issue,4-cyl,Turbo Gas,All Wheel Drive,,,,,
2021,Ford,Explorer ST,43998,23000,18 city/24 hwy,Automatic,Blue/Black,1 Owner,No flood or frame damage,No odometer problems,1FM5K8GC8MGA38082,CUV - Large,Clean,No Issue,No Issue,No Open Recalls,No Issue,No Issue,No CPO Info Available,No Issue,6-cyl,Turbo Gas,Four Wheel Drive,,,,,
2018,Ford,EcoSport SE,14998,67000,27 city/29 hwy,Automatic,Gray/Black,2 Owners,No flood or frame damage,No odometer problems,MAJ3P1TE5JC160564,CUV - Compact,Clean,No Issue,No Issue,1 Open Recall(s),No Issue,No Issue,No CPO Info Available,No Issue,3-cyl,Turbo Gas,Front Wheel Drive,,,,,
2019,Ford,Escape Titanium,20998,52000,21 city/27 hwy,Automatic,Red/Tan,1 Owner,No flood or frame damage,No odometer problems,1FMCU9J96KUA30436,CUV - Compact,Clean,No Issue,No Issue,No Open Recalls,No Issue,No Issue,No CPO Info Available,No Issue,,,,,,,,
2020,Ford,EcoSport SE,17998,32000,23 city/29 hwy,Automatic,Blue/Black,1 Owner,No flood or frame damage,No odometer problems,MAJ6S3GL0LC387339,CUV - Compact,Clean,No Issue,Minor,No Open Recalls,No Issue,No Issue,No CPO Info Available,No Issue,4-cyl,Gas,Four Wheel Drive,,,,,
2020,Ford,Mustang GT Premium,37998,22000,15 city/24 hwy,Manual 6 Speed,Blue/Black,2 Owners,No flood or frame damage,No odometer problems,1FA6P8CF5L5123858,Sport Car - Subcompact,Clean,No Issue,No Issue,No Open Recalls,No Issue,No Issue,OEM-Certified,No Issue,8-cyl,Gas,Rear Wheel Drive,,,,,
2015,Ford,Explorer Sport,19998,93000,16 city/22 hwy,Automatic,Gray/Black,2 Owners,No flood or frame damage,No odometer problems,1FM5K8GT7FGC22190,CUV - Large,Clean,No Issue,No Issue,2 Open Recall(s),No Issue,No Issue,No CPO Info Available,No Issue,6-cyl,Turbo Gas,Four Wheel Drive,,,,,
2022,Ford,Explorer XLT,35998,20000,20 city/26 hwy,Automatic,Silver/Black,1 Owner,No flood or frame damage,No odometer problems,1FMSK8DH8NGC50291,CUV - Large,Clean,No Issue,No Issue,No Open Recalls,No Issue,No Issue,No CPO Info Available,No Issue,4-cyl,Turbo Gas,Four Wheel Drive,,,,,
2021,Ford,Bronco Sport Big Bend,26998,35000,25 city/28 hwy,Automatic,Black/Black,1 Owner,No flood or frame damage,No odometer problems,3FMCR9B66MRB22890,SUV - Compact,Clean,No Issue,No Issue,No Open Recalls,No Issue,No Issue,No CPO Info Available,No Issue,4-cyl,Turbo Gas,Four Wheel Drive,,,,,
2022,Ford,Escape SE,23998,6000,26 city/31 hwy,Automatic,Red/Gray,1 Owner,No flood or frame damage,No odometer problems,1FMCU9G65NUA23527,CUV - Midsize,Clean,No Issue,No Issue,No Open Recalls,No Issue,No Issue,No CPO Info Available,No Issue,3-cyl,Turbo Gas,All Wheel Drive,,,,,
2014,Ford,Fusion SE,12599,97000,22 city/34 hwy,Automatic,Silver/Black,4 Owners,No flood or frame damage,No odometer problems,3FA6P0H72ER334938,Car - Midsize,Clean,No Issue,No Issue,No Open Recalls,No Issue,No Issue,No CPO Info Available,No Issue,4-cyl,Gas,Front Wheel Drive,,,,,
2017,Ford,Focus RS,30998,58000,19 city/25 hwy,Manual 6 Speed,Black/Black,2 Owners,No flood or frame damage,No odometer problems,WF0DP3TH3H4119579,Car - Midsize,Clean,No Issue,Minor,No Open Recalls,No Issue,No Issue,No CPO Info Available,No Issue,,,,,,,,
2021,Ford,Bronco Sport Badlands,28998,26000,21 city/26 hwy,Automatic,Black/Black,1 Owner,No flood or frame damage,No odometer problems,3FMCR9D97MRB38992,SUV - Compact,Clean,No Issue,No Issue,1 Open Recall(s),No Issue,No Issue,No CPO Info Available,No Issue,4-cyl,Turbo Gas,Four Wheel Drive,,,,,
2018,Ford,EcoSport Titanium,18998,18000,23 city/29 hwy,Automatic,White/Black,1 Owner,No flood or frame damage,No odometer problems,MAJ6P1WL0JC183712,CUV - Compact,Clean,No Issue,No Issue,No Open Recalls,No Issue,No Issue,No CPO Info Available,No Issue,4-cyl,Gas,Four Wheel Drive,,,,,
2023,Ford,F150 Lightning XLT,48998,5000,,,Gray/Black,1 Owner,No flood or frame damage,No odometer problems,1FTVW1EL6PWG59625,Pickup - Fullsize,Clean,No Issue,No Issue,No Open Recalls,No Issue,No Issue,No CPO Info Available,No Issue,,,All Wheel Drive,5.5 ft,240 miles,76 city/61 hwy,Electric,11.9 hours
2022,Ford,Escape Hybrid SEL,25998,29000,,Automatic,Silver/Black,1 Owner,No flood or frame damage,No odometer problems,1FMCU9CZ0NUA27470,CUV - Midsize,Clean,No Issue,No Issue,No Open Recalls,No Issue,No Issue,No CPO Info Available,No Issue,4-cyl,Hybrid,All Wheel Drive,,,,,
2022,Ford,F150 Lightning Lariat,51998,21000,,,Gray/Black,1 Owner,No flood or frame damage,No odometer problems,1FTVW1EL4NWG15605,Pickup - Fullsize,Clean,No Issue,No Issue,No Open Recalls,No Issue,No Issue,No CPO Info Available,No Issue,,,All Wheel Drive,5.5 ft,230 miles,76 city/61 hwy,Electric,11.9 hours
2017,Ford,Fusion Energi SE,14599,85000,,,Silver/Black,2 Owners,No flood or frame damage,No odometer problems,3FA6P0PU3HR160857,Car - Midsize,Clean,No Issue,Damage Reported,No Open Recalls,No Issue,No Issue,No CPO Info Available,No Issue,4-cyl,Plug-in Hybrid,Front Wheel Drive,,21 miles,,,
2024,Ford,Maverick XLT,33998,1000,22 city/29 hwy,Automatic,Silver/Gray,1 Owner,No flood or frame damage,No odometer problems,3FTTW8J95RRA00905,Pickup - Compact,Clean,No Issue,No Issue,1 Open Recall(s),No Issue,No Issue,No CPO Info Available,No Issue,4-cyl,Turbo Gas,All Wheel Drive,4.5 ft,,,,
2022,Ford,Explorer ST,40998,38000,18 city/24 hwy,Automatic,Silver/Black,1 Owner,No flood or frame damage,No odometer problems,1FM5K8GC6NGA21542,CUV - Large,Clean,No Issue,No Issue,No Open Recalls,No Issue,No Issue,No CPO Info Available,No Issue,6-cyl,Turbo Gas,Four Wheel Drive,,,,,
2019,Ford,EcoSport Titanium,17998,54000,23 city/29 hwy,Automatic,Gray/Black,2 Owners,No flood or frame damage,No odometer problems,MAJ6S3KL3KC281912,CUV - Compact,Clean,No Issue,Damage Reported,No Open Recalls,No Issue,No Issue,No CPO Info Available,No Issue,4-cyl,Gas,Four Wheel Drive,,,,,
2018,Ford,EcoSport SE,15998,24000,27 city/29 hwy,Automatic,Black/Gray,1 Owner,No flood or frame damage,No odometer problems,MAJ3P1TE1JC220839,CUV - Compact,Clean,No Issue,No Issue,1 Open Recall(s),No Issue,No Issue,No CPO Info Available,No Issue,3-cyl,Turbo Gas,Front Wheel Drive,,,,,
2017,Ford,Escape SE,14998,78000,22 city/28 hwy,Automatic,Tan/Gray,3 Owners,No flood or frame damage,No odometer problems,1FMCU9GD4HUB76435,CUV - Compact,Clean,No Issue,Minor,No Open Recalls,No Issue,No Issue,No CPO Info Available,No Issue,4-cyl,Turbo Gas,Four Wheel Drive,,,,,
2022,Ford,Expedition Max Limited,48998,60000,16 city/23 hwy,Automatic,Black/Brown,1 Owner,No flood or frame damage,No odometer problems,1FMJK1KT9NEA30213,SUV - Large,Clean,No Issue,No Issue,No Open Recalls,No Issue,No Issue,No CPO Info Available,No Issue,6-cyl,Turbo Gas,Rear Wheel Drive,,,,,
2020,Ford,F150 XL,29998,45000,19 city/24 hwy,Automatic,Silver/Black,1 Owner,No flood or frame damage,No odometer problems,1FTEX1EP0LKE32903,Pickup - Fullsize,Clean,No Issue,Minor,No Open Recalls,No Issue,No Issue,No CPO Info Available,No Issue,6-cyl,Turbo Gas,Four Wheel Drive,6.5 ft,,,,
2016,Ford,Fusion Energi SE,14599,76000,40 city/36 hwy,,Gray/Black,2 Owners,No flood or frame damage,No odometer problems,3FA6P0PU4GR237119,Car - Midsize,Clean,No Issue,No Issue,No Open Recalls,No Issue,No Issue,No CPO Info Available,No Issue,4-cyl,Plug-in Hybrid,Front Wheel Drive,,21 miles,,,
2016,Ford,Expedition EL Limited,29998,58000,14 city/20 hwy,Automatic,Gray/Black,2 Owners,No flood or frame damage,No odometer problems,1FMJK2AT9GEF21813,SUV - Large,Clean,No Issue,No Issue,No Open Recalls,No Issue,No Issue,No CPO Info Available,No Issue,6-cyl,Turbo Gas,Four Wheel Drive,,,,,
2018,Ford,Fiesta SE,14599,44000,27 city/35 hwy,Automatic,Gray/Black,2 Owners,No flood or frame damage,No odometer problems,3FADP4BJ7JM119453,Car - Subcompact,Clean,No Issue,No Issue,No Open Recalls,No Issue,No Issue,No CPO Info Available,No Issue,4-cyl,Gas,,,,,,
2014,Ford,Fusion SE,13998,77000,22 city/34 hwy,Automatic,Red/Tan,3 Owners,No flood or frame damage,No odometer problems,3FA6P0H76ER335025,Car - Midsize,Clean,No Issue,No Issue,1 Open Recall(s),No Issue,No Issue,No CPO Info Available,No Issue,4-cyl,Gas,Front Wheel Drive,,,,,
2016,Ford,Focus SE,15998,18000,26 city/36 hwy,Automatic,Gray/Black,2 Owners,No flood or frame damage,No odometer problems,1FADP3K22GL313904,Car - Midsize,Clean,No Issue,No Issue,2 Open Recall(s),No Issue,No Issue,No CPO Info Available,No Issue,4-cyl,Gas,,,,,,
2020,Ford,Escape SE,15998,85000,26 city/31 hwy,Automatic,Gray/Black,1 Owner,No flood or frame damage,No odometer problems,1FMCU9G6XLUC51116,CUV - Midsize,Clean,No Issue,No Issue,No Open Recalls,No Issue,No Issue,No CPO Info Available,No Issue,3-cyl,Turbo Gas,All Wheel Drive,,,,,
2022,Ford,Maverick XLT,28998,34000,,Automatic,Blue/Black,1 Owner,No flood or frame damage,No odometer problems,3FTTW8E39NRA63330,Pickup - Compact,Clean,No Issue,No Issue,2 Open Recall(s),No Issue,No Issue,No CPO Info Available,No Issue,4-cyl,Hybrid,Front Wheel Drive,4.5 ft,,,,
2019,Ford,Escape SE,19998,32000,22 city/28 hwy,Automatic,Blue/Gray,1 Owner,No flood or frame damage,No odometer problems,1FMCU9GD8KUA50702,CUV - Compact,Clean,No Issue,No Issue,No Open Recalls,No Issue,No Issue,No CPO Info Available,No Issue,4-cyl,Turbo Gas,Four Wheel Drive,,,,,
2014,Ford,Fusion Energi Titanium,13998,105000,40 city/36 hwy,,Gray/Tan,2 Owners,No flood or frame damage,No odometer problems,3FA6P0SU7ER329930,Car - Midsize,Clean,No Issue,No Issue,No Open Recalls,No Issue,No Issue,No CPO Info Available,No Issue,4-cyl,Plug-in Hybrid,Front Wheel Drive,,20 miles,95 city/81 hwy,,
2019,Ford,F150 XL,31998,53000,19 city/24 hwy,Automatic,White/Black,1 Owner,No flood or frame damage,No odometer problems,1FTEW1EP9KKE45635,Pickup - Fullsize,Clean,No Issue,No Issue,No Open Recalls,No Issue,No Issue,No CPO Info Available,No Issue,6-cyl,Turbo Gas,Four Wheel Drive,5.5 ft,,,,
2015,Ford,Explorer Sport,20998,83000,16 city/22 hwy,Automatic,Red/Black,3 Owners,No flood or frame damage,No odometer problems,1FM5K8GT0FGC36884,CUV - Large,Clean,No Issue,No Issue,1 Open Recall(s),No Issue,No Issue,No Recent CPO Reported,No Issue,6-cyl,Turbo Gas,Four Wheel Drive,,,,,
2017,Ford,Escape SE,13998,103000,22 city/28 hwy,Automatic,White/Gray,1 Owner,No flood or frame damage,No odometer problems,1FMCU9GD0HUE62301,CUV - Compact,Clean,No Issue,No Issue,No Open Recalls,No Issue,No Issue,No CPO Info Available,No Issue,4-cyl,Turbo Gas,Four Wheel Drive,,,,,
2019,Ford,F150 XLT,33998,48000,16 city/22 hwy,Automatic,Gray/Gray,2 Owners,No flood or frame damage,No odometer problems,1FTEW1E59KFA48627,Pickup - Fullsize,Clean,No Issue,No Issue,No Open Recalls,No Issue,No Issue,No CPO Info Available,No Issue,8-cyl,Gas,Four Wheel Drive,,,,,
2014,Ford,Fusion Titanium,15998,59000,22 city/31 hwy,Automatic,Red/Black,1 Owner,No flood or frame damage,No odometer problems,3FA6P0D92ER223572,Car - Midsize,Clean,No Issue,No Issue,No Open Recalls,No Issue,No Issue,No CPO Info Available,No Issue,4-cyl,Turbo Gas,All Wheel Drive,,,,,
2022,Ford,F250 Platinum,74998,18000,Not available,Automatic,Black/Black,3 Owners,No flood or frame damage,No odometer problems,1FT8W2BT8NEE64006,Pickup - Fullsize,Clean,No Issue,No Issue,No Open Recalls,No Issue,No Issue,No CPO Info Available,No Issue,8-cyl,Turbo Diesel,Four Wheel Drive,8 ft,,,,
2020,Ford,Escape Hybrid Titanium,26998,22000,43 city/37 hwy,Automatic,White/Tan,1 Owner,No flood or frame damage,No odometer problems,1FMCU9DZ6LUA89550,CUV - Midsize,Clean,No Issue,Minor,1 Open Recall(s),No Issue,No Issue,No CPO Info Available,No Issue,4-cyl,Hybrid,All Wheel Drive,,,,,
2013,Ford,Edge SEL,15998,46000,18 city/25 hwy,Automatic,Brown/Black,1 Owner,No flood or frame damage,No odometer problems,2FMDK4JC1DBB93500,CUV - Midsize,Clean,No Issue,No Issue,No Open Recalls,No Issue,No Issue,No CPO Info Available,No Issue,6-cyl,Gas,All Wheel Drive,,,,,
2014,Ford,Edge Limited,14998,119000,18 city/25 hwy,Automatic,Blue/Tan,1 Owner,No flood or frame damage,No odometer problems,2FMDK4KC5EBA32177,CUV - Midsize,Clean,No Issue,Damage Reported,No Open Recalls,No Issue,No Issue,No CPO Info Available,No Issue,6-cyl,Gas,All Wheel Drive,,,,,
2017,Ford,Edge SE,16998,62000,20 city/27 hwy,Automatic,Silver/Black,2 Owners,No flood or frame damage,No odometer problems,2FMPK4G96HBC13867,CUV - Midsize,Clean,No Issue,No Issue,No Open Recalls,No Issue,No Issue,No CPO Info Available,No Issue,4-cyl,Turbo Gas,All Wheel Drive,,,,,
2021,Ford,Explorer ST,38998,31000,18 city/24 hwy,Automatic,Gray/Black,1 Owner,No flood or frame damage,No odometer problems,1FM5K8GC0MGA73148,CUV - Large,Clean,No Issue,No Issue,No Open Recalls,No Issue,No Issue,No CPO Info Available,No Issue,6-cyl,Turbo Gas,Four Wheel Drive,,,,,
2018,Ford,Edge Titanium,16998,110000,20 city/27 hwy,Automatic,Black/Brown,2 Owners,No flood or frame damage,No odometer problems,2FMPK4K8XJBC14881,CUV - Midsize,Clean,No Issue,No Issue,2 Open Recall(s),No Issue,No Issue,No CPO Info Available,No Issue,4-cyl,Turbo Gas,All Wheel Drive,,,,,
2020,Ford,F150 XLT,32998,49000,15 city/21 hwy,Automatic,Red/Gray,2 Owners,No flood or frame damage,No odometer problems,1FTEW1E56LFA72949,Pickup - Fullsize,Clean,No Issue,Damage Reported,No Open Recalls,No Issue,No Issue,No CPO Info Available,No Issue,8-cyl,Gas,Four Wheel Drive,,,,,
2021,Ford,Bronco Sport Big Bend,27998,14000,25 city/28 hwy,Automatic,White/Black,1 Owner,No flood or frame damage,No odometer problems,3FMCR9B61MRA64753,SUV - Compact,Clean,No Issue,No Issue,1 Open Recall(s),No Issue,No Issue,No CPO Info Available,No Issue,3-cyl,Turbo Gas,Four Wheel Drive,,,,,
2017,Ford,Escape SE,14998,73000,23 city/30 hwy,Automatic,White/Gray,2 Owners,No flood or frame damage,No odometer problems,1FMCU0GD1HUB68126,CUV - Compact,Clean,No Issue,No Issue,No Open Recalls,No Issue,No Issue,No CPO Info Available,No Issue,4-cyl,Turbo Gas,Front Wheel Drive,,,,,
2018,Ford,Edge SEL,19998,43000,20 city/27 hwy,Automatic,Blue/Black,2 Owners,No flood or frame damage,No odometer problems,2FMPK4J95JBC45563,CUV - Midsize,Clean,No Issue,Minor,No Open Recalls,No Issue,No Issue,No CPO Info Available,No Issue,4-cyl,Turbo Gas,All Wheel Drive,,,,,
2023,Ford,Bronco Sport Big Bend,29998,16000,25 city/28 hwy,Automatic,Gray/Gray,2 Owners,No flood or frame damage,No odometer problems,3FMCR9B66PRD13018,SUV - Compact,Clean,No Issue,No Issue,No Open Recalls,No Issue,No Issue,No CPO Info Available,No Issue,3-cyl,Turbo Gas,Four Wheel Drive,,,,,
2018,Ford,Explorer XLT,17998,97000,16 city/22 hwy,Automatic,Silver/Gray,1 Owner,No flood or frame damage,No odometer problems,1FM5K8D86JGA29621,CUV - Large,Clean,No Issue,Minor,3 Open Recall(s),No Issue,No Issue,No CPO Info Available,No Issue,6-cyl,Gas,Four Wheel Drive,,,,,
2019,Ford,Edge SEL,20998,44000,21 city/28 hwy,Automatic,Blue/Tan,1 Owner,No flood or frame damage,No odometer problems,2FMPK4J90KBC14092,CUV - Midsize,Clean,No Issue,No Issue,No Open Recalls,No Issue,No Issue,No CPO Info Available,No Issue,4-cyl,Turbo Gas,All Wheel Drive,,,,,
2015,Ford,Escape SE,12998,108000,23 city/32 hwy,Automatic,Red/Gray,1 Owner,No flood or frame damage,No odometer problems,1FMCU0G73FUA49971,CUV - Compact,Clean,No Issue,Damage Reported,No Open Recalls,No Issue,No Issue,No CPO Info Available,No Issue,4-cyl,Gas,Front Wheel Drive,,,,,
2020,Ford,Explorer XLT,26998,54000,20 city/27 hwy,Automatic,Blue/Gray,4 Owners,No flood or frame damage,No odometer problems,1FMSK7DH9LGC86661,CUV - Large,Clean,No Issue,No Issue,No Open Recalls,No Issue,No Issue,OEM-Certified,No Issue,4-cyl,Turbo Gas,Four Wheel Drive,,,,,
2016,Ford,F150 XLT,24998,127000,15 city/21 hwy,Automatic,Red/Black,2 Owners,No flood or frame damage,No odometer problems,1FTEW1EF8GFD36459,Pickup - Fullsize,Clean,No Issue,Damage Reported,No Open Recalls,No Issue,No Issue,No CPO Info Available,No Issue,8-cyl,Gas,Four Wheel Drive,5.5 ft,,,,
2014,Ford,Fusion SE,12998,102000,22 city/34 hwy,Automatic,Red/Black,3 Owners,No flood or frame damage,No odometer problems,3FA6P0H75ER156989,Car - Midsize,Clean,No Issue,No Issue,No Open Recalls,No Issue,No Issue,No CPO Info Available,No Issue,4-cyl,Gas,Front Wheel Drive,,,,,
2020,Ford,Escape SE,18998,54000,26 city/31 hwy,Automatic,Blue/Gray,2 Owners,No flood or frame damage,No odometer problems,1FMCU9G6XLUB40324,CUV - Midsize,Clean,No Issue,No Issue,No Open Recalls,No Issue,No Issue,No CPO Info Available,No Issue,3-cyl,Turbo Gas,All Wheel Drive,,,,,
2019,Ford,F150 XLT,26998,81000,17 city/23 hwy,Automatic,Gray/Gray,1 Owner,No flood or frame damage,No odometer problems,1FTFX1E44KKD41772,Pickup - Fullsize,Clean,No Issue,Damage Reported,No Open Recalls,No Issue,No Issue,No CPO Info Available,No Issue,6-cyl,Turbo Gas,Four Wheel Drive,,,,,
2022,Ford,F250 XLT,42998,39000,Not available,Automatic,White/Black,1 Owner,No flood or frame damage,No odometer problems,1FT7W2B63NEG43060,Pickup - Fullsize,Clean,No Issue,Damage Reported,No Open Recalls,No Issue,No Issue,No CPO Info Available,No Issue,8-cyl,Gas,Four Wheel Drive,,,,,
2022,Ford,Explorer Platinum,41998,27000,18 city/24 hwy,Automatic,Gray/Tan,1 Owner,No flood or frame damage,No odometer problems,1FM5K8HC0NGB07461,CUV - Large,Clean,No Issue,Damage Reported,1 Open Recall(s),No Issue,No Issue,No CPO Info Available,No Issue,6-cyl,Turbo Gas,Four Wheel Drive,,,,,
2021,Ford,Explorer King Ranch,41998,36000,18 city/24 hwy,Automatic,Black/Brown,1 Owner,No flood or frame damage,No odometer problems,1FM5K8LC2MGB68560,CUV - Large,Clean,No Issue,No Issue,2 Open Recall(s),No Issue,No Issue,No CPO Info Available,No Issue,6-cyl,Turbo Gas,Four Wheel Drive,,,,,
2021,Ford,Explorer XLT,31998,36000,20 city/27 hwy,Automatic,Red/Black,1 Owner,No flood or frame damage,No odometer problems,1FMSK8DH7MGA81167,CUV - Large,Clean,No Issue,No Issue,No Open Recalls,No Issue,No Issue,No CPO Info Available,No Issue,4-cyl,Turbo Gas,Four Wheel Drive,,,,,
2022,Ford,F150 XLT,45998,18000,17 city/23 hwy,Automatic,Black/Black,1 Owner,No flood or frame damage,No odometer problems,1FTEW1EP1NFB50865,Pickup - Fullsize,Clean,No Issue,No Issue,2 Open Recall(s),No Issue,No Issue,No CPO Info Available,No Issue,6-cyl,Turbo Gas,Four Wheel Drive,5.5 ft,,,,
2021,Ford,F150 XLT,43998,38000,16 city/22 hwy,Automatic,Gray/Black,2 Owners,No flood or frame damage,No odometer problems,1FTFW1ED3MFB86002,Pickup - Fullsize,Clean,No Issue,No Issue,No Open Recalls,No Issue,No Issue,No CPO Info Available,No Issue,6-cyl,Turbo Hybrid,Four Wheel Drive,5.5 ft,,,,
2021,Ford,F150 XLT,33998,46000,18 city/24 hwy,Automatic,White/Black,3 Owners,No flood or frame damage,No odometer problems,1FTEX1EP8MKE37722,Pickup - Fullsize,Clean,No Issue,Damage Reported,1 Open Recall(s),No Issue,No Issue,No CPO Info Available,No Issue,6-cyl,Turbo Gas,Four Wheel Drive,6.5 ft,,,,
2017,Ford,Fiesta SE,12599,80000,27 city/35 hwy,Automatic,Black/Gray,5 Owners,No flood or frame damage,No odometer problems,3FADP4EJ8HM167887,Car - Subcompact,Clean,No Issue,No Issue,No Open Recalls,No Issue,No Issue,No CPO Info Available,No Issue,4-cyl,Gas,,,,,,
2020,Ford,Mustang GT,35998,7000,15 city/24 hwy,Automatic,Black/Black,1 Owner,No flood or frame damage,No odometer problems,1FA6P8CFXL5169184,Sport Car - Subcompact,Clean,No Issue,No Issue,No Open Recalls,No Issue,No Issue,No CPO Info Available,No Issue,8-cyl,Gas,,,,,,
2020,Ford,Escape SE,20998,45000,26 city/31 hwy,Automatic,Black/Gray,1 Owner,No flood or frame damage,No odometer problems,1FMCU9G64LUC72771,CUV - Midsize,Clean,No Issue,No Issue,No Open Recalls,No Issue,No Issue,No CPO Info Available,No Issue,3-cyl,Turbo Gas,All Wheel Drive,,,,,
