year,make,model,price,mileage,Miles per gallon,cylinders,fuel,Drive type,Transmission,Color,owner,frame_damage,Odometer_problem,VIN,class,State Title Brand,Auction Brand / Issues,Accident / Damage,Open Recall Check,Insurance Loss / Transfer,Odometer Check,Certified Pre-Owned,Service / Repair,Bed Length
2021,GMC,Yukon XL 1500 SLT,51998,65000,15 city/19 hwy,8-cyl,Gas,Four Wheel Drive,Automatic,Black/Black,1 Owner,No flood or frame damage,No odometer problems,1GKS2GKD0MR447591,SUV - Large,Clean,No Issue,Damage Reported,No Open Recalls,No Issue,No Issue,No CPO Info Available,No Issue,
2018,GMC,Canyon Denali,23998,118000,17 city/24 hwy,6-cyl,Gas,Four Wheel Drive,Automatic,Black/Black,2 Owners,No flood or frame damage,No odometer problems,1GTG6EEN3J1241268,Pickup - Midsize,Clean,No Issue,No Issue,No Open Recalls,No Issue,No Issue,No CPO Info Available,No Issue,6 ft
2019,GMC,Sierra 1500 SLE,33998,35000,15 city/21 hwy,8-cyl,Gas,Four Wheel Drive,Automatic,Blue/Black,1 Owner,No flood or frame damage,No odometer problems,1GTR9BED5KZ253611,Pickup - Fullsize,Clean,No Issue,Minor,No Open Recalls,No Issue,No Issue,No CPO Info Available,No Issue,6.5 ft
2019,GMC,Sierra 1500 AT4,43998,42000,15 city/19 hwy,,,,Automatic,Black/Black,1 Owner,No flood or frame damage,No odometer problems,3GTP9EEDXKG233458,Pickup - Fullsize,Clean,No Issue,No Issue,No Open Recalls,No Issue,No Issue,No CPO Info Available,No Issue,5.5 ft
2021,GMC,Terrain SLT,23998,37000,26 city/30 hwy,4-cyl,Turbo Gas,Front Wheel Drive,Automatic,Black/Black,1 Owner,No flood or frame damage,No odometer problems,3GKALPEV1ML350775,CUV - Midsize,Clean,No Issue,Damage Reported,1 Open Recall(s),No Issue,No Issue,No CPO Info Available,No Issue,
2023,GMC,Sierra 1500 Elevation,43998,11000,18 city/20 hwy,4-cyl,Turbo Gas,Four Wheel Drive,Automatic,White/Black,1 Owner,No flood or frame damage,No odometer problems,3GTPUCEK3PG101344,Pickup - Fullsize,Clean,No Issue,No Issue,No Open Recalls,No Issue,No Issue,No CPO Info Available,No Issue,5.5 ft
2020,GMC,Terrain SLE,21998,60000,24 city/28 hwy,,,,Automatic,Black/Black,2 Owners,No flood or frame damage,No odometer problems,3GKALTEV5LL229223,CUV - Midsize,Clean,No Issue,No Issue,No Open Recalls,No Issue,No Issue,OEM-Certified,No Issue,
2018,GMC,Sierra 1500 Denali,38998,58000,15 city/20 hwy,8-cyl,Gas,Four Wheel Drive,Automatic,White/Black,1 Owner,No flood or frame damage,No odometer problems,3GTU2PEJ6JG441859,Pickup - Fullsize,Clean,No Issue,No Issue,No Open Recalls,No Issue,No Issue,No CPO Info Available,No Issue,6.5 ft
2019,GMC,Acadia SLT,23998,50000,18 city/25 hwy,6-cyl,Gas,Front Wheel Drive,Automatic,Black/Gray,2 Owners,No flood or frame damage,No odometer problems,1GKKNMLS6KZ184037,CUV - Midsize,Clean,No Issue,No Issue,No Open Recalls,No Issue,No Issue,No CPO Info Available,No Issue,
2023,GMC,Sierra 1500 SLE,41998,5000,18 city/20 hwy,4-cyl,Turbo Gas,Four Wheel Drive,Automatic,Blue/Black,1 Owner,No flood or frame damage,No odometer problems,1GTRUBEK4PZ146828,Pickup - Fullsize,Clean,No Issue,No Issue,No Open Recalls,No Issue,No Issue,No CPO Info Available,No Issue,6.5 ft
2016,GMC,Sierra 1500 SLE,26998,60000,17 city/22 hwy,8-cyl,Gas,Four Wheel Drive,Automatic,White/Gray,3 Owners,No flood or frame damage,No odometer problems,1GTV2MEC5GZ192127,Pickup - Fullsize,Clean,No Issue,No Issue,No Open Recalls,No Issue,No Issue,No CPO Info Available,No Issue,6.5 ft
2019,GMC,Terrain SLE,19998,69000,24 city/28 hwy,4-cyl,Turbo Gas,All Wheel Drive,Automatic,Gray/Black,1 Owner,No flood or frame damage,No odometer problems,3GKALTEV5KL153422,CUV - Midsize,Clean,No Issue,No Issue,No Open Recalls,No Issue,No Issue,No CPO Info Available,No Issue,
2017,GMC,Acadia Limited ,27998,15000,15 city/22 hwy,6-cyl,Gas,All Wheel Drive,Automatic,Blue/Black,1 Owner,No flood or frame damage,No odometer problems,1GKKVSKD6HJ156799,CUV - Midsize,Clean,No Issue,No Issue,1 Open Recall(s),No Issue,No Issue,No CPO Info Available,No Issue,
2014,GMC,Acadia SLE,19998,46000,16 city/23 hwy,6-cyl,Gas,All Wheel Drive,Automatic,White/Black,1 Owner,No flood or frame damage,No odometer problems,1GKKVPKD3EJ259252,CUV - Large,Clean,No Issue,Moderate,1 Open Recall(s),No Issue,No Issue,No CPO Info Available,No Issue,
2020,GMC,Terrain SLE,20998,51000,26 city/30 hwy,,,,Automatic,Silver/Black,2 Owners,No flood or frame damage,No odometer problems,3GKALMEV8LL200093,CUV - Midsize,Clean,No Issue,Minor,No Open Recalls,No Issue,No Issue,No Recent CPO Reported,No Issue,
2018,GMC,Terrain Denali,19998,90000,21 city/26 hwy,4-cyl,Turbo Gas,All Wheel Drive,Automatic,Black/Tan,1 Owner,No flood or frame damage,No odometer problems,3GKALXEX6JL214347,CUV - Midsize,Clean,No Issue,No Issue,No Open Recalls,No Issue,No Issue,No CPO Info Available,No Issue,
2018,GMC,Sierra 1500 SLT,27998,123000,16 city/22 hwy,8-cyl,Gas,Four Wheel Drive,Automatic,White/Brown,1 Owner,No flood or frame damage,No odometer problems,3GTU2NEC7JG162751,Pickup - Fullsize,Clean,No Issue,Moderate,No Open Recalls,No Issue,No Issue,No CPO Info Available,No Issue,5.5 ft
2021,GMC,Acadia SLE,26998,32000,21 city/27 hwy,4-cyl,Gas,Front Wheel Drive,Automatic,White/Black,1 Owner,No flood or frame damage,No odometer problems,1GKKNKLA8MZ118703,CUV - Midsize,Clean,No Issue,No Issue,No Open Recalls,No Issue,No Issue,No CPO Info Available,No Issue,
2018,GMC,Sierra 1500 ,24998,36000,18 city/24 hwy,6-cyl,Gas,Rear Wheel Drive,Automatic,Blue/Gray,2 Owners,No flood or frame damage,No odometer problems,1GTN1LEH1JZ140882,Pickup - Fullsize,Clean,No Issue,No Issue,No Open Recalls,No Issue,No Issue,No CPO Info Available,No Issue,8 ft
2022,GMC,Sierra 1500 Limited Elevation,38998,55000,15 city/19 hwy,8-cyl,Gas,Four Wheel Drive,Automatic,White/Black,1 Owner,No flood or frame damage,No odometer problems,1GTR9CED1NZ187701,Pickup - Fullsize,Clean,No Issue,No Issue,No Open Recalls,No Issue,No Issue,No CPO Info Available,No Issue,6.5 ft
2022,GMC,Terrain SLT,26998,25000,25 city/26 hwy,4-cyl,Turbo Gas,All Wheel Drive,Automatic,White/Black,1 Owner,No flood or frame damage,No odometer problems,3GKALVEV3NL116742,CUV - Midsize,Clean,No Issue,No Issue,No Open Recalls,No Issue,No Issue,No CPO Info Available,No Issue,
2019,GMC,Terrain SLE,19998,53000,24 city/28 hwy,4-cyl,Turbo Gas,All Wheel Drive,Automatic,Black/Black,2 Owners,No flood or frame damage,No odometer problems,3GKALTEV9KL336970,CUV - Midsize,Clean,No Issue,Damage Reported,No Open Recalls,No Issue,No Issue,No CPO Info Available,No Issue,
2018,GMC,Acadia SLT,23998,46000,17 city/25 hwy,6-cyl,Gas,All Wheel Drive,Automatic,Silver/Black,1 Owner,No flood or frame damage,No odometer problems,1GKKNULS0JZ195646,CUV - Midsize,Clean,No Issue,No Issue,No Open Recalls,No Issue,No Issue,No CPO Info Available,No Issue,
2013,GMC,Terrain Denali,19998,31000,16 city/23 hwy,6-cyl,Gas,All Wheel Drive,Automatic,Black/Black,1 Owner,No flood or frame damage,No odometer problems,2GKFLZE30D6364039,CUV - Midsize,Clean,No Issue,No Issue,No Open Recalls,No Issue,No Issue,No CPO Info Available,No Issue,
2022,GMC,Sierra 1500 Elevation,43998,18000,17 city/20 hwy,4-cyl,Turbo Gas,Four Wheel Drive,Automatic,White/Black,2 Owners,No flood or frame damage,No odometer problems,3GTPUCEK5NG682018,Pickup - Fullsize,Clean,No Issue,No Issue,No Open Recalls,No Issue,No Issue,No CPO Info Available,No Issue,6.5 ft
2017,GMC,Terrain Denali,20998,53000,20 city/28 hwy,4-cyl,Gas,All Wheel Drive,Automatic,White/Black,2 Owners,No flood or frame damage,No odometer problems,2GKFLVEK5H6305722,CUV - Midsize,Clean,No Issue,Minor,1 Open Recall(s),No Issue,No Issue,No CPO Info Available,No Issue,
2020,GMC,Sierra 2500 ,35998,71000,Not available,8-cyl,Gas,Four Wheel Drive,Automatic,White/Black,2 Owners,No flood or frame damage,No odometer problems,1GT39LE72LF267703,Pickup - Fullsize,Clean,No Issue,No Issue,No Open Recalls,No Issue,No Issue,No CPO Info Available,No Issue,8 ft
2018,GMC,Sierra 1500 SLT,30998,98000,16 city/22 hwy,8-cyl,Gas,Four Wheel Drive,Automatic,Black/Black,2 Owners,No flood or frame damage,No odometer problems,3GTU2NEJ5JG173388,Pickup - Fullsize,Clean,No Issue,No Issue,No Open Recalls,No Issue,No Issue,No CPO Info Available,No Issue,5.5 ft
2018,GMC,Yukon Denali,38998,74000,14 city/22 hwy,8-cyl,Gas,Four Wheel Drive,Automatic,Black/Black,2 Owners,No flood or frame damage,No odometer problems,1GKS2CKJ6JR341074,SUV - Large,Clean,No Issue,No Issue,No Open Recalls,No Issue,No Issue,No CPO Info Available,No Issue,
2018,GMC,Acadia Denali,24998,72000,17 city/25 hwy,6-cyl,Gas,All Wheel Drive,Automatic,Black/Black,1 Owner,No flood or frame damage,No odometer problems,1GKKNXLS4JZ135712,CUV - Midsize,Clean,No Issue,Minor,No Open Recalls,No Issue,No Issue,No CPO Info Available,No Issue,
2021,GMC,Sierra 1500 SLT,48998,24000,16 city/22 hwy,,,,Automatic,Brown/Black,1 Owner,No flood or frame damage,No odometer problems,1GTU9DED2MZ161946,Pickup - Fullsize,Clean,No Issue,No Issue,No Open Recalls,No Issue,No Issue,No CPO Info Available,No Issue,6.5 ft
2019,GMC,Acadia Denali,27998,55000,17 city/25 hwy,6-cyl,Gas,All Wheel Drive,Automatic,White/Tan,3 Owners,No flood or frame damage,No odometer problems,1GKKNXLS2KZ157614,CUV - Midsize,Clean,No Issue,Minor,No Open Recalls,No Issue,No Issue,No CPO Info Available,No Issue,
2019,GMC,Canyon ,25998,23000,18 city/25 hwy,4-cyl,Gas,Rear Wheel Drive,Automatic,Silver/Gray,4 Owners,No flood or frame damage,No odometer problems,1GTG5BEN6K1146044,Pickup - Midsize,Clean,No Issue,No Issue,No Open Recalls,No Issue,No Issue,No CPO Info Available,No Issue,5 ft
2017,GMC,Canyon Denali,24998,113000,17 city/24 hwy,6-cyl,Gas,Four Wheel Drive,Automatic,White/Black,1 Owner,No flood or frame damage,No odometer problems,1GTG6EEN9H1297581,Pickup - Midsize,Clean,No Issue,No Issue,No Open Recalls,No Issue,No Issue,No CPO Info Available,No Issue,5 ft
2022,GMC,Acadia SLE,28998,30000,22 city/29 hwy,4-cyl,Turbo Gas,Front Wheel Drive,Automatic,Gray/Black,1 Owner,No flood or frame damage,No odometer problems,1GKKNKL43NZ147330,CUV - Midsize,Clean,No Issue,No Issue,No Open Recalls,No Issue,No Issue,No CPO Info Available,No Issue,
2022,GMC,Terrain Denali,26998,53000,25 city/28 hwy,4-cyl,Turbo Gas,All Wheel Drive,Automatic,Green/Black,1 Owner,No flood or frame damage,No odometer problems,3GKALXEV0NL292627,CUV - Midsize,Clean,No Issue,Damage Reported,No Open Recalls,No Issue,No Issue,No CPO Info Available,No Issue,
2022,GMC,Sierra 1500 Limited Elevation,43998,40000,15 city/19 hwy,8-cyl,Gas,Four Wheel Drive,Automatic,Gray/Black,1 Owner,No flood or frame damage,No odometer problems,3GTU9CED3NG158565,Pickup - Fullsize,Clean,No Issue,No Issue,No Open Recalls,No Issue,No Issue,No CPO Info Available,No Issue,5.5 ft
2021,GMC,Terrain SLE,24998,18000,25 city/28 hwy,4-cyl,Turbo Gas,All Wheel Drive,Automatic,Silver/Black,1 Owner,No flood or frame damage,No odometer problems,3GKALTEV7ML380663,CUV - Midsize,Clean,No Issue,No Issue,No Open Recalls,No Issue,No Issue,No CPO Info Available,No Issue,
2019,GMC,Sierra 1500 SLT,45998,12000,15 city/21 hwy,8-cyl,Gas,Four Wheel Drive,Automatic,White/Gray,1 Owner,No flood or frame damage,No odometer problems,1GTU9DED6KZ119924,Pickup - Fullsize,Clean,No Issue,No Issue,No Open Recalls,No Issue,No Issue,No CPO Info Available,No Issue,5.5 ft
2019,GMC,Acadia SLE,19998,86000,21 city/25 hwy,4-cyl,Gas,All Wheel Drive,Automatic,Red/Black,3 Owners,No flood or frame damage,No odometer problems,1GKKNSLA2KZ262647,CUV - Midsize,Clean,No Issue,No Issue,No Open Recalls,No Issue,No Issue,No CPO Info Available,No Issue,
2021,GMC,Yukon Denali,62998,28000,14 city/19 hwy,8-cyl,Gas,Four Wheel Drive,Automatic,Brown/Black,2 Owners,No flood or frame damage,No odometer problems,1GKS2DKL0MR230614,SUV - Large,Clean,No Issue,Minor,No Open Recalls,No Issue,No Issue,OEM-Certified,No Issue,
2019,GMC,Acadia SLE,23998,44000,17 city/25 hwy,6-cyl,Gas,All Wheel Drive,Automatic,White/Black,1 Owner,No flood or frame damage,No odometer problems,1GKKNRLS8KZ298781,CUV - Midsize,Clean,No Issue,No Issue,No Open Recalls,No Issue,No Issue,No CPO Info Available,No Issue,
2019,GMC,Terrain SLT,22998,39000,24 city/28 hwy,4-cyl,Turbo Gas,All Wheel Drive,Automatic,Gray/Black,1 Owner,No flood or frame damage,No odometer problems,3GKALVEX9KL328431,CUV - Midsize,Clean,No Issue,No Issue,No Open Recalls,No Issue,No Issue,No CPO Info Available,No Issue,
2020,GMC,Sierra 3500 Denali,62998,24000,Not available,8-cyl,Gas,Four Wheel Drive,Automatic,White/Black,2 Owners,No flood or frame damage,No odometer problems,1GT49WEY3LF191410,Pickup - Fullsize,Clean,No Issue,No Issue,No Open Recalls,No Issue,No Issue,No CPO Info Available,No Issue,8 ft
2014,GMC,Terrain SLT,15998,57000,20 city/29 hwy,4-cyl,Gas,All Wheel Drive,Automatic,Black/Black,1 Owner,No flood or frame damage,No odometer problems,2GKFLXEK1E6334027,CUV - Midsize,Clean,No Issue,Minor,2 Open Recall(s),No Issue,No Issue,No CPO Info Available,No Issue,
2020,GMC,Yukon SLT,45998,42000,15 city/21 hwy,8-cyl,Gas,Four Wheel Drive,Automatic,White/Black,2 Owners,No flood or frame damage,No odometer problems,1GKS2BKC6LR227817,SUV - Large,Clean,No Issue,No Issue,No Open Recalls,No Issue,No Issue,No Recent CPO Reported,No Issue,
2017,GMC,Sierra 2500 SLT,34998,118000,,,,,Automatic,Tan/Tan,1 Owner,No flood or frame damage,No odometer problems,1GT12TEG5HF112677,Pickup - Fullsize,Clean,No Issue,Damage Reported,No Open Recalls,No Issue,No Issue,No CPO Info Available,No Issue,6.5 ft
2021,GMC,Terrain SLE,23998,22000,26 city/30 hwy,,,,Automatic,White/Black,2 Owners,No flood or frame damage,No odometer problems,3GKALMEVXML398886,CUV - Midsize,Clean,No Issue,Minor,1 Open Recall(s),No Issue,No Issue,No CPO Info Available,No Issue,
2022,GMC,Acadia SLT,32998,32000,22 city/27 hwy,4-cyl,Turbo Gas,All Wheel Drive,Automatic,White/Black,1 Owner,No flood or frame damage,No odometer problems,1GKKNUL42NZ173672,CUV - Midsize,Clean,No Issue,No Issue,No Open Recalls,No Issue,No Issue,No CPO Info Available,No Issue,
2024,GMC,Canyon AT4,48998,6000,18 city/22 hwy,4-cyl,Turbo Gas,Four Wheel Drive,Automatic,Brown/Black,1 Owner,No flood or frame damage,No odometer problems,1GTP6DEK5R1148232,Pickup - Midsize,Clean,No Issue,No Issue,1 Open Recall(s),No Issue,No Issue,No CPO Info Available,No Issue,5 ft
2021,GMC,Acadia SLT,27998,58000,19 city/27 hwy,6-cyl,Gas,Front Wheel Drive,Automatic,Black/Black,1 Owner,No flood or frame damage,No odometer problems,1GKKNMLS1MZ105876,CUV - Midsize,Clean,No Issue,No Issue,No Open Recalls,No Issue,No Issue,No CPO Info Available,No Issue,
2020,GMC,Terrain SLE,21998,63000,26 city/30 hwy,,,,Automatic,Gray/Gray,1 Owner,No flood or frame damage,No odometer problems,3GKALMEV7LL183433,CUV - Midsize,Clean,No Issue,No Issue,No Open Recalls,No Issue,No Issue,No CPO Info Available,No Issue,
2023,GMC,Sierra 1500 Elevation,54998,6000,16 city/20 hwy,8-cyl,Gas,Four Wheel Drive,Automatic,White/Black,1 Owner,No flood or frame damage,No odometer problems,3GTUUCED9PG350638,Pickup - Fullsize,Clean,No Issue,No Issue,No Open Recalls,No Issue,No Issue,No CPO Info Available,No Issue,5.5 ft
2015,GMC,Terrain SLE,14599,99000,,,,,Automatic,Black/Black,2 Owners,No flood or frame damage,No odometer problems,2GKFLWEK7F6329233,CUV - Midsize,Clean,No Issue,No Issue,2 Open Recall(s),No Issue,No Issue,No Recent CPO Reported,No Issue,
2022,GMC,Canyon Elevation,29998,36000,18 city/25 hwy,6-cyl,Gas,Rear Wheel Drive,Automatic,White/Black,1 Owner,No flood or frame damage,No odometer problems,1GTG5CEN3N1100097,Pickup - Midsize,Clean,No Issue,No Issue,No Open Recalls,No Issue,No Issue,No CPO Info Available,No Issue,5 ft
2017,GMC,Terrain SLE,19998,50000,20 city/28 hwy,4-cyl,Gas,All Wheel Drive,Automatic,Gray/Black,3 Owners,No flood or frame damage,No odometer problems,2GKFLTEK4H6294121,CUV - Midsize,Clean,No Issue,No Issue,No Open Recalls,No Issue,No Issue,OEM-Certified,No Issue,
2016,GMC,Canyon SLE,23998,86000,17 city/24 hwy,6-cyl,Gas,Four Wheel Drive,Automatic,Red/Black,2 Owners,No flood or frame damage,No odometer problems,1GTG6CE33G1109056,Pickup - Midsize,Clean,No Issue,No Issue,No Open Recalls,No Issue,No Issue,No CPO Info Available,No Issue,6 ft
2022,GMC,Sierra 2500 Denali,64998,46000,Not available,8-cyl,Turbo Diesel,Four Wheel Drive,Automatic,Pearl/Black,1 Owner,No flood or frame damage,No odometer problems,1GT49REY8NF159959,Pickup - Fullsize,Clean,No Issue,No Issue,No Open Recalls,No Issue,No Issue,No CPO Info Available,No Issue,6.5 ft
2019,GMC,Terrain SLT,16998,102000,26 city/30 hwy,4-cyl,Turbo Gas,Front Wheel Drive,Automatic,White/Black,2 Owners,No flood or frame damage,No odometer problems,3GKALPEV4KL242177,CUV - Midsize,Clean,No Issue,Minor,No Open Recalls,No Issue,No Issue,No CPO Info Available,No Issue,
2016,GMC,Acadia SLT,19998,82000,15 city/22 hwy,6-cyl,Gas,All Wheel Drive,Automatic,Red/Black,2 Owners,No flood or frame damage,No odometer problems,1GKKVRKDXGJ332826,CUV - Large,Clean,No Issue,No Issue,1 Open Recall(s),No Issue,No Issue,No CPO Info Available,No Issue,
2021,GMC,Yukon Denali,64998,21000,14 city/19 hwy,,,,Automatic,Silver/Black,2 Owners,No flood or frame damage,No odometer problems,1GKS2DKL3MR148148,SUV - Large,Clean,No Issue,No Issue,No Open Recalls,No Issue,No Issue,No CPO Info Available,No Issue,
2020,GMC,Terrain SLE,19998,71000,24 city/28 hwy,,,,Automatic,Black/Black,1 Owner,No flood or frame damage,No odometer problems,3GKALTEV2LL250210,CUV - Midsize,Clean,No Issue,No Issue,No Open Recalls,No Issue,No Issue,No CPO Info Available,No Issue,
2017,GMC,Sierra 1500 ,23998,129000,17 city/22 hwy,8-cyl,Gas,Four Wheel Drive,Automatic,Black/Gray,2 Owners,No flood or frame damage,No odometer problems,1GTV2LEC3HZ330341,Pickup - Fullsize,Clean,No Issue,No Issue,No Open Recalls,No Issue,No Issue,No CPO Info Available,No Issue,6.5 ft
2015,GMC,Terrain Denali,16998,70000,20 city/29 hwy,4-cyl,Gas,All Wheel Drive,Automatic,Black/Black,1 Owner,No flood or frame damage,No odometer problems,2GKFLZEK6F6286876,CUV - Midsize,Clean,No Issue,No Issue,2 Open Recall(s),No Issue,No Issue,No CPO Info Available,No Issue,
2021,GMC,Acadia Denali,35998,30000,19 city/26 hwy,,,,Automatic,Gray/Black,1 Owner,No flood or frame damage,No odometer problems,1GKKNXLS6MZ123565,CUV - Midsize,Clean,No Issue,No Issue,No Open Recalls,No Issue,No Issue,No CPO Info Available,No Issue,
2020,GMC,Terrain SLT,24998,35000,25 city/28 hwy,4-cyl,Turbo Gas,All Wheel Drive,Automatic,White/Gray,1 Owner,No flood or frame damage,No odometer problems,3GKALVEX0LL294235,CUV - Midsize,Clean,No Issue,No Issue,1 Open Recall(s),No Issue,No Issue,No CPO Info Available,No Issue,
2019,GMC,Yukon XL 1500 Denali,41998,74000,14 city/20 hwy,8-cyl,Gas,Four Wheel Drive,Automatic,White/Black,1 Owner,No flood or frame damage,No odometer problems,1GKS2HKJ0KR228395,SUV - Large,Clean,No Issue,Minor,No Open Recalls,No Issue,No Issue,No CPO Info Available,No Issue,
2020,GMC,Acadia AT4,26998,67000,18 city/25 hwy,6-cyl,Gas,All Wheel Drive,Automatic,Silver/Black,1 Owner,No flood or frame damage,No odometer problems,1GKKNLLS2LZ233004,CUV - Midsize,Clean,No Issue,Damage Reported,No Open Recalls,No Issue,No Issue,No CPO Info Available,No Issue,
2022,GMC,Terrain SLE,27998,14000,25 city/27 hwy,4-cyl,Turbo Gas,Front Wheel Drive,Automatic,Black/Black,1 Owner,No flood or frame damage,No odometer problems,3GKALMEV9NL103889,CUV - Midsize,Clean,No Issue,No Issue,No Open Recalls,No Issue,No Issue,No CPO Info Available,No Issue,
2016,GMC,Yukon XL 1500 Denali,36998,74000,14 city/20 hwy,8-cyl,Gas,Four Wheel Drive,Automatic,Brown/Taupe,1 Owner,No flood or frame damage,No odometer problems,1GKS2HKJ4GR208366,SUV - Large,Clean,No Issue,Minor,No Open Recalls,No Issue,No Issue,No CPO Info Available,No Issue,
2014,GMC,Sierra 1500 SLT,26998,83000,16 city/22 hwy,8-cyl,Gas,Four Wheel Drive,Automatic,Green/Tan,2 Owners,No flood or frame damage,No odometer problems,3GTU2VEC5EG487257,Pickup - Fullsize,Clean,No Issue,Damage Reported,4 Open Recall(s),No Issue,No Issue,No CPO Info Available,No Issue,5.5 ft
2017,GMC,Terrain SLE,15998,90000,21 city/31 hwy,4-cyl,Gas,Front Wheel Drive,Automatic,Black/Black,2 Owners,No flood or frame damage,No odometer problems,2GKALNEK0H6170093,CUV - Midsize,Clean,No Issue,No Issue,No Open Recalls,No Issue,No Issue,No CPO Info Available,No Issue,
2017,GMC,Terrain SLT,19998,48000,20 city/28 hwy,4-cyl,Gas,All Wheel Drive,Automatic,Silver/Black,2 Owners,No flood or frame damage,No odometer problems,2GKFLUEK4H6278748,CUV - Midsize,Clean,No Issue,Minor,No Open Recalls,No Issue,No Issue,No CPO Info Available,No Issue,
2022,GMC,Sierra 1500 Limited AT4,51998,37000,14 city/19 hwy,8-cyl,Gas,Four Wheel Drive,Automatic,Gray/Black,2 Owners,No flood or frame damage,No odometer problems,1GTP9EEL8NZ188144,Pickup - Fullsize,Clean,No Issue,No Issue,No Open Recalls,No Issue,No Issue,No CPO Info Available,No Issue,5.5 ft
2015,GMC,Terrain Denali,15998,96000,16 city/23 hwy,6-cyl,Gas,All Wheel Drive,Automatic,Black/Black,3 Owners,No flood or frame damage,No odometer problems,2GKFLZE3XF6275999,CUV - Midsize,Clean,No Issue,Minor,2 Open Recall(s),No Issue,No Issue,No CPO Info Available,No Issue,
2013,GMC,Terrain SLT,15998,78000,22 city/32 hwy,4-cyl,Gas,Front Wheel Drive,Automatic,Blue/Gray,2 Owners,No flood or frame damage,No odometer problems,2GKALUEK4D6396139,CUV - Midsize,Clean,No Issue,No Issue,1 Open Recall(s),No Issue,No Issue,No CPO Info Available,No Issue,
2020,GMC,Terrain SLT,23998,51000,24 city/28 hwy,,,,Automatic,White/Black,1 Owner,No flood or frame damage,No odometer problems,3GKALVEV2LL334507,CUV - Midsize,Clean,No Issue,No Issue,1 Open Recall(s),No Issue,No Issue,No CPO Info Available,No Issue,
2019,GMC,Terrain SLT,20998,61000,26 city/30 hwy,4-cyl,Turbo Gas,Front Wheel Drive,Automatic,Black/Brown,2 Owners,No flood or frame damage,No odometer problems,3GKALPEV0KL245626,CUV - Midsize,Clean,No Issue,Damage Reported,No Open Recalls,No Issue,No Issue,No CPO Info Available,No Issue,
2017,GMC,Canyon SLE,25998,28000,18 city/25 hwy,6-cyl,Gas,Rear Wheel Drive,Automatic,Gray/Gray,1 Owner,No flood or frame damage,No odometer problems,1GTG5CEN7H1277692,Pickup - Midsize,Clean,No Issue,No Issue,No Open Recalls,No Issue,No Issue,No CPO Info Available,No Issue,5 ft
2016,GMC,Terrain SLT,17998,50000,22 city/32 hwy,4-cyl,Gas,Front Wheel Drive,Automatic,Blue/Black,2 Owners,No flood or frame damage,No odometer problems,2GKALPEK6G6169136,CUV - Midsize,Clean,No Issue,No Issue,1 Open Recall(s),No Issue,No Issue,No CPO Info Available,No Issue,
2019,GMC,Terrain SLT,23998,44000,26 city/30 hwy,4-cyl,Turbo Gas,Front Wheel Drive,Automatic,Gray/Black,2 Owners,No flood or frame damage,No odometer problems,3GKALPEX5KL394650,CUV - Midsize,Clean,No Issue,Damage Reported,No Open Recalls,No Issue,No Issue,No CPO Info Available,No Issue,
2019,GMC,Sierra 1500 SLE,33998,27000,15 city/19 hwy,,,,Automatic,Silver/Black,2 Owners,No flood or frame damage,No odometer problems,1GTR9BED2KZ327695,Pickup - Fullsize,Clean,No Issue,No Issue,No Open Recalls,No Issue,No Issue,No CPO Info Available,No Issue,6.5 ft
2021,GMC,Sierra 1500 Denali,50998,34000,15 city/20 hwy,,,,Automatic,Blue/Black,1 Owner,No flood or frame damage,No odometer problems,1GTU9FED7MZ212515,Pickup - Fullsize,Clean,No Issue,No Issue,No Open Recalls,No Issue,No Issue,No CPO Info Available,No Issue,5.5 ft
2022,GMC,Sierra 1500 Limited Elevation,36998,57000,17 city/20 hwy,4-cyl,Turbo Gas,Four Wheel Drive,Automatic,Blue/Black,1 Owner,No flood or frame damage,No odometer problems,1GTR9GEK1NZ202669,Pickup - Fullsize,Clean,No Issue,No Issue,No Open Recalls,No Issue,No Issue,No CPO Info Available,No Issue,6.5 ft
2021,GMC,Sierra 2500 Denali,54998,98000,Not available,8-cyl,Turbo Diesel,Four Wheel Drive,Automatic,Black/Black,1 Owner,No flood or frame damage,No odometer problems,1GT49REY7MF146599,Pickup - Fullsize,Clean,No Issue,No Issue,1 Open Recall(s),No Issue,No Issue,No CPO Info Available,No Issue,6.5 ft
2018,GMC,Terrain SLT,20998,62000,24 city/28 hwy,4-cyl,Turbo Gas,All Wheel Drive,Automatic,Gray/Black,1 Owner,No flood or frame damage,No odometer problems,3GKALVEX2JL141739,CUV - Midsize,Clean,No Issue,Moderate,No Open Recalls,No Issue,No Issue,No CPO Info Available,No Issue,
2021,GMC,Sierra 1500 Elevation,39998,51000,22 city/26 hwy,6-cyl,Turbo Diesel,Four Wheel Drive,Automatic,Blue/Black,1 Owner,No flood or frame damage,No odometer problems,3GTU9CET4MG305160,Pickup - Fullsize,Clean,No Issue,No Issue,No Open Recalls,No Issue,No Issue,No CPO Info Available,No Issue,5.5 ft
2022,GMC,Sierra 1500 Limited Elevation,40998,32000,15 city/19 hwy,8-cyl,Gas,Four Wheel Drive,Automatic,Silver/Black,1 Owner,No flood or frame damage,No odometer problems,1GTR9CED1NZ113288,Pickup - Fullsize,Clean,No Issue,No Issue,No Open Recalls,No Issue,No Issue,No CPO Info Available,No Issue,6.5 ft
2021,GMC,Terrain SLT,27998,23000,25 city/28 hwy,4-cyl,Turbo Gas,All Wheel Drive,Automatic,Gray/Black,1 Owner,No flood or frame damage,No odometer problems,3GKALVEV8ML372700,CUV - Midsize,Clean,No Issue,No Issue,No Open Recalls,No Issue,No Issue,No CPO Info Available,No Issue,
2024,GMC,Sierra 1500 Elevation,49998,8000,17 city/20 hwy,4-cyl,Turbo Gas,Four Wheel Drive,Automatic,White/Black,1 Owner,No flood or frame damage,No odometer problems,3GTPUJEK2RG102220,Pickup - Fullsize,Clean,No Issue,No Issue,No Open Recalls,No Issue,No Issue,No CPO Info Available,No Issue,5.5 ft
2020,GMC,Canyon All Terrain,31998,54000,17 city/24 hwy,6-cyl,Gas,Four Wheel Drive,Automatic,White/Black,1 Owner,No flood or frame damage,No odometer problems,1GTG6FEN0L1110226,Pickup - Midsize,Clean,No Issue,No Issue,No Open Recalls,No Issue,No Issue,No CPO Info Available,No Issue,6 ft
2019,GMC,Terrain SLE,21998,38000,26 city/30 hwy,4-cyl,Turbo Gas,Front Wheel Drive,Automatic,Blue/Black,2 Owners,No flood or frame damage,No odometer problems,3GKALMEV2KL267450,CUV - Midsize,Clean,No Issue,No Issue,No Open Recalls,No Issue,No Issue,No Recent CPO Reported,No Issue,
2021,GMC,Sierra 1500 AT4,42998,60000,15 city/19 hwy,8-cyl,Gas,Four Wheel Drive,Automatic,Black/Black,2 Owners,No flood or frame damage,No odometer problems,3GTP9EELXMG480571,Pickup - Fullsize,Clean,No Issue,No Issue,No Open Recalls,No Issue,No Issue,OEM-Certified,No Issue,5.5 ft
2018,GMC,Terrain SLE,19998,55000,26 city/30 hwy,4-cyl,Turbo Gas,Front Wheel Drive,Automatic,Black/Black,2 Owners,No flood or frame damage,No odometer problems,3GKALMEV4JL320079,CUV - Midsize,Clean,No Issue,No Issue,No Open Recalls,No Issue,No Issue,No CPO Info Available,No Issue,
2017,GMC,Yukon XL 1500 Denali,37998,82000,14 city/20 hwy,8-cyl,Gas,Four Wheel Drive,Automatic,Gray/Tan,2 Owners,No flood or frame damage,No odometer problems,1GKS2HKJ0HR328103,SUV - Large,Clean,No Issue,No Issue,No Open Recalls,No Issue,No Issue,No CPO Info Available,No Issue,
2020,GMC,Yukon XL 1500 Denali,50998,47000,14 city/20 hwy,8-cyl,Gas,Four Wheel Drive,Automatic,Black/Black,1 Owner,No flood or frame damage,No odometer problems,1GKS2HKJ2LR212796,SUV - Large,Clean,No Issue,No Issue,No Open Recalls,No Issue,No Issue,No CPO Info Available,No Issue,
2016,GMC,Yukon Denali,34998,76000,15 city/21 hwy,8-cyl,Gas,Four Wheel Drive,Automatic,Black/Black,2 Owners,No flood or frame damage,No odometer problems,1GKS2CKJ9GR230267,SUV - Large,Clean,No Issue,No Issue,No Open Recalls,No Issue,No Issue,No CPO Info Available,No Issue,
2019,GMC,Terrain SLE,19998,58000,26 city/30 hwy,,,,Automatic,Gray/Gray,2 Owners,No flood or frame damage,No odometer problems,3GKALMEV5KL204326,CUV - Midsize,Clean,No Issue,No Issue,No Open Recalls,No Issue,No Issue,No CPO Info Available,No Issue,
2013,GMC,Terrain SLT,14998,95000,22 city/32 hwy,4-cyl,Gas,Front Wheel Drive,Automatic,White/Brown,1 Owner,No flood or frame damage,No odometer problems,2GKALUEK6D6370951,CUV - Midsize,Clean,No Issue,No Issue,3 Open Recall(s),No Issue,No Issue,No CPO Info Available,No Issue,
2022,GMC,Terrain SLE,24998,18000,25 city/27 hwy,4-cyl,Turbo Gas,Front Wheel Drive,Automatic,Black/Black,1 Owner,No flood or frame damage,No odometer problems,3GKALMEV3NL286951,CUV - Midsize,Clean,No Issue,No Issue,No Open Recalls,No Issue,No Issue,No CPO Info Available,No Issue,
2015,GMC,Terrain SLT,18998,50000,17 city/24 hwy,6-cyl,Gas,Front Wheel Drive,Automatic,White/Brown,2 Owners,No flood or frame damage,No odometer problems,2GKFLSE37F6185023,CUV - Midsize,Clean,No Issue,No Issue,2 Open Recall(s),No Issue,No Issue,No CPO Info Available,No Issue,
2021,GMC,Acadia Denali,33998,43000,19 city/26 hwy,6-cyl,Gas,All Wheel Drive,Automatic,Blue/Tan,2 Owners,No flood or frame damage,No odometer problems,1GKKNXLSXMZ149716,CUV - Midsize,Clean,No Issue,Damage Reported,1 Open Recall(s),No Issue,No Issue,No CPO Info Available,No Issue,
2023,GMC,Sierra 1500 Elevation,45998,38000,16 city/20 hwy,8-cyl,Gas,Four Wheel Drive,Automatic,White/Black,1 Owner,No flood or frame damage,No odometer problems,3GTUUCED5PG282824,Pickup - Fullsize,Clean,No Issue,No Issue,No Open Recalls,No Issue,No Issue,No CPO Info Available,No Issue,5.5 ft
2015,GMC,Sierra 1500 SLE,21998,127000,18 city/24 hwy,8-cyl,Gas,Rear Wheel Drive,Automatic,Brown/Black,2 Owners,No flood or frame damage,No odometer problems,1GTR1UEC8FZ160789,Pickup - Fullsize,Clean,No Issue,Minor,No Open Recalls,No Issue,No Issue,No CPO Info Available,No Issue,6.5 ft
2018,GMC,Acadia SLT,23998,59000,17 city/25 hwy,6-cyl,Gas,All Wheel Drive,Automatic,Black/Black,2 Owners,No flood or frame damage,No odometer problems,1GKKNULS8JZ153029,CUV - Midsize,Clean,No Issue,No Issue,No Open Recalls,No Issue,No Issue,No CPO Info Available,No Issue,
2019,GMC,Canyon All Terrain,32998,35000,17 city/24 hwy,6-cyl,Gas,Four Wheel Drive,Automatic,White/Black,2 Owners,No flood or frame damage,No odometer problems,1GTG6FEN6K1203671,Pickup - Midsize,Clean,No Issue,No Issue,No Open Recalls,No Issue,No Issue,No CPO Info Available,No Issue,5 ft
2018,GMC,Terrain SLT,17998,79000,26 city/30 hwy,4-cyl,Turbo Gas,Front Wheel Drive,Automatic,Burgundy/Black,2 Owners,No flood or frame damage,No odometer problems,3GKALPEV8JL274144,CUV - Midsize,Clean,No Issue,No Issue,No Open Recalls,No Issue,No Issue,No CPO Info Available,No Issue,
2021,GMC,Terrain SLT,25998,32000,25 city/28 hwy,4-cyl,Turbo Gas,All Wheel Drive,Automatic,White/Black,1 Owner,No flood or frame damage,No odometer problems,3GKALVEV5ML326693,CUV - Midsize,Clean,No Issue,No Issue,No Open Recalls,No Issue,No Issue,No CPO Info Available,No Issue,
2020,GMC,Yukon XL 1500 SLT Standard Edition,38998,83000,14 city/21 hwy,8-cyl,Gas,Four Wheel Drive,Automatic,Black/Taupe,1 Owner,No flood or frame damage,No odometer problems,1GKS2JKC8LR112775,SUV - Large,Clean,No Issue,No Issue,No Open Recalls,No Issue,No Issue,No CPO Info Available,No Issue,
2017,GMC,Acadia SLE,19998,72000,18 city/25 hwy,6-cyl,Gas,All Wheel Drive,Automatic,Black/Black,3 Owners,No flood or frame damage,No odometer problems,1GKKNTLS5HZ227012,CUV - Midsize,Clean,No Issue,No Issue,No Open Recalls,No Issue,No Issue,No CPO Info Available,No Issue,
2022,GMC,Sierra 1500 Elevation,49998,37000,22 city/26 hwy,6-cyl,Turbo Diesel,Four Wheel Drive,Automatic,White/Black,1 Owner,No flood or frame damage,No odometer problems,3GTUUCET4NG581502,Pickup - Fullsize,Clean,No Issue,Minor,No Open Recalls,No Issue,No Issue,No CPO Info Available,No Issue,5.5 ft
2023,GMC,Yukon AT4,67998,19000,15 city/20 hwy,,,,Automatic,White/Gray,1 Owner,No flood or frame damage,No odometer problems,1GKS2CKD3PR173896,SUV - Large,Clean,No Issue,No Issue,No Open Recalls,No Issue,No Issue,No CPO Info Available,No Issue,
2021,GMC,Terrain SLE,22998,35000,26 city/30 hwy,4-cyl,Turbo Gas,Front Wheel Drive,Automatic,Gray/Black,1 Owner,No flood or frame damage,No odometer problems,3GKALMEV3ML372968,CUV - Midsize,Clean,No Issue,Damage Reported,No Open Recalls,No Issue,No Issue,No CPO Info Available,No Issue,
2022,GMC,Yukon AT4,60998,39000,14 city/19 hwy,8-cyl,Gas,Four Wheel Drive,Automatic,Black/Black,1 Owner,No flood or frame damage,No odometer problems,1GKS2CKD0NR160228,SUV - Large,Clean,No Issue,Moderate,No Open Recalls,No Issue,No Issue,OEM-Certified,No Issue,
2019,GMC,Terrain SLE,20998,48000,24 city/28 hwy,4-cyl,Turbo Gas,All Wheel Drive,Automatic,Blue/Black,1 Owner,No flood or frame damage,No odometer problems,3GKALTEV2KL219618,CUV - Midsize,Clean,No Issue,Minor,No Open Recalls,No Issue,No Issue,No CPO Info Available,No Issue,
2022,GMC,Terrain SLE,23998,30000,25 city/27 hwy,4-cyl,Turbo Gas,Front Wheel Drive,Automatic,White/Black,2 Owners,No flood or frame damage,No odometer problems,3GKALMEV6NL117782,CUV - Midsize,Clean,No Issue,No Issue,No Open Recalls,No Issue,No Issue,No CPO Info Available,No Issue,
2022,GMC,Sierra 1500 Limited Elevation,40998,28000,17 city/20 hwy,4-cyl,Turbo Gas,Four Wheel Drive,Automatic,Red/Black,1 Owner,No flood or frame damage,No odometer problems,1GTR9GEK2NZ112270,Pickup - Fullsize,Clean,No Issue,No Issue,No Open Recalls,No Issue,No Issue,OEM-Certified,No Issue,6.5 ft
2019,GMC,Terrain Denali,26998,37000,21 city/26 hwy,4-cyl,Turbo Gas,All Wheel Drive,Automatic,Black/Black,2 Owners,No flood or frame damage,No odometer problems,3GKALXEX1KL235575,CUV - Midsize,Clean,No Issue,No Issue,No Open Recalls,No Issue,No Issue,No CPO Info Available,No Issue,
2020,GMC,Terrain SLE,22998,27000,26 city/30 hwy,,,,Automatic,White/Black,1 Owner,No flood or frame damage,No odometer problems,3GKALMEV1LL160357,CUV - Midsize,Clean,No Issue,No Issue,No Open Recalls,No Issue,No Issue,No CPO Info Available,No Issue,
2020,GMC,Yukon XL 1500 Denali,51998,55000,14 city/20 hwy,8-cyl,Gas,Four Wheel Drive,Automatic,Black/Black,1 Owner,No flood or frame damage,No odometer problems,1GKS2HKJ4LR217580,SUV - Large,Clean,No Issue,No Issue,No Open Recalls,No Issue,No Issue,No CPO Info Available,No Issue,
2023,GMC,Terrain AT4,27998,40000,24 city/28 hwy,4-cyl,Turbo Gas,All Wheel Drive,Automatic,White/Black,2 Owners,No flood or frame damage,No odometer problems,3GKALYEG6PL143648,CUV - Midsize,Clean,No Issue,No Issue,No Open Recalls,No Issue,No Issue,No CPO Info Available,No Issue,
2024,GMC,Terrain SLT,27998,13000,23 city/28 hwy,4-cyl,Turbo Gas,All Wheel Drive,Automatic,Blue/Black,1 Owner,No flood or frame damage,No odometer problems,3GKALVEG2RL168368,CUV - Midsize,Clean,No Issue,Moderate-Severe,No Open Recalls,No Issue,No Issue,No CPO Info Available,No Issue,
2017,GMC,Sierra 1500 Denali,31998,97000,15 city/20 hwy,8-cyl,Gas,Four Wheel Drive,Automatic,Red/Tan,2 Owners,No flood or frame damage,No odometer problems,3GTU2PEJ0HG260802,Pickup - Fullsize,Clean,No Issue,Moderate,No Open Recalls,No Issue,No Issue,No CPO Info Available,No Issue,5.5 ft
2015,GMC,Terrain SLT,14998,97000,17 city/24 hwy,6-cyl,Gas,Front Wheel Drive,Automatic,Silver/Black,2 Owners,No flood or frame damage,No odometer problems,2GKFLTE30F6169526,CUV - Midsize,Clean,No Issue,No Issue,1 Open Recall(s),No Issue,No Issue,No CPO Info Available,No Issue,
2023,GMC,Canyon Elevation,37998,8000,18 city/23 hwy,4-cyl,Turbo Gas,Rear Wheel Drive,Automatic,Blue/Black,1 Owner,No flood or frame damage,No odometer problems,1GTP5BEK5P1135243,Pickup - Midsize,Clean,No Issue,No Issue,No Open Recalls,No Issue,No Issue,No CPO Info Available,No Issue,5 ft
2017,GMC,Acadia Limited ,22998,68000,15 city/22 hwy,6-cyl,Gas,All Wheel Drive,Automatic,Red/Gray,1 Owner,No flood or frame damage,No odometer problems,1GKKVSKD3HJ212651,CUV - Midsize,Clean,No Issue,No Issue,1 Open Recall(s),No Issue,No Issue,No CPO Info Available,No Issue,
2018,GMC,Sierra 1500 Denali,35998,79000,15 city/20 hwy,8-cyl,Gas,Four Wheel Drive,Automatic,Gray/Black,2 Owners,No flood or frame damage,No odometer problems,3GTU2PECXJG529248,Pickup - Fullsize,Clean,No Issue,Minor,No Open Recalls,No Issue,No Issue,No CPO Info Available,No Issue,6.5 ft
2021,GMC,Yukon SLT,50998,55000,20 city/26 hwy,6-cyl,Turbo Diesel,Four Wheel Drive,Automatic,White/Gray,1 Owner,No flood or frame damage,No odometer problems,1GKS2BKT3MR461687,SUV - Large,Clean,No Issue,No Issue,No Open Recalls,No Issue,No Issue,No CPO Info Available,No Issue,
2021,GMC,Terrain SLE,21998,44000,26 city/30 hwy,4-cyl,Turbo Gas,Front Wheel Drive,Automatic,Gray/Black,1 Owner,No flood or frame damage,No odometer problems,3GKALMEV6ML382930,CUV - Midsize,Clean,No Issue,No Issue,1 Open Recall(s),No Issue,No Issue,No CPO Info Available,No Issue,
2021,GMC,Terrain SLT,23998,37000,26 city/30 hwy,4-cyl,Turbo Gas,Front Wheel Drive,Automatic,Black/Brown,2 Owners,No flood or frame damage,No odometer problems,3GKALPEV3ML300931,CUV - Midsize,Clean,No Issue,Minor,No Open Recalls,No Issue,No Issue,No CPO Info Available,No Issue,
2021,GMC,Terrain SLE,20998,49000,26 city/30 hwy,4-cyl,Turbo Gas,Front Wheel Drive,Automatic,Blue/Black,1 Owner,No flood or frame damage,No odometer problems,3GKALMEV9ML327632,CUV - Midsize,Clean,No Issue,No Issue,No Open Recalls,No Issue,No Issue,No CPO Info Available,No Issue,
2023,GMC,Acadia AT4,39998,21000,19 city/26 hwy,6-cyl,Gas,All Wheel Drive,Automatic,Blue/Black,1 Owner,No flood or frame damage,No odometer problems,1GKKNLLS1PZ123728,CUV - Midsize,Clean,No Issue,No Issue,No Open Recalls,No Issue,No Issue,No CPO Info Available,No Issue,
2021,GMC,Acadia Denali,34998,35000,19 city/27 hwy,6-cyl,Gas,Front Wheel Drive,Automatic,Gray/Cream,1 Owner,No flood or frame damage,No odometer problems,1GKKNPLSXMZ208053,CUV - Midsize,Clean,No Issue,No Issue,No Open Recalls,No Issue,No Issue,No CPO Info Available,No Issue,
2023,GMC,Sierra 1500 Elevation,42998,24000,18 city/20 hwy,4-cyl,Turbo Gas,Four Wheel Drive,Automatic,Gray/Black,1 Owner,No flood or frame damage,No odometer problems,3GTPUCEKXPG137824,Pickup - Fullsize,Clean,No Issue,No Issue,No Open Recalls,No Issue,No Issue,No CPO Info Available,No Issue,5.5 ft
2019,GMC,Sierra 1500 SLT,35998,74000,15 city/21 hwy,8-cyl,Gas,Four Wheel Drive,Automatic,Black/Black,1 Owner,No flood or frame damage,No odometer problems,3GTU9DED2KG273188,Pickup - Fullsize,Clean,No Issue,Damage Reported,No Open Recalls,No Issue,No Issue,No CPO Info Available,No Issue,5.5 ft
2021,GMC,Terrain SLT,24998,48000,26 city/30 hwy,4-cyl,Turbo Gas,Front Wheel Drive,Automatic,White/Black,3 Owners,No flood or frame damage,No odometer problems,3GKALPEV9ML364858,CUV - Midsize,Clean,No Issue,No Issue,1 Open Recall(s),No Issue,No Issue,OEM-Certified,No Issue,
2020,GMC,Sierra 1500 SLE,31998,47000,19 city/22 hwy,4-cyl,Turbo Gas,Four Wheel Drive,Automatic,Red/Black,2 Owners,No flood or frame damage,No odometer problems,1GTP9BEKXLZ318427,Pickup - Fullsize,Clean,No Issue,No Issue,No Open Recalls,No Issue,No Issue,OEM-Certified,No Issue,5.5 ft
2018,GMC,Terrain Denali,25998,34000,21 city/26 hwy,4-cyl,Turbo Gas,All Wheel Drive,Automatic,White/Black,3 Owners,No flood or frame damage,No odometer problems,3GKALXEXXJL186066,CUV - Midsize,Clean,No Issue,No Issue,No Open Recalls,No Issue,No Issue,No CPO Info Available,No Issue,
2018,GMC,Sierra 1500 SLT,31998,80000,16 city/22 hwy,8-cyl,Gas,Four Wheel Drive,Automatic,Blue/Black,2 Owners,No flood or frame damage,No odometer problems,3GTU2NEC3JG207748,Pickup - Fullsize,Clean,No Issue,Moderate,No Open Recalls,No Issue,No Issue,No CPO Info Available,No Issue,5.5 ft
2016,GMC,Acadia Denali,22998,72000,15 city/22 hwy,6-cyl,Gas,All Wheel Drive,Automatic,Pearl/Brown,3 Owners,No flood or frame damage,No odometer problems,1GKKVTKD8GJ255435,CUV - Large,Clean,No Issue,No Issue,1 Open Recall(s),No Issue,No Issue,No CPO Info Available,No Issue,
2019,GMC,Acadia Denali,30998,43000,17 city/25 hwy,6-cyl,Gas,All Wheel Drive,Automatic,Black/Black,1 Owner,No flood or frame damage,No odometer problems,1GKKNXLS5KZ273678,CUV - Midsize,Clean,No Issue,No Issue,No Open Recalls,No Issue,No Issue,No CPO Info Available,No Issue,
2019,GMC,Yukon Denali,42998,67000,14 city/22 hwy,8-cyl,Gas,Four Wheel Drive,Automatic,Gray/Tan,2 Owners,No flood or frame damage,No odometer problems,1GKS2CKJ8KR335133,SUV - Large,Clean,No Issue,No Issue,No Open Recalls,No Issue,No Issue,No CPO Info Available,No Issue,
2020,GMC,Yukon XL 1500 Denali,49998,52000,14 city/20 hwy,8-cyl,Gas,Four Wheel Drive,Automatic,White/Black,1 Owner,No flood or frame damage,No odometer problems,1GKS2HKJ4LR301088,SUV - Large,Clean,No Issue,No Issue,No Open Recalls,No Issue,No Issue,No CPO Info Available,No Issue,
2023,GMC,Terrain SLT,24998,38000,24 city/29 hwy,4-cyl,Turbo Gas,Front Wheel Drive,Automatic,White/Gray,1 Owner,No flood or frame damage,No odometer problems,3GKALPEG2PL142359,CUV - Midsize,Clean,No Issue,No Issue,No Open Recalls,No Issue,No Issue,OEM-Certified,No Issue,
2019,GMC,Terrain SLE,21998,22000,26 city/30 hwy,4-cyl,Turbo Gas,Front Wheel Drive,Automatic,Gray/Black,1 Owner,No flood or frame damage,No odometer problems,3GKALMEV7KL171037,CUV - Midsize,Clean,No Issue,Moderate,No Open Recalls,No Issue,No Issue,No CPO Info Available,No Issue,
2022,GMC,Sierra 1500 Limited AT4,49998,33000,14 city/19 hwy,8-cyl,Gas,Four Wheel Drive,Automatic,Black/Black,1 Owner,No flood or frame damage,No odometer problems,3GTP9EEL3NG189265,Pickup - Fullsize,Clean,No Issue,No Issue,No Open Recalls,No Issue,No Issue,No CPO Info Available,No Issue,5.5 ft
2017,GMC,Acadia Limited ,21998,84000,15 city/22 hwy,6-cyl,Gas,All Wheel Drive,Automatic,Red/Brown,1 Owner,No flood or frame damage,No odometer problems,1GKKVSKD2HJ166357,CUV - Midsize,Clean,No Issue,No Issue,No Open Recalls,No Issue,No Issue,No CPO Info Available,No Issue,
2024,GMC,Sierra 1500 Elevation,49998,4000,16 city/21 hwy,8-cyl,Gas,Rear Wheel Drive,Automatic,Gray/Black,1 Owner,No flood or frame damage,No odometer problems,1GTPHCED8RZ153111,Pickup - Fullsize,Clean,No Issue,No Issue,No Open Recalls,No Issue,No Issue,No CPO Info Available,No Issue,5.5 ft
2021,GMC,Terrain SLE,23998,20000,25 city/28 hwy,4-cyl,Turbo Gas,All Wheel Drive,Automatic,Black/Black,1 Owner,No flood or frame damage,No odometer problems,3GKALTEV1ML316599,CUV - Midsize,Clean,No Issue,No Issue,No Open Recalls,No Issue,No Issue,OEM-Certified,No Issue,
2020,GMC,Acadia SLE,23998,59000,21 city/27 hwy,4-cyl,Gas,Front Wheel Drive,Automatic,Gray/Black,2 Owners,No flood or frame damage,No odometer problems,1GKKNKLAXLZ144329,CUV - Midsize,Clean,No Issue,Moderate,No Open Recalls,No Issue,No Issue,OEM-Certified,No Issue,
2020,GMC,Terrain SLT,22998,50000,26 city/30 hwy,,,,Automatic,Blue/Black,1 Owner,No flood or frame damage,No odometer problems,3GKALPEV5LL238477,CUV - Midsize,Clean,No Issue,No Issue,No Open Recalls,No Issue,No Issue,No CPO Info Available,No Issue,
2021,GMC,Sierra 1500 Denali,50998,38000,16 city/20 hwy,8-cyl,Gas,Four Wheel Drive,Automatic,White/Black,1 Owner,No flood or frame damage,No odometer problems,3GTU9FEL6MG138527,Pickup - Fullsize,Clean,No Issue,No Issue,No Open Recalls,No Issue,No Issue,No CPO Info Available,No Issue,5.5 ft
2023,GMC,Sierra 1500 Denali,57998,31000,16 city/20 hwy,8-cyl,Gas,Four Wheel Drive,Automatic,Black/Black,1 Owner,No flood or frame damage,No odometer problems,3GTUUGED8PG233494,Pickup - Fullsize,Clean,No Issue,No Issue,1 Open Recall(s),No Issue,No Issue,No CPO Info Available,No Issue,5.5 ft
2021,GMC,Terrain SLT,26998,30000,25 city/28 hwy,4-cyl,Turbo Gas,All Wheel Drive,Automatic,Black/Black,1 Owner,No flood or frame damage,No odometer problems,3GKALVEV1ML395820,CUV - Midsize,Clean,No Issue,No Issue,No Open Recalls,No Issue,No Issue,No CPO Info Available,No Issue,
2018,GMC,Yukon XL 1500 Denali,41998,64000,14 city/21 hwy,8-cyl,Gas,Four Wheel Drive,Automatic,Gray/Black,1 Owner,No flood or frame damage,No odometer problems,1GKS2HKJ3JR140973,SUV - Large,Clean,No Issue,No Issue,No Open Recalls,No Issue,No Issue,No CPO Info Available,No Issue,
2021,GMC,Terrain SLT,22998,61000,25 city/28 hwy,4-cyl,Turbo Gas,All Wheel Drive,Automatic,Black/Black,1 Owner,No flood or frame damage,No odometer problems,3GKALVEV4ML331786,CUV - Midsize,Clean,No Issue,No Issue,No Open Recalls,No Issue,No Issue,No CPO Info Available,No Issue,
2019,GMC,Terrain SLE,19998,55000,26 city/30 hwy,4-cyl,Turbo Gas,Front Wheel Drive,Automatic,Gray/Gray,2 Owners,No flood or frame damage,No odometer problems,3GKALMEV2KL120478,CUV - Midsize,Clean,No Issue,Minor,No Open Recalls,No Issue,No Issue,No CPO Info Available,No Issue,
2020,GMC,Yukon XL 1500 SLT,34998,87000,14 city/21 hwy,8-cyl,Gas,Four Wheel Drive,Automatic,Burgundy/Black,3 Owners,No flood or frame damage,No odometer problems,1GKS2GKC7LR169469,SUV - Large,Clean,No Issue,Moderate,No Open Recalls,No Issue,No Issue,No CPO Info Available,No Issue,
2019,GMC,Terrain SLT,18998,92000,24 city/28 hwy,4-cyl,Turbo Gas,All Wheel Drive,Automatic,Silver/Gray,3 Owners,No flood or frame damage,No odometer problems,3GKALVEX5KL274593,CUV - Midsize,Clean,No Issue,No Issue,No Open Recalls,No Issue,No Issue,No CPO Info Available,No Issue,
2021,GMC,Yukon SLE,49998,29000,16 city/20 hwy,8-cyl,Gas,Four Wheel Drive,Automatic,Black/Black,1 Owner,No flood or frame damage,No odometer problems,1GKS2AKD2MR426898,SUV - Large,Clean,No Issue,No Issue,No Open Recalls,No Issue,No Issue,No CPO Info Available,No Issue,
2021,GMC,Sierra 1500 Denali,48998,41000,16 city/20 hwy,8-cyl,Gas,Four Wheel Drive,Automatic,White/Black,1 Owner,No flood or frame damage,No odometer problems,3GTU9FEL7MG319149,Pickup - Fullsize,Clean,No Issue,No Issue,No Open Recalls,No Issue,No Issue,No CPO Info Available,No Issue,5.5 ft
2021,GMC,Terrain SLT,21998,72000,26 city/30 hwy,4-cyl,Turbo Gas,Front Wheel Drive,Automatic,White/Gray,3 Owners,No flood or frame damage,No odometer problems,3GKALPEV2ML326601,CUV - Midsize,Clean,No Issue,No Issue,No Open Recalls,No Issue,No Issue,No CPO Info Available,No Issue,
2022,GMC,Terrain SLE,26998,5000,25 city/27 hwy,4-cyl,Turbo Gas,Front Wheel Drive,Automatic,White/Black,1 Owner,No flood or frame damage,No odometer problems,3GKALMEV3NL166468,CUV - Midsize,Clean,No Issue,No Issue,No Open Recalls,No Issue,No Issue,No CPO Info Available,No Issue,
2021,GMC,Sierra 1500 Elevation,34998,88000,22 city/26 hwy,6-cyl,Turbo Diesel,Four Wheel Drive,Automatic,Gray/Black,1 Owner,No flood or frame damage,No odometer problems,3GTU9CET4MG428215,Pickup - Fullsize,Clean,No Issue,Minor,No Open Recalls,No Issue,No Issue,No CPO Info Available,No Issue,5.5 ft
2019,GMC,Acadia Denali,29998,48000,17 city/25 hwy,6-cyl,Gas,All Wheel Drive,Automatic,White/Tan,1 Owner,No flood or frame damage,No odometer problems,1GKKNXLS4KZ208837,CUV - Midsize,Clean,No Issue,No Issue,No Open Recalls,No Issue,No Issue,No CPO Info Available,No Issue,
2022,GMC,Canyon Elevation,33998,30000,17 city/24 hwy,6-cyl,Gas,Four Wheel Drive,Automatic,Gray/Black,1 Owner,No flood or frame damage,No odometer problems,1GTG6CEN0N1265828,Pickup - Midsize,Clean,No Issue,No Issue,No Open Recalls,No Issue,No Issue,No CPO Info Available,No Issue,5 ft
2015,GMC,Sierra 1500 Denali,27998,112000,16 city/22 hwy,8-cyl,Gas,Four Wheel Drive,Automatic,White/Black,2 Owners,No flood or frame damage,No odometer problems,3GTU2WEJ8FG430475,Pickup - Fullsize,Clean,No Issue,No Issue,1 Open Recall(s),No Issue,No Issue,No CPO Info Available,No Issue,5.5 ft
2021,GMC,Acadia SLT,29998,32000,22 city/27 hwy,6-cyl,Turbo Gas,All Wheel Drive,Automatic,Blue/Gray,1 Owner,No flood or frame damage,No odometer problems,1GKKNULS2MZ139891,CUV - Midsize,Clean,No Issue,No Issue,No Open Recalls,No Issue,No Issue,No CPO Info Available,No Issue,
2019,GMC,Acadia Denali,30998,29000,17 city/25 hwy,6-cyl,Gas,All Wheel Drive,Automatic,Brown/Black,1 Owner,No flood or frame damage,No odometer problems,1GKKNXLSXKZ286250,CUV - Midsize,Clean,No Issue,Minor,No Open Recalls,No Issue,No Issue,No CPO Info Available,No Issue,
2024,GMC,Sierra 1500 SLT,55998,6000,15 city/20 hwy,8-cyl,Gas,Four Wheel Drive,Automatic,White/Black,1 Owner,No flood or frame damage,No odometer problems,3GTUUDEDXRG111303,Pickup - Fullsize,Clean,No Issue,No Issue,No Open Recalls,No Issue,No Issue,No CPO Info Available,No Issue,5.5 ft
2021,GMC,Sierra 1500 Denali,50998,38000,22 city/26 hwy,6-cyl,Turbo Diesel,Four Wheel Drive,Automatic,White/Black,2 Owners,No flood or frame damage,No odometer problems,3GTU9FET1MG214817,Pickup - Fullsize,Clean,No Issue,No Issue,No Open Recalls,No Issue,No Issue,OEM-Certified,No Issue,5.5 ft
2013,GMC,Sierra 1500 Denali,28998,81000,12 city/18 hwy,8-cyl,Gas,All Wheel Drive,Automatic,Gray/Black,3 Owners,No flood or frame damage,No odometer problems,3GTP2XE25DG288479,Pickup - Fullsize,Clean,No Issue,No Issue,No Open Recalls,No Issue,No Issue,No CPO Info Available,No Issue,5.5 ft
2020,GMC,Yukon SLT,43998,53000,15 city/21 hwy,8-cyl,Gas,Four Wheel Drive,Automatic,Black/Gray,2 Owners,No flood or frame damage,No odometer problems,1GKS2BKC1LR229698,SUV - Large,Clean,No Issue,No Issue,No Open Recalls,No Issue,No Issue,No CPO Info Available,No Issue,
2015,GMC,Acadia SLT,18998,89000,17 city/24 hwy,6-cyl,Gas,Front Wheel Drive,Automatic,Red/Black,2 Owners,No flood or frame damage,No odometer problems,1GKKRRKD3FJ108817,CUV - Large,Clean,No Issue,No Issue,1 Open Recall(s),No Issue,No Issue,No CPO Info Available,No Issue,
2017,GMC,Canyon SLE,23998,89000,17 city/24 hwy,6-cyl,Gas,Four Wheel Drive,Automatic,Red/Black,3 Owners,No flood or frame damage,No odometer problems,1GTG6CEN6H1234216,Pickup - Midsize,Clean,No Issue,No Issue,No Open Recalls,No Issue,No Issue,No Recent CPO Reported,No Issue,5 ft
2017,GMC,Terrain SLT,18998,33000,17 city/24 hwy,6-cyl,Gas,Front Wheel Drive,Automatic,Burgundy/Black,2 Owners,No flood or frame damage,No odometer problems,2GKFLPE37H6235113,CUV - Midsize,Clean,No Issue,No Issue,1 Open Recall(s),No Issue,No Issue,No Recent CPO Reported,No Issue,
2021,GMC,Sierra 1500 AT4,42998,89000,22 city/26 hwy,6-cyl,Turbo Diesel,Four Wheel Drive,Automatic,Red/Black,2 Owners,No flood or frame damage,No odometer problems,3GTU9EET3MG242855,Pickup - Fullsize,Clean,No Issue,Damage Reported,No Open Recalls,No Issue,No Issue,No CPO Info Available,No Issue,5.5 ft
2018,GMC,Sierra 1500 SLT,28998,102000,16 city/22 hwy,8-cyl,Gas,Four Wheel Drive,Automatic,Red/Tan,1 Owner,No flood or frame damage,No odometer problems,3GTU2NER3JG194908,Pickup - Fullsize,Clean,No Issue,No Issue,No Open Recalls,No Issue,No Issue,No CPO Info Available,No Issue,5.5 ft
2021,GMC,Sierra 1500 AT4,46998,55000,15 city/19 hwy,8-cyl,Gas,Four Wheel Drive,Automatic,White/Black,1 Owner,No flood or frame damage,No odometer problems,1GTP9EELXMZ248522,Pickup - Fullsize,Clean,No Issue,No Issue,No Open Recalls,No Issue,No Issue,No CPO Info Available,No Issue,5.5 ft
2022,GMC,Acadia Denali,37998,27000,19 city/26 hwy,6-cyl,Gas,All Wheel Drive,Automatic,Green/Black,2 Owners,No flood or frame damage,No odometer problems,1GKKNXLS1NZ167698,CUV - Midsize,Clean,No Issue,Damage Reported,No Open Recalls,No Issue,No Issue,OEM-Certified,No Issue,
2019,GMC,Sierra 1500 Denali,40998,60000,15 city/20 hwy,8-cyl,Gas,,Automatic,White/Black,2 Owners,No flood or frame damage,No odometer problems,1GTU9FEL7KZ404084,Pickup - Fullsize,Clean,No Issue,No Issue,No Open Recalls,No Issue,No Issue,No CPO Info Available,No Issue,5.5 ft
2014,GMC,Sierra 1500 SLT,23998,110000,16 city/23 hwy,8-cyl,Gas,,Automatic,Black/Gray,1 Owner,No flood or frame damage,No odometer problems,3GTP1VEC8EG250231,Pickup - Fullsize,Clean,No Issue,Minor,No Open Recalls,No Issue,No Issue,No CPO Info Available,No Issue,5.5 ft
2019,GMC,Terrain SLE,20998,46000,24 city/28 hwy,4-cyl,Turbo Gas,All Wheel Drive,Automatic,Black/Black,2 Owners,No flood or frame damage,No odometer problems,3GKALMEV1KL132962,CUV - Midsize,Clean,No Issue,No Issue,No Open Recalls,No Issue,No Issue,No CPO Info Available,No Issue,
2020,GMC,Sierra 1500 Elevation,37998,46000,16 city/22 hwy,8-cyl,Gas,Four Wheel Drive,Automatic,Brown/Black,1 Owner,No flood or frame damage,No odometer problems,1GTR9CED7LZ200982,Pickup - Fullsize,Clean,No Issue,No Issue,No Open Recalls,No Issue,No Issue,No CPO Info Available,No Issue,6.5 ft
2022,GMC,Terrain SLE,23998,33000,25 city/26 hwy,4-cyl,Turbo Gas,All Wheel Drive,Automatic,White/Black,1 Owner,No flood or frame damage,No odometer problems,3GKALTEV6NL227287,CUV - Midsize,Clean,No Issue,No Issue,No Open Recalls,No Issue,No Issue,No CPO Info Available,No Issue,
2021,GMC,Acadia SLE,24998,50000,21 city/27 hwy,4-cyl,Gas,Front Wheel Drive,Automatic,Burgundy/Gray,1 Owner,No flood or frame damage,No odometer problems,1GKKNKLA7MZ164751,CUV - Midsize,Clean,No Issue,No Issue,No Open Recalls,No Issue,No Issue,No CPO Info Available,No Issue,
2020,GMC,Terrain SLT,24998,33000,24 city/28 hwy,,,,Automatic,White/Black,2 Owners,No flood or frame damage,No odometer problems,3GKALVEV9LL171855,CUV - Midsize,Clean,No Issue,No Issue,No Open Recalls,No Issue,No Issue,No CPO Info Available,No Issue,
2017,GMC,Sierra 1500 SLT,28998,123000,16 city/22 hwy,8-cyl,Gas,Four Wheel Drive,Automatic,Burgundy/Brown,1 Owner,No flood or frame damage,No odometer problems,3GTU2NECXHG151169,Pickup - Fullsize,Clean,No Issue,No Issue,No Open Recalls,No Issue,No Issue,No CPO Info Available,No Issue,5.5 ft
2017,GMC,Acadia Limited ,20998,75000,15 city/22 hwy,6-cyl,Gas,,Automatic,White/Brown,2 Owners,No flood or frame damage,No odometer problems,1GKKRSKD1HJ149120,CUV - Midsize,Clean,No Issue,Damage Reported,1 Open Recall(s),No Issue,No Issue,No CPO Info Available,No Issue,
2019,GMC,Terrain SLE,19998,51000,26 city/30 hwy,4-cyl,Turbo Gas,Front Wheel Drive,Automatic,Blue/Black,2 Owners,No flood or frame damage,No odometer problems,3GKALMEV0KL189377,CUV - Midsize,Clean,No Issue,No Issue,No Open Recalls,No Issue,No Issue,No CPO Info Available,No Issue,
2020,GMC,Yukon XL 1500 Denali,38998,78000,14 city/23 hwy,8-cyl,Gas,Rear Wheel Drive,Automatic,White/Black,2 Owners,No flood or frame damage,No odometer problems,1GKS1HKJ1LR193807,SUV - Large,Clean,No Issue,Damage Reported,No Open Recalls,No Issue,No Issue,No CPO Info Available,No Issue,
2021,GMC,Acadia SLT,30998,29000,19 city/26 hwy,6-cyl,Gas,All Wheel Drive,Automatic,Black/Black,1 Owner,No flood or frame damage,No odometer problems,1GKKNULS1MZ195997,CUV - Midsize,Clean,No Issue,Moderate,No Open Recalls,No Issue,No Issue,No CPO Info Available,No Issue,
2020,GMC,Terrain SLE,23998,10000,26 city/30 hwy,,,,Automatic,Blue/Black,1 Owner,No flood or frame damage,No odometer problems,3GKALMEV2LL297324,CUV - Midsize,Clean,No Issue,No Issue,No Open Recalls,No Issue,No Issue,OEM-Certified,No Issue,
2020,GMC,Sierra 1500 Denali,42998,68000,16 city/22 hwy,8-cyl,Gas,Four Wheel Drive,Automatic,Black/Black,1 Owner,No flood or frame damage,No odometer problems,3GTU9FEL1LG395917,Pickup - Fullsize,Clean,No Issue,No Issue,No Open Recalls,No Issue,No Issue,No CPO Info Available,No Issue,5.5 ft
2017,GMC,Acadia Limited ,20998,80000,15 city/22 hwy,6-cyl,Gas,All Wheel Drive,Automatic,Black/Gray,3 Owners,No flood or frame damage,No odometer problems,1GKKVSKDXHJ298458,CUV - Midsize,Clean,No Issue,No Issue,1 Open Recall(s),No Issue,No Issue,No CPO Info Available,No Issue,
2016,GMC,Acadia SL,17998,72000,15 city/22 hwy,6-cyl,Gas,Front Wheel Drive,Automatic,Tan/Black,1 Owner,No flood or frame damage,No odometer problems,1GKKR1ED9GJ158393,CUV - Large,Clean,No Issue,No Issue,1 Open Recall(s),No Issue,No Issue,No CPO Info Available,No Issue,
2021,GMC,Sierra 1500 Denali,49998,55000,16 city/20 hwy,8-cyl,Gas,Four Wheel Drive,Automatic,Black/Black,2 Owners,No flood or frame damage,No odometer problems,3GTU9FELXMG134190,Pickup - Fullsize,Clean,No Issue,No Issue,No Open Recalls,No Issue,No Issue,No CPO Info Available,No Issue,5.5 ft
2021,GMC,Sierra 1500 SLT,36998,97000,22 city/26 hwy,6-cyl,Turbo Diesel,Four Wheel Drive,Automatic,Black/Gray,1 Owner,No flood or frame damage,No odometer problems,1GTU9DET7MZ117593,Pickup - Fullsize,Clean,No Issue,No Issue,No Open Recalls,No Issue,No Issue,No CPO Info Available,No Issue,5.5 ft
2019,GMC,Acadia SLT,24998,67000,17 city/25 hwy,6-cyl,Gas,All Wheel Drive,Automatic,Black/Black,1 Owner,No flood or frame damage,No odometer problems,1GKKNULS1KZ291884,CUV - Midsize,Clean,No Issue,No Issue,No Open Recalls,No Issue,No Issue,No CPO Info Available,No Issue,
2015,GMC,Terrain Denali,18998,64000,17 city/24 hwy,6-cyl,Gas,Front Wheel Drive,Automatic,White/Black,3 Owners,No flood or frame damage,No odometer problems,2GKFLUE3XF6146227,CUV - Midsize,Clean,No Issue,No Issue,No Open Recalls,No Issue,No Issue,No CPO Info Available,No Issue,
2016,GMC,Terrain SLT,15998,101000,16 city/23 hwy,6-cyl,Gas,All Wheel Drive,Automatic,Red/Black,2 Owners,No flood or frame damage,No odometer problems,2GKFLUE38G6207723,CUV - Midsize,Clean,No Issue,Damage Reported,No Open Recalls,No Issue,No Issue,No CPO Info Available,No Issue,
2022,GMC,Yukon SLT,58998,36000,15 city/20 hwy,8-cyl,Gas,Rear Wheel Drive,Automatic,White/Gray,1 Owner,No flood or frame damage,No odometer problems,1GKS1BKD6NR363783,SUV - Large,Clean,No Issue,No Issue,No Open Recalls,No Issue,No Issue,No CPO Info Available,No Issue,
2020,GMC,Yukon Denali,49998,52000,14 city/22 hwy,8-cyl,Gas,Four Wheel Drive,Automatic,White/Tan,3 Owners,No flood or frame damage,No odometer problems,1GKS2CKJ3LR139716,SUV - Large,Clean,No Issue,No Issue,No Open Recalls,No Issue,No Issue,No CPO Info Available,No Issue,
2017,GMC,Yukon SLT,34998,60000,16 city/23 hwy,8-cyl,Gas,Rear Wheel Drive,Automatic,Black/Black,3 Owners,No flood or frame damage,No odometer problems,1GKS1BKC4HR371182,SUV - Large,Clean,No Issue,No Issue,No Open Recalls,No Issue,No Issue,No CPO Info Available,No Issue,
2019,GMC,Terrain Denali,25998,33000,22 city/28 hwy,4-cyl,Turbo Gas,Front Wheel Drive,Automatic,Red/Black,1 Owner,No flood or frame damage,No odometer problems,3GKALSEX6KL261592,CUV - Midsize,Clean,No Issue,Minor,No Open Recalls,No Issue,No Issue,No CPO Info Available,No Issue,
2018,GMC,Acadia SLT,23998,55000,17 city/25 hwy,6-cyl,Gas,All Wheel Drive,Automatic,White/Tan,1 Owner,No flood or frame damage,No odometer problems,1GKKNULS9JZ204456,CUV - Midsize,Clean,No Issue,Moderate,No Open Recalls,No Issue,No Issue,No CPO Info Available,No Issue,
2019,GMC,Acadia SLE,21998,58000,21 city/26 hwy,4-cyl,Gas,Front Wheel Drive,Automatic,White/Black,2 Owners,No flood or frame damage,No odometer problems,1GKKNKLA7KZ299239,CUV - Midsize,Clean,No Issue,Minor,No Open Recalls,No Issue,No Issue,No CPO Info Available,No Issue,
2024,GMC,Sierra 1500 SLT,48998,16000,16 city/21 hwy,8-cyl,Gas,Rear Wheel Drive,Automatic,Black/Black,1 Owner,No flood or frame damage,No odometer problems,1GTPHDED9RZ134346,Pickup - Fullsize,Clean,No Issue,No Issue,No Open Recalls,No Issue,No Issue,OEM-Certified,No Issue,5.5 ft
2024,GMC,Sierra 1500 AT4,67998,6000,15 city/19 hwy,8-cyl,Gas,Four Wheel Drive,Automatic,Gray/Black,1 Owner,No flood or frame damage,No odometer problems,3GTUUEEL8RG191357,Pickup - Fullsize,Clean,No Issue,No Issue,No Open Recalls,No Issue,No Issue,No CPO Info Available,No Issue,5.5 ft
2021,GMC,Sierra 1500 Elevation,35998,89000,16 city/22 hwy,8-cyl,Gas,Four Wheel Drive,Automatic,Black/Black,1 Owner,No flood or frame damage,No odometer problems,1GTU9CED7MZ100943,Pickup - Fullsize,Clean,No Issue,No Issue,No Open Recalls,No Issue,No Issue,No CPO Info Available,No Issue,5.5 ft
2020,GMC,Sierra 1500 Denali,46998,50000,16 city/22 hwy,8-cyl,Gas,Four Wheel Drive,Automatic,Blue/Black,1 Owner,No flood or frame damage,No odometer problems,3GTU9FED2LG253004,Pickup - Fullsize,Clean,No Issue,No Issue,No Open Recalls,No Issue,No Issue,No CPO Info Available,No Issue,5.5 ft
2021,GMC,Sierra 2500 Denali,55998,95000,Not available,8-cyl,Turbo Diesel,Four Wheel Drive,Automatic,Blue/Black,1 Owner,No flood or frame damage,No odometer problems,1GT19REY0MF167961,Pickup - Fullsize,Clean,No Issue,Moderate,1 Open Recall(s),No Issue,No Issue,No CPO Info Available,No Issue,6.5 ft
2018,GMC,Sierra 1500 ,28998,77000,17 city/22 hwy,8-cyl,Gas,Four Wheel Drive,Automatic,White/Gray,3 Owners,No flood or frame damage,No odometer problems,1GTV2LEC1JZ101839,Pickup - Fullsize,Clean,No Issue,No Issue,No Open Recalls,No Issue,No Issue,No Recent CPO Reported,No Issue,6.5 ft
2022,GMC,Yukon XL 1500 SLE,52998,22000,14 city/19 hwy,8-cyl,Gas,Four Wheel Drive,Automatic,Silver/Black,2 Owners,No flood or frame damage,No odometer problems,1GKS2FKD3NR120095,SUV - Large,Clean,No Issue,No Issue,No Open Recalls,No Issue,No Issue,No CPO Info Available,No Issue,
2021,GMC,Canyon Elevation Standard,28998,39000,18 city/25 hwy,,,,Automatic,Black/Gray,2 Owners,No flood or frame damage,No odometer problems,1GTG5BEN8M1206361,Pickup - Midsize,Clean,No Issue,No Issue,No Open Recalls,No Issue,No Issue,No CPO Info Available,No Issue,5 ft
2020,GMC,Sierra 1500 Denali,48998,32000,16 city/22 hwy,8-cyl,Gas,Four Wheel Drive,Automatic,Gray/Black,1 Owner,No flood or frame damage,No odometer problems,3GTU9FELXLG446878,Pickup - Fullsize,Clean,No Issue,No Issue,No Open Recalls,No Issue,No Issue,No CPO Info Available,No Issue,5.5 ft
2022,GMC,Sierra 2500 AT4,57998,58000,Not available,8-cyl,Gas,Four Wheel Drive,Automatic,Black/Black,1 Owner,No flood or frame damage,No odometer problems,1GT49PE79NF151381,Pickup - Fullsize,Clean,No Issue,No Issue,1 Open Recall(s),No Issue,No Issue,No CPO Info Available,No Issue,6.5 ft
2021,GMC,Terrain SLE,23998,34000,26 city/30 hwy,4-cyl,Turbo Gas,Front Wheel Drive,Automatic,Pearl/Black,2 Owners,No flood or frame damage,No odometer problems,3GKALMEV3ML301852,CUV - Midsize,Clean,No Issue,No Issue,No Open Recalls,No Issue,No Issue,OEM-Certified,No Issue,
2016,GMC,Acadia SLT,16998,83000,15 city/22 hwy,6-cyl,Gas,Front Wheel Drive,Automatic,Gray/Gray,1 Owner,No flood or frame damage,No odometer problems,1GKKRRKD9GJ331462,CUV - Large,Clean,No Issue,No Issue,1 Open Recall(s),No Issue,No Issue,No CPO Info Available,No Issue,
2020,GMC,Terrain Denali,23998,79000,21 city/26 hwy,,,,Automatic,White/Cream,1 Owner,No flood or frame damage,No odometer problems,3GKALSEX8LL214517,CUV - Midsize,Clean,No Issue,Damage Reported,No Open Recalls,No Issue,No Issue,No CPO Info Available,No Issue,
2020,GMC,Terrain SLE,21998,34000,26 city/30 hwy,,,,Automatic,Gray/Black,1 Owner,No flood or frame damage,No odometer problems,3GKALMEV9LL179206,CUV - Midsize,Clean,No Issue,No Issue,No Open Recalls,No Issue,No Issue,No CPO Info Available,No Issue,
2021,GMC,Acadia SLE,28998,31000,19 city/26 hwy,6-cyl,Gas,All Wheel Drive,Automatic,Red/Black,2 Owners,No flood or frame damage,No odometer problems,1GKKNRLS8MZ119125,CUV - Midsize,Clean,No Issue,No Issue,No Open Recalls,No Issue,No Issue,No CPO Info Available,No Issue,
2017,GMC,Yukon SLT,33998,81000,16 city/22 hwy,8-cyl,Gas,Four Wheel Drive,Automatic,Gray/Tan,2 Owners,No flood or frame damage,No odometer problems,1GKS2BKC7HR383632,SUV - Large,Clean,No Issue,No Issue,No Open Recalls,No Issue,No Issue,No CPO Info Available,No Issue,
2021,GMC,Sierra 1500 AT4,47998,30000,16 city/21 hwy,8-cyl,Gas,Four Wheel Drive,Automatic,White/Black,2 Owners,No flood or frame damage,No odometer problems,3GTP9EED5MG242099,Pickup - Fullsize,Clean,No Issue,No Issue,No Open Recalls,No Issue,No Issue,No Recent CPO Reported,No Issue,5.5 ft
2020,GMC,Sierra 1500 SLT,40998,63000,22 city/26 hwy,,,,Automatic,White/Black,3 Owners,No flood or frame damage,No odometer problems,3GTU9DET8LG427265,Pickup - Fullsize,Clean,No Issue,No Issue,No Open Recalls,No Issue,No Issue,No CPO Info Available,No Issue,5.5 ft
2016,GMC,Yukon Denali,33998,77000,15 city/22 hwy,,,,Automatic,Gold/Tan,3 Owners,No flood or frame damage,No odometer problems,1GKS1CKJ2GR185658,SUV - Large,Clean,No Issue,Minor,No Open Recalls,No Issue,No Issue,No CPO Info Available,No Issue,
2019,GMC,Acadia SLT,24998,51000,17 city/25 hwy,,,,Automatic,Silver/Black,2 Owners,No flood or frame damage,No odometer problems,1GKKNULS1KZ124635,CUV - Midsize,Clean,No Issue,No Issue,No Open Recalls,No Issue,No Issue,No CPO Info Available,No Issue,
2019,GMC,Sierra 1500 SLE,30998,46000,20 city/23 hwy,4-cyl,Turbo Gas,Rear Wheel Drive,Automatic,Red/Black,2 Owners,No flood or frame damage,No odometer problems,1GTP8BEK9KZ136946,Pickup - Fullsize,Clean,No Issue,No Issue,No Open Recalls,No Issue,No Issue,No CPO Info Available,No Issue,6.5 ft
2022,GMC,Sierra 1500 Denali,53998,25000,15 city/20 hwy,,,,Automatic,White/Black,1 Owner,No flood or frame damage,No odometer problems,3GTUUGED3NG660451,Pickup - Fullsize,Clean,No Issue,Minor,No Open Recalls,No Issue,No Issue,No CPO Info Available,No Issue,5.5 ft
2023,GMC,Terrain AT4,28998,18000,24 city/28 hwy,4-cyl,Turbo Gas,All Wheel Drive,Automatic,White/Black,1 Owner,No flood or frame damage,No odometer problems,3GKALYEG0PL236438,CUV - Midsize,Clean,No Issue,No Issue,No Open Recalls,No Issue,No Issue,No CPO Info Available,No Issue,
2016,GMC,Yukon XL 1500 Denali,35998,77000,14 city/20 hwy,8-cyl,Gas,Four Wheel Drive,Automatic,Black/Gray,3 Owners,No flood or frame damage,No odometer problems,1GKS2HKJ1GR116048,SUV - Large,Clean,No Issue,Minor,No Open Recalls,No Issue,No Issue,No CPO Info Available,No Issue,
2024,GMC,Yukon XL 1500 SLT,69998,16000,15 city/18 hwy,8-cyl,Gas,Four Wheel Drive,Automatic,Black/Black,1 Owner,No flood or frame damage,No odometer problems,1GKS2GKD1RR186091,SUV - Large,Clean,No Issue,No Issue,No Open Recalls,No Issue,No Issue,No CPO Info Available,No Issue,
2023,GMC,Yukon SLE,55998,10000,15 city/20 hwy,8-cyl,Gas,Four Wheel Drive,Automatic,Black/Black,1 Owner,No flood or frame damage,No odometer problems,1GKS2AKD6PR108142,SUV - Large,Clean,No Issue,No Issue,No Open Recalls,No Issue,No Issue,No CPO Info Available,No Issue,
2022,GMC,Terrain SLE,26998,21000,25 city/26 hwy,4-cyl,Turbo Gas,All Wheel Drive,Automatic,Blue/Black,1 Owner,No flood or frame damage,No odometer problems,3GKALTEV0NL140811,CUV - Midsize,Clean,No Issue,No Issue,No Open Recalls,No Issue,No Issue,No CPO Info Available,No Issue,
2016,GMC,Sierra 1500 SLT,27998,98000,16 city/22 hwy,8-cyl,Gas,Four Wheel Drive,Automatic,Silver/Black,3 Owners,No flood or frame damage,No odometer problems,1GTV2NEC0GZ276328,Pickup - Fullsize,Clean,No Issue,Moderate,No Open Recalls,No Issue,No Issue,No CPO Info Available,No Issue,6.5 ft
2018,GMC,Yukon Denali,40998,55000,14 city/22 hwy,8-cyl,Gas,Four Wheel Drive,Automatic,Gray/Black,3 Owners,No flood or frame damage,No odometer problems,1GKS2CKJ4JR333488,SUV - Large,Clean,No Issue,No Issue,No Open Recalls,No Issue,No Issue,No Recent CPO Reported,No Issue,
2018,GMC,Canyon ,19998,98000,20 city/26 hwy,4-cyl,Gas,Rear Wheel Drive,Automatic,Silver/Gray,2 Owners,No flood or frame damage,No odometer problems,1GTH5BEA6J1217548,Pickup - Midsize,Clean,No Issue,No Issue,No Open Recalls,No Issue,No Issue,No CPO Info Available,No Issue,6 ft
2021,GMC,Acadia AT4,30998,42000,19 city/26 hwy,6-cyl,Gas,All Wheel Drive,Automatic,Red/Black,1 Owner,No flood or frame damage,No odometer problems,1GKKNLLS2MZ204538,CUV - Midsize,Clean,No Issue,No Issue,No Open Recalls,No Issue,No Issue,No CPO Info Available,No Issue,
2019,GMC,Acadia Denali,27998,52000,18 city/25 hwy,6-cyl,Gas,Front Wheel Drive,Automatic,Silver/Black,2 Owners,No flood or frame damage,No odometer problems,1GKKNPLS8KZ196885,CUV - Midsize,Clean,No Issue,No Issue,No Open Recalls,No Issue,No Issue,No CPO Info Available,No Issue,
2018,GMC,Sierra 1500 Denali,36998,44000,16 city/22 hwy,8-cyl,Gas,Rear Wheel Drive,Automatic,Black/Black,2 Owners,No flood or frame damage,No odometer problems,3GTP1PEC1JG106252,Pickup - Fullsize,Clean,No Issue,Moderate,No Open Recalls,No Issue,No Issue,No CPO Info Available,No Issue,5.5 ft
2014,GMC,Acadia SLE,18998,59000,17 city/24 hwy,6-cyl,Gas,Front Wheel Drive,Automatic,Gray/Black,2 Owners,No flood or frame damage,No odometer problems,1GKKRPKD1EJ298166,CUV - Large,Clean,No Issue,No Issue,1 Open Recall(s),No Issue,No Issue,No CPO Info Available,No Issue,
2021,GMC,Sierra 1500 AT4,49998,34000,16 city/21 hwy,8-cyl,Gas,Four Wheel Drive,Automatic,Silver/Black,1 Owner,No flood or frame damage,No odometer problems,3GTP9EED8MG203295,Pickup - Fullsize,Clean,No Issue,No Issue,No Open Recalls,No Issue,No Issue,No CPO Info Available,No Issue,5.5 ft
2021,GMC,Acadia Denali,36998,30000,19 city/26 hwy,6-cyl,Gas,All Wheel Drive,Automatic,Gray/Black,1 Owner,No flood or frame damage,No odometer problems,1GKKNXLS3MZ111048,CUV - Midsize,Clean,No Issue,No Issue,No Open Recalls,No Issue,No Issue,No CPO Info Available,No Issue,
2020,GMC,Sierra 1500 SLT,32998,115000,16 city/22 hwy,8-cyl,Gas,Four Wheel Drive,Automatic,Gray/Black,1 Owner,No flood or frame damage,No odometer problems,3GTU9DED4LG123133,Pickup - Fullsize,Clean,No Issue,No Issue,No Open Recalls,No Issue,No Issue,No CPO Info Available,No Issue,5.5 ft
2019,GMC,Terrain SLT,25998,18000,26 city/30 hwy,4-cyl,Turbo Gas,Front Wheel Drive,Automatic,Gray/Black,1 Owner,No flood or frame damage,No odometer problems,3GKALPEVXKL255709,CUV - Midsize,Clean,No Issue,No Issue,No Open Recalls,No Issue,No Issue,No CPO Info Available,No Issue,
2021,GMC,Sierra 1500 Denali,37998,114000,16 city/20 hwy,8-cyl,Gas,Four Wheel Drive,Automatic,Gray/Brown,1 Owner,No flood or frame damage,No odometer problems,3GTU9FEL8MG179726,Pickup - Fullsize,Clean,No Issue,Damage Reported,No Open Recalls,No Issue,No Issue,No CPO Info Available,No Issue,5.5 ft
2019,GMC,Sierra 1500 SLT,33998,86000,15 city/21 hwy,8-cyl,Gas,Four Wheel Drive,Automatic,White/Gray,1 Owner,No flood or frame damage,No odometer problems,3GTU9DED0KG187944,Pickup - Fullsize,Clean,No Issue,No Issue,No Open Recalls,No Issue,No Issue,No CPO Info Available,No Issue,5.5 ft
2017,GMC,Terrain SLT,15998,92000,21 city/31 hwy,4-cyl,Gas,Front Wheel Drive,Automatic,Black/Black,2 Owners,No flood or frame damage,No odometer problems,2GKALPEKXH6216363,CUV - Midsize,Clean,No Issue,Moderate,1 Open Recall(s),No Issue,No Issue,No CPO Info Available,No Issue,
2022,GMC,Sierra 1500 SLT,51998,24000,15 city/20 hwy,,,,Automatic,Blue/Black,2 Owners,No flood or frame damage,No odometer problems,3GTUUDEL7NG663763,Pickup - Fullsize,Clean,No Issue,No Issue,1 Open Recall(s),No Issue,No Issue,No CPO Info Available,No Issue,5.5 ft
2017,GMC,Acadia SLE,18998,82000,18 city/25 hwy,6-cyl,Gas,Front Wheel Drive,Automatic,Gray/Black,2 Owners,No flood or frame damage,No odometer problems,1GKKNLLS6HZ200028,CUV - Midsize,Clean,No Issue,Damage Reported,No Open Recalls,No Issue,No Issue,No CPO Info Available,No Issue,
2021,GMC,Canyon Elevation,28998,43000,18 city/25 hwy,,,,Automatic,White/Gray,2 Owners,No flood or frame damage,No odometer problems,1GTG5CEN4M1176765,Pickup - Midsize,Clean,No Issue,No Issue,No Open Recalls,No Issue,No Issue,No CPO Info Available,No Issue,5 ft
2024,GMC,Sierra 3500 SLE,54998,7000,13 city/17 hwy,,,,Automatic,White/Black,1 Owner,No flood or frame damage,No odometer problems,1GT38RE75RF116997,Pickup - Fullsize,Clean,No Issue,No Issue,No Open Recalls,No Issue,No Issue,No CPO Info Available,No Issue,8 ft
2018,GMC,Yukon Denali,36998,88000,14 city/22 hwy,8-cyl,Gas,Four Wheel Drive,Automatic,White/Brown,1 Owner,No flood or frame damage,No odometer problems,1GKS1CKJ8JR328328,SUV - Large,Clean,No Issue,Minor,No Open Recalls,No Issue,No Issue,No CPO Info Available,No Issue,
2021,GMC,Sierra 1500 SLT,50998,9000,14 city/20 hwy,8-cyl,Gas,Four Wheel Drive,Automatic,Black/Black,1 Owner,No flood or frame damage,No odometer problems,3GTU9DEL0MG269165,Pickup - Fullsize,Clean,No Issue,No Issue,No Open Recalls,No Issue,No Issue,No CPO Info Available,No Issue,5.5 ft
2018,GMC,Sierra 1500 SLE,28998,90000,17 city/22 hwy,8-cyl,Gas,Four Wheel Drive,Automatic,Gray/Gray,3 Owners,No flood or frame damage,No odometer problems,3GTU2MEC5JG271493,Pickup - Fullsize,Clean,No Issue,No Issue,No Open Recalls,No Issue,No Issue,No CPO Info Available,No Issue,5.5 ft
2017,GMC,Sierra 1500 SLT,28998,93000,16 city/22 hwy,,,,Automatic,Silver/Black,3 Owners,No flood or frame damage,No odometer problems,3GTU2NER5HG514949,Pickup - Fullsize,Clean,No Issue,Damage Reported,No Open Recalls,No Issue,No Issue,No CPO Info Available,No Issue,5.5 ft
2020,GMC,Terrain SLE,21998,29000,26 city/30 hwy,,,,Automatic,Gray/Black,2 Owners,No flood or frame damage,No odometer problems,3GKALMEV7LL205768,CUV - Midsize,Clean,No Issue,No Issue,No Open Recalls,No Issue,No Issue,No CPO Info Available,No Issue,
2020,GMC,Yukon SLE,36998,48000,15 city/22 hwy,8-cyl,Gas,Rear Wheel Drive,Automatic,Black/Black,2 Owners,No flood or frame damage,No odometer problems,1GKS1AKC1LR296430,SUV - Large,Clean,No Issue,No Issue,No Open Recalls,No Issue,No Issue,No CPO Info Available,No Issue,
2021,GMC,Terrain SLE,21998,40000,25 city/28 hwy,4-cyl,Turbo Gas,All Wheel Drive,Automatic,Gray/Black,1 Owner,No flood or frame damage,No odometer problems,3GKALTEV0ML385686,CUV - Midsize,Clean,No Issue,No Issue,No Open Recalls,No Issue,No Issue,OEM-Certified,No Issue,
2020,GMC,Acadia SLE,22998,57000,21 city/27 hwy,4-cyl,Gas,Front Wheel Drive,Automatic,White/Black,3 Owners,No flood or frame damage,No odometer problems,1GKKNKLA7LZ193150,CUV - Midsize,Clean,No Issue,No Issue,No Open Recalls,No Issue,No Issue,No CPO Info Available,No Issue,
2023,GMC,Yukon Denali,71998,8000,14 city/20 hwy,8-cyl,Gas,Rear Wheel Drive,Automatic,Black/Black,1 Owner,No flood or frame damage,No odometer problems,1GKS1DKLXPR540647,SUV - Large,Clean,No Issue,No Issue,1 Open Recall(s),No Issue,No Issue,No CPO Info Available,No Issue,
2019,GMC,Acadia SLE,23998,38000,21 city/26 hwy,4-cyl,Gas,Front Wheel Drive,Automatic,Gray/Black,2 Owners,No flood or frame damage,No odometer problems,1GKKNKLA9KZ175747,CUV - Midsize,Clean,No Issue,No Issue,No Open Recalls,No Issue,No Issue,No Recent CPO Reported,No Issue,
2019,GMC,Terrain SLT,22998,37000,26 city/30 hwy,4-cyl,Turbo Gas,Front Wheel Drive,Automatic,Brown/Black,1 Owner,No flood or frame damage,No odometer problems,3GKALPEV8KL303160,CUV - Midsize,Clean,No Issue,No Issue,No Open Recalls,No Issue,No Issue,No CPO Info Available,No Issue,
2017,GMC,Terrain SLE,14998,100000,21 city/31 hwy,4-cyl,Gas,Front Wheel Drive,Automatic,White/Black,2 Owners,No flood or frame damage,No odometer problems,2GKALNEK0H6259954,CUV - Midsize,Clean,No Issue,Moderate,1 Open Recall(s),No Issue,No Issue,No CPO Info Available,No Issue,
2019,GMC,Terrain Denali,23998,53000,21 city/26 hwy,4-cyl,Turbo Gas,All Wheel Drive,Automatic,Silver/Black,2 Owners,No flood or frame damage,No odometer problems,3GKALXEX3KL308252,CUV - Midsize,Clean,No Issue,No Issue,No Open Recalls,No Issue,No Issue,No CPO Info Available,No Issue,
2021,GMC,Terrain SLT,21998,53000,26 city/30 hwy,4-cyl,Turbo Gas,Front Wheel Drive,Automatic,Black/Black,1 Owner,No flood or frame damage,No odometer problems,3GKALPEV1ML353045,CUV - Midsize,Clean,No Issue,No Issue,No Open Recalls,No Issue,No Issue,No CPO Info Available,No Issue,
2016,GMC,Sierra 1500 SLT,27998,110000,16 city/22 hwy,8-cyl,Gas,Four Wheel Drive,Automatic,Gray/Black,3 Owners,No flood or frame damage,No odometer problems,3GTU2NEC7GG277598,Pickup - Fullsize,Clean,No Issue,No Issue,No Open Recalls,No Issue,No Issue,No Recent CPO Reported,No Issue,5.5 ft
2019,GMC,Yukon XL 1500 Denali,39998,79000,14 city/20 hwy,8-cyl,Gas,Four Wheel Drive,Automatic,Black/Black,3 Owners,No flood or frame damage,No odometer problems,1GKS2HKJ1KR197366,SUV - Large,Clean,No Issue,No Issue,No Open Recalls,No Issue,No Issue,No CPO Info Available,No Issue,
2021,GMC,Sierra 1500 Elevation,38998,55000,16 city/22 hwy,8-cyl,Gas,Four Wheel Drive,Automatic,Silver/Black,3 Owners,No flood or frame damage,No odometer problems,3GTU9CED3MG174134,Pickup - Fullsize,Clean,No Issue,Minor,No Open Recalls,No Issue,No Issue,No CPO Info Available,No Issue,5.5 ft
2019,GMC,Sierra 1500 Denali,44998,50000,15 city/20 hwy,8-cyl,Gas,,Automatic,Gray/Black,4 Owners,No flood or frame damage,No odometer problems,1GTU9FEL9KZ382086,Pickup - Fullsize,Clean,No Issue,No Issue,No Open Recalls,No Issue,No Issue,No CPO Info Available,No Issue,5.5 ft
2021,GMC,Terrain SLE,21998,30000,26 city/30 hwy,4-cyl,Turbo Gas,Front Wheel Drive,Automatic,Black/Gray,1 Owner,No flood or frame damage,No odometer problems,3GKALMEV1ML352587,CUV - Midsize,Clean,No Issue,No Issue,No Open Recalls,No Issue,No Issue,No CPO Info Available,No Issue,
2020,GMC,Terrain SLT,17998,99000,26 city/30 hwy,,,,Automatic,White/Black,2 Owners,No flood or frame damage,No odometer problems,3GKALPEV0LL252478,CUV - Midsize,Clean,No Issue,No Issue,No Open Recalls,No Issue,No Issue,No CPO Info Available,No Issue,
2020,GMC,Sierra 1500 Denali,44998,58000,22 city/26 hwy,6-cyl,Turbo Diesel,Four Wheel Drive,Automatic,Black/Black,2 Owners,No flood or frame damage,No odometer problems,1GTU9FET1LZ171854,Pickup - Fullsize,Clean,No Issue,No Issue,No Open Recalls,No Issue,No Issue,No CPO Info Available,No Issue,5.5 ft
2021,GMC,Sierra 1500 AT4,49998,28000,15 city/19 hwy,8-cyl,Gas,Four Wheel Drive,Automatic,White/Black,1 Owner,No flood or frame damage,No odometer problems,3GTP9EEL0MG327424,Pickup - Fullsize,Clean,No Issue,Damage Reported,No Open Recalls,No Issue,No Issue,No CPO Info Available,No Issue,5.5 ft
2018,GMC,Sierra 1500 SLT,35998,45000,16 city/22 hwy,8-cyl,Gas,Four Wheel Drive,Automatic,Brown/Tan,2 Owners,No flood or frame damage,No odometer problems,1GTV2NEC5JZ230243,Pickup - Fullsize,Clean,No Issue,No Issue,No Open Recalls,No Issue,No Issue,No CPO Info Available,No Issue,6.5 ft
2020,GMC,Yukon XL 1500 SLT,44998,41000,15 city/22 hwy,8-cyl,Gas,Rear Wheel Drive,Automatic,Black/Black,1 Owner,No flood or frame damage,No odometer problems,1GKS1GKC4LR285702,SUV - Large,Clean,No Issue,Minor,No Open Recalls,No Issue,No Issue,No CPO Info Available,No Issue,
2016,GMC,Acadia Denali,21998,76000,15 city/22 hwy,6-cyl,Gas,Front Wheel Drive,Automatic,Gray/Black,1 Owner,No flood or frame damage,No odometer problems,1GKKRTKD2GJ137787,CUV - Large,Clean,No Issue,No Issue,1 Open Recall(s),No Issue,No Issue,No CPO Info Available,No Issue,
2014,GMC,Sierra 1500 SLT,32998,45000,16 city/22 hwy,8-cyl,Gas,Four Wheel Drive,Automatic,Gray/Black,3 Owners,No flood or frame damage,No odometer problems,3GTU2VEC2EG505696,Pickup - Fullsize,Clean,No Issue,No Issue,No Open Recalls,No Issue,No Issue,No CPO Info Available,No Issue,5.5 ft
2021,GMC,Yukon AT4,54998,64000,16 city/20 hwy,8-cyl,Gas,Four Wheel Drive,Automatic,Black/Black,2 Owners,No flood or frame damage,No odometer problems,1GKS2CKD9MR200028,SUV - Large,Clean,No Issue,No Issue,No Open Recalls,No Issue,No Issue,No CPO Info Available,No Issue,
2018,GMC,Yukon Denali,39998,78000,14 city/22 hwy,8-cyl,Gas,Four Wheel Drive,Automatic,White/Tan,1 Owner,No flood or frame damage,No odometer problems,1GKS2CKJ8JR254941,SUV - Large,Clean,No Issue,No Issue,No Open Recalls,No Issue,No Issue,No CPO Info Available,No Issue,
2017,GMC,Yukon Denali,34998,87000,15 city/22 hwy,8-cyl,Gas,Rear Wheel Drive,Automatic,Black/Black,2 Owners,No flood or frame damage,No odometer problems,1GKS1CKJ7HR152477,SUV - Large,Clean,No Issue,Damage Reported,No Open Recalls,No Issue,No Issue,No CPO Info Available,No Issue,
2022,GMC,Terrain SLE,22998,37000,25 city/27 hwy,4-cyl,Turbo Gas,Front Wheel Drive,Automatic,Silver/Black,1 Owner,No flood or frame damage,No odometer problems,3GKALMEV4NL253019,CUV - Midsize,Clean,No Issue,No Issue,No Open Recalls,No Issue,No Issue,No CPO Info Available,No Issue,
2014,GMC,Sierra 1500 Denali,26998,89000,16 city/23 hwy,8-cyl,Gas,Rear Wheel Drive,Automatic,Silver/Black,3 Owners,No flood or frame damage,No odometer problems,3GTP1WEC0EG265585,Pickup - Fullsize,Clean,No Issue,No Issue,No Open Recalls,No Issue,No Issue,No CPO Info Available,No Issue,5.5 ft
2019,GMC,Terrain SLE,17998,92000,24 city/28 hwy,4-cyl,Turbo Gas,All Wheel Drive,Automatic,Silver/Black,3 Owners,No flood or frame damage,No odometer problems,3GKALTEV4KL270019,CUV - Midsize,Clean,No Issue,Damage Reported,No Open Recalls,No Issue,No Issue,OEM-Certified,No Issue,
2021,GMC,Acadia SLE,26998,40000,19 city/27 hwy,6-cyl,Gas,Front Wheel Drive,Automatic,Black/Black,1 Owner,No flood or frame damage,No odometer problems,1GKKNKLS6MZ131684,CUV - Midsize,Clean,No Issue,No Issue,No Open Recalls,No Issue,No Issue,No CPO Info Available,No Issue,
2013,GMC,Terrain SLT,14998,76000,17 city/24 hwy,6-cyl,Gas,Front Wheel Drive,Automatic,Red/Black,2 Owners,No flood or frame damage,No odometer problems,2GKFLUE33D6207172,CUV - Midsize,Clean,No Issue,No Issue,1 Open Recall(s),No Issue,No Issue,No CPO Info Available,No Issue,
2021,GMC,Sierra 1500 Elevation,33998,35000,20 city/23 hwy,4-cyl,Turbo Gas,Rear Wheel Drive,Automatic,Silver/Gray,1 Owner,No flood or frame damage,No odometer problems,1GTR8CEK4MZ163201,Pickup - Fullsize,Clean,No Issue,Damage Reported,No Open Recalls,No Issue,No Issue,No CPO Info Available,No Issue,6.5 ft
2021,GMC,Terrain SLE,22998,39000,26 city/30 hwy,4-cyl,Turbo Gas,Front Wheel Drive,Automatic,Gray/Black,1 Owner,No flood or frame damage,No odometer problems,3GKALMEV5ML342810,CUV - Midsize,Clean,No Issue,No Issue,1 Open Recall(s),No Issue,No Issue,No CPO Info Available,No Issue,
2020,GMC,Acadia SLE,25998,37000,21 city/27 hwy,4-cyl,Gas,Front Wheel Drive,Automatic,Black/Black,1 Owner,No flood or frame damage,No odometer problems,1GKKNKLA3LZ231358,CUV - Midsize,Clean,No Issue,No Issue,No Open Recalls,No Issue,No Issue,No CPO Info Available,No Issue,
2021,GMC,Terrain SLT,26998,7000,26 city/30 hwy,4-cyl,Turbo Gas,Front Wheel Drive,Automatic,Gray/Brown,1 Owner,No flood or frame damage,No odometer problems,3GKALPEV0ML355756,CUV - Midsize,Clean,No Issue,Damage Reported,1 Open Recall(s),No Issue,No Issue,No CPO Info Available,No Issue,
2018,GMC,Canyon All Terrain,29998,34000,17 city/24 hwy,4-cyl,Gas,Four Wheel Drive,Automatic,Red/Black,1 Owner,No flood or frame damage,No odometer problems,1GTH6CEN2J1132681,Pickup - Midsize,Clean,No Issue,No Issue,No Open Recalls,No Issue,No Issue,No CPO Info Available,No Issue,6 ft
2022,GMC,Terrain SLT,22998,55000,25 city/26 hwy,4-cyl,Turbo Gas,All Wheel Drive,Automatic,Silver/Gray,3 Owners,No flood or frame damage,No odometer problems,3GKALVEV2NL159761,CUV - Midsize,Clean,No Issue,No Issue,No Open Recalls,No Issue,No Issue,No CPO Info Available,No Issue,
2019,GMC,Canyon All Terrain,26998,87000,17 city/24 hwy,6-cyl,Gas,Four Wheel Drive,Automatic,Black/Black,1 Owner,No flood or frame damage,No odometer problems,1GTG6FEN0K1270766,Pickup - Midsize,Clean,No Issue,Minor,No Open Recalls,No Issue,No Issue,No CPO Info Available,No Issue,5 ft
2019,GMC,Terrain SLE,18998,73000,26 city/30 hwy,4-cyl,Turbo Gas,Front Wheel Drive,Automatic,Black/Black,2 Owners,No flood or frame damage,No odometer problems,3GKALMEV5KL397772,CUV - Midsize,Clean,No Issue,Minor,No Open Recalls,No Issue,No Issue,No CPO Info Available,No Issue,
2023,GMC,Sierra 1500 Denali Ultimate,61998,42000,15 city/19 hwy,8-cyl,Gas,Four Wheel Drive,Automatic,White/Brown,1 Owner,No flood or frame damage,No odometer problems,1GTUUHEL5PZ127453,Pickup - Fullsize,Clean,No Issue,No Issue,No Open Recalls,No Issue,No Issue,No CPO Info Available,No Issue,5.5 ft
2017,GMC,Yukon SLT,33998,64000,16 city/23 hwy,8-cyl,Gas,Rear Wheel Drive,Automatic,Blue/Tan,1 Owner,No flood or frame damage,No odometer problems,1GKS1BKCXHR163128,SUV - Large,Clean,No Issue,No Issue,No Open Recalls,No Issue,No Issue,No CPO Info Available,No Issue,
2020,GMC,Canyon ,22998,70000,18 city/25 hwy,6-cyl,Gas,Rear Wheel Drive,Automatic,Red/Gray,2 Owners,No flood or frame damage,No odometer problems,1GTH5BEN4L1127420,Pickup - Midsize,Clean,No Issue,No Issue,No Open Recalls,No Issue,No Issue,No CPO Info Available,No Issue,6 ft
2018,GMC,Terrain SLT,20998,93000,28 city/39 hwy,,,,Automatic,Silver/Black,2 Owners,No flood or frame damage,No odometer problems,3GKALREUXJL264444,CUV - Midsize,Clean,No Issue,No Issue,No Open Recalls,No Issue,No Issue,No CPO Info Available,No Issue,
2021,GMC,Canyon AT4,28998,81000,17 city/24 hwy,,,,Automatic,White/Black,2 Owners,No flood or frame damage,No odometer problems,1GTG6FEN7M1173423,Pickup - Midsize,Clean,No Issue,Minor,No Open Recalls,No Issue,No Issue,No Recent CPO Reported,No Issue,5 ft
2020,GMC,Yukon XL 1500 SLT,44998,46000,15 city/22 hwy,8-cyl,Gas,Rear Wheel Drive,Automatic,Black/Tan,1 Owner,No flood or frame damage,No odometer problems,1GKS1GKC4LR285957,SUV - Large,Clean,No Issue,No Issue,No Open Recalls,No Issue,No Issue,No CPO Info Available,No Issue,
2016,GMC,Canyon SLT,27998,46000,20 city/29 hwy,4-cyl,Diesel,Four Wheel Drive,Automatic,Black/Black,2 Owners,No flood or frame damage,No odometer problems,1GTP6DE13G1352158,Pickup - Midsize,Clean,No Issue,Minor,No Open Recalls,No Issue,No Issue,No CPO Info Available,No Issue,5 ft
2021,GMC,Terrain SLE,21998,38000,26 city/30 hwy,4-cyl,Turbo Gas,Front Wheel Drive,Automatic,White/Black,1 Owner,No flood or frame damage,No odometer problems,3GKALMEV2ML381046,CUV - Midsize,Clean,No Issue,No Issue,No Open Recalls,No Issue,No Issue,No CPO Info Available,No Issue,
2022,GMC,Sierra 1500 Limited Elevation,34998,49000,19 city/22 hwy,4-cyl,Turbo Gas,Rear Wheel Drive,Automatic,Silver/Black,1 Owner,No flood or frame damage,No odometer problems,1GTR8CEK6NZ183810,Pickup - Fullsize,Clean,No Issue,No Issue,No Open Recalls,No Issue,No Issue,No CPO Info Available,No Issue,6.5 ft
2022,GMC,Acadia SLE,26998,60000,22 city/25 hwy,4-cyl,Turbo Gas,All Wheel Drive,Automatic,Black/Black,1 Owner,No flood or frame damage,No odometer problems,1GKKNKL45NZ144834,CUV - Midsize,Clean,No Issue,No Issue,No Open Recalls,No Issue,No Issue,No CPO Info Available,No Issue,
2024,GMC,Sierra 1500 AT4,64998,18000,15 city/19 hwy,8-cyl,Gas,Four Wheel Drive,Automatic,Gray/Black,1 Owner,No flood or frame damage,No odometer problems,1GTUUEEL6RZ118360,Pickup - Fullsize,Clean,No Issue,No Issue,No Open Recalls,No Issue,No Issue,No CPO Info Available,No Issue,5.5 ft
2021,GMC,Terrain SLT,27998,13000,25 city/28 hwy,4-cyl,Turbo Gas,All Wheel Drive,Automatic,White/Black,1 Owner,No flood or frame damage,No odometer problems,3GKALVEV4ML365128,CUV - Midsize,Clean,No Issue,No Issue,No Open Recalls,No Issue,No Issue,No CPO Info Available,No Issue,
2018,GMC,Acadia Denali,27998,39000,18 city/25 hwy,6-cyl,Gas,Front Wheel Drive,Automatic,Black/Black,1 Owner,No flood or frame damage,No odometer problems,1GKKNPLS9JZ243355,CUV - Midsize,Clean,No Issue,No Issue,No Open Recalls,No Issue,No Issue,No CPO Info Available,No Issue,
2019,GMC,Yukon XL 1500 Denali,46998,69000,14 city/20 hwy,8-cyl,Gas,Four Wheel Drive,Automatic,Black/Black,1 Owner,No flood or frame damage,No odometer problems,1GKS2HKJ5KR299267,SUV - Large,Clean,No Issue,No Issue,No Open Recalls,No Issue,No Issue,No CPO Info Available,No Issue,
2022,GMC,Yukon Denali,64998,42000,20 city/26 hwy,6-cyl,Turbo Diesel,Four Wheel Drive,Automatic,Blue/Gray,1 Owner,No flood or frame damage,No odometer problems,1GKS2DKT5NR294939,SUV - Large,Clean,No Issue,No Issue,No Open Recalls,No Issue,No Issue,No CPO Info Available,No Issue,
2016,GMC,Sierra 1500 SLT,30998,88000,16 city/22 hwy,8-cyl,Gas,Four Wheel Drive,Automatic,White/Tan,3 Owners,No flood or frame damage,No odometer problems,3GTU2NEC8GG123630,Pickup - Fullsize,Clean,No Issue,No Issue,No Open Recalls,No Issue,No Issue,No Recent CPO Reported,No Issue,5.5 ft
2018,GMC,Acadia SLT,20998,87000,18 city/25 hwy,6-cyl,Gas,Front Wheel Drive,Automatic,Silver/Black,2 Owners,No flood or frame damage,No odometer problems,1GKKNMLSXJZ173749,CUV - Midsize,Clean,No Issue,No Issue,No Open Recalls,No Issue,No Issue,No Recent CPO Reported,No Issue,
2021,GMC,Yukon Denali,56998,57000,14 city/19 hwy,8-cyl,Gas,Four Wheel Drive,Automatic,Red/Brown,2 Owners,No flood or frame damage,No odometer problems,1GKS2DKL7MR134494,SUV - Large,Clean,No Issue,No Issue,No Open Recalls,No Issue,No Issue,No CPO Info Available,No Issue,
2018,GMC,Terrain SLE,17998,85000,26 city/30 hwy,4-cyl,Turbo Gas,Front Wheel Drive,Automatic,Silver/Black,1 Owner,No flood or frame damage,No odometer problems,3GKALMEV0JL293902,CUV - Midsize,Clean,No Issue,No Issue,No Open Recalls,No Issue,No Issue,No CPO Info Available,No Issue,
2016,GMC,Sierra 1500 SLT,32998,60000,16 city/22 hwy,8-cyl,Gas,Four Wheel Drive,Automatic,White/Black,3 Owners,No flood or frame damage,No odometer problems,3GTU2NEC1GG153598,Pickup - Fullsize,Clean,No Issue,No Issue,No Open Recalls,No Issue,No Issue,No CPO Info Available,No Issue,5.5 ft
2014,GMC,Sierra 1500 SLT,25998,121000,16 city/22 hwy,8-cyl,Gas,Four Wheel Drive,Automatic,White/Black,1 Owner,No flood or frame damage,No odometer problems,3GTU2VEC1EG531433,Pickup - Fullsize,Clean,No Issue,No Issue,No Open Recalls,No Issue,No Issue,No CPO Info Available,No Issue,5.5 ft
2022,GMC,Terrain SLE,23998,20000,25 city/27 hwy,4-cyl,Turbo Gas,Front Wheel Drive,Automatic,Silver/Black,1 Owner,No flood or frame damage,No odometer problems,3GKALMEV8NL129478,CUV - Midsize,Clean,No Issue,No Issue,1 Open Recall(s),No Issue,No Issue,No CPO Info Available,No Issue,
2016,GMC,Yukon XL 1500 Denali,36998,76000,14 city/20 hwy,8-cyl,Gas,Four Wheel Drive,Automatic,Gray/Black,3 Owners,No flood or frame damage,No odometer problems,1GKS2HKJ5GR182862,SUV - Large,Clean,No Issue,Moderate,No Open Recalls,No Issue,No Issue,No CPO Info Available,No Issue,
2021,GMC,Acadia Denali,35998,35000,19 city/26 hwy,6-cyl,Gas,All Wheel Drive,Automatic,Black/Tan,1 Owner,No flood or frame damage,No odometer problems,1GKKNXLS8MZ218533,CUV - Midsize,Clean,No Issue,No Issue,No Open Recalls,No Issue,No Issue,No CPO Info Available,No Issue,
2014,GMC,Sierra 1500 Denali,26998,111000,16 city/22 hwy,8-cyl,Gas,Four Wheel Drive,Automatic,Black/Black,3 Owners,No flood or frame damage,No odometer problems,3GTU2WEC8EG414034,Pickup - Fullsize,Clean,No Issue,No Issue,No Open Recalls,No Issue,No Issue,No CPO Info Available,No Issue,6.5 ft
2020,GMC,Sierra 1500 AT4,44998,65000,16 city/21 hwy,,,,Automatic,Black/Black,2 Owners,No flood or frame damage,No odometer problems,3GTP9EED7LG411635,Pickup - Fullsize,Clean,No Issue,No Issue,No Open Recalls,No Issue,No Issue,No CPO Info Available,No Issue,5.5 ft
2016,GMC,Yukon Denali,41998,31000,15 city/22 hwy,8-cyl,Gas,Rear Wheel Drive,Automatic,Black/Black,1 Owner,No flood or frame damage,No odometer problems,1GKS1CKJ0GR287461,SUV - Large,Clean,No Issue,No Issue,No Open Recalls,No Issue,No Issue,No CPO Info Available,No Issue,
2022,GMC,Terrain SLE,22998,49000,25 city/26 hwy,4-cyl,Turbo Gas,All Wheel Drive,Automatic,Blue/Black,0 Owner,No flood or frame damage,No odometer problems,3GKALTEV9NL148311,CUV - Midsize,Clean,No Issue,No Issue,No Open Recalls,No Issue,No Issue,No CPO Info Available,No Issue,
2018,GMC,Acadia SLT,25998,42000,17 city/25 hwy,6-cyl,Gas,All Wheel Drive,Automatic,Blue/Black,1 Owner,No flood or frame damage,No odometer problems,1GKKNULS4JZ226316,CUV - Midsize,Clean,No Issue,Minor,No Open Recalls,No Issue,No Issue,No CPO Info Available,No Issue,
2016,GMC,Acadia SLT,21998,80000,15 city/22 hwy,6-cyl,Gas,All Wheel Drive,Automatic,White/Brown,1 Owner,No flood or frame damage,No odometer problems,1GKKVSKD4GJ142317,CUV - Large,Clean,No Issue,No Issue,1 Open Recall(s),No Issue,No Issue,No CPO Info Available,No Issue,
2021,GMC,Sierra 1500 Denali,52998,24000,16 city/20 hwy,8-cyl,Gas,Four Wheel Drive,Automatic,Blue/Black,2 Owners,No flood or frame damage,No odometer problems,3GTU9FEL2MG359509,Pickup - Fullsize,Clean,No Issue,No Issue,No Open Recalls,No Issue,No Issue,OEM-Certified,No Issue,5.5 ft
2023,GMC,Sierra 1500 SLT,57998,2000,16 city/20 hwy,8-cyl,Gas,Four Wheel Drive,Automatic,Black/Black,1 Owner,No flood or frame damage,No odometer problems,3GTUUDED8PG197322,Pickup - Fullsize,Clean,No Issue,No Issue,No Open Recalls,No Issue,No Issue,No CPO Info Available,No Issue,5.5 ft
2023,GMC,Acadia AT4,35998,33000,19 city/26 hwy,6-cyl,Gas,All Wheel Drive,Automatic,Blue/Brown,1 Owner,No flood or frame damage,No odometer problems,1GKKNLLS7PZ202868,CUV - Midsize,Clean,No Issue,No Issue,No Open Recalls,No Issue,No Issue,No CPO Info Available,No Issue,
2023,GMC,Canyon AT4,44998,10000,,4-cyl,Turbo Gas,Four Wheel Drive,Automatic,White/Black,1 Owner,No flood or frame damage,No odometer problems,1GTP6DEK2P1144880,Pickup - Midsize,Clean,No Issue,No Issue,No Open Recalls,No Issue,No Issue,No CPO Info Available,No Issue,5 ft
2024,GMC,Terrain SLE,26998,10000,24 city/29 hwy,4-cyl,Turbo Gas,Front Wheel Drive,Automatic,White/Black,1 Owner,No flood or frame damage,No odometer problems,3GKALMEG7RL155562,CUV - Midsize,Clean,No Issue,No Issue,No Open Recalls,No Issue,No Issue,No CPO Info Available,No Issue,
2024,GMC,Sierra 1500 Pro,45998,5000,15 city/20 hwy,8-cyl,Gas,Four Wheel Drive,Automatic,Gray/Gray,1 Owner,No flood or frame damage,No odometer problems,1GTUUAED7RZ189181,Pickup - Fullsize,Clean,No Issue,No Issue,No Open Recalls,No Issue,No Issue,No CPO Info Available,No Issue,5.5 ft
2016,GMC,Canyon SLT,22998,95000,18 city/26 hwy,,,,Automatic,Brown/Tan,3 Owners,No flood or frame damage,No odometer problems,1GTG5DE39G1129143,Pickup - Midsize,Clean,No Issue,No Issue,No Open Recalls,No Issue,No Issue,No CPO Info Available,No Issue,6 ft
2018,GMC,Acadia SLE,22998,46000,17 city/25 hwy,6-cyl,Gas,All Wheel Drive,Automatic,Black/Black,3 Owners,No flood or frame damage,No odometer problems,1GKKNRLSXJZ240959,CUV - Midsize,Clean,No Issue,No Issue,No Open Recalls,No Issue,No Issue,No CPO Info Available,No Issue,
2019,GMC,Terrain SLT,20998,52000,26 city/30 hwy,4-cyl,Turbo Gas,Front Wheel Drive,Automatic,Silver/Black,2 Owners,No flood or frame damage,No odometer problems,3GKALPEV8KL176149,CUV - Midsize,Clean,No Issue,No Issue,No Open Recalls,No Issue,No Issue,No CPO Info Available,No Issue,
2022,GMC,Terrain SLE,23998,23000,25 city/27 hwy,4-cyl,Turbo Gas,Front Wheel Drive,Automatic,White/Black,1 Owner,No flood or frame damage,No odometer problems,3GKALMEV1NL302077,CUV - Midsize,Clean,No Issue,No Issue,No Open Recalls,No Issue,No Issue,No CPO Info Available,No Issue,
2017,GMC,Terrain SLE,15998,91000,21 city/31 hwy,4-cyl,Gas,Front Wheel Drive,Automatic,White/Black,1 Owner,No flood or frame damage,No odometer problems,2GKALNEK5H6173569,CUV - Midsize,Clean,No Issue,No Issue,No Open Recalls,No Issue,No Issue,No CPO Info Available,No Issue,
2017,GMC,Acadia Denali,23998,87000,18 city/25 hwy,6-cyl,Gas,All Wheel Drive,Automatic,Black/Black,2 Owners,No flood or frame damage,No odometer problems,1GKKNXLS0HZ300634,CUV - Midsize,Clean,No Issue,No Issue,No Open Recalls,No Issue,No Issue,No CPO Info Available,No Issue,
2020,GMC,Sierra 1500 AT4,54998,12000,22 city/26 hwy,6-cyl,Turbo Diesel,Four Wheel Drive,Automatic,Gray/Black,1 Owner,No flood or frame damage,No odometer problems,1GTU9EET9LZ323907,Pickup - Fullsize,Clean,No Issue,No Issue,No Open Recalls,No Issue,No Issue,No CPO Info Available,No Issue,5.5 ft
2022,GMC,Acadia SLE,27998,25000,22 city/29 hwy,4-cyl,Turbo Gas,Front Wheel Drive,Automatic,Gold/Black,1 Owner,No flood or frame damage,No odometer problems,1GKKNKL46NZ105976,CUV - Midsize,Clean,No Issue,No Issue,No Open Recalls,No Issue,No Issue,No CPO Info Available,No Issue,
