year,make,model,price,mileage,Miles per gallon,cylinders,fuel,Drive type,Transmission,Color,owner,frame_damage,Odometer_problem,VIN,class,State Title Brand,Auction Brand / Issues,Accident / Damage,Open Recall Check,Insurance Loss / Transfer,Odometer Check,Certified Pre-Owned,Service / Repair,Bed Length,Motor
2019,Honda,Accord Sport,23998,67000,29 city/35 hwy,4-cyl,Turbo Gas,Front Wheel Drive,Automatic,Gray/Black,2 Owners,No flood or frame damage,No odometer problems,1HGCV1F34KA091097,Car - Midsize,Clean,No Issue,No Issue,1 Open Recall(s),No Issue,No Issue,No Recent CPO Reported,No Issue,,
2016,Honda,CR-V EX,24998,12000,25 city/31 hwy,,,,Automatic,Blue/Gray,1 Owner,No flood or frame damage,No odometer problems,2HKRM4H51GH628018,CUV - Midsize,Clean,No Issue,No Issue,No Open Recalls,No Issue,No Issue,No CPO Info Available,No Issue,,
2020,Honda,Accord Sport,25998,47000,22 city/32 hwy,4-cyl,Turbo Gas,Front Wheel Drive,Automatic,White/Black,1 Owner,No flood or frame damage,No odometer problems,1HGCV2F35LA007067,Car - Midsize,Clean,No Issue,Damage Reported,1 Open Recall(s),No Issue,No Issue,No CPO Info Available,No Issue,,
2020,Honda,CR-V EX,27998,19000,27 city/32 hwy,4-cyl,Turbo Gas,All Wheel Drive,Automatic,White/Tan,1 Owner,No flood or frame damage,No odometer problems,5J6RW2H51LL035676,CUV - Midsize,Clean,No Issue,Damage Reported,No Open Recalls,No Issue,No Issue,No CPO Info Available,No Issue,,
2020,Honda,CR-V EX,27998,31000,27 city/32 hwy,4-cyl,Turbo Gas,All Wheel Drive,Automatic,Blue/Gray,2 Owners,No flood or frame damage,No odometer problems,2HKRW2H53LH637635,CUV - Midsize,Clean,No Issue,No Issue,No Open Recalls,No Issue,No Issue,OEM-Certified,No Issue,,
2019,Honda,HR-V Sport,21998,18000,26 city/31 hwy,4-cyl,Gas,All Wheel Drive,Automatic,Blue/Black,3 Owners,No flood or frame damage,No odometer problems,3CZRU6H10KG734979,CUV - Compact,Clean,No Issue,No Issue,2 Open Recall(s),No Issue,No Issue,No Recent CPO Reported,No Issue,,
2014,Honda,CR-V LX,14998,88000,23 city/31 hwy,4-cyl,Gas,Front Wheel Drive,Automatic,Gray/Gray,4 Owners,No flood or frame damage,No odometer problems,3CZRM3H37EG715477,CUV - Midsize,Clean,No Issue,No Issue,No Open Recalls,No Issue,No Issue,No Recent CPO Reported,No Issue,,
2023,Honda,Ridgeline RTL,37998,9000,18 city/24 hwy,6-cyl,Gas,All Wheel Drive,Automatic,Black/Black,1 Owner,No flood or frame damage,No odometer problems,5FPYK3F55PB008096,Pickup - Midsize,Clean,No Issue,No Issue,1 Open Recall(s),No Issue,No Issue,No CPO Info Available,No Issue,5 ft,
2017,Honda,Pilot Touring,22998,90000,19 city/26 hwy,6-cyl,Gas,All Wheel Drive,Automatic,Gray/Black,3 Owners,No flood or frame damage,No odometer problems,5FNYF6H93HB084674,SUV - Large,Clean,No Issue,Damage Reported,2 Open Recall(s),No Issue,No Issue,No CPO Info Available,No Issue,,
2020,Honda,Pilot EX-L,27998,47000,18 city/26 hwy,6-cyl,Gas,All Wheel Drive,Automatic,Gray/Black,2 Owners,No flood or frame damage,No odometer problems,5FNYF6H54LB028359,SUV - Large,Clean,No Issue,No Issue,No Open Recalls,No Issue,No Issue,No CPO Info Available,No Issue,,
2022,Honda,HR-V EX,24998,22000,27 city/29 hwy,4-cyl,Gas,All Wheel Drive,Automatic,White/Black,1 Owner,No flood or frame damage,No odometer problems,3CZRU6H53NM714668,CUV - Compact,Clean,No Issue,No Issue,No Open Recalls,No Issue,No Issue,No CPO Info Available,No Issue,,
2021,Honda,Civic EX,25998,32000,31 city/40 hwy,4-cyl,Turbo Gas,Front Wheel Drive,Automatic,Gray/Black,2 Owners,No flood or frame damage,No odometer problems,SHHFK7H61MU406834,Car - Large,Clean,No Issue,No Issue,No Open Recalls,No Issue,No Issue,OEM-Certified,No Issue,,
2016,Honda,CR-V EX,15998,112000,26 city/33 hwy,4-cyl,Gas,Front Wheel Drive,Automatic,Black/Black,2 Owners,No flood or frame damage,No odometer problems,3CZRM3H52GG706660,CUV - Midsize,Clean,No Issue,Damage Reported,No Open Recalls,No Issue,No Issue,No CPO Info Available,No Issue,,
2022,Honda,Civic Sport,24998,34000,29 city/37 hwy,4-cyl,Gas,Front Wheel Drive,Automatic,Red/Black,1 Owner,No flood or frame damage,No odometer problems,19XFL2H84NE015784,Car - Large,Clean,No Issue,No Issue,No Open Recalls,No Issue,No Issue,No CPO Info Available,No Issue,,
2017,Honda,Pilot EX-L,24998,60000,18 city/26 hwy,6-cyl,Gas,All Wheel Drive,Automatic,White/Tan,1 Owner,No flood or frame damage,No odometer problems,5FNYF6H50HB080482,SUV - Large,Clean,No Issue,No Issue,2 Open Recall(s),No Issue,No Issue,No CPO Info Available,No Issue,,
2024,Honda,HR-V Sport,28998,8000,25 city/30 hwy,4-cyl,Gas,All Wheel Drive,Automatic,Black/Black,1 Owner,No flood or frame damage,No odometer problems,3CZRZ2H57RM735006,CUV - Compact,Clean,No Issue,No Issue,No Open Recalls,No Issue,No Issue,No CPO Info Available,No Issue,,
2021,Honda,Civic EX,23998,35000,31 city/40 hwy,4-cyl,Turbo Gas,Front Wheel Drive,Automatic,Silver/Black,1 Owner,No flood or frame damage,No odometer problems,SHHFK7H65MU425869,Car - Large,Clean,No Issue,Damage Reported,No Open Recalls,No Issue,No Issue,No CPO Info Available,No Issue,,
2017,Honda,Civic EX,16998,109000,31 city/40 hwy,4-cyl,Turbo Gas,Front Wheel Drive,Automatic,White/Tan,2 Owners,No flood or frame damage,No odometer problems,SHHFK7H57HU207073,Car - Midsize,Clean,No Issue,No Issue,1 Open Recall(s),No Issue,No Issue,No CPO Info Available,No Issue,,
2018,Honda,Civic EX,17998,84000,31 city/40 hwy,4-cyl,Gas,Front Wheel Drive,Automatic,Silver/Black,2 Owners,No flood or frame damage,No odometer problems,19XFC2F7XJE025708,Car - Midsize,Clean,No Issue,Minor,No Open Recalls,No Issue,No Issue,No Recent CPO Reported,No Issue,,
2018,Honda,CR-V EX,23998,34000,27 city/33 hwy,4-cyl,Turbo Gas,All Wheel Drive,Automatic,Black/Black,1 Owner,No flood or frame damage,No odometer problems,7FARW2H59JE022491,CUV - Midsize,Clean,No Issue,No Issue,1 Open Recall(s),No Issue,No Issue,No CPO Info Available,No Issue,,
2023,Honda,Accord Hybrid Sport,28998,33000,46 city/41 hwy,4-cyl,Hybrid,Front Wheel Drive,Automatic,Black/Black,1 Owner,No flood or frame damage,No odometer problems,1HGCY2F52PA023323,Car - Midsize,Clean,No Issue,No Issue,No Open Recalls,No Issue,No Issue,No CPO Info Available,No Issue,,
2020,Honda,Civic LX,21998,13000,30 city/38 hwy,4-cyl,Gas,Front Wheel Drive,Automatic,Blue/Gray,2 Owners,No flood or frame damage,No odometer problems,19XFC2F66LE026512,Car - Midsize,Clean,No Issue,No Issue,1 Open Recall(s),No Issue,No Issue,No CPO Info Available,No Issue,,
2016,Honda,Accord LX,14998,117000,27 city/37 hwy,4-cyl,Gas,Front Wheel Drive,Automatic,Silver/Gray,2 Owners,No flood or frame damage,No odometer problems,1HGCR2F32GA205423,Car - Midsize,Clean,No Issue,Damage Reported,No Open Recalls,No Issue,No Issue,No Recent CPO Reported,No Issue,,
2020,Honda,Civic EX-L,24998,27000,31 city/40 hwy,4-cyl,Turbo Gas,Front Wheel Drive,Automatic,Gray/Gray,2 Owners,No flood or frame damage,No odometer problems,SHHFK7H81LU213177,Car - Large,Clean,No Issue,No Issue,1 Open Recall(s),No Issue,No Issue,OEM-Certified,No Issue,,
2021,Honda,Insight EX,24998,23000,55 city/49 hwy,4-cyl,Hybrid,Front Wheel Drive,Automatic,Blue/Gray,1 Owner,No flood or frame damage,No odometer problems,19XZE4F59ME008632,Car - Midsize,Clean,No Issue,No Issue,No Open Recalls,No Issue,No Issue,No CPO Info Available,No Issue,,
2022,Honda,HR-V Sport,22998,30000,27 city/29 hwy,4-cyl,Gas,All Wheel Drive,Automatic,Blue/Black,1 Owner,No flood or frame damage,No odometer problems,3CZRU6H10NM704659,CUV - Compact,Clean,No Issue,Damage Reported,1 Open Recall(s),No Issue,No Issue,No CPO Info Available,No Issue,,
2020,Honda,Civic EX-L,24998,11000,32 city/42 hwy,4-cyl,Turbo Gas,Front Wheel Drive,Automatic,White/Black,1 Owner,No flood or frame damage,No odometer problems,19XFC1F76LE207919,Car - Midsize,Clean,No Issue,Damage Reported,1 Open Recall(s),No Issue,No Issue,No CPO Info Available,No Issue,,
2013,Honda,Civic LX,15998,61000,28 city/39 hwy,4-cyl,Gas,Front Wheel Drive,Automatic,White/Gray,2 Owners,No flood or frame damage,No odometer problems,19XFB2F53DE263776,Car - Compact,Clean,No Issue,Moderate,No Open Recalls,No Issue,No Issue,No Recent CPO Reported,No Issue,,
2019,Honda,Civic LX,20998,19000,30 city/38 hwy,4-cyl,Gas,Front Wheel Drive,Automatic,Blue/Gray,2 Owners,No flood or frame damage,No odometer problems,2HGFC2F67KH573485,Car - Midsize,Clean,No Issue,Moderate,1 Open Recall(s),No Issue,No Issue,No CPO Info Available,No Issue,,
2013,Honda,Civic LX,14998,88000,28 city/39 hwy,4-cyl,Gas,Front Wheel Drive,Automatic,Gray/Tan,2 Owners,No flood or frame damage,No odometer problems,2HGFB2F54DH579192,Car - Compact,Clean,No Issue,No Issue,No Open Recalls,No Issue,No Issue,No CPO Info Available,No Issue,,
2020,Honda,Pilot Touring,28998,65000,19 city/26 hwy,6-cyl,Gas,All Wheel Drive,Automatic,Blue/Gray,1 Owner,No flood or frame damage,No odometer problems,5FNYF6H65LB034938,SUV - Large,Clean,No Issue,No Issue,2 Open Recall(s),No Issue,No Issue,No CPO Info Available,No Issue,,
2016,Honda,CR-V EX-L,21998,57000,25 city/31 hwy,4-cyl,Gas,All Wheel Drive,Automatic,Silver/Black,2 Owners,No flood or frame damage,No odometer problems,2HKRM4H73GH662902,CUV - Midsize,Clean,No Issue,Minor,No Open Recalls,No Issue,No Issue,No CPO Info Available,No Issue,,
2015,Honda,CR-V LX,16998,69000,26 city/33 hwy,4-cyl,Gas,All Wheel Drive,Automatic,Burgundy/Gray,1 Owner,No flood or frame damage,No odometer problems,2HKRM4H36FH628979,CUV - Midsize,Clean,No Issue,Minor,No Open Recalls,No Issue,No Issue,No CPO Info Available,No Issue,,
2019,Honda,Accord Sport,24998,41000,29 city/35 hwy,4-cyl,Turbo Gas,Front Wheel Drive,Automatic,Black/Black,2 Owners,No flood or frame damage,No odometer problems,1HGCV1F39KA104913,Car - Midsize,Clean,No Issue,No Issue,2 Open Recall(s),No Issue,No Issue,No CPO Info Available,No Issue,,
2019,Honda,Ridgeline Black Edition,31998,31000,18 city/25 hwy,6-cyl,Gas,All Wheel Drive,Automatic,Black/Black,2 Owners,No flood or frame damage,No odometer problems,5FPYK3F84KB038998,Pickup - Midsize,Clean,No Issue,No Issue,1 Open Recall(s),No Issue,No Issue,No Recent CPO Reported,No Issue,5 ft,
2015,Honda,Civic LX,17998,47000,28 city/36 hwy,4-cyl,Gas,Front Wheel Drive,Manual 5 Speed,Silver/Gray,1 Owner,No flood or frame damage,No odometer problems,19XFB2E54FE045477,Car - Compact,Clean,No Issue,Minor,No Open Recalls,No Issue,No Issue,No CPO Info Available,No Issue,,
2022,Honda,Accord Hybrid ,27998,27000,48 city/47 hwy,4-cyl,Hybrid,Front Wheel Drive,Automatic,Black/Black,1 Owner,No flood or frame damage,No odometer problems,1HGCV3F19NA005300,Car - Midsize,Clean,No Issue,No Issue,No Open Recalls,No Issue,No Issue,No CPO Info Available,No Issue,,
2019,Honda,CR-V EX,24998,57000,27 city/33 hwy,4-cyl,Turbo Gas,All Wheel Drive,Automatic,Blue/Gray,1 Owner,No flood or frame damage,No odometer problems,2HKRW2H50KH616546,CUV - Midsize,Clean,No Issue,No Issue,No Open Recalls,No Issue,No Issue,No CPO Info Available,No Issue,,
2014,Honda,Odyssey Touring,24998,55000,19 city/28 hwy,6-cyl,Gas,Front Wheel Drive,Automatic,White/Tan,2 Owners,No flood or frame damage,No odometer problems,5FNRL5H92EB089058,Van - Mini,Clean,No Issue,No Issue,No Open Recalls,No Issue,No Issue,No Recent CPO Reported,No Issue,,
2022,Honda,HR-V EX,24998,24000,27 city/29 hwy,4-cyl,Gas,All Wheel Drive,Automatic,Purple/Black,1 Owner,No flood or frame damage,No odometer problems,3CZRU6H51NM743067,CUV - Compact,Clean,No Issue,No Issue,No Open Recalls,No Issue,No Issue,No CPO Info Available,No Issue,,
2014,Honda,Accord Touring,18998,87000,21 city/34 hwy,6-cyl,Gas,Front Wheel Drive,Automatic,Black/Black,3 Owners,No flood or frame damage,No odometer problems,1HGCR3F9XEA005218,Car - Midsize,Clean,No Issue,No Issue,1 Open Recall(s),No Issue,No Issue,No Recent CPO Reported,No Issue,,
2014,Honda,CR-V LX,17998,65000,22 city/30 hwy,4-cyl,Gas,All Wheel Drive,Automatic,White/Gray,2 Owners,No flood or frame damage,No odometer problems,5J6RM4H33EL115502,CUV - Midsize,Clean,No Issue,No Issue,No Open Recalls,No Issue,No Issue,No CPO Info Available,No Issue,,
2020,Honda,CR-V EX,26998,27000,27 city/32 hwy,4-cyl,Turbo Gas,All Wheel Drive,Automatic,Gray/Black,1 Owner,No flood or frame damage,No odometer problems,2HKRW2H5XLH679042,CUV - Midsize,Clean,No Issue,No Issue,No Open Recalls,No Issue,No Issue,No CPO Info Available,No Issue,,
2016,Honda,CR-V SE,16998,92000,25 city/31 hwy,4-cyl,Gas,All Wheel Drive,Automatic,Gray/Gray,1 Owner,No flood or frame damage,No odometer problems,2HKRM4H46GH705280,CUV - Midsize,Clean,No Issue,No Issue,No Open Recalls,No Issue,No Issue,No CPO Info Available,No Issue,,
2016,Honda,HR-V EX,15998,82000,27 city/32 hwy,4-cyl,Gas,All Wheel Drive,Automatic,Gray/Black,2 Owners,No flood or frame damage,No odometer problems,3CZRU6H55GM725335,CUV - Compact,Clean,No Issue,Moderate,2 Open Recall(s),No Issue,No Issue,No CPO Info Available,No Issue,,
2024,Honda,Prologue EX,40998,7000,,,,All Wheel Drive,,White/Gray,1 Owner,No flood or frame damage,No odometer problems,3GPKHVRJ5RS505496,SUV - Compact,Clean,No Issue,No Issue,No Open Recalls,No Issue,No Issue,No CPO Info Available,No Issue,,Electric
2019,Honda,Odyssey Elite,35998,36000,19 city/28 hwy,,,,Automatic,Silver/Gray,1 Owner,No flood or frame damage,No odometer problems,5FNRL6H94KB096207,Van - Mini,Clean,No Issue,No Issue,No Open Recalls,No Issue,No Issue,No CPO Info Available,No Issue,,
2015,Honda,CR-V EX-L,15998,120000,26 city/33 hwy,4-cyl,Gas,All Wheel Drive,Automatic,Silver/Black,3 Owners,No flood or frame damage,No odometer problems,5J6RM4H70FL015653,CUV - Midsize,Clean,No Issue,No Issue,No Open Recalls,No Issue,No Issue,No CPO Info Available,No Issue,,
2021,Honda,CR-V EX-L,30998,22000,27 city/32 hwy,4-cyl,Turbo Gas,All Wheel Drive,Automatic,Blue/Black,1 Owner,No flood or frame damage,No odometer problems,7FARW2H8XME033465,CUV - Midsize,Clean,No Issue,No Issue,No Open Recalls,No Issue,No Issue,No CPO Info Available,No Issue,,
2022,Honda,Accord Sport SE,30998,2000,29 city/35 hwy,4-cyl,Turbo Gas,Front Wheel Drive,Automatic,White/Black,1 Owner,No flood or frame damage,No odometer problems,1HGCV1F4XNA088024,Car - Midsize,Clean,No Issue,No Issue,No Open Recalls,No Issue,No Issue,No CPO Info Available,No Issue,,
2017,Honda,Pilot Touring,28998,45000,19 city/26 hwy,6-cyl,Gas,All Wheel Drive,Automatic,Black/Black,2 Owners,No flood or frame damage,No odometer problems,5FNYF6H93HB077031,SUV - Large,Clean,No Issue,No Issue,2 Open Recall(s),No Issue,No Issue,No Recent CPO Reported,No Issue,,
2017,Honda,Ridgeline RTL-T,22998,81000,18 city/25 hwy,6-cyl,Gas,All Wheel Drive,Automatic,Gray/Black,3 Owners,No flood or frame damage,No odometer problems,5FPYK3F65HB015463,Pickup - Midsize,Clean,No Issue,No Issue,3 Open Recall(s),No Issue,No Issue,No CPO Info Available,No Issue,5 ft,
2022,Honda,CR-V Hybrid Touring,34998,32000,,4-cyl,Hybrid,All Wheel Drive,Automatic,Gray/Black,1 Owner,No flood or frame damage,No odometer problems,5J6RT6H90NL025193,CUV - Midsize,Clean,No Issue,No Issue,No Open Recalls,No Issue,No Issue,No CPO Info Available,No Issue,,
2014,Honda,CR-V LX,14998,110000,22 city/30 hwy,4-cyl,Gas,All Wheel Drive,Automatic,Brown/Black,2 Owners,No flood or frame damage,No odometer problems,2HKRM4H36EH664153,CUV - Midsize,Clean,No Issue,Minor,No Open Recalls,No Issue,No Issue,No CPO Info Available,No Issue,,
2019,Honda,Accord Sport,23998,54000,29 city/35 hwy,4-cyl,Turbo Gas,Front Wheel Drive,Automatic,Gray/Black,2 Owners,No flood or frame damage,No odometer problems,1HGCV1F33KA174343,Car - Midsize,Clean,No Issue,No Issue,1 Open Recall(s),No Issue,No Issue,No Recent CPO Reported,No Issue,,
2021,Honda,HR-V Sport,24998,23000,26 city/31 hwy,4-cyl,Gas,All Wheel Drive,Automatic,White/Black,1 Owner,No flood or frame damage,No odometer problems,3CZRU6H17MM727905,CUV - Compact,Clean,No Issue,No Issue,1 Open Recall(s),No Issue,No Issue,No CPO Info Available,No Issue,,
2015,Honda,Accord CrossTour EX-L,18998,90000,20 city/29 hwy,,,,Automatic,Black/Black,2 Owners,No flood or frame damage,No odometer problems,5J6TF2H52FL003264,CUV - Compact,Clean,No Issue,Damage Reported,No Open Recalls,No Issue,No Issue,No CPO Info Available,No Issue,,
2013,Honda,Ridgeline Sport,18998,106000,15 city/21 hwy,6-cyl,Gas,Four Wheel Drive,Automatic,White/Gray,3 Owners,No flood or frame damage,No odometer problems,5FPYK1F70DB001977,Pickup - Midsize,Clean,No Issue,Minor,1 Open Recall(s),No Issue,No Issue,No CPO Info Available,No Issue,5 ft,
2020,Honda,Civic Sport,21998,54000,29 city/37 hwy,4-cyl,Gas,Front Wheel Drive,Automatic,Blue/Gray,2 Owners,No flood or frame damage,No odometer problems,2HGFC2F82LH569895,Car - Midsize,Clean,No Issue,No Issue,1 Open Recall(s),No Issue,No Issue,OEM-Certified,No Issue,,
2021,Honda,Accord Sport,29998,21000,22 city/32 hwy,4-cyl,Turbo Gas,Front Wheel Drive,Automatic,Silver/Gray,1 Owner,No flood or frame damage,No odometer problems,1HGCV2F35MA006907,Car - Midsize,Clean,No Issue,No Issue,No Open Recalls,No Issue,No Issue,No CPO Info Available,No Issue,,
2016,Honda,Pilot EX-L,18998,106000,18 city/26 hwy,6-cyl,Gas,All Wheel Drive,Automatic,Blue/Gray,3 Owners,No flood or frame damage,No odometer problems,5FNYF6H57GB033903,SUV - Large,Clean,No Issue,No Issue,2 Open Recall(s),No Issue,No Issue,No Recent CPO Reported,No Issue,,
2023,Honda,Accord Hybrid EX-L,31998,13000,,,,,Automatic,Black/Black,1 Owner,No flood or frame damage,No odometer problems,1HGCY2F6XPA056658,Car - Midsize,Clean,No Issue,No Issue,No Open Recalls,No Issue,No Issue,No CPO Info Available,No Issue,,
2018,Honda,Civic Type-R Touring,33998,58000,22 city/28 hwy,4-cyl,Turbo Gas,Front Wheel Drive,Manual 6 Speed,White/Red,4 Owners,No flood or frame damage,No odometer problems,SHHFK8G72JU201888,Car - Midsize,Clean,No Issue,No Issue,1 Open Recall(s),No Issue,No Issue,No Recent CPO Reported,No Issue,,
2017,Honda,Odyssey EX-L,20998,108000,19 city/27 hwy,6-cyl,Gas,Front Wheel Drive,Automatic,Burgundy/Tan,2 Owners,No flood or frame damage,No odometer problems,5FNRL5H66HB021176,Van - Mini,Clean,No Issue,No Issue,1 Open Recall(s),No Issue,No Issue,No CPO Info Available,No Issue,,
2016,Honda,Pilot EX-L,18998,117000,18 city/25 hwy,,,,Automatic,Burgundy/Gray,2 Owners,No flood or frame damage,No odometer problems,5FNYF6H51GB044413,SUV - Large,Clean,No Issue,Minor,3 Open Recall(s),No Issue,No Issue,No Recent CPO Reported,No Issue,,
2017,Honda,Fit LX,15998,92000,33 city/40 hwy,4-cyl,Gas,Front Wheel Drive,Automatic,Red/Black,1 Owner,No flood or frame damage,No odometer problems,3HGGK5H55HM712214,Car - Subcompact,Clean,No Issue,No Issue,No Open Recalls,No Issue,No Issue,No CPO Info Available,No Issue,,
2015,Honda,CR-V LX,18998,52000,26 city/33 hwy,4-cyl,Gas,All Wheel Drive,Automatic,Gray/Gray,1 Owner,No flood or frame damage,No odometer problems,2HKRM4H39FH696399,CUV - Midsize,Clean,No Issue,No Issue,No Open Recalls,No Issue,No Issue,No CPO Info Available,No Issue,,
2016,Honda,Civic EX-T,19998,67000,31 city/42 hwy,4-cyl,Turbo Gas,Front Wheel Drive,Automatic,Blue/Gray,3 Owners,No flood or frame damage,No odometer problems,19XFC1F3XGE025367,Car - Midsize,Clean,No Issue,No Issue,1 Open Recall(s),No Issue,No Issue,No CPO Info Available,No Issue,,
2016,Honda,Odyssey EX-L,20998,97000,19 city/28 hwy,6-cyl,Gas,Front Wheel Drive,Automatic,Gray/Gray,1 Owner,No flood or frame damage,No odometer problems,5FNRL5H69GB118418,Van - Mini,Clean,No Issue,Minor,No Open Recalls,No Issue,No Issue,No CPO Info Available,No Issue,,
2021,Honda,Ridgeline Sport,31998,19000,18 city/24 hwy,6-cyl,Gas,All Wheel Drive,Automatic,Silver/Black,1 Owner,No flood or frame damage,No odometer problems,5FPYK3F11MB021405,Pickup - Midsize,Clean,No Issue,No Issue,1 Open Recall(s),No Issue,No Issue,No CPO Info Available,No Issue,5 ft,
2024,Honda,Passport Black Edition,42998,5000,19 city/24 hwy,6-cyl,Gas,All Wheel Drive,Automatic,Black/Black,1 Owner,No flood or frame damage,No odometer problems,5FNYF8H87RB001140,CUV - Midsize,Clean,No Issue,No Issue,No Open Recalls,No Issue,No Issue,OEM-Certified,No Issue,,
2016,Honda,Civic LX,14998,119000,31 city/41 hwy,4-cyl,Gas,Front Wheel Drive,Automatic,Black/Tan,2 Owners,No flood or frame damage,No odometer problems,2HGFC2F59GH500875,Car - Midsize,Clean,No Issue,Moderate,2 Open Recall(s),No Issue,No Issue,No Recent CPO Reported,No Issue,,
2021,Honda,Civic Sport,23998,41000,29 city/37 hwy,4-cyl,Gas,Front Wheel Drive,Automatic,Red/Black,2 Owners,No flood or frame damage,No odometer problems,2HGFC2F8XMH511230,Car - Midsize,Clean,No Issue,No Issue,1 Open Recall(s),No Issue,No Issue,No Recent CPO Reported,No Issue,,
2022,Honda,Ridgeline RTL-E,34998,43000,18 city/24 hwy,6-cyl,Gas,All Wheel Drive,Automatic,Blue/Gray,1 Owner,No flood or frame damage,No odometer problems,5FPYK3F79NB010271,Pickup - Midsize,Clean,No Issue,No Issue,1 Open Recall(s),No Issue,No Issue,No CPO Info Available,No Issue,5 ft,
2019,Honda,Odyssey EX-L,28998,57000,19 city/28 hwy,6-cyl,Gas,Front Wheel Drive,Automatic,Silver/Gray,2 Owners,No flood or frame damage,No odometer problems,5FNRL6H77KB011939,Van - Mini,Clean,No Issue,Minor,1 Open Recall(s),No Issue,No Issue,No Recent CPO Reported,No Issue,,
2020,Honda,Accord EX,24998,46000,30 city/38 hwy,4-cyl,Turbo Gas,Front Wheel Drive,Automatic,Silver/Gray,3 Owners,No flood or frame damage,No odometer problems,1HGCV1F42LA110806,Car - Midsize,Clean,No Issue,No Issue,1 Open Recall(s),No Issue,No Issue,No Recent CPO Reported,No Issue,,
2022,Honda,Accord Hybrid Sport,31998,1000,44 city/41 hwy,4-cyl,Hybrid,Front Wheel Drive,Automatic,White/Black,1 Owner,No flood or frame damage,No odometer problems,1HGCV3F25NA023592,Car - Midsize,Clean,No Issue,No Issue,No Open Recalls,No Issue,No Issue,No CPO Info Available,No Issue,,
2022,Honda,CR-V EX,27998,26000,27 city/32 hwy,4-cyl,Turbo Gas,All Wheel Drive,Automatic,Burgundy/Gray,1 Owner,No flood or frame damage,No odometer problems,2HKRW2H51NH606015,CUV - Midsize,Clean,No Issue,No Issue,No Open Recalls,No Issue,No Issue,No CPO Info Available,No Issue,,
2013,Honda,Accord EX-L,16998,111000,21 city/34 hwy,6-cyl,Gas,Front Wheel Drive,Automatic,Black/Black,1 Owner,No flood or frame damage,No odometer problems,1HGCR3F83DA004708,Car - Midsize,Clean,No Issue,Damage Reported,No Open Recalls,No Issue,No Issue,No CPO Info Available,No Issue,,
2015,Honda,CR-V EX,17998,93000,26 city/33 hwy,4-cyl,Gas,All Wheel Drive,Automatic,Blue/Gray,1 Owner,No flood or frame damage,No odometer problems,5J6RM4H52FL119446,CUV - Midsize,Clean,No Issue,Minor,No Open Recalls,No Issue,No Issue,No CPO Info Available,No Issue,,
2012,Honda,Accord LX,13599,105000,23 city/34 hwy,4-cyl,Gas,Front Wheel Drive,Manual 5 Speed,Gray/Black,3 Owners,No flood or frame damage,No odometer problems,1HGCP2E39CA034607,Car - Large,Clean,No Issue,Damage Reported,No Open Recalls,No Issue,No Issue,No CPO Info Available,No Issue,,
2022,Honda,Accord Sport,28998,38000,29 city/35 hwy,4-cyl,Turbo Gas,Front Wheel Drive,Automatic,Black/Black,2 Owners,No flood or frame damage,No odometer problems,1HGCV1F38NA003169,Car - Midsize,Clean,No Issue,No Issue,No Open Recalls,No Issue,No Issue,OEM-Certified,No Issue,,
2018,Honda,Civic EX-T,20998,42000,31 city/40 hwy,4-cyl,Turbo Gas,Front Wheel Drive,Automatic,White/Gray,2 Owners,No flood or frame damage,No odometer problems,2HGFC3B34JH350112,Car - Compact,Clean,No Issue,No Issue,1 Open Recall(s),No Issue,No Issue,No CPO Info Available,No Issue,,
2013,Honda,CR-V EX-L,16998,89000,22 city/30 hwy,4-cyl,Gas,All Wheel Drive,Automatic,Blue/Tan,3 Owners,No flood or frame damage,No odometer problems,5J6RM4H71DL007607,CUV - Midsize,Clean,No Issue,No Issue,No Open Recalls,No Issue,No Issue,No Recent CPO Reported,No Issue,,
2016,Honda,Pilot EX-L,19998,101000,18 city/26 hwy,6-cyl,Gas,All Wheel Drive,Automatic,Silver/Gray,1 Owner,No flood or frame damage,No odometer problems,5FNYF6H89GB016319,SUV - Large,Clean,No Issue,No Issue,2 Open Recall(s),No Issue,No Issue,No CPO Info Available,No Issue,,
2022,Honda,CR-V Hybrid Touring,36998,10000,,4-cyl,Hybrid,All Wheel Drive,Automatic,White/Black,1 Owner,No flood or frame damage,No odometer problems,5J6RT6H95NL025108,CUV - Midsize,Clean,No Issue,No Issue,No Open Recalls,No Issue,No Issue,No CPO Info Available,No Issue,,
2014,Honda,Odyssey EX,15998,117000,19 city/28 hwy,6-cyl,Gas,Front Wheel Drive,Automatic,Brown/Gray,5 Owners,No flood or frame damage,No odometer problems,5FNRL5H43EB013319,Van - Mini,Clean,No Issue,Minor,No Open Recalls,No Issue,No Issue,No Recent CPO Reported,No Issue,,
2016,Honda,Pilot Touring,19998,103000,19 city/26 hwy,6-cyl,Gas,All Wheel Drive,Automatic,Blue/Gray,2 Owners,No flood or frame damage,No odometer problems,5FNYF6H95GB022417,SUV - Large,Clean,No Issue,Damage Reported,3 Open Recall(s),No Issue,No Issue,No Recent CPO Reported,No Issue,,
2018,Honda,Odyssey Elite,27998,80000,19 city/28 hwy,6-cyl,Gas,Front Wheel Drive,Automatic,Gray/Taupe,1 Owner,No flood or frame damage,No odometer problems,5FNRL6H97JB001332,Van - Mini,Clean,No Issue,Minor,1 Open Recall(s),No Issue,No Issue,No CPO Info Available,No Issue,,
2018,Honda,Accord LX,22998,31000,30 city/38 hwy,4-cyl,Turbo Gas,Front Wheel Drive,Automatic,Gray/Black,1 Owner,No flood or frame damage,No odometer problems,1HGCV1F13JA153991,Car - Midsize,Clean,No Issue,No Issue,1 Open Recall(s),No Issue,No Issue,No CPO Info Available,No Issue,,
2024,Honda,CR-V EX-L,35998,3000,28 city/34 hwy,4-cyl,Turbo Gas,Front Wheel Drive,Automatic,Silver/Black,1 Owner,No flood or frame damage,No odometer problems,2HKRS4H74RH477718,CUV - Midsize,Clean,No Issue,No Issue,No Open Recalls,No Issue,No Issue,No CPO Info Available,No Issue,,
2020,Honda,Ridgeline RTL,30998,18000,19 city/26 hwy,6-cyl,Gas,Front Wheel Drive,Automatic,Gray/Black,2 Owners,No flood or frame damage,No odometer problems,5FPYK2F50LB000086,Pickup - Midsize,Clean,No Issue,No Issue,2 Open Recall(s),No Issue,No Issue,No CPO Info Available,No Issue,5 ft,
2022,Honda,Civic SI,27998,53000,27 city/37 hwy,4-cyl,Turbo Gas,Front Wheel Drive,Manual 6 Speed,Gray/Red,2 Owners,No flood or frame damage,No odometer problems,2HGFE1E50NH474847,Car - Midsize,Clean,No Issue,No Issue,No Open Recalls,No Issue,No Issue,No CPO Info Available,No Issue,,
2021,Honda,Pilot Touring,30998,57000,19 city/26 hwy,6-cyl,Gas,All Wheel Drive,Automatic,White/Gray,1 Owner,No flood or frame damage,No odometer problems,5FNYF6H9XMB081099,SUV - Large,Clean,No Issue,No Issue,1 Open Recall(s),No Issue,No Issue,No CPO Info Available,No Issue,,
2017,Honda,CR-V EX,20998,77000,27 city/33 hwy,4-cyl,Turbo Gas,All Wheel Drive,Automatic,White/Black,1 Owner,No flood or frame damage,No odometer problems,2HKRW2H58HH671643,CUV - Midsize,Clean,No Issue,No Issue,No Open Recalls,No Issue,No Issue,No CPO Info Available,No Issue,,
2018,Honda,Accord Touring,25998,40000,22 city/32 hwy,4-cyl,Turbo Gas,Front Wheel Drive,Automatic,Blue/Gray,1 Owner,No flood or frame damage,No odometer problems,1HGCV2F97JA046888,Car - Midsize,Clean,No Issue,Moderate,1 Open Recall(s),No Issue,No Issue,No CPO Info Available,No Issue,,
2013,Honda,Accord LX,16998,77000,27 city/36 hwy,4-cyl,Gas,Front Wheel Drive,Automatic,Blue/Gray,3 Owners,No flood or frame damage,No odometer problems,1HGCR2F36DA140829,Car - Midsize,Clean,No Issue,Damage Reported,No Open Recalls,No Issue,No Issue,No CPO Info Available,No Issue,,
2021,Honda,CR-V Hybrid EX-L,29998,36000,40 city/35 hwy,4-cyl,Hybrid,All Wheel Drive,Automatic,Black/Black,1 Owner,No flood or frame damage,No odometer problems,7FART6H85ME025998,CUV - Midsize,Clean,No Issue,Minor,No Open Recalls,No Issue,No Issue,No CPO Info Available,No Issue,,
2019,Honda,Fit LX,19998,28000,33 city/40 hwy,4-cyl,Gas,Front Wheel Drive,Automatic,Gray/Black,1 Owner,No flood or frame damage,No odometer problems,3HGGK5H48KM735131,Car - Subcompact,Clean,No Issue,Moderate,No Open Recalls,No Issue,No Issue,No CPO Info Available,No Issue,,
2016,Honda,Pilot EX-L,20998,94000,18 city/26 hwy,6-cyl,Gas,All Wheel Drive,Automatic,Blue/Gray,1 Owner,No flood or frame damage,No odometer problems,5FNYF6H56GB087743,SUV - Large,Clean,No Issue,No Issue,2 Open Recall(s),No Issue,No Issue,No CPO Info Available,No Issue,,
2013,Honda,Accord EX-L,15998,102000,27 city/36 hwy,4-cyl,Gas,Front Wheel Drive,Automatic,Silver/Gray,1 Owner,No flood or frame damage,No odometer problems,1HGCR2F85DA139893,Car - Midsize,Clean,No Issue,No Issue,No Open Recalls,No Issue,No Issue,No CPO Info Available,No Issue,,
2019,Honda,Odyssey Elite,28998,94000,19 city/28 hwy,6-cyl,Gas,Front Wheel Drive,Automatic,Brown/Black,1 Owner,No flood or frame damage,No odometer problems,5FNRL6H96KB025817,Van - Mini,Clean,No Issue,Damage Reported,2 Open Recall(s),No Issue,No Issue,No CPO Info Available,No Issue,,
2019,Honda,Fit EX,21998,14000,29 city/36 hwy,4-cyl,Gas,Front Wheel Drive,Automatic,Red/Black,1 Owner,No flood or frame damage,No odometer problems,3HGGK5H87KM744776,Car - Subcompact,Clean,No Issue,No Issue,No Open Recalls,No Issue,No Issue,No CPO Info Available,No Issue,,
2016,Honda,Civic EX,15998,128000,31 city/41 hwy,4-cyl,Gas,Front Wheel Drive,Automatic,Gray/Black,2 Owners,No flood or frame damage,No odometer problems,19XFC2F89GE044591,Car - Midsize,Clean,No Issue,No Issue,No Open Recalls,No Issue,No Issue,No CPO Info Available,No Issue,,
2018,Honda,Civic EX,18998,82000,31 city/40 hwy,4-cyl,Gas,Front Wheel Drive,Automatic,Blue/Gray,1 Owner,No flood or frame damage,No odometer problems,2HGFC2F77JH501676,Car - Midsize,Clean,No Issue,No Issue,No Open Recalls,No Issue,No Issue,No CPO Info Available,No Issue,,
2019,Honda,HR-V EX,19998,54000,26 city/31 hwy,4-cyl,Gas,All Wheel Drive,Automatic,Gray/Black,2 Owners,No flood or frame damage,No odometer problems,3CZRU6H52KM737936,CUV - Compact,Clean,No Issue,Minor,1 Open Recall(s),No Issue,No Issue,No Recent CPO Reported,No Issue,,
2018,Honda,Accord EX-L,20998,98000,30 city/38 hwy,4-cyl,Turbo Gas,Front Wheel Drive,Automatic,Silver/Black,2 Owners,No flood or frame damage,No odometer problems,1HGCV1F5XJA079309,Car - Midsize,Clean,No Issue,Damage Reported,3 Open Recall(s),No Issue,No Issue,No CPO Info Available,No Issue,,
2014,Honda,CR-V EX-L,17998,89000,22 city/30 hwy,4-cyl,Gas,All Wheel Drive,Automatic,Black/Black,1 Owner,No flood or frame damage,No odometer problems,5J6RM4H76EL006096,CUV - Midsize,Clean,No Issue,No Issue,No Open Recalls,No Issue,No Issue,No CPO Info Available,No Issue,,
2019,Honda,CR-V EX-L,24998,63000,27 city/33 hwy,4-cyl,Turbo Gas,All Wheel Drive,Automatic,Silver/Black,1 Owner,No flood or frame damage,No odometer problems,5J6RW2H81KL011080,CUV - Midsize,Clean,No Issue,Minor,1 Open Recall(s),No Issue,No Issue,No CPO Info Available,No Issue,,
2020,Honda,Accord Sport,23998,82000,29 city/35 hwy,4-cyl,Turbo Gas,Front Wheel Drive,Automatic,Gray/Black,1 Owner,No flood or frame damage,No odometer problems,1HGCV1F3XLA107000,Car - Midsize,Clean,No Issue,Minor,1 Open Recall(s),No Issue,No Issue,No CPO Info Available,No Issue,,
2018,Honda,CR-V EX-L,22998,67000,27 city/33 hwy,4-cyl,Turbo Gas,All Wheel Drive,Automatic,Burgundy/Gray,1 Owner,No flood or frame damage,No odometer problems,7FARW2H82JE025887,CUV - Midsize,Clean,No Issue,Minor,No Open Recalls,No Issue,No Issue,No CPO Info Available,No Issue,,
2022,Honda,HR-V LX,23998,22000,27 city/31 hwy,4-cyl,Gas,All Wheel Drive,Automatic,Gray/Black,1 Owner,No flood or frame damage,No odometer problems,3CZRU6H30NM717588,CUV - Compact,Clean,No Issue,Damage Reported,No Open Recalls,No Issue,No Issue,No CPO Info Available,No Issue,,
2020,Honda,Passport Touring,30998,28000,19 city/24 hwy,6-cyl,Gas,All Wheel Drive,Automatic,Silver/Black,1 Owner,No flood or frame damage,No odometer problems,5FNYF8H91LB014336,CUV - Midsize,Clean,No Issue,No Issue,3 Open Recall(s),No Issue,No Issue,No CPO Info Available,No Issue,,
2021,Honda,Civic Sport Touring,27998,21000,29 city/35 hwy,4-cyl,Turbo Gas,Front Wheel Drive,Automatic,White/Gray,2 Owners,No flood or frame damage,No odometer problems,SHHFK7H91MU411266,Car - Large,Clean,No Issue,No Issue,No Open Recalls,No Issue,No Issue,No CPO Info Available,No Issue,,
2016,Honda,CR-V Touring,20998,72000,25 city/31 hwy,4-cyl,Gas,All Wheel Drive,Automatic,Gray/Black,4 Owners,No flood or frame damage,No odometer problems,5J6RM4H9XGL116878,CUV - Midsize,Clean,No Issue,No Issue,No Open Recalls,No Issue,No Issue,No CPO Info Available,No Issue,,
2016,Honda,Pilot EX-L,21998,96000,18 city/26 hwy,6-cyl,Gas,All Wheel Drive,Automatic,Black/Gray,1 Owner,No flood or frame damage,No odometer problems,5FNYF6H72GB101445,SUV - Large,Clean,No Issue,No Issue,2 Open Recall(s),No Issue,No Issue,No CPO Info Available,No Issue,,
2017,Honda,Civic LX,20998,22000,31 city/40 hwy,4-cyl,Gas,Front Wheel Drive,Automatic,Red/Black,1 Owner,No flood or frame damage,No odometer problems,2HGFC2F54HH557731,Car - Midsize,Clean,No Issue,No Issue,No Open Recalls,No Issue,No Issue,No CPO Info Available,No Issue,,
2020,Honda,CR-V Touring,31998,8000,27 city/32 hwy,4-cyl,Turbo Gas,All Wheel Drive,Automatic,Blue/Gray,2 Owners,No flood or frame damage,No odometer problems,2HKRW2H97LH609680,CUV - Midsize,Clean,No Issue,No Issue,No Open Recalls,No Issue,No Issue,No CPO Info Available,No Issue,,
2016,Honda,Civic LX,15998,104000,31 city/41 hwy,4-cyl,Gas,Front Wheel Drive,Automatic,Black/Black,2 Owners,No flood or frame damage,No odometer problems,2HGFC2F5XGH539667,Car - Midsize,Clean,No Issue,No Issue,No Open Recalls,No Issue,No Issue,No CPO Info Available,No Issue,,
2015,Honda,CR-V LX,16998,93000,26 city/33 hwy,4-cyl,Gas,All Wheel Drive,Automatic,Silver/Gray,2 Owners,No flood or frame damage,No odometer problems,5J6RM4H3XFL104949,CUV - Midsize,Clean,No Issue,Damage Reported,No Open Recalls,No Issue,No Issue,No CPO Info Available,No Issue,,
2022,Honda,Accord Sport SE,27998,33000,29 city/35 hwy,4-cyl,Turbo Gas,Front Wheel Drive,Automatic,White/Black,1 Owner,No flood or frame damage,No odometer problems,1HGCV1F4XNA065956,Car - Midsize,Clean,No Issue,Minor,No Open Recalls,No Issue,No Issue,No CPO Info Available,No Issue,,
2016,Honda,Odyssey Touring Elite,26998,60000,19 city/28 hwy,6-cyl,Gas,Front Wheel Drive,Automatic,Gray/Gray,2 Owners,No flood or frame damage,No odometer problems,5FNRL5H95GB159705,Van - Mini,Clean,No Issue,No Issue,No Open Recalls,No Issue,No Issue,No CPO Info Available,No Issue,,
2014,Honda,CR-V EX-L,18998,74000,22 city/30 hwy,4-cyl,Gas,All Wheel Drive,Automatic,Blue/Gray,2 Owners,No flood or frame damage,No odometer problems,5J6RM4H73EL092998,CUV - Midsize,Clean,No Issue,No Issue,No Open Recalls,No Issue,No Issue,No CPO Info Available,No Issue,,
2017,Honda,CR-V EX,18998,100000,27 city/33 hwy,4-cyl,Turbo Gas,All Wheel Drive,Automatic,Gray/Gray,2 Owners,No flood or frame damage,No odometer problems,2HKRW2H58HH686837,CUV - Midsize,Clean,No Issue,No Issue,No Open Recalls,No Issue,No Issue,No Recent CPO Reported,No Issue,,
2018,Honda,Pilot EX,18998,102000,19 city/27 hwy,6-cyl,Gas,Front Wheel Drive,Automatic,Black/Gray,2 Owners,No flood or frame damage,No odometer problems,5FNYF5H31JB024937,SUV - Large,Clean,No Issue,No Issue,2 Open Recall(s),No Issue,No Issue,No CPO Info Available,No Issue,,
2021,Honda,Civic EX,22998,48000,32 city/42 hwy,4-cyl,Turbo Gas,Front Wheel Drive,Automatic,Blue/Black,1 Owner,No flood or frame damage,No odometer problems,2HGFC1F30MH703495,Car - Midsize,Clean,No Issue,Minor,No Open Recalls,No Issue,No Issue,No CPO Info Available,No Issue,,
2021,Honda,Accord Sport,26998,58000,22 city/32 hwy,4-cyl,Turbo Gas,Front Wheel Drive,Automatic,Silver/Black,1 Owner,No flood or frame damage,No odometer problems,1HGCV2F35MA010679,Car - Midsize,Clean,No Issue,No Issue,No Open Recalls,No Issue,No Issue,No CPO Info Available,No Issue,,
2019,Honda,Civic LX,20998,33000,30 city/38 hwy,4-cyl,Gas,Front Wheel Drive,Automatic,Black/Black,1 Owner,No flood or frame damage,No odometer problems,2HGFC2F6XKH580169,Car - Midsize,Clean,No Issue,No Issue,1 Open Recall(s),No Issue,No Issue,No CPO Info Available,No Issue,,
2018,Honda,Accord Sport,21998,85000,29 city/35 hwy,4-cyl,Turbo Gas,Front Wheel Drive,Automatic,White/Black,1 Owner,No flood or frame damage,No odometer problems,1HGCV1F33JA031116,Car - Midsize,Clean,No Issue,No Issue,1 Open Recall(s),No Issue,No Issue,No CPO Info Available,No Issue,,
2023,Honda,Accord LX,25998,26000,29 city/37 hwy,4-cyl,Turbo Gas,Front Wheel Drive,Automatic,Red/Gray,1 Owner,No flood or frame damage,No odometer problems,1HGCY1F2XPA030794,Car - Midsize,Clean,No Issue,No Issue,1 Open Recall(s),No Issue,No Issue,No CPO Info Available,No Issue,,
2016,Honda,CR-V EX,19998,77000,25 city/31 hwy,4-cyl,Gas,All Wheel Drive,Automatic,Burgundy/Gray,1 Owner,No flood or frame damage,No odometer problems,2HKRM4H51GH692642,CUV - Midsize,Clean,No Issue,No Issue,No Open Recalls,No Issue,No Issue,No CPO Info Available,No Issue,,
2016,Honda,Accord Sport,18998,90000,26 city/35 hwy,4-cyl,Gas,Front Wheel Drive,Automatic,Silver/Black,2 Owners,No flood or frame damage,No odometer problems,1HGCR2F60GA155924,Car - Midsize,Clean,No Issue,Minor,1 Open Recall(s),No Issue,No Issue,No CPO Info Available,No Issue,,
2020,Honda,Civic LX,21998,30000,31 city/40 hwy,4-cyl,Turbo Gas,Front Wheel Drive,Automatic,Silver/Black,1 Owner,No flood or frame damage,No odometer problems,SHHFK7H34LU406007,Car - Large,Clean,No Issue,Minor,1 Open Recall(s),No Issue,No Issue,No CPO Info Available,No Issue,,
2020,Honda,CR-V EX-L,27998,38000,27 city/32 hwy,4-cyl,Turbo Gas,All Wheel Drive,Automatic,Black/Black,2 Owners,No flood or frame damage,No odometer problems,5J6RW1H83LA016823,CUV - Midsize,Clean,No Issue,No Issue,No Open Recalls,No Issue,No Issue,No CPO Info Available,No Issue,,
2016,Honda,Civic EX,16998,102000,31 city/41 hwy,4-cyl,Gas,Front Wheel Drive,Automatic,White/Black,1 Owner,No flood or frame damage,No odometer problems,2HGFC2F70GH519963,Car - Midsize,Clean,No Issue,No Issue,No Open Recalls,No Issue,No Issue,No CPO Info Available,No Issue,,
2024,Honda,Civic Type R,51998,2000,22 city/28 hwy,4-cyl,Turbo Gas,Front Wheel Drive,Manual 6 Speed,White/Red,1 Owner,No flood or frame damage,No odometer problems,JHMFL5G48RX000998,Car - Large,Clean,No Issue,No Issue,No Open Recalls,No Issue,No Issue,No CPO Info Available,No Issue,,
2018,Honda,Civic EX,19998,87000,31 city/40 hwy,4-cyl,Turbo Gas,Front Wheel Drive,Automatic,Gray/Black,2 Owners,No flood or frame damage,No odometer problems,SHHFK7H58JU412343,Car - Midsize,Clean,No Issue,Damage Reported,1 Open Recall(s),No Issue,No Issue,No CPO Info Available,No Issue,,
2018,Honda,Accord LX,20998,58000,30 city/38 hwy,,,,Automatic,Gray/Gray,1 Owner,No flood or frame damage,No odometer problems,1HGCV1F18JA253861,Car - Midsize,Clean,No Issue,No Issue,1 Open Recall(s),No Issue,No Issue,No CPO Info Available,No Issue,,
2019,Honda,Civic LX,21998,7000,30 city/38 hwy,4-cyl,Gas,Front Wheel Drive,Automatic,White/Cream,1 Owner,No flood or frame damage,No odometer problems,2HGFC2F60KH550369,Car - Midsize,Clean,No Issue,Damage Reported,1 Open Recall(s),No Issue,No Issue,No CPO Info Available,No Issue,,
2020,Honda,Accord LX,23998,33000,30 city/38 hwy,,,,Automatic,Black/Black,1 Owner,No flood or frame damage,No odometer problems,1HGCV1F16LA107834,Car - Midsize,Clean,No Issue,No Issue,1 Open Recall(s),No Issue,No Issue,No CPO Info Available,No Issue,,
2018,Honda,CR-V EX,19998,96000,27 city/33 hwy,,,,Automatic,Gray/Black,1 Owner,No flood or frame damage,No odometer problems,7FARW2H50JE068467,CUV - Midsize,Clean,No Issue,No Issue,2 Open Recall(s),No Issue,No Issue,No CPO Info Available,No Issue,,
2020,Honda,CR-V EX,26998,31000,27 city/32 hwy,4-cyl,Turbo Gas,All Wheel Drive,Automatic,Blue/Gray,1 Owner,No flood or frame damage,No odometer problems,2HKRW2H55LH600604,CUV - Midsize,Clean,No Issue,No Issue,No Open Recalls,No Issue,No Issue,No CPO Info Available,No Issue,,
2020,Honda,Odyssey EX-L,32998,49000,19 city/28 hwy,6-cyl,Gas,Front Wheel Drive,Automatic,Blue/Gray,1 Owner,No flood or frame damage,No odometer problems,5FNRL6H75LB003498,Van - Mini,Clean,No Issue,Damage Reported,No Open Recalls,No Issue,No Issue,No CPO Info Available,No Issue,,
2016,Honda,CR-V EX,16998,97000,26 city/32 hwy,,,,Automatic,Gray/Gray,2 Owners,No flood or frame damage,No odometer problems,3CZRM3H55GG714266,CUV - Midsize,Clean,No Issue,No Issue,No Open Recalls,No Issue,No Issue,No CPO Info Available,No Issue,,
2013,Honda,Accord EX,16998,55000,24 city/34 hwy,,,,Automatic,Silver/Black,1 Owner,No flood or frame damage,No odometer problems,1HGCR2F73DA125966,Car - Midsize,Clean,No Issue,No Issue,No Open Recalls,No Issue,No Issue,No CPO Info Available,No Issue,,
2020,Honda,CR-V EX,25998,38000,28 city/34 hwy,4-cyl,Turbo Gas,Front Wheel Drive,Automatic,Silver/Gray,2 Owners,No flood or frame damage,No odometer problems,2HKRW1H51LH422460,CUV - Midsize,Clean,No Issue,No Issue,No Open Recalls,No Issue,No Issue,OEM-Certified,No Issue,,
2015,Honda,Accord EX-L,15998,116000,27 city/36 hwy,4-cyl,Gas,Front Wheel Drive,Automatic,Gray/Black,1 Owner,No flood or frame damage,No odometer problems,1HGCR2F85FA257400,Car - Midsize,Clean,No Issue,Minor,No Open Recalls,No Issue,No Issue,No CPO Info Available,No Issue,,
2020,Honda,Civic Sport,20998,58000,29 city/37 hwy,4-cyl,Gas,Front Wheel Drive,Automatic,White/Black,2 Owners,No flood or frame damage,No odometer problems,2HGFC2F80LH524843,Car - Midsize,Clean,No Issue,No Issue,1 Open Recall(s),No Issue,No Issue,No CPO Info Available,No Issue,,
2019,Honda,Fit EX-L,21998,35000,31 city/36 hwy,4-cyl,Gas,Front Wheel Drive,Automatic,Black/Black,1 Owner,No flood or frame damage,No odometer problems,3HGGK5H02KM700095,Car - Subcompact,Clean,No Issue,No Issue,No Open Recalls,No Issue,No Issue,No CPO Info Available,No Issue,,
2016,Honda,CR-V LX,14998,100000,25 city/31 hwy,4-cyl,Gas,All Wheel Drive,Automatic,Black/Black,2 Owners,No flood or frame damage,No odometer problems,2HKRM4H36GH647355,CUV - Midsize,Clean,No Issue,Minor,No Open Recalls,No Issue,No Issue,No CPO Info Available,No Issue,,
2017,Honda,Accord EX-L,19998,89000,21 city/34 hwy,,,,Automatic,Black/Black,1 Owner,No flood or frame damage,No odometer problems,1HGCR3F02HA042785,Car - Midsize,Clean,No Issue,Moderate,1 Open Recall(s),No Issue,No Issue,No CPO Info Available,No Issue,,
2015,Honda,Accord EX-L,17998,77000,23 city/34 hwy,,,,Automatic,Burgundy/Tan,1 Owner,No flood or frame damage,No odometer problems,1HGCR2F82FA200944,Car - Midsize,Clean,No Issue,No Issue,1 Open Recall(s),No Issue,No Issue,No CPO Info Available,No Issue,,
2016,Honda,CR-V EX,20998,41000,25 city/31 hwy,,,,Automatic,Blue/Gray,1 Owner,No flood or frame damage,No odometer problems,2HKRM4H50GH674357,CUV - Midsize,Clean,No Issue,Damage Reported,No Open Recalls,No Issue,No Issue,No CPO Info Available,No Issue,,
2020,Honda,HR-V EX,20998,48000,26 city/31 hwy,4-cyl,Gas,All Wheel Drive,Automatic,Black/Black,2 Owners,No flood or frame damage,No odometer problems,3CZRU6H50LM727875,CUV - Compact,Clean,No Issue,No Issue,No Open Recalls,No Issue,No Issue,No CPO Info Available,No Issue,,
2020,Honda,Civic Sport,21998,62000,25 city/36 hwy,4-cyl,Gas,Front Wheel Drive,Manual 6 Speed,Gray/Black,2 Owners,No flood or frame damage,No odometer problems,19XFC2E86LE024486,Car - Midsize,Clean,No Issue,Minor,1 Open Recall(s),No Issue,No Issue,No CPO Info Available,No Issue,,
2018,Honda,Civic EX,18998,86000,31 city/40 hwy,4-cyl,Gas,Front Wheel Drive,Automatic,White/Tan,2 Owners,No flood or frame damage,No odometer problems,19XFC2F76JE206143,Car - Midsize,Clean,No Issue,No Issue,1 Open Recall(s),No Issue,No Issue,No Recent CPO Reported,No Issue,,
2019,Honda,Civic Sport,20998,76000,25 city/36 hwy,4-cyl,Gas,Front Wheel Drive,Manual 6 Speed,Black/Black,1 Owner,No flood or frame damage,No odometer problems,19XFC2E8XKE015868,Car - Midsize,Clean,No Issue,Damage Reported,1 Open Recall(s),No Issue,No Issue,No CPO Info Available,No Issue,,
2024,Honda,Prologue Touring,44998,2000,,,,All Wheel Drive,,Silver/Black,1 Owner,No flood or frame damage,No odometer problems,3GPKHXRJ1RS509539,SUV - Compact,Clean,No Issue,No Issue,No Open Recalls,No Issue,No Issue,No CPO Info Available,No Issue,,Electric
2022,Honda,Accord Hybrid ,27998,13000,48 city/47 hwy,4-cyl,Hybrid,Front Wheel Drive,Automatic,Black/Black,1 Owner,No flood or frame damage,No odometer problems,1HGCV3F10NA008537,Car - Midsize,Clean,No Issue,No Issue,No Open Recalls,No Issue,No Issue,No CPO Info Available,No Issue,,
2019,Honda,Passport Elite,20998,114000,19 city/24 hwy,6-cyl,Gas,All Wheel Drive,Automatic,Gray/Black,1 Owner,No flood or frame damage,No odometer problems,5FNYF8H00KB004655,CUV - Midsize,Clean,No Issue,No Issue,1 Open Recall(s),No Issue,No Issue,No CPO Info Available,No Issue,,
2021,Honda,Pilot EX-L,31998,31000,19 city/26 hwy,6-cyl,Gas,All Wheel Drive,Automatic,Black/Black,1 Owner,No flood or frame damage,No odometer problems,5FNYF6H55MB044474,SUV - Large,Clean,No Issue,No Issue,5 Open Recall(s),No Issue,No Issue,No CPO Info Available,No Issue,,
2014,Honda,Pilot Touring,19998,95000,17 city/24 hwy,6-cyl,Gas,Four Wheel Drive,Automatic,Gray/Gray,3 Owners,No flood or frame damage,No odometer problems,5FNYF4H94EB044653,SUV - Large,Clean,No Issue,No Issue,No Open Recalls,No Issue,No Issue,No Recent CPO Reported,No Issue,,
2020,Honda,Civic LX,21998,42000,31 city/40 hwy,4-cyl,Turbo Gas,Front Wheel Drive,Automatic,Gray/Black,2 Owners,No flood or frame damage,No odometer problems,SHHFK7H37LU410522,Car - Large,Clean,No Issue,No Issue,1 Open Recall(s),No Issue,No Issue,OEM-Certified,No Issue,,
2024,Honda,Civic Type R,49998,3000,22 city/28 hwy,4-cyl,Turbo Gas,Front Wheel Drive,Manual 6 Speed,White/Red,1 Owner,No flood or frame damage,No odometer problems,JHMFL5G42RX002133,Car - Large,Clean,No Issue,No Issue,No Open Recalls,No Issue,No Issue,No CPO Info Available,No Issue,,
2017,Honda,Civic EX,19998,70000,31 city/40 hwy,4-cyl,Turbo Gas,Front Wheel Drive,Automatic,Gray/Black,1 Owner,No flood or frame damage,No odometer problems,SHHFK7H50HU401511,Car - Midsize,Clean,No Issue,No Issue,1 Open Recall(s),No Issue,No Issue,No CPO Info Available,No Issue,,
2016,Honda,Civic EX-T,16998,111000,31 city/42 hwy,4-cyl,Turbo Gas,Front Wheel Drive,Automatic,Silver/Black,2 Owners,No flood or frame damage,No odometer problems,2HGFC1F30GH637082,Car - Midsize,Clean,No Issue,No Issue,1 Open Recall(s),No Issue,No Issue,No CPO Info Available,No Issue,,
2016,Honda,CR-V LX,19998,53000,25 city/31 hwy,4-cyl,Gas,All Wheel Drive,Automatic,Gray/Gray,2 Owners,No flood or frame damage,No odometer problems,2HKRM4H36GH684325,CUV - Midsize,Clean,No Issue,No Issue,No Open Recalls,No Issue,No Issue,No CPO Info Available,No Issue,,
2018,Honda,Pilot EX-L,22998,91000,18 city/26 hwy,6-cyl,Gas,All Wheel Drive,Automatic,Gray/Black,2 Owners,No flood or frame damage,No odometer problems,5FNYF6H5XJB007979,SUV - Large,Clean,No Issue,Damage Reported,3 Open Recall(s),No Issue,No Issue,No CPO Info Available,No Issue,,
2021,Honda,Civic EX-L,22998,54000,32 city/42 hwy,4-cyl,Turbo Gas,Front Wheel Drive,Automatic,Blue/Gray,1 Owner,No flood or frame damage,No odometer problems,19XFC1F77ME004846,Car - Midsize,Clean,No Issue,No Issue,1 Open Recall(s),No Issue,No Issue,No CPO Info Available,No Issue,,
2014,Honda,Civic LX,13599,127000,30 city/39 hwy,4-cyl,Gas,Front Wheel Drive,Automatic,Gray/Gray,3 Owners,No flood or frame damage,No odometer problems,2HGFB2F5XEH506734,Car - Compact,Clean,No Issue,No Issue,No Open Recalls,No Issue,No Issue,No Recent CPO Reported,No Issue,,
2023,Honda,Odyssey EX-L,38998,11000,19 city/28 hwy,6-cyl,Gas,Front Wheel Drive,Automatic,White/Gray,1 Owner,No flood or frame damage,No odometer problems,5FNRL6H6XPB045419,Van - Mini,Clean,No Issue,No Issue,No Open Recalls,No Issue,No Issue,No CPO Info Available,No Issue,,
2024,Honda,Prologue Elite,47998,1000,,,,All Wheel Drive,,Blue/Black,1 Owner,No flood or frame damage,No odometer problems,3GPKHZRJ2RS515734,SUV - Compact,Clean,No Issue,No Issue,No Open Recalls,No Issue,No Issue,No CPO Info Available,No Issue,,Electric
2017,Honda,Accord Sport,19998,82000,26 city/34 hwy,4-cyl,Gas,Front Wheel Drive,Automatic,Silver/Black,2 Owners,No flood or frame damage,No odometer problems,1HGCR2F50HA156483,Car - Midsize,Clean,No Issue,No Issue,No Open Recalls,No Issue,No Issue,No CPO Info Available,No Issue,,
2015,Honda,Civic EX,14998,120000,30 city/39 hwy,4-cyl,Gas,Front Wheel Drive,Automatic,Silver/Gray,1 Owner,No flood or frame damage,No odometer problems,19XFB2F80FE265210,Car - Compact,Clean,No Issue,Moderate,No Open Recalls,No Issue,No Issue,No CPO Info Available,No Issue,,
2024,Honda,Prologue Touring,43998,4000,,,,All Wheel Drive,,Blue/Black,1 Owner,No flood or frame damage,No odometer problems,3GPKHXRJ7RS500232,SUV - Compact,Clean,No Issue,No Issue,No Open Recalls,No Issue,No Issue,No CPO Info Available,No Issue,,Electric
2025,Honda,CR-V Hybrid Sport-L,41998,1000,40 city/34 hwy,4-cyl,Hybrid,All Wheel Drive,Automatic,Red/Black,1 Owner,No flood or frame damage,No odometer problems,7FARS6H84SE002468,CUV - Midsize,Clean,No Issue,No Issue,No Open Recalls,No Issue,No Issue,No CPO Info Available,No Issue,,
2014,Honda,Civic LX,18998,22000,30 city/39 hwy,4-cyl,Gas,Front Wheel Drive,Automatic,Blue/Gray,2 Owners,No flood or frame damage,No odometer problems,2HGFB2F59EH532161,Car - Compact,Clean,No Issue,No Issue,No Open Recalls,No Issue,No Issue,No CPO Info Available,No Issue,,
2018,Honda,Civic EX-T,21998,34000,32 city/42 hwy,4-cyl,Turbo Gas,Front Wheel Drive,Automatic,Black/Black,2 Owners,No flood or frame damage,No odometer problems,JHMFC1F32JX028608,Car - Midsize,Clean,No Issue,No Issue,1 Open Recall(s),No Issue,No Issue,No Recent CPO Reported,No Issue,,
2017,Honda,Accord Touring,20998,97000,21 city/33 hwy,6-cyl,Gas,Front Wheel Drive,Automatic,Gray/Black,2 Owners,No flood or frame damage,No odometer problems,1HGCR3F90HA015406,Car - Midsize,Clean,No Issue,No Issue,No Open Recalls,No Issue,No Issue,No CPO Info Available,No Issue,,
2012,Honda,Pilot LX,14998,109000,17 city/24 hwy,6-cyl,Gas,Four Wheel Drive,Automatic,Gray/Tan,3 Owners,No flood or frame damage,No odometer problems,5FNYF4H25CB064491,SUV - Large,Clean,No Issue,No Issue,No Open Recalls,No Issue,No Issue,No CPO Info Available,No Issue,,
2018,Honda,CR-V EX,19998,92000,27 city/33 hwy,4-cyl,Turbo Gas,All Wheel Drive,Automatic,Red/Tan,2 Owners,No flood or frame damage,No odometer problems,2HKRW2H5XJH649410,CUV - Midsize,Clean,No Issue,Minor,No Open Recalls,No Issue,No Issue,No Recent CPO Reported,No Issue,,
2024,Honda,HR-V Sport,27998,6000,26 city/32 hwy,4-cyl,Gas,Front Wheel Drive,Automatic,Gray/Black,1 Owner,No flood or frame damage,No odometer problems,3CZRZ1H51RM749025,CUV - Compact,Clean,No Issue,No Issue,No Open Recalls,No Issue,No Issue,No CPO Info Available,No Issue,,
2024,Honda,Prologue Elite,47998,1000,,,,All Wheel Drive,,Black/Black,1 Owner,No flood or frame damage,No odometer problems,3GPKHZRJXRS516226,SUV - Compact,Clean,No Issue,No Issue,No Open Recalls,No Issue,No Issue,No CPO Info Available,No Issue,,Electric
2021,Honda,CR-V EX,27998,38000,27 city/32 hwy,4-cyl,Turbo Gas,All Wheel Drive,Automatic,Gray/Black,1 Owner,No flood or frame damage,No odometer problems,2HKRW2H58MH628737,CUV - Midsize,Clean,No Issue,Minor,No Open Recalls,No Issue,No Issue,No CPO Info Available,No Issue,,
2022,Honda,Civic Sport,26998,17000,29 city/37 hwy,4-cyl,Gas,Front Wheel Drive,Automatic,Gray/Black,1 Owner,No flood or frame damage,No odometer problems,19XFL2H89NE008572,Car - Large,Clean,No Issue,No Issue,No Open Recalls,No Issue,No Issue,No CPO Info Available,No Issue,,
2019,Honda,Odyssey EX-L,27998,77000,19 city/28 hwy,6-cyl,Gas,Front Wheel Drive,Automatic,Silver/Brown,3 Owners,No flood or frame damage,No odometer problems,5FNRL6H71KB043995,Van - Mini,Clean,No Issue,No Issue,No Open Recalls,No Issue,No Issue,No CPO Info Available,No Issue,,
2019,Honda,HR-V LX,17998,71000,27 city/31 hwy,4-cyl,Gas,All Wheel Drive,Automatic,Black/Black,1 Owner,No flood or frame damage,No odometer problems,3CZRU6H39KG725697,CUV - Compact,Clean,No Issue,Damage Reported,1 Open Recall(s),No Issue,No Issue,No CPO Info Available,No Issue,,
2018,Honda,CR-V LX,19998,70000,26 city/32 hwy,4-cyl,Gas,Front Wheel Drive,Automatic,Black/Gray,1 Owner,No flood or frame damage,No odometer problems,2HKRW5H36JH400666,CUV - Midsize,Clean,No Issue,Damage Reported,No Open Recalls,No Issue,No Issue,No CPO Info Available,No Issue,,
2022,Honda,Ridgeline RTL-E,34998,32000,18 city/24 hwy,6-cyl,Gas,All Wheel Drive,Automatic,Brown/Black,1 Owner,No flood or frame damage,No odometer problems,5FPYK3F71NB031017,Pickup - Midsize,Clean,No Issue,No Issue,1 Open Recall(s),No Issue,No Issue,No CPO Info Available,No Issue,5 ft,
2021,Honda,CR-V EX,29998,18000,27 city/32 hwy,4-cyl,Turbo Gas,All Wheel Drive,Automatic,Gray/Gray,2 Owners,No flood or frame damage,No odometer problems,2HKRW2H54MH657054,CUV - Midsize,Clean,No Issue,No Issue,No Open Recalls,No Issue,No Issue,No CPO Info Available,No Issue,,
2021,Honda,CR-V EX-L,27998,57000,27 city/32 hwy,4-cyl,Turbo Gas,All Wheel Drive,Automatic,White/Tan,1 Owner,No flood or frame damage,No odometer problems,2HKRW2H87MH685179,CUV - Midsize,Clean,No Issue,No Issue,No Open Recalls,No Issue,No Issue,No CPO Info Available,No Issue,,
2022,Honda,Civic Sport Touring,27998,25000,30 city/37 hwy,4-cyl,Turbo Gas,Front Wheel Drive,Automatic,White/Black,1 Owner,No flood or frame damage,No odometer problems,19XFL1H85NE006182,Car - Large,Clean,No Issue,No Issue,No Open Recalls,No Issue,No Issue,No CPO Info Available,No Issue,,
2024,Honda,Accord Hybrid Sport-L,33998,5000,46 city/41 hwy,4-cyl,Hybrid,Front Wheel Drive,Automatic,Red/Black,1 Owner,No flood or frame damage,No odometer problems,1HGCY2F77RA042955,Car - Midsize,Clean,No Issue,No Issue,No Open Recalls,No Issue,No Issue,No CPO Info Available,No Issue,,
2022,Honda,Civic Sport Touring,26998,54000,30 city/37 hwy,4-cyl,Turbo Gas,Front Wheel Drive,Automatic,Silver/Black,1 Owner,No flood or frame damage,No odometer problems,19XFL1H84NE001474,Car - Large,Clean,No Issue,No Issue,1 Open Recall(s),No Issue,No Issue,No CPO Info Available,No Issue,,
2022,Honda,Civic LX,22998,25000,31 city/40 hwy,4-cyl,Gas,Front Wheel Drive,Automatic,Blue/Tan,1 Owner,No flood or frame damage,No odometer problems,2HGFE2F29NH517737,Car - Midsize,Clean,No Issue,No Issue,No Open Recalls,No Issue,No Issue,No CPO Info Available,No Issue,,
2022,Honda,Accord Sport SE,27998,27000,29 city/35 hwy,4-cyl,Turbo Gas,Front Wheel Drive,Automatic,White/Black,1 Owner,No flood or frame damage,No odometer problems,1HGCV1F46NA047132,Car - Midsize,Clean,No Issue,No Issue,No Open Recalls,No Issue,No Issue,No CPO Info Available,No Issue,,
2019,Honda,Odyssey EX-L,32998,17000,19 city/28 hwy,6-cyl,Gas,Front Wheel Drive,Automatic,Black/Black,2 Owners,No flood or frame damage,No odometer problems,5FNRL6H75KB116205,Van - Mini,Clean,No Issue,Damage Reported,1 Open Recall(s),No Issue,No Issue,No CPO Info Available,No Issue,,
2015,Honda,Accord LX,18998,53000,27 city/36 hwy,4-cyl,Gas,Front Wheel Drive,Automatic,Black/Tan,3 Owners,No flood or frame damage,No odometer problems,1HGCR2F34FA259501,Car - Midsize,Clean,No Issue,No Issue,No Open Recalls,No Issue,No Issue,No CPO Info Available,No Issue,,
2023,Honda,Civic Sport,26998,13000,26 city/36 hwy,4-cyl,Gas,Front Wheel Drive,Automatic,Blue/Black,1 Owner,No flood or frame damage,No odometer problems,19XFL2H80PE015395,Car - Large,Clean,No Issue,No Issue,No Open Recalls,No Issue,No Issue,No CPO Info Available,No Issue,,
2020,Honda,CR-V EX-L,26998,50000,27 city/32 hwy,4-cyl,Turbo Gas,All Wheel Drive,Automatic,Red/Gray,1 Owner,No flood or frame damage,No odometer problems,7FARW2H81LE008243,CUV - Midsize,Clean,No Issue,No Issue,No Open Recalls,No Issue,No Issue,No CPO Info Available,No Issue,,
2024,Honda,Prologue Touring,44998,3000,,,,All Wheel Drive,,Gray/Black,1 Owner,No flood or frame damage,No odometer problems,3GPKHXRJ3RS518324,SUV - Compact,Clean,No Issue,No Issue,No Open Recalls,No Issue,No Issue,No CPO Info Available,No Issue,,Electric
2022,Honda,HR-V LX,23998,24000,28 city/34 hwy,4-cyl,Gas,Front Wheel Drive,Automatic,Gray/Black,1 Owner,No flood or frame damage,No odometer problems,3CZRU5H39NM724730,CUV - Compact,Clean,No Issue,No Issue,No Open Recalls,No Issue,No Issue,No CPO Info Available,No Issue,,
2024,Honda,Prologue Touring,44998,5000,,,,All Wheel Drive,,Silver/Black,1 Owner,No flood or frame damage,No odometer problems,3GPKHXRJ3RS505699,SUV - Compact,Clean,No Issue,No Issue,No Open Recalls,No Issue,No Issue,No CPO Info Available,No Issue,,Electric
2023,Honda,CR-V EX,30998,13000,27 city/32 hwy,4-cyl,Turbo Gas,All Wheel Drive,Automatic,Black/Black,1 Owner,No flood or frame damage,No odometer problems,2HKRS4H48PH435250,CUV - Midsize,Clean,No Issue,No Issue,No Open Recalls,No Issue,No Issue,No CPO Info Available,No Issue,,
2019,Honda,CR-V EX-L,24998,57000,27 city/33 hwy,4-cyl,Turbo Gas,All Wheel Drive,Automatic,Tan/Tan,1 Owner,No flood or frame damage,No odometer problems,5J6RW2H89KL019136,CUV - Midsize,Clean,No Issue,No Issue,No Open Recalls,No Issue,No Issue,No CPO Info Available,No Issue,,
2015,Honda,Odyssey EX-L,17998,126000,19 city/28 hwy,6-cyl,Gas,Front Wheel Drive,Automatic,Blue/Gray,1 Owner,No flood or frame damage,No odometer problems,5FNRL5H63FB010066,Van - Mini,Clean,No Issue,No Issue,No Open Recalls,No Issue,No Issue,No CPO Info Available,No Issue,,
2017,Honda,CR-V LX,19998,72000,25 city/31 hwy,4-cyl,Gas,All Wheel Drive,Automatic,Silver/Gray,2 Owners,No flood or frame damage,No odometer problems,2HKRW6H38HH200100,CUV - Midsize,Clean,No Issue,No Issue,No Open Recalls,No Issue,No Issue,No CPO Info Available,No Issue,,
2020,Honda,Pilot LX,26998,37000,18 city/26 hwy,6-cyl,Gas,All Wheel Drive,Automatic,White/Tan,1 Owner,No flood or frame damage,No odometer problems,5FNYF6H30LB009242,SUV - Large,Clean,No Issue,No Issue,1 Open Recall(s),No Issue,No Issue,No CPO Info Available,No Issue,,
2018,Honda,Odyssey EX-L,27998,60000,19 city/28 hwy,6-cyl,Gas,Front Wheel Drive,Automatic,Silver/Gray,1 Owner,No flood or frame damage,No odometer problems,5FNRL6H76JB099252,Van - Mini,Clean,No Issue,Minor,1 Open Recall(s),No Issue,No Issue,No CPO Info Available,No Issue,,
2019,Honda,Pilot EX,21998,92000,18 city/26 hwy,,,,Automatic,Silver/Gray,1 Owner,No flood or frame damage,No odometer problems,5FNYF6H31KB061736,SUV - Large,Clean,No Issue,No Issue,No Open Recalls,No Issue,No Issue,No CPO Info Available,No Issue,,
2019,Honda,Accord LX,19998,83000,30 city/38 hwy,4-cyl,Turbo Gas,Front Wheel Drive,Automatic,Blue/Gray,1 Owner,No flood or frame damage,No odometer problems,1HGCV1F16KA103846,Car - Midsize,Clean,No Issue,Damage Reported,1 Open Recall(s),No Issue,No Issue,No CPO Info Available,No Issue,,
2017,Honda,Civic EX,18998,66000,31 city/40 hwy,4-cyl,Gas,Front Wheel Drive,Automatic,Black/Black,2 Owners,No flood or frame damage,No odometer problems,2HGFC2F77HH522697,Car - Midsize,Clean,No Issue,Minor,1 Open Recall(s),No Issue,No Issue,No CPO Info Available,No Issue,,
2023,Honda,Civic Sport,26998,10000,30 city/37 hwy,4-cyl,Gas,Front Wheel Drive,Automatic,Black/Black,1 Owner,No flood or frame damage,No odometer problems,2HGFE2F58PH511263,Car - Midsize,Clean,No Issue,No Issue,No Open Recalls,No Issue,No Issue,No CPO Info Available,No Issue,,
2019,Honda,CR-V EX,27998,15000,27 city/33 hwy,4-cyl,Turbo Gas,All Wheel Drive,Automatic,Green/Black,1 Owner,No flood or frame damage,No odometer problems,2HKRW2H56KH631469,CUV - Midsize,Clean,No Issue,No Issue,No Open Recalls,No Issue,No Issue,No CPO Info Available,No Issue,,
2021,Honda,HR-V EX,23998,25000,26 city/31 hwy,4-cyl,Gas,All Wheel Drive,Automatic,Gray/Black,2 Owners,No flood or frame damage,No odometer problems,3CZRU6H53MM720596,CUV - Compact,Clean,No Issue,No Issue,1 Open Recall(s),No Issue,No Issue,No CPO Info Available,No Issue,,
2024,Honda,Civic Sport,28998,3000,30 city/37 hwy,4-cyl,Gas,Front Wheel Drive,Automatic,Gray/Black,1 Owner,No flood or frame damage,No odometer problems,2HGFE2F53RH549499,Car - Midsize,Clean,No Issue,No Issue,No Open Recalls,No Issue,No Issue,No CPO Info Available,No Issue,,
2020,Honda,Civic EX,22998,50000,31 city/40 hwy,4-cyl,Turbo Gas,Front Wheel Drive,Automatic,Black/Black,2 Owners,No flood or frame damage,No odometer problems,SHHFK7H6XLU402649,Car - Large,Clean,No Issue,Damage Reported,1 Open Recall(s),No Issue,No Issue,No Recent CPO Reported,No Issue,,
2017,Honda,CR-V EX-L,23998,27000,27 city/33 hwy,4-cyl,Turbo Gas,All Wheel Drive,Automatic,Gray/Gray,1 Owner,No flood or frame damage,No odometer problems,2HKRW2H87HH662927,CUV - Midsize,Clean,No Issue,Minor,No Open Recalls,No Issue,Odometer Issue Reported,No CPO Info Available,No Issue,,
2021,Honda,Odyssey Touring,37998,18000,19 city/28 hwy,6-cyl,Gas,Front Wheel Drive,Automatic,White/Black,1 Owner,No flood or frame damage,No odometer problems,5FNRL6H89MB036885,Van - Mini,Clean,No Issue,Minor,3 Open Recall(s),No Issue,No Issue,No CPO Info Available,No Issue,,
2013,Honda,Accord EX-L,15998,92000,27 city/36 hwy,,,,Automatic,Silver/Gray,2 Owners,No flood or frame damage,No odometer problems,1HGCR2F89DA026206,Car - Midsize,Clean,No Issue,No Issue,No Open Recalls,No Issue,No Issue,No CPO Info Available,No Issue,,
2018,Honda,Fit Sport,17998,70000,31 city/36 hwy,4-cyl,Gas,Front Wheel Drive,Automatic,White/Black,2 Owners,No flood or frame damage,No odometer problems,3HGGK5H66JM711345,Car - Subcompact,Clean,No Issue,No Issue,1 Open Recall(s),No Issue,No Issue,No Recent CPO Reported,No Issue,,
2019,Honda,Odyssey EX,27998,41000,19 city/28 hwy,6-cyl,Gas,Front Wheel Drive,Automatic,Gray/Gray,1 Owner,No flood or frame damage,No odometer problems,5FNRL6H53KB028610,Van - Mini,Clean,No Issue,Damage Reported,8 Open Recall(s),No Issue,No Issue,No CPO Info Available,No Issue,,
2020,Honda,Accord LX,22998,60000,30 city/38 hwy,4-cyl,Turbo Gas,Front Wheel Drive,Automatic,Blue/Gray,1 Owner,No flood or frame damage,No odometer problems,1HGCV1F18LA056188,Car - Midsize,Clean,No Issue,No Issue,1 Open Recall(s),No Issue,No Issue,No CPO Info Available,No Issue,,
2021,Honda,CR-V Hybrid EX,28998,31000,40 city/35 hwy,4-cyl,Hybrid,All Wheel Drive,Automatic,Red/Gray,1 Owner,No flood or frame damage,No odometer problems,7FART6H58ME024981,CUV - Midsize,Clean,No Issue,Minor,1 Open Recall(s),No Issue,No Issue,No CPO Info Available,No Issue,,
2020,Honda,CR-V EX-L,29998,17000,27 city/32 hwy,4-cyl,Turbo Gas,All Wheel Drive,Automatic,White/Black,1 Owner,No flood or frame damage,No odometer problems,2HKRW2H80LH687970,CUV - Midsize,Clean,No Issue,No Issue,No Open Recalls,No Issue,No Issue,No CPO Info Available,No Issue,,
2016,Honda,CR-V LX,18998,56000,25 city/31 hwy,4-cyl,Gas,All Wheel Drive,Automatic,Black/Black,2 Owners,No flood or frame damage,No odometer problems,5J6RM4H37GL134539,CUV - Midsize,Clean,No Issue,Damage Reported,No Open Recalls,No Issue,No Issue,No CPO Info Available,No Issue,,
2015,Honda,Accord EX-L,17998,80000,27 city/36 hwy,4-cyl,Gas,Front Wheel Drive,Automatic,Gray/Black,2 Owners,No flood or frame damage,No odometer problems,1HGCR2F80FA071120,Car - Midsize,Clean,No Issue,Minor,No Open Recalls,No Issue,No Issue,No CPO Info Available,No Issue,,
2016,Honda,Civic LX,17998,44000,31 city/41 hwy,4-cyl,Gas,Front Wheel Drive,Automatic,Blue/Gray,3 Owners,No flood or frame damage,No odometer problems,19XFC2F52GE246520,Car - Midsize,Clean,No Issue,Minor,No Open Recalls,No Issue,No Issue,No CPO Info Available,No Issue,,
2017,Honda,Civic LX,18998,67000,31 city/40 hwy,4-cyl,Gas,Front Wheel Drive,Automatic,Black/Black,5 Owners,No flood or frame damage,No odometer problems,2HGFC2F58HH574449,Car - Midsize,Clean,No Issue,Damage Reported,No Open Recalls,No Issue,No Issue,No Recent CPO Reported,No Issue,,
2014,Honda,Civic EX,16998,77000,30 city/39 hwy,4-cyl,Gas,Front Wheel Drive,Automatic,Blue/Gray,1 Owner,No flood or frame damage,No odometer problems,19XFB2F85EE084795,Car - Compact,Clean,No Issue,No Issue,No Open Recalls,No Issue,No Issue,No CPO Info Available,No Issue,,
2014,Honda,Odyssey EX,17998,102000,19 city/28 hwy,6-cyl,Gas,Front Wheel Drive,Automatic,Gray/Gray,1 Owner,No flood or frame damage,No odometer problems,5FNRL5H46EB106061,Van - Mini,Clean,No Issue,Minor,No Open Recalls,No Issue,No Issue,No CPO Info Available,No Issue,,
2018,Honda,Civic LX,18998,65000,31 city/40 hwy,4-cyl,Gas,Front Wheel Drive,Automatic,White/Cream,2 Owners,No flood or frame damage,No odometer problems,2HGFC2F52JH552551,Car - Midsize,Clean,No Issue,No Issue,1 Open Recall(s),No Issue,No Issue,No CPO Info Available,No Issue,,
2018,Honda,Accord EX,21998,81000,30 city/38 hwy,4-cyl,Turbo Gas,Front Wheel Drive,Automatic,Silver/Gray,2 Owners,No flood or frame damage,No odometer problems,1HGCV1F45JA113776,Car - Midsize,Clean,No Issue,Minor,1 Open Recall(s),No Issue,No Issue,No CPO Info Available,No Issue,,
2013,Honda,CR-V LX,15998,91000,22 city/30 hwy,4-cyl,Gas,All Wheel Drive,Automatic,Brown/Black,1 Owner,No flood or frame damage,No odometer problems,5J6RM4H30DL077984,CUV - Midsize,Clean,No Issue,Damage Reported,No Open Recalls,No Issue,No Issue,No CPO Info Available,No Issue,,
2019,Honda,CR-V EX-L,26998,39000,27 city/33 hwy,4-cyl,Turbo Gas,All Wheel Drive,Automatic,Gray/Gray,2 Owners,No flood or frame damage,No odometer problems,7FARW2H88KE010067,CUV - Midsize,Clean,No Issue,Minor,No Open Recalls,No Issue,No Issue,No CPO Info Available,No Issue,,
2019,Honda,CR-V EX,24998,39000,27 city/33 hwy,4-cyl,Turbo Gas,All Wheel Drive,Automatic,Gray/Gray,2 Owners,No flood or frame damage,No odometer problems,7FARW2H59KE055475,CUV - Midsize,Clean,No Issue,No Issue,1 Open Recall(s),No Issue,No Issue,No CPO Info Available,No Issue,,
2016,Honda,Odyssey LX,16998,123000,19 city/28 hwy,6-cyl,Gas,Front Wheel Drive,Automatic,Blue/Gray,4 Owners,No flood or frame damage,No odometer problems,5FNRL5H27GB104580,Van - Mini,Clean,No Issue,No Issue,No Open Recalls,No Issue,No Issue,No Recent CPO Reported,No Issue,,
2019,Honda,Civic EX,23998,19000,31 city/40 hwy,,,,Automatic,Gray/Black,2 Owners,No flood or frame damage,No odometer problems,2HGFC3B31KH355172,Car - Compact,Clean,No Issue,No Issue,1 Open Recall(s),No Issue,No Issue,No CPO Info Available,No Issue,,
2022,Honda,Civic Sport,25998,24000,30 city/37 hwy,4-cyl,Gas,Front Wheel Drive,Automatic,Black/Black,1 Owner,No flood or frame damage,No odometer problems,2HGFE2F57NH561942,Car - Midsize,Clean,No Issue,No Issue,No Open Recalls,No Issue,No Issue,No CPO Info Available,No Issue,,
2016,Honda,CR-V SE,15998,112000,25 city/31 hwy,4-cyl,Gas,All Wheel Drive,Automatic,Blue/Gray,2 Owners,No flood or frame damage,No odometer problems,2HKRM4H41GH707115,CUV - Midsize,Clean,No Issue,No Issue,No Open Recalls,No Issue,No Issue,No Recent CPO Reported,No Issue,,
2013,Honda,Pilot EX-L,17998,80000,17 city/24 hwy,6-cyl,Gas,Four Wheel Drive,Automatic,Gray/Black,3 Owners,No flood or frame damage,No odometer problems,5FNYF4H59DB004841,SUV - Large,Clean,No Issue,Damage Reported,No Open Recalls,No Issue,No Issue,No CPO Info Available,No Issue,,
2014,Honda,Odyssey EX-L,22998,68000,19 city/28 hwy,6-cyl,Gas,Front Wheel Drive,Automatic,Pearl/Gray,3 Owners,No flood or frame damage,No odometer problems,5FNRL5H65EB074155,Van - Mini,Clean,No Issue,No Issue,No Open Recalls,No Issue,No Issue,No CPO Info Available,No Issue,,
2022,Honda,Civic Sport,25998,18000,30 city/37 hwy,4-cyl,Gas,Front Wheel Drive,Automatic,Red/Black,2 Owners,No flood or frame damage,No odometer problems,2HGFE2F57NH565019,Car - Midsize,Clean,No Issue,No Issue,No Open Recalls,No Issue,No Issue,No CPO Info Available,No Issue,,
2016,Honda,CR-V EX-L,17998,110000,25 city/31 hwy,,,,Automatic,Gray/Gray,1 Owner,No flood or frame damage,No odometer problems,2HKRM4H56GH652539,CUV - Midsize,Clean,No Issue,No Issue,No Open Recalls,No Issue,No Issue,No CPO Info Available,No Issue,,
2014,Honda,Civic EX,17998,61000,30 city/39 hwy,4-cyl,Gas,Front Wheel Drive,Automatic,Gray/Gray,2 Owners,No flood or frame damage,No odometer problems,19XFB2F83EE006838,Car - Compact,Clean,No Issue,No Issue,No Open Recalls,No Issue,No Issue,No CPO Info Available,No Issue,,
2019,Honda,Civic Sport,20998,43000,29 city/36 hwy,4-cyl,Gas,Front Wheel Drive,Automatic,Silver/Black,1 Owner,No flood or frame damage,No odometer problems,2HGFC2F89KH548833,Car - Midsize,Clean,No Issue,Minor,1 Open Recall(s),No Issue,No Issue,No CPO Info Available,No Issue,,
2015,Honda,Civic EX,18998,44000,30 city/39 hwy,4-cyl,Gas,Front Wheel Drive,Automatic,Brown/Gray,1 Owner,No flood or frame damage,No odometer problems,19XFB2F81FE292688,Car - Compact,Clean,No Issue,Damage Reported,No Open Recalls,No Issue,No Issue,No CPO Info Available,No Issue,,
2019,Honda,Pilot EX-L,25998,55000,19 city/27 hwy,6-cyl,Gas,Front Wheel Drive,Automatic,Burgundy/Tan,5 Owners,No flood or frame damage,No odometer problems,5FNYF5H54KB021825,SUV - Large,Clean,No Issue,Damage Reported,No Open Recalls,No Issue,No Issue,No Recent CPO Reported,No Issue,,
2020,Honda,CR-V EX,29998,12000,27 city/32 hwy,4-cyl,Turbo Gas,All Wheel Drive,Automatic,White/Black,2 Owners,No flood or frame damage,No odometer problems,2HKRW2H58LH691660,CUV - Midsize,Clean,No Issue,No Issue,No Open Recalls,No Issue,No Issue,OEM-Certified,No Issue,,
2020,Honda,Civic Sport,23998,50000,29 city/35 hwy,4-cyl,Turbo Gas,Front Wheel Drive,Automatic,Gray/Black,1 Owner,No flood or frame damage,No odometer problems,SHHFK7H48LU400509,Car - Large,Clean,No Issue,Minor,1 Open Recall(s),No Issue,No Issue,No CPO Info Available,No Issue,,
2015,Honda,Fit EX,16998,67000,32 city/38 hwy,4-cyl,Gas,Front Wheel Drive,Automatic,Red/Black,1 Owner,No flood or frame damage,No odometer problems,3HGGK5H89FM738144,Car - Subcompact,Clean,No Issue,Damage Reported,2 Open Recall(s),No Issue,No Issue,No CPO Info Available,No Issue,,
2018,Honda,Accord Sport,22998,97000,29 city/35 hwy,,,,Automatic,Blue/Black,4 Owners,No flood or frame damage,No odometer problems,1HGCV1F36JA220214,Car - Midsize,Clean,No Issue,Minor,4 Open Recall(s),No Issue,No Issue,No Recent CPO Reported,No Issue,,
2014,Honda,CR-V LX,16998,83000,22 city/30 hwy,4-cyl,Gas,All Wheel Drive,Automatic,White/Gray,1 Owner,No flood or frame damage,No odometer problems,5J6RM4H36EL068577,CUV - Midsize,Clean,No Issue,No Issue,No Open Recalls,No Issue,No Issue,No CPO Info Available,No Issue,,
2024,Honda,Civic Sport,27998,7000,29 city/37 hwy,4-cyl,Gas,Front Wheel Drive,Automatic,White/Black,1 Owner,No flood or frame damage,No odometer problems,19XFL2H81RE023671,Car - Large,Clean,No Issue,No Issue,No Open Recalls,No Issue,No Issue,No CPO Info Available,No Issue,,
2019,Honda,CR-V EX,28998,13000,27 city/33 hwy,4-cyl,Turbo Gas,All Wheel Drive,Automatic,White/Tan,1 Owner,No flood or frame damage,No odometer problems,2HKRW2H54KH644947,CUV - Midsize,Clean,No Issue,No Issue,No Open Recalls,No Issue,No Issue,No CPO Info Available,No Issue,,
2020,Honda,Odyssey EX-L,30998,58000,19 city/28 hwy,6-cyl,Gas,Front Wheel Drive,Automatic,White/Black,1 Owner,No flood or frame damage,No odometer problems,5FNRL6H78LB064330,Van - Mini,Clean,No Issue,No Issue,2 Open Recall(s),No Issue,No Issue,No CPO Info Available,No Issue,,
2020,Honda,CR-V EX-L,24998,59000,27 city/32 hwy,4-cyl,Turbo Gas,All Wheel Drive,Automatic,Black/Gray,2 Owners,No flood or frame damage,No odometer problems,2HKRW2H86LH600119,CUV - Midsize,Clean,No Issue,Moderate,No Open Recalls,No Issue,No Issue,OEM-Certified,No Issue,,
2016,Honda,CR-V SE,18998,71000,25 city/31 hwy,4-cyl,Gas,All Wheel Drive,Automatic,Gray/Black,2 Owners,No flood or frame damage,No odometer problems,5J6RM4H42GL027407,CUV - Midsize,Clean,No Issue,Minor,No Open Recalls,No Issue,No Issue,No CPO Info Available,No Issue,,
2017,Honda,Civic EX,18998,91000,31 city/40 hwy,4-cyl,Turbo Gas,Front Wheel Drive,Automatic,Gray/Black,1 Owner,No flood or frame damage,No odometer problems,SHHFK7H57HU415566,Car - Midsize,Clean,No Issue,No Issue,1 Open Recall(s),No Issue,No Issue,No CPO Info Available,No Issue,,
2021,Honda,Accord Sport,27998,29000,29 city/35 hwy,4-cyl,Turbo Gas,Front Wheel Drive,Automatic,Gray/Black,1 Owner,No flood or frame damage,No odometer problems,1HGCV1F31MA068394,Car - Midsize,Clean,No Issue,Damage Reported,No Open Recalls,No Issue,No Issue,No CPO Info Available,No Issue,,
2021,Honda,Civic LX,20998,31000,30 city/38 hwy,4-cyl,Gas,Front Wheel Drive,Automatic,Blue/Gray,1 Owner,No flood or frame damage,No odometer problems,2HGFC2F68MH534777,Car - Midsize,Clean,No Issue,Moderate,1 Open Recall(s),No Issue,No Issue,No CPO Info Available,No Issue,,
2022,Honda,Ridgeline RTL-E,35998,26000,18 city/24 hwy,6-cyl,Gas,All Wheel Drive,Automatic,Gray/Black,1 Owner,No flood or frame damage,No odometer problems,5FPYK3F78NB014215,Pickup - Midsize,Clean,No Issue,No Issue,1 Open Recall(s),No Issue,No Issue,No CPO Info Available,No Issue,5 ft,
2019,Honda,Pilot EX-L,26998,56000,19 city/27 hwy,6-cyl,Gas,Front Wheel Drive,Automatic,Black/Black,1 Owner,No flood or frame damage,No odometer problems,5FNYF5H56KB013757,SUV - Large,Clean,No Issue,No Issue,No Open Recalls,No Issue,No Issue,No CPO Info Available,No Issue,,
2020,Honda,Civic LX,21998,17000,30 city/38 hwy,4-cyl,Gas,Front Wheel Drive,Automatic,Red/Black,2 Owners,No flood or frame damage,No odometer problems,2HGFC2F67LH586920,Car - Midsize,Clean,No Issue,No Issue,1 Open Recall(s),No Issue,No Issue,OEM-Certified,No Issue,,
2024,Honda,Civic Sport,28998,7000,30 city/37 hwy,4-cyl,Gas,Front Wheel Drive,Automatic,White/Black,2 Owners,No flood or frame damage,No odometer problems,2HGFE2F5XRH520338,Car - Midsize,Clean,No Issue,No Issue,No Open Recalls,No Issue,No Issue,OEM-Certified,No Issue,,
2022,Honda,Ridgeline RTL-E,33998,41000,18 city/24 hwy,6-cyl,Gas,All Wheel Drive,Automatic,White/Gray,2 Owners,No flood or frame damage,No odometer problems,5FPYK3F72NB007986,Pickup - Midsize,Clean,No Issue,Minor,1 Open Recall(s),No Issue,No Issue,OEM-Certified,No Issue,5 ft,
2024,Honda,Civic Sport,26998,14000,29 city/37 hwy,4-cyl,Gas,Front Wheel Drive,Automatic,Silver/Black,1 Owner,No flood or frame damage,No odometer problems,19XFL2H80RE012340,Car - Large,Clean,No Issue,No Issue,No Open Recalls,No Issue,No Issue,No CPO Info Available,No Issue,,
2016,Honda,CR-V EX,16998,100000,25 city/31 hwy,4-cyl,Gas,All Wheel Drive,Automatic,Silver/Black,2 Owners,No flood or frame damage,No odometer problems,2HKRM4H53GH704063,CUV - Midsize,Clean,No Issue,No Issue,No Open Recalls,No Issue,No Issue,No Recent CPO Reported,No Issue,,
2015,Honda,Pilot LX,15998,124000,17 city/24 hwy,6-cyl,Gas,Four Wheel Drive,Automatic,White/Gray,2 Owners,No flood or frame damage,No odometer problems,5FNYF4H29FB019350,SUV - Large,Clean,No Issue,No Issue,No Open Recalls,No Issue,No Issue,No Recent CPO Reported,No Issue,,
2024,Honda,Prologue Touring,47998,1000,,,,All Wheel Drive,,Gray/Black,1 Owner,No flood or frame damage,No odometer problems,3GPKHXRJ5RS508233,SUV - Compact,Clean,No Issue,No Issue,No Open Recalls,No Issue,No Issue,No CPO Info Available,No Issue,,Electric
2019,Honda,HR-V EX,20998,48000,26 city/31 hwy,4-cyl,Gas,All Wheel Drive,Automatic,Blue/Black,1 Owner,No flood or frame damage,No odometer problems,3CZRU6H5XKM731401,CUV - Compact,Clean,No Issue,No Issue,1 Open Recall(s),No Issue,No Issue,No CPO Info Available,No Issue,,
2023,Honda,Ridgeline Sport,34998,10000,18 city/24 hwy,6-cyl,Gas,All Wheel Drive,Automatic,White/Black,1 Owner,No flood or frame damage,No odometer problems,5FPYK3F18PB041087,Pickup - Midsize,Clean,No Issue,No Issue,No Open Recalls,No Issue,No Issue,No CPO Info Available,No Issue,5 ft,
2018,Honda,Civic LX,19998,46000,31 city/40 hwy,4-cyl,Gas,Front Wheel Drive,Automatic,Blue/Black,1 Owner,No flood or frame damage,No odometer problems,2HGFC2F56JH542315,Car - Midsize,Clean,No Issue,Minor,No Open Recalls,No Issue,No Issue,No CPO Info Available,No Issue,,
2018,Honda,Civic LX,18998,60000,28 city/39 hwy,4-cyl,Gas,Front Wheel Drive,Manual 6 Speed,Black/Gray,5 Owners,No flood or frame damage,No odometer problems,2HGFC4A5XJH301862,Car - Compact,Clean,No Issue,No Issue,1 Open Recall(s),No Issue,No Issue,OEM-Certified,No Issue,,
2023,Honda,Accord LX,26998,19000,29 city/37 hwy,4-cyl,Turbo Gas,Front Wheel Drive,Automatic,White/Black,1 Owner,No flood or frame damage,No odometer problems,1HGCY1F29PA046842,Car - Midsize,Clean,No Issue,No Issue,No Open Recalls,No Issue,No Issue,No CPO Info Available,No Issue,,
2013,Honda,Civic LX,12998,120000,28 city/39 hwy,4-cyl,Gas,Front Wheel Drive,Automatic,White/Tan,2 Owners,No flood or frame damage,No odometer problems,2HGFB2F54DH535208,Car - Compact,Clean,No Issue,No Issue,No Open Recalls,No Issue,No Issue,No CPO Info Available,No Issue,,
2017,Honda,Pilot EX-L,22998,89000,18 city/26 hwy,6-cyl,Gas,All Wheel Drive,Automatic,Burgundy/Tan,1 Owner,No flood or frame damage,No odometer problems,5FNYF6H58HB037539,SUV - Large,Clean,No Issue,No Issue,2 Open Recall(s),No Issue,No Issue,No CPO Info Available,No Issue,,
2020,Honda,Ridgeline Sport,28998,36000,19 city/24 hwy,,,,Automatic,White/Black,1 Owner,No flood or frame damage,No odometer problems,5FPYK3F1XLB026312,Pickup - Midsize,Clean,No Issue,No Issue,2 Open Recall(s),No Issue,No Issue,No CPO Info Available,No Issue,5 ft,
2018,Honda,Civic LX,19998,49000,31 city/40 hwy,4-cyl,Gas,Front Wheel Drive,Automatic,Blue/Black,2 Owners,No flood or frame damage,No odometer problems,19XFC2F55JE202132,Car - Midsize,Clean,No Issue,No Issue,No Open Recalls,No Issue,No Issue,No CPO Info Available,No Issue,,
2021,Honda,CR-V EX-L,30998,13000,27 city/32 hwy,,,,Automatic,Silver/Gray,1 Owner,No flood or frame damage,No odometer problems,2HKRW2H87MH665739,CUV - Midsize,Clean,No Issue,No Issue,No Open Recalls,No Issue,No Issue,No CPO Info Available,No Issue,,
2023,Honda,Civic SI,30998,12000,31 city/38 hwy,4-cyl,Turbo Gas,Front Wheel Drive,Manual 6 Speed,White/Red,1 Owner,No flood or frame damage,No odometer problems,2HGFE1E50PH475046,Car - Midsize,Clean,No Issue,No Issue,No Open Recalls,No Issue,No Issue,No CPO Info Available,No Issue,,
2024,Honda,Civic EX-L,28998,14000,31 city/39 hwy,4-cyl,Turbo Gas,Front Wheel Drive,Automatic,White/Cream,1 Owner,No flood or frame damage,No odometer problems,19XFL1H71RE000165,Car - Large,Clean,No Issue,No Issue,1 Open Recall(s),No Issue,No Issue,No CPO Info Available,No Issue,,
2020,Honda,Accord Sport,24998,39000,29 city/35 hwy,4-cyl,Turbo Gas,Front Wheel Drive,Automatic,Silver/Black,1 Owner,No flood or frame damage,No odometer problems,1HGCV1F33LA114984,Car - Midsize,Clean,No Issue,No Issue,1 Open Recall(s),No Issue,No Issue,No CPO Info Available,No Issue,,
2019,Honda,CR-V EX-L,26998,24000,27 city/33 hwy,,,,Automatic,Gray/Gray,1 Owner,No flood or frame damage,No odometer problems,5J6RW2H88KA006275,CUV - Midsize,Clean,No Issue,Minor,1 Open Recall(s),No Issue,No Issue,No CPO Info Available,No Issue,,
2019,Honda,Pilot Touring,28998,51000,19 city/26 hwy,6-cyl,Gas,All Wheel Drive,Automatic,Black/Black,2 Owners,No flood or frame damage,No odometer problems,5FNYF6H99KB067191,SUV - Large,Clean,No Issue,No Issue,2 Open Recall(s),No Issue,No Issue,No CPO Info Available,No Issue,,
2021,Honda,Civic EX,23998,35000,31 city/40 hwy,4-cyl,Turbo Gas,Front Wheel Drive,Automatic,White/Black,2 Owners,No flood or frame damage,No odometer problems,SHHFK7H69MU423459,Car - Large,Clean,No Issue,Minor,No Open Recalls,No Issue,No Issue,No CPO Info Available,No Issue,,
2019,Honda,Accord EX,23998,48000,30 city/38 hwy,,,,Automatic,Silver/Gray,1 Owner,No flood or frame damage,No odometer problems,1HGCV1F41KA129250,Car - Midsize,Clean,No Issue,No Issue,1 Open Recall(s),No Issue,No Issue,No CPO Info Available,No Issue,,
2021,Honda,Civic Type-R Touring,42998,3000,22 city/28 hwy,4-cyl,Turbo Gas,Front Wheel Drive,Manual 6 Speed,Blue/Red,1 Owner,No flood or frame damage,No odometer problems,SHHFK8G70MU205149,Car - Large,Clean,No Issue,No Issue,No Open Recalls,No Issue,No Issue,No CPO Info Available,No Issue,,
2019,Honda,Accord Sport,25998,60000,22 city/32 hwy,4-cyl,Turbo Gas,Front Wheel Drive,Manual 6 Speed,White/Black,2 Owners,No flood or frame damage,No odometer problems,1HGCV2E33KA024367,Car - Midsize,Clean,No Issue,No Issue,1 Open Recall(s),No Issue,No Issue,No CPO Info Available,No Issue,,
2017,Honda,Pilot EX-L,23998,67000,18 city/26 hwy,6-cyl,Gas,All Wheel Drive,Automatic,White/Black,3 Owners,No flood or frame damage,No odometer problems,5FNYF6H73HB012680,SUV - Large,Clean,No Issue,No Issue,3 Open Recall(s),No Issue,No Issue,No Recent CPO Reported,No Issue,,
2016,Honda,HR-V EX-L,17998,84000,27 city/32 hwy,4-cyl,Gas,All Wheel Drive,Automatic,Purple/Black,1 Owner,No flood or frame damage,No odometer problems,3CZRU6H76GM723501,CUV - Compact,Clean,No Issue,No Issue,2 Open Recall(s),No Issue,No Issue,No CPO Info Available,No Issue,,
2023,Honda,CR-V EX,30998,32000,27 city/32 hwy,4-cyl,Turbo Gas,All Wheel Drive,Automatic,Silver/Black,1 Owner,No flood or frame damage,No odometer problems,2HKRS4H4XPH404548,CUV - Midsize,Clean,No Issue,No Issue,No Open Recalls,No Issue,No Issue,No CPO Info Available,No Issue,,
2016,Honda,Accord Sport,21998,36000,26 city/35 hwy,4-cyl,Gas,Front Wheel Drive,Automatic,Burgundy/Black,2 Owners,No flood or frame damage,No odometer problems,1HGCR2F50GA179566,Car - Midsize,Clean,No Issue,No Issue,No Open Recalls,No Issue,No Issue,No CPO Info Available,No Issue,,
2018,Honda,CR-V EX-L,23998,63000,27 city/33 hwy,4-cyl,Turbo Gas,All Wheel Drive,Automatic,Green/Black,3 Owners,No flood or frame damage,No odometer problems,7FARW2H85JE095951,CUV - Midsize,Clean,No Issue,No Issue,No Open Recalls,No Issue,No Issue,OEM-Certified,No Issue,,
2013,Honda,Civic Hybrid ,13998,122000,,,,,Automatic,Black/Gray,2 Owners,No flood or frame damage,No odometer problems,19XFB4F36DE000353,Car - Compact,Clean,No Issue,No Issue,1 Open Recall(s),No Issue,No Issue,No Recent CPO Reported,No Issue,,
2018,Honda,Pilot EX-L,25998,69000,18 city/26 hwy,6-cyl,Gas,All Wheel Drive,Automatic,White/Black,1 Owner,No flood or frame damage,No odometer problems,5FNYF6H71JB043948,SUV - Large,Clean,No Issue,Minor,2 Open Recall(s),No Issue,No Issue,No CPO Info Available,No Issue,,
