year,make,model,price,mileage,Miles per gallon,cylinders,fuel,Drive type,Transmission,Color,owner,frame_damage,Odometer_problem,VIN,class,State Title Brand,Auction Brand / Issues,Accident / Damage,Open Recall Check,Insurance Loss / Transfer,Odometer Check,Certified Pre-Owned,Service / Repair,Miles per gallon equivalent (MPGe),Range (when new),Time to fully charge battery (240V),Bed Length,Motor
2014,Hyundai,Elantra SE,13599,59000,28 city/38 hwy,4-cyl,Gas,Front Wheel Drive,Automatic,Black/Tan,2 Owners,No flood or frame damage,No odometer problems,KMHDH4AE5EU113241,Car - Compact,Clean,No Issue,Minor,3 Open Recall(s),No Issue,No Issue,No CPO Info Available,No Issue,,,,,
2018,Hyundai,Tucson SE,18998,17000,21 city/26 hwy,,,,Automatic,White/Tan,1 Owner,No flood or frame damage,No odometer problems,KM8J2CA49JU824389,CUV - Midsize,Clean,No Issue,No Issue,2 Open Recall(s),No Issue,No Issue,No CPO Info Available,No Issue,,,,,
2022,Hyundai,Santa Fe XRT,25998,35000,22 city/25 hwy,4-cyl,Gas,All Wheel Drive,Automatic,White/Black,3 Owners,No flood or frame damage,No odometer problems,5NMS6DAJ8NH380976,CUV - Midsize,Clean,No Issue,No Issue,1 Open Recall(s),No Issue,No Issue,No CPO Info Available,No Issue,,,,,
2019,Hyundai,Kona SEL,18998,27000,27 city/33 hwy,4-cyl,Gas,Front Wheel Drive,Automatic,Red/Gray,2 Owners,No flood or frame damage,No odometer problems,KM8K22AA7KU200533,CUV - Compact,Clean,No Issue,No Issue,No Open Recalls,No Issue,No Issue,No CPO Info Available,No Issue,,,,,
2020,Hyundai,Tucson Value,22998,18000,22 city/25 hwy,4-cyl,Gas,All Wheel Drive,Automatic,Gray/Gray,2 Owners,No flood or frame damage,No odometer problems,KM8J3CA40LU255125,CUV - Midsize,Clean,No Issue,No Issue,No Open Recalls,No Issue,No Issue,No CPO Info Available,No Issue,,,,,
2020,Hyundai,Elantra SE,18998,5000,30 city/40 hwy,,,,Automatic,Silver/Black,1 Owner,No flood or frame damage,No odometer problems,5NPD74LF6LH533451,Car - Compact,Clean,No Issue,Damage Reported,No Open Recalls,No Issue,No Issue,No CPO Info Available,No Issue,,,,,
2019,Hyundai,Santa Fe SE,17998,82000,21 city/27 hwy,4-cyl,Gas,All Wheel Drive,Automatic,White/Gray,2 Owners,No flood or frame damage,No odometer problems,5NMS2CADXKH116640,CUV - Midsize,Clean,No Issue,Damage Reported,No Open Recalls,No Issue,No Issue,No CPO Info Available,No Issue,,,,,
2017,Hyundai,Elantra SE,15998,32000,29 city/38 hwy,,,,Automatic,Gray/Gray,1 Owner,No flood or frame damage,No odometer problems,KMHD74LF6HU378800,Car - Compact,Clean,No Issue,No Issue,No Open Recalls,No Issue,No Issue,No CPO Info Available,No Issue,,,,,
2018,Hyundai,Santa Fe Sport ,14998,96000,20 city/26 hwy,4-cyl,Gas,All Wheel Drive,Automatic,Blue/Cream,2 Owners,No flood or frame damage,No odometer problems,5XYZTDLB7JG552416,CUV - Midsize,Clean,No Issue,Minor,No Open Recalls,No Issue,No Issue,No CPO Info Available,No Issue,,,,,
2020,Hyundai,Tucson SE,18998,50000,22 city/25 hwy,4-cyl,Gas,All Wheel Drive,Automatic,Silver/Gray,1 Owner,No flood or frame damage,No odometer problems,KM8J2CA49LU106960,CUV - Midsize,Clean,No Issue,Damage Reported,No Open Recalls,No Issue,No Issue,No CPO Info Available,No Issue,,,,,
2018,Hyundai,Tucson Limited,22998,24000,24 city/28 hwy,4-cyl,Turbo Gas,All Wheel Drive,Automatic,Black/Black,1 Owner,No flood or frame damage,No odometer problems,KM8J3CA25JU813434,CUV - Midsize,Clean,No Issue,No Issue,No Open Recalls,No Issue,No Issue,No CPO Info Available,No Issue,,,,,
2022,Hyundai,Tucson SEL,25998,23000,24 city/29 hwy,4-cyl,Gas,All Wheel Drive,Automatic,Black/Black,1 Owner,No flood or frame damage,No odometer problems,5NMJCCAE9NH047168,CUV - Midsize,Clean,No Issue,No Issue,1 Open Recall(s),No Issue,No Issue,No CPO Info Available,No Issue,,,,,
2017,Hyundai,Santa Fe Sport ,14998,70000,21 city/27 hwy,4-cyl,Gas,Front Wheel Drive,Automatic,Red/Tan,2 Owners,No flood or frame damage,No odometer problems,5XYZT3LB3HG468081,CUV - Midsize,Clean,No Issue,Minor,1 Open Recall(s),No Issue,No Issue,No CPO Info Available,No Issue,,,,,
2016,Hyundai,Elantra Limited,11998,120000,28 city/38 hwy,4-cyl,Gas,Front Wheel Drive,Automatic,White/Black,2 Owners,No flood or frame damage,No odometer problems,5NPDH4AE3GH668769,Car - Compact,Clean,No Issue,No Issue,3 Open Recall(s),No Issue,No Issue,No CPO Info Available,No Issue,,,,,
2014,Hyundai,Santa Fe Sport 2.0T,13998,109000,18 city/24 hwy,4-cyl,Turbo Gas,All Wheel Drive,Automatic,Black/Gray,1 Owner,No flood or frame damage,No odometer problems,5XYZWDLAXEG140267,CUV - Midsize,Clean,No Issue,No Issue,1 Open Recall(s),No Issue,No Issue,No CPO Info Available,No Issue,,,,,
2021,Hyundai,Santa Fe SE,21998,29000,22 city/25 hwy,4-cyl,Gas,All Wheel Drive,Automatic,Silver/Gray,1 Owner,No flood or frame damage,No odometer problems,5NMS1DAJ3MH350474,CUV - Midsize,Clean,No Issue,Minor,No Open Recalls,No Issue,No Issue,No CPO Info Available,No Issue,,,,,
2019,Hyundai,Kona SE,16998,64000,27 city/33 hwy,4-cyl,Gas,Front Wheel Drive,Automatic,White/Gray,3 Owners,No flood or frame damage,No odometer problems,KM8K12AA3KU213427,CUV - Compact,Clean,No Issue,No Issue,1 Open Recall(s),No Issue,No Issue,No CPO Info Available,No Issue,,,,,
2021,Hyundai,Elantra SEL,18998,38000,31 city/41 hwy,4-cyl,Gas,Front Wheel Drive,Automatic,Gray/Black,1 Owner,No flood or frame damage,No odometer problems,KMHLS4AG1MU111046,Car - Midsize,Clean,No Issue,Minor,No Open Recalls,No Issue,No Issue,No CPO Info Available,No Issue,,,,,
2018,Hyundai,Tucson SE,14599,99000,21 city/26 hwy,4-cyl,Gas,All Wheel Drive,Automatic,Black/Black,2 Owners,No flood or frame damage,No odometer problems,KM8J2CA45JU803958,CUV - Midsize,Clean,No Issue,No Issue,No Open Recalls,No Issue,No Issue,No CPO Info Available,No Issue,,,,,
2022,Hyundai,Tucson SEL,23998,26000,24 city/29 hwy,4-cyl,Gas,All Wheel Drive,Automatic,Gray/Black,1 Owner,No flood or frame damage,No odometer problems,5NMJFCAE3NH027716,CUV - Midsize,Clean,No Issue,Minor,No Open Recalls,No Issue,No Issue,No CPO Info Available,No Issue,,,,,
2022,Hyundai,Tucson SEL,24998,35000,24 city/29 hwy,4-cyl,Gas,All Wheel Drive,Automatic,Blue/Black,1 Owner,No flood or frame damage,No odometer problems,5NMJCCAE1NH148284,CUV - Midsize,Clean,No Issue,No Issue,No Open Recalls,No Issue,No Issue,No CPO Info Available,No Issue,,,,,
2021,Hyundai,Sonata Limited,24998,22000,27 city/37 hwy,4-cyl,Turbo Gas,Front Wheel Drive,Automatic,Red/Brown,1 Owner,No flood or frame damage,No odometer problems,5NPEH4J20MH090314,Car - Large,Clean,No Issue,No Issue,No Open Recalls,No Issue,No Issue,No CPO Info Available,No Issue,,,,,
2018,Hyundai,Elantra Sport,14998,81000,26 city/33 hwy,4-cyl,Turbo Gas,Front Wheel Drive,Automatic,Burgundy/Black,2 Owners,No flood or frame damage,No odometer problems,KMHD04LB0JU592026,Car - Compact,Clean,No Issue,Damage Reported,No Open Recalls,No Issue,No Issue,No CPO Info Available,No Issue,,,,,
2019,Hyundai,Santa Fe Ultimate,24998,34000,19 city/24 hwy,4-cyl,Turbo Gas,All Wheel Drive,Automatic,Silver/Black,2 Owners,No flood or frame damage,No odometer problems,5NMS5CAD9KH067275,CUV - Midsize,Clean,No Issue,No Issue,No Open Recalls,No Issue,No Issue,No CPO Info Available,No Issue,,,,,
2016,Hyundai,Accent SE,14599,31000,27 city/38 hwy,4-cyl,Gas,Front Wheel Drive,Manual 6 Speed,Silver/Gray,1 Owner,No flood or frame damage,No odometer problems,KMHCT4AE9GU085554,Car - Compact,Clean,No Issue,No Issue,3 Open Recall(s),No Issue,No Issue,No CPO Info Available,No Issue,,,,,
2017,Hyundai,Santa Fe Sport Ultimate,16998,89000,19 city/24 hwy,4-cyl,Turbo Gas,All Wheel Drive,Automatic,Gray/Gray,1 Owner,No flood or frame damage,No odometer problems,5XYZWDLA2HG406188,CUV - Midsize,Clean,No Issue,Damage Reported,1 Open Recall(s),No Issue,No Issue,No CPO Info Available,No Issue,,,,,
2019,Hyundai,Kona SE,18998,25000,27 city/33 hwy,4-cyl,Gas,Front Wheel Drive,Automatic,Black/Black,2 Owners,No flood or frame damage,No odometer problems,KM8K12AA0KU247020,CUV - Compact,Clean,No Issue,No Issue,1 Open Recall(s),No Issue,No Issue,No CPO Info Available,No Issue,,,,,
2015,Hyundai,Elantra Sport,12998,94000,24 city/34 hwy,4-cyl,Gas,Front Wheel Drive,Manual 6 Speed,Red/Tan,1 Owner,No flood or frame damage,No odometer problems,KMHDH4AH0FU258084,Car - Compact,Clean,No Issue,No Issue,No Open Recalls,No Issue,No Issue,No CPO Info Available,No Issue,,,,,
2018,Hyundai,Santa Fe Sport ,13998,105000,20 city/26 hwy,4-cyl,Gas,All Wheel Drive,Automatic,Blue/Tan,2 Owners,No flood or frame damage,No odometer problems,5NMZTDLB0JH092103,CUV - Midsize,Clean,No Issue,No Issue,1 Open Recall(s),No Issue,No Issue,No CPO Info Available,No Issue,,,,,
2022,Hyundai,Elantra Limited,23998,21000,31 city/41 hwy,4-cyl,Gas,Front Wheel Drive,Automatic,Gray/Black,1 Owner,No flood or frame damage,No odometer problems,KMHLP4AG4NU366258,Car - Midsize,Clean,No Issue,No Issue,No Open Recalls,No Issue,No Issue,No CPO Info Available,No Issue,,,,,
2017,Hyundai,Santa Fe Sport ,13599,122000,20 city/26 hwy,4-cyl,Gas,All Wheel Drive,Automatic,Blue/Tan,2 Owners,No flood or frame damage,No odometer problems,5XYZUDLB2HG434104,CUV - Midsize,Clean,No Issue,No Issue,2 Open Recall(s),No Issue,No Issue,No CPO Info Available,No Issue,,,,,
2020,Hyundai,Sonata SE,18998,37000,28 city/38 hwy,4-cyl,Gas,Front Wheel Drive,Automatic,White/Gray,2 Owners,No flood or frame damage,No odometer problems,5NPEG4JA2LH043794,Car - Large,Clean,No Issue,No Issue,No Open Recalls,No Issue,No Issue,No CPO Info Available,No Issue,,,,,
2021,Hyundai,Sonata Limited,25998,24000,27 city/37 hwy,4-cyl,Turbo Gas,Front Wheel Drive,Automatic,Gray/Brown,2 Owners,No flood or frame damage,No odometer problems,5NPEH4J2XMH096993,Car - Large,Clean,No Issue,No Issue,No Open Recalls,No Issue,No Issue,No CPO Info Available,No Issue,,,,,
2020,Hyundai,Tucson Limited,22998,32000,21 city/26 hwy,4-cyl,Gas,All Wheel Drive,Automatic,Silver/Black,2 Owners,No flood or frame damage,No odometer problems,KM8J3CAL0LU259098,CUV - Midsize,Clean,No Issue,No Issue,No Open Recalls,No Issue,No Issue,No CPO Info Available,No Issue,,,,,
2019,Hyundai,Santa Fe Limited,24998,26000,21 city/27 hwy,4-cyl,Gas,All Wheel Drive,Automatic,Gray/Black,1 Owner,No flood or frame damage,No odometer problems,5NMS5CAD2KH021982,CUV - Midsize,Clean,No Issue,No Issue,No Open Recalls,No Issue,No Issue,No CPO Info Available,No Issue,,,,,
2024,Hyundai,Tucson SEL,27998,13000,23 city/29 hwy,,,,Automatic,Blue/Gray,1 Owner,No flood or frame damage,No odometer problems,5NMJBCDE7RH315252,CUV - Midsize,Clean,No Issue,No Issue,No Open Recalls,No Issue,No Issue,No CPO Info Available,No Issue,,,,,
2021,Hyundai,Elantra SEL,20998,39000,31 city/41 hwy,4-cyl,Gas,Front Wheel Drive,Automatic,Black/Black,1 Owner,No flood or frame damage,No odometer problems,5NPLN4AG8MH030809,Car - Midsize,Clean,No Issue,No Issue,2 Open Recall(s),No Issue,No Issue,No CPO Info Available,No Issue,,,,,
2020,Hyundai,Palisade SEL,25998,79000,19 city/24 hwy,6-cyl,Gas,All Wheel Drive,Automatic,White/Black,1 Owner,No flood or frame damage,No odometer problems,KM8R3DHE3LU047814,CUV - Large,Clean,No Issue,No Issue,No Open Recalls,No Issue,No Issue,No CPO Info Available,No Issue,,,,,
2019,Hyundai,Tucson Sport,20998,37000,21 city/26 hwy,4-cyl,Gas,All Wheel Drive,Automatic,Blue/Black,1 Owner,No flood or frame damage,No odometer problems,KM8J3CAL8KU072514,CUV - Midsize,Clean,No Issue,Minor,No Open Recalls,No Issue,No Issue,No CPO Info Available,No Issue,,,,,
2018,Hyundai,Tucson Limited,21998,29000,24 city/28 hwy,4-cyl,Turbo Gas,All Wheel Drive,Automatic,White/Tan,2 Owners,No flood or frame damage,No odometer problems,KM8J3CA26JU655539,CUV - Midsize,Clean,No Issue,Minor,No Open Recalls,No Issue,No Issue,No CPO Info Available,No Issue,,,,,
2015,Hyundai,Sonata Sport,15998,47000,24 city/34 hwy,,,,Automatic,Blue/Gray,1 Owner,No flood or frame damage,No odometer problems,5NPE34AFXFH085562,Car - Large,Clean,No Issue,No Issue,No Open Recalls,No Issue,No Issue,No CPO Info Available,No Issue,,,,,
2018,Hyundai,Tucson Value,18998,59000,24 city/28 hwy,4-cyl,Turbo Gas,All Wheel Drive,Automatic,Gray/Black,2 Owners,No flood or frame damage,No odometer problems,KM8J3CA27JU757433,CUV - Midsize,Clean,No Issue,Minor,No Open Recalls,No Issue,No Issue,No CPO Info Available,No Issue,,,,,
2021,Hyundai,Tucson Ultimate,23998,38000,21 city/26 hwy,4-cyl,Gas,All Wheel Drive,Automatic,Gray/Black,2 Owners,No flood or frame damage,No odometer problems,KM8J3CAL7MU384407,CUV - Midsize,Clean,No Issue,Damage Reported,No Open Recalls,No Issue,No Issue,OEM-Certified,No Issue,,,,,
2022,Hyundai,Tucson SEL,26998,17000,24 city/29 hwy,4-cyl,Gas,All Wheel Drive,Automatic,Gray/Black,1 Owner,No flood or frame damage,No odometer problems,5NMJFCAE6NH049998,CUV - Midsize,Clean,No Issue,No Issue,No Open Recalls,No Issue,No Issue,No CPO Info Available,No Issue,,,,,
2021,Hyundai,Kona Limited,22998,16000,26 city/29 hwy,4-cyl,Turbo Gas,All Wheel Drive,Automatic,White/Gray,2 Owners,No flood or frame damage,No odometer problems,KM8K3CA58MU625350,CUV - Compact,Clean,No Issue,No Issue,No Open Recalls,No Issue,No Issue,No CPO Info Available,No Issue,,,,,
2021,Hyundai,Elantra SEL,20998,14000,31 city/41 hwy,4-cyl,Gas,Front Wheel Drive,Automatic,Blue/Gray,1 Owner,No flood or frame damage,No odometer problems,KMHLM4AG5MU182874,Car - Midsize,Clean,No Issue,No Issue,2 Open Recall(s),No Issue,No Issue,No CPO Info Available,No Issue,,,,,
2017,Hyundai,Sonata Sport,13998,106000,25 city/36 hwy,,,,Automatic,Blue/Gray,1 Owner,No flood or frame damage,No odometer problems,5NPE34AF6HH506342,Car - Large,Clean,No Issue,Moderate,No Open Recalls,No Issue,No Issue,No CPO Info Available,No Issue,,,,,
2017,Hyundai,Sonata SE,13599,93000,25 city/36 hwy,4-cyl,Gas,Front Wheel Drive,Automatic,Pearl/Gray,2 Owners,No flood or frame damage,No odometer problems,5NPE24AF4HH532974,Car - Large,Clean,No Issue,Minor,No Open Recalls,No Issue,No Issue,No CPO Info Available,No Issue,,,,,
2017,Hyundai,Elantra Limited,12998,124000,29 city/38 hwy,4-cyl,Gas,Front Wheel Drive,Automatic,Gray/Gray,1 Owner,No flood or frame damage,No odometer problems,5NPD84LF2HH023506,Car - Compact,Clean,No Issue,Minor,No Open Recalls,No Issue,No Issue,No CPO Info Available,No Issue,,,,,
2023,Hyundai,Tucson Limited,29998,10000,25 city/32 hwy,4-cyl,Gas,Front Wheel Drive,Automatic,Silver/Black,1 Owner,No flood or frame damage,No odometer problems,5NMJE3AE5PH265945,CUV - Midsize,Clean,No Issue,No Issue,No Open Recalls,No Issue,No Issue,No CPO Info Available,No Issue,,,,,
2022,Hyundai,Tucson Limited,28998,31000,24 city/29 hwy,4-cyl,Gas,All Wheel Drive,Automatic,White/Black,1 Owner,No flood or frame damage,No odometer problems,5NMJECAE9NH106231,CUV - Midsize,Clean,No Issue,No Issue,No Open Recalls,No Issue,No Issue,OEM-Certified,No Issue,,,,,
2017,Hyundai,Accent Value Edition,13599,52000,26 city/36 hwy,4-cyl,Gas,Front Wheel Drive,Automatic,White/Tan,2 Owners,No flood or frame damage,No odometer problems,KMHCT4AEXHU262436,Car - Compact,Clean,No Issue,No Issue,No Open Recalls,No Issue,No Issue,No CPO Info Available,No Issue,,,,,
2023,Hyundai,Sonata SEL,24998,18000,28 city/38 hwy,4-cyl,Gas,Front Wheel Drive,Automatic,White/Cream,1 Owner,No flood or frame damage,No odometer problems,KMHL14JA9PA282552,Car - Large,Clean,No Issue,No Issue,No Open Recalls,No Issue,No Issue,No CPO Info Available,No Issue,,,,,
2022,Hyundai,Elantra SEL,20998,37000,31 city/41 hwy,4-cyl,Gas,Front Wheel Drive,Automatic,Gray/Gray,1 Owner,No flood or frame damage,No odometer problems,KMHLM4AG9NU295566,Car - Midsize,Clean,No Issue,Minor,1 Open Recall(s),No Issue,No Issue,No CPO Info Available,No Issue,,,,,
2021,Hyundai,Sonata SEL Plus,22998,37000,27 city/37 hwy,4-cyl,Turbo Gas,Front Wheel Drive,Automatic,Black/Black,1 Owner,No flood or frame damage,No odometer problems,5NPEJ4J29MH119992,Car - Large,Clean,No Issue,No Issue,No Open Recalls,No Issue,No Issue,No CPO Info Available,No Issue,,,,,
2014,Hyundai,Sonata Limited,12998,91000,24 city/35 hwy,4-cyl,Gas,Front Wheel Drive,Automatic,Blue/Gray,2 Owners,No flood or frame damage,No odometer problems,5NPEC4AC1EH905242,Car - Large,Clean,No Issue,Damage Reported,No Open Recalls,No Issue,No Issue,No CPO Info Available,No Issue,,,,,
2019,Hyundai,Sonata Limited,15998,99000,25 city/33 hwy,4-cyl,Gas,Front Wheel Drive,Automatic,White/Gray,1 Owner,No flood or frame damage,No odometer problems,5NPE34AF2KH752540,Car - Large,Clean,No Issue,Minor,No Open Recalls,No Issue,No Issue,No CPO Info Available,No Issue,,,,,
2018,Hyundai,Tucson SEL,14998,91000,21 city/26 hwy,4-cyl,Gas,All Wheel Drive,Automatic,Gray/Gray,3 Owners,No flood or frame damage,No odometer problems,KM8J3CA44JU671627,CUV - Midsize,Clean,No Issue,Minor,No Open Recalls,No Issue,No Issue,No CPO Info Available,No Issue,,,,,
2020,Hyundai,Tucson SE,18998,30000,22 city/25 hwy,4-cyl,Gas,All Wheel Drive,Automatic,Burgundy/Gray,3 Owners,No flood or frame damage,No odometer problems,KM8J2CA44LU213978,CUV - Midsize,Clean,No Issue,Minor,No Open Recalls,No Issue,No Issue,OEM-Certified,No Issue,,,,,
2018,Hyundai,Santa Fe Sport ,15998,89000,21 city/27 hwy,4-cyl,Gas,Front Wheel Drive,Automatic,Silver/Gray,2 Owners,No flood or frame damage,No odometer problems,5XYZU3LB0JG561255,CUV - Midsize,Clean,No Issue,No Issue,1 Open Recall(s),No Issue,No Issue,No CPO Info Available,No Issue,,,,,
2020,Hyundai,Kona Ultimate,20998,37000,28 city/32 hwy,4-cyl,Turbo Gas,Front Wheel Drive,Automatic,Black/Gray,1 Owner,No flood or frame damage,No odometer problems,KM8K53A53LU491288,CUV - Compact,Clean,No Issue,No Issue,No Open Recalls,No Issue,No Issue,No CPO Info Available,No Issue,,,,,
2023,Hyundai,Santa Fe SEL,28998,12000,22 city/25 hwy,4-cyl,Gas,All Wheel Drive,Automatic,Black/Gray,1 Owner,No flood or frame damage,No odometer problems,5NMS2DAJ4PH569851,CUV - Midsize,Clean,No Issue,No Issue,No Open Recalls,No Issue,No Issue,No CPO Info Available,No Issue,,,,,
2016,Hyundai,Elantra SE,13998,46000,28 city/38 hwy,4-cyl,Gas,Front Wheel Drive,Automatic,Silver/Gray,2 Owners,No flood or frame damage,No odometer problems,5NPDH4AE2GH703334,Car - Compact,Clean,No Issue,Moderate,2 Open Recall(s),No Issue,No Issue,No CPO Info Available,No Issue,,,,,
2017,Hyundai,Tucson SE,13599,117000,23 city/30 hwy,4-cyl,Gas,Front Wheel Drive,Automatic,Black/Gray,4 Owners,No flood or frame damage,No odometer problems,KM8J33A49HU530904,CUV - Midsize,Clean,No Issue,No Issue,No Open Recalls,No Issue,No Issue,No CPO Info Available,No Issue,,,,,
2017,Hyundai,Elantra SE,15998,31000,29 city/38 hwy,4-cyl,Gas,Front Wheel Drive,Automatic,White/Gray,2 Owners,No flood or frame damage,No odometer problems,5NPD84LF5HH132588,Car - Compact,Clean,No Issue,Minor,2 Open Recall(s),No Issue,No Issue,No CPO Info Available,No Issue,,,,,
2016,Hyundai,Elantra SE,13998,69000,28 city/38 hwy,4-cyl,Gas,Front Wheel Drive,Automatic,Red/Gray,2 Owners,No flood or frame damage,No odometer problems,5NPDH4AE1GH718357,Car - Compact,Clean,No Issue,No Issue,4 Open Recall(s),No Issue,No Issue,No CPO Info Available,No Issue,,,,,
2017,Hyundai,Accent SE,11998,99000,26 city/36 hwy,4-cyl,Gas,Front Wheel Drive,Automatic,Black/Gray,2 Owners,No flood or frame damage,No odometer problems,KMHCT4AE2HU356472,Car - Compact,Clean,No Issue,Damage Reported,3 Open Recall(s),No Issue,No Issue,No CPO Info Available,No Issue,,,,,
2017,Hyundai,Sonata SE,14998,88000,25 city/36 hwy,4-cyl,Gas,Front Wheel Drive,Automatic,White/Cream,1 Owner,No flood or frame damage,No odometer problems,5NPE24AF5HH437355,Car - Large,Clean,No Issue,Minor,No Open Recalls,No Issue,No Issue,No CPO Info Available,No Issue,,,,,
2021,Hyundai,Sonata Hybrid SEL,21998,30000,,4-cyl,Hybrid,Front Wheel Drive,Automatic,Black/Gray,1 Owner,No flood or frame damage,No odometer problems,KMHL34JJ7MA034001,Car - Midsize,Clean,No Issue,No Issue,1 Open Recall(s),No Issue,No Issue,No CPO Info Available,No Issue,,,,,
2023,Hyundai,Venue Limited,22998,7000,29 city/33 hwy,4-cyl,Gas,Front Wheel Drive,Automatic,White/Black,1 Owner,No flood or frame damage,No odometer problems,KMHRC8A32PU248934,CUV - Compact,Clean,No Issue,No Issue,No Open Recalls,No Issue,No Issue,No CPO Info Available,No Issue,,,,,
2022,Hyundai,Elantra SEL,20998,17000,31 city/41 hwy,4-cyl,Gas,Front Wheel Drive,Automatic,White/Black,1 Owner,No flood or frame damage,No odometer problems,5NPLM4AG6NH080032,Car - Midsize,Clean,No Issue,No Issue,2 Open Recall(s),No Issue,No Issue,No CPO Info Available,No Issue,,,,,
2023,Hyundai,Kona SE,20998,13000,30 city/35 hwy,4-cyl,Gas,Front Wheel Drive,Automatic,Red/Black,1 Owner,No flood or frame damage,No odometer problems,KM8K22AB9PU057312,CUV - Compact,Clean,No Issue,No Issue,No Open Recalls,No Issue,No Issue,No CPO Info Available,No Issue,,,,,
2023,Hyundai,Santa Fe PHEV Limited,39998,5000,,4-cyl,Plug-in Hybrid,All Wheel Drive,,Gray/Black,1 Owner,No flood or frame damage,No odometer problems,KM8S7DA2XPU092213,CUV - Midsize,Clean,No Issue,No Issue,No Open Recalls,No Issue,No Issue,OEM-Certified,No Issue,79 city/72 hwy,29 miles,3.4 hours,,
2014,Hyundai,Elantra SE,11998,91000,28 city/38 hwy,4-cyl,Gas,Front Wheel Drive,Automatic,Blue/Gray,4 Owners,No flood or frame damage,No odometer problems,5NPDH4AEXEH472776,Car - Compact,Clean,No Issue,No Issue,No Open Recalls,No Issue,No Issue,No CPO Info Available,No Issue,,,,,
2015,Hyundai,Sonata Sport,16998,34000,24 city/35 hwy,4-cyl,Gas,Front Wheel Drive,Automatic,Silver/Gray,2 Owners,No flood or frame damage,No odometer problems,5NPE34AF4FH131354,Car - Large,Clean,No Issue,No Issue,No Open Recalls,No Issue,No Issue,No CPO Info Available,No Issue,,,,,
2017,Hyundai,Sonata SE,14998,88000,25 city/36 hwy,4-cyl,Gas,Front Wheel Drive,Automatic,Black/Tan,2 Owners,No flood or frame damage,No odometer problems,5NPE24AF5HH555356,Car - Large,Clean,No Issue,No Issue,No Open Recalls,No Issue,No Issue,No CPO Info Available,No Issue,,,,,
2013,Hyundai,Genesis R-Spec,15998,83000,18 city/27 hwy,6-cyl,Gas,Rear Wheel Drive,Manual 6 Speed,White/Red,2 Owners,No flood or frame damage,No odometer problems,KMHHU6KJXDU105588,Sport Car - Subcompact Luxury,Clean,No Issue,Minor,2 Open Recall(s),No Issue,No Issue,No CPO Info Available,No Issue,,,,,
2020,Hyundai,Veloster ,15998,76000,25 city/33 hwy,4-cyl,Gas,Front Wheel Drive,Manual 6 Speed,Gray/Black,1 Owner,No flood or frame damage,No odometer problems,KMHTG6AF0LU031689,Sport Car - Compact,Clean,No Issue,No Issue,2 Open Recall(s),No Issue,No Issue,No CPO Info Available,No Issue,,,,,
2014,Hyundai,Elantra GT,11998,74000,24 city/34 hwy,4-cyl,Gas,Front Wheel Drive,Manual 5 Speed,Gray/Black,3 Owners,No flood or frame damage,No odometer problems,KMHD35LH5EU158725,Car - Midsize,Clean,No Issue,Minor,3 Open Recall(s),No Issue,No Issue,No CPO Info Available,No Issue,,,,,
2022,Hyundai,Santa Cruz Limited,28998,44000,19 city/27 hwy,4-cyl,Turbo Gas,All Wheel Drive,Automatic,Black/Black,1 Owner,No flood or frame damage,No odometer problems,5NTJEDAF1NH005817,Pickup - Compact,Clean,No Issue,No Issue,1 Open Recall(s),No Issue,No Issue,No CPO Info Available,No Issue,,,,4 ft,
2020,Hyundai,Tucson Sport,20998,33000,22 city/28 hwy,4-cyl,Gas,Front Wheel Drive,Automatic,Red/Black,2 Owners,No flood or frame damage,No odometer problems,KM8J33AL6LU147440,CUV - Midsize,Clean,No Issue,No Issue,No Open Recalls,No Issue,No Issue,No CPO Info Available,No Issue,,,,,
2019,Hyundai,Tucson SE,18998,40000,22 city/25 hwy,4-cyl,Gas,All Wheel Drive,Automatic,Brown/Gray,3 Owners,No flood or frame damage,No odometer problems,KM8J2CA4XKU047464,CUV - Midsize,Clean,No Issue,Minor,1 Open Recall(s),No Issue,No Issue,No CPO Info Available,No Issue,,,,,
2021,Hyundai,Santa Fe SEL,24998,29000,22 city/25 hwy,4-cyl,Gas,All Wheel Drive,Automatic,Black/Black,1 Owner,No flood or frame damage,No odometer problems,5NMS6DAJ1MH371843,CUV - Midsize,Clean,No Issue,No Issue,No Open Recalls,No Issue,No Issue,No CPO Info Available,No Issue,,,,,
2015,Hyundai,Accent Sport,12599,72000,26 city/37 hwy,4-cyl,Gas,Front Wheel Drive,Automatic,Silver/Black,1 Owner,No flood or frame damage,No odometer problems,KMHCU5AE9FU233011,Car - Compact,Clean,No Issue,No Issue,1 Open Recall(s),No Issue,No Issue,No CPO Info Available,No Issue,,,,,
2023,Hyundai,Santa Fe Limited,31998,23000,21 city/28 hwy,4-cyl,Turbo Gas,All Wheel Drive,Automatic,Silver/Black,1 Owner,No flood or frame damage,No odometer problems,5NMS4DAL1PH488575,CUV - Midsize,Clean,No Issue,No Issue,No Open Recalls,No Issue,No Issue,OEM-Certified,No Issue,,,,,
2022,Hyundai,Tucson Hybrid Blue,25998,45000,38 city/38 hwy,4-cyl,Turbo Hybrid,All Wheel Drive,Automatic,Gray/Gray,1 Owner,No flood or frame damage,No odometer problems,KM8JBCA15NU022305,CUV - Midsize,Clean,No Issue,No Issue,2 Open Recall(s),No Issue,No Issue,No CPO Info Available,No Issue,,,,,
2021,Hyundai,Venue SE,18998,31000,30 city/33 hwy,4-cyl,Gas,Front Wheel Drive,Automatic,Black/Black,1 Owner,No flood or frame damage,No odometer problems,KMHRB8A34MU089087,CUV - Compact,Clean,No Issue,No Issue,No Open Recalls,No Issue,No Issue,No CPO Info Available,No Issue,,,,,
2022,Hyundai,Santa Cruz Limited,27998,63000,19 city/27 hwy,4-cyl,Turbo Gas,All Wheel Drive,Automatic,Black/Black,1 Owner,No flood or frame damage,No odometer problems,5NTJEDAF9NH005841,Pickup - Compact,Clean,No Issue,No Issue,1 Open Recall(s),No Issue,No Issue,No CPO Info Available,No Issue,,,,4 ft,
2020,Hyundai,Kona Limited,22998,15000,26 city/29 hwy,4-cyl,Turbo Gas,All Wheel Drive,Automatic,Blue/Gray,2 Owners,No flood or frame damage,No odometer problems,KM8K3CA5XLU498602,CUV - Compact,Clean,No Issue,No Issue,No Open Recalls,No Issue,No Issue,No CPO Info Available,No Issue,,,,,
2017,Hyundai,Tucson SE,17998,57000,21 city/26 hwy,4-cyl,Gas,All Wheel Drive,Automatic,Brown/Tan,4 Owners,No flood or frame damage,No odometer problems,KM8J3CA42HU296752,CUV - Midsize,Clean,No Issue,No Issue,No Open Recalls,No Issue,No Issue,No CPO Info Available,No Issue,,,,,
2019,Hyundai,Accent SE,12998,101000,28 city/38 hwy,4-cyl,Gas,Front Wheel Drive,Automatic,Gray/Gray,1 Owner,No flood or frame damage,No odometer problems,3KPC24A34KE064043,Car - Compact,Clean,No Issue,Damage Reported,No Open Recalls,No Issue,No Issue,No CPO Info Available,No Issue,,,,,
2019,Hyundai,Sonata SE,17998,52000,26 city/35 hwy,4-cyl,Gas,Front Wheel Drive,Automatic,Gray/Black,1 Owner,No flood or frame damage,No odometer problems,5NPE24AF3KH747480,Car - Large,Clean,No Issue,No Issue,No Open Recalls,No Issue,No Issue,No CPO Info Available,No Issue,,,,,
2022,Hyundai,Tucson SE,22998,23000,26 city/33 hwy,4-cyl,Gas,Front Wheel Drive,Automatic,White/Black,1 Owner,No flood or frame damage,No odometer problems,5NMJA3AE8NH012210,CUV - Midsize,Clean,No Issue,No Issue,No Open Recalls,No Issue,No Issue,No CPO Info Available,No Issue,,,,,
2023,Hyundai,Palisade XRT,39998,21000,19 city/25 hwy,6-cyl,Gas,All Wheel Drive,Automatic,Gray/Black,2 Owners,No flood or frame damage,No odometer problems,KM8R3DGE4PU536066,CUV - Large,Clean,No Issue,No Issue,No Open Recalls,No Issue,No Issue,No CPO Info Available,No Issue,,,,,
2022,Hyundai,Tucson SEL,24998,26000,24 city/29 hwy,4-cyl,Gas,All Wheel Drive,Automatic,Black/Black,1 Owner,No flood or frame damage,No odometer problems,5NMJBCAEXNH034528,CUV - Midsize,Clean,No Issue,No Issue,1 Open Recall(s),No Issue,No Issue,No CPO Info Available,No Issue,,,,,
2020,Hyundai,Sonata SE,19998,31000,28 city/38 hwy,4-cyl,Gas,Front Wheel Drive,Automatic,White/Gray,1 Owner,No flood or frame damage,No odometer problems,5NPEG4JA7LH062003,Car - Large,Clean,No Issue,No Issue,No Open Recalls,No Issue,No Issue,No CPO Info Available,No Issue,,,,,
2018,Hyundai,Tucson SEL,15998,90000,21 city/26 hwy,4-cyl,Gas,All Wheel Drive,Automatic,Gray/Gray,2 Owners,No flood or frame damage,No odometer problems,KM8J3CA45JU735027,CUV - Midsize,Clean,No Issue,Moderate,2 Open Recall(s),No Issue,No Issue,No CPO Info Available,No Issue,,,,,
2018,Hyundai,Tucson Value,18998,59000,25 city/30 hwy,4-cyl,Turbo Gas,Front Wheel Drive,Automatic,Black/Gray,2 Owners,No flood or frame damage,No odometer problems,KM8J33A26JU766057,CUV - Midsize,Clean,No Issue,No Issue,No Open Recalls,No Issue,No Issue,No CPO Info Available,No Issue,,,,,
2015,Hyundai,Elantra SE,15998,24000,28 city/38 hwy,4-cyl,Gas,Front Wheel Drive,Automatic,Blue/Gray,1 Owner,No flood or frame damage,No odometer problems,5NPDH4AE1FH620413,Car - Compact,Clean,No Issue,No Issue,No Open Recalls,No Issue,No Issue,No CPO Info Available,No Issue,,,,,
2016,Hyundai,Elantra SE,14998,36000,28 city/38 hwy,4-cyl,Gas,Front Wheel Drive,Automatic,White/Gray,1 Owner,No flood or frame damage,No odometer problems,5NPDH4AE9GH679789,Car - Compact,Clean,No Issue,No Issue,2 Open Recall(s),No Issue,No Issue,No CPO Info Available,No Issue,,,,,
2016,Hyundai,Sonata Sport,14998,85000,25 city/38 hwy,4-cyl,Gas,Front Wheel Drive,Automatic,White/Gray,3 Owners,No flood or frame damage,No odometer problems,5NPE34AFXGH424662,Car - Large,Clean,No Issue,No Issue,No Open Recalls,No Issue,No Issue,No CPO Info Available,No Issue,,,,,
2015,Hyundai,Sonata Sport,15998,71000,23 city/32 hwy,4-cyl,Turbo Gas,Front Wheel Drive,Automatic,White/Black,1 Owner,No flood or frame damage,No odometer problems,5NPE34AB4FH087675,Car - Large,Clean,No Issue,No Issue,No Open Recalls,No Issue,No Issue,No CPO Info Available,No Issue,,,,,
2022,Hyundai,Tucson SEL,24998,20000,26 city/33 hwy,4-cyl,Gas,Front Wheel Drive,Automatic,Gray/Black,1 Owner,No flood or frame damage,No odometer problems,5NMJF3AE7NH149950,CUV - Midsize,Clean,No Issue,No Issue,No Open Recalls,No Issue,No Issue,No CPO Info Available,No Issue,,,,,
2021,Hyundai,Sonata SEL,21998,11000,27 city/37 hwy,4-cyl,Gas,Front Wheel Drive,Automatic,Red/Gray,1 Owner,No flood or frame damage,No odometer problems,5NPEL4JA3MH078518,Car - Large,Clean,No Issue,No Issue,No Open Recalls,No Issue,No Issue,No CPO Info Available,No Issue,,,,,
2017,Hyundai,Tucson Sport,15998,99000,24 city/28 hwy,4-cyl,Turbo Gas,All Wheel Drive,Automatic,Gray/Black,2 Owners,No flood or frame damage,No odometer problems,KM8J3CA28HU328909,CUV - Midsize,Clean,No Issue,No Issue,No Open Recalls,No Issue,No Issue,No CPO Info Available,No Issue,,,,,
2017,Hyundai,Sonata Sport,16998,63000,25 city/35 hwy,4-cyl,Gas,Front Wheel Drive,Automatic,Gray/Gray,1 Owner,No flood or frame damage,No odometer problems,5NPE34AF1HH482743,Car - Large,Clean,No Issue,Minor,No Open Recalls,No Issue,No Issue,No CPO Info Available,No Issue,,,,,
2018,Hyundai,Elantra Value Edition,17998,18000,28 city/37 hwy,4-cyl,Gas,Front Wheel Drive,Automatic,Gray/Gray,2 Owners,No flood or frame damage,No odometer problems,KMHD84LF5JU443378,Car - Compact,Clean,No Issue,No Issue,No Open Recalls,No Issue,No Issue,No CPO Info Available,No Issue,,,,,
2022,Hyundai,Ioniq 5 SEL,30998,22000,,,,Rear Wheel Drive,,Gray/Black,1 Owner,No flood or frame damage,No odometer problems,KM8KN4AE0NU089303,CUV - Midsize,Clean,No Issue,No Issue,1 Open Recall(s),No Issue,No Issue,No CPO Info Available,No Issue,132 city/98 hwy,303 miles,8.5 hours,,Electric
2022,Hyundai,Kona SE,21998,2000,28 city/33 hwy,4-cyl,Gas,All Wheel Drive,Automatic,Black/Gray,1 Owner,No flood or frame damage,No odometer problems,KM8K2CAB2NU763234,CUV - Compact,Clean,No Issue,No Issue,1 Open Recall(s),No Issue,No Issue,No CPO Info Available,No Issue,,,,,
2021,Hyundai,Palisade SEL,33998,29000,19 city/24 hwy,6-cyl,Gas,All Wheel Drive,Automatic,Black/Tan,2 Owners,No flood or frame damage,No odometer problems,KM8R4DHE8MU267223,CUV - Large,Clean,No Issue,No Issue,No Open Recalls,No Issue,No Issue,No CPO Info Available,No Issue,,,,,
2019,Hyundai,Ioniq Electric Limited,19998,21000,,,,Front Wheel Drive,,White/Black,1 Owner,No flood or frame damage,No odometer problems,KMHC05LH6KU034267,Car - Midsize,Clean,No Issue,No Issue,3 Open Recall(s),No Issue,No Issue,No CPO Info Available,No Issue,150 city/122 hwy,124 miles,4 hours,,Electric
2019,Hyundai,Elantra SEL,14998,91000,28 city/37 hwy,4-cyl,Gas,Front Wheel Drive,Automatic,White/Tan,3 Owners,No flood or frame damage,No odometer problems,5NPD84LF0KH479835,Car - Compact,Clean,No Issue,No Issue,No Open Recalls,No Issue,No Issue,No CPO Info Available,No Issue,,,,,
2014,Hyundai,Santa Fe Sport 2.0T,13599,93000,18 city/24 hwy,4-cyl,Turbo Gas,All Wheel Drive,Automatic,Red/Cream,3 Owners,No flood or frame damage,No odometer problems,5XYZUDLA6EG133290,CUV - Midsize,Clean,No Issue,Minor,1 Open Recall(s),No Issue,No Issue,No CPO Info Available,No Issue,,,,,
2018,Hyundai,Elantra SE,15998,53000,29 city/38 hwy,4-cyl,Gas,Front Wheel Drive,Automatic,Silver/Black,1 Owner,No flood or frame damage,No odometer problems,5NPD74LF8JH389771,Car - Compact,Clean,No Issue,No Issue,No Open Recalls,No Issue,No Issue,No CPO Info Available,No Issue,,,,,
2022,Hyundai,Tucson Hybrid Limited,29998,46000,37 city/36 hwy,4-cyl,Turbo Hybrid,All Wheel Drive,Automatic,Pearl/Black,1 Owner,No flood or frame damage,No odometer problems,KM8JECA15NU066182,CUV - Midsize,Clean,No Issue,No Issue,1 Open Recall(s),No Issue,No Issue,No CPO Info Available,No Issue,,,,,
2018,Hyundai,Santa Fe Sport ,17998,44000,21 city/27 hwy,4-cyl,Gas,Front Wheel Drive,Automatic,White/Gray,3 Owners,No flood or frame damage,No odometer problems,5NMZU3LB0JH064132,CUV - Midsize,Clean,No Issue,No Issue,No Open Recalls,No Issue,No Issue,No CPO Info Available,No Issue,,,,,
2014,Hyundai,Elantra Sport,11998,121000,24 city/35 hwy,4-cyl,Gas,Front Wheel Drive,Automatic,Gray/Gray,1 Owner,No flood or frame damage,No odometer problems,KMHDH4AH3EU119758,Car - Compact,Clean,No Issue,No Issue,No Open Recalls,No Issue,No Issue,No CPO Info Available,No Issue,,,,,
2022,Hyundai,Kona SEL,22998,19000,28 city/33 hwy,4-cyl,Gas,All Wheel Drive,Automatic,Gray/Black,1 Owner,No flood or frame damage,No odometer problems,KM8K3CAB6NU907588,CUV - Compact,Clean,No Issue,No Issue,No Open Recalls,No Issue,No Issue,No CPO Info Available,No Issue,,,,,
2023,Hyundai,Venue Limited,22998,13000,29 city/33 hwy,4-cyl,Gas,Front Wheel Drive,Automatic,Gray/Gray,1 Owner,No flood or frame damage,No odometer problems,KMHRC8A35PU270667,CUV - Compact,Clean,No Issue,No Issue,No Open Recalls,No Issue,No Issue,No CPO Info Available,No Issue,,,,,
2015,Hyundai,Sonata Sport,15998,58000,24 city/35 hwy,4-cyl,Gas,Front Wheel Drive,Automatic,Silver/Gray,2 Owners,No flood or frame damage,No odometer problems,5NPE34AF2FH095020,Car - Large,Clean,No Issue,Minor,No Open Recalls,No Issue,No Issue,No CPO Info Available,No Issue,,,,,
2016,Hyundai,Sonata SE,13599,96000,25 city/36 hwy,,,,Automatic,Black/Black,4 Owners,No flood or frame damage,No odometer problems,5NPE24AF3GH288569,Car - Large,Clean,No Issue,Damage Reported,4 Open Recall(s),No Issue,No Issue,No CPO Info Available,No Issue,,,,,
2020,Hyundai,Elantra Sport,19998,39000,26 city/33 hwy,,,,Automatic,White/Black,2 Owners,No flood or frame damage,No odometer problems,KMHD04LB2LU957857,Car - Compact,Clean,No Issue,Damage Reported,No Open Recalls,No Issue,No Issue,No CPO Info Available,No Issue,,,,,
2018,Hyundai,Kona SEL,17998,43000,25 city/30 hwy,,,,Automatic,Black/Black,2 Owners,No flood or frame damage,No odometer problems,KM8K2CAA0JU145833,CUV - Compact,Clean,No Issue,Moderate,No Open Recalls,No Issue,No Issue,No CPO Info Available,No Issue,,,,,
2020,Hyundai,Elantra SE,17998,30000,30 city/40 hwy,4-cyl,Gas,Front Wheel Drive,Automatic,Black/Tan,1 Owner,No flood or frame damage,No odometer problems,5NPD74LF4LH618594,Car - Compact,Clean,No Issue,Minor,No Open Recalls,No Issue,No Issue,No CPO Info Available,No Issue,,,,,
2021,Hyundai,Elantra SE,18998,37000,33 city/43 hwy,4-cyl,Gas,Front Wheel Drive,Automatic,Black/Black,1 Owner,No flood or frame damage,No odometer problems,KMHLL4AG7MU113901,Car - Midsize,Clean,No Issue,No Issue,3 Open Recall(s),No Issue,No Issue,No CPO Info Available,No Issue,,,,,
2021,Hyundai,Ioniq Plug-In-Hybrid SEL,24998,12000,,4-cyl,Plug-in Hybrid,Front Wheel Drive,,Black/Gray,1 Owner,No flood or frame damage,No odometer problems,KMHC75LD6MU261079,Car - Midsize,Clean,No Issue,No Issue,No Open Recalls,No Issue,No Issue,No CPO Info Available,No Issue,123 city/115 hwy,29 miles,2.3 hours,,
2020,Hyundai,Santa Fe SE,21998,31000,21 city/27 hwy,4-cyl,Gas,All Wheel Drive,Automatic,Black/Black,1 Owner,No flood or frame damage,No odometer problems,5NMS2CAD2LH291059,CUV - Midsize,Clean,No Issue,No Issue,2 Open Recall(s),No Issue,No Issue,No CPO Info Available,No Issue,,,,,
2018,Hyundai,Santa Fe Sport ,15998,89000,21 city/27 hwy,4-cyl,Gas,Front Wheel Drive,Automatic,Tan/Gray,2 Owners,No flood or frame damage,No odometer problems,5NMZU3LB1JH099729,CUV - Midsize,Clean,No Issue,No Issue,1 Open Recall(s),No Issue,No Issue,No CPO Info Available,No Issue,,,,,
2023,Hyundai,Sonata Limited,26998,23000,27 city/37 hwy,4-cyl,Turbo Gas,Front Wheel Drive,Automatic,White/Black,1 Owner,No flood or frame damage,No odometer problems,KMHL34J28PA304186,Car - Large,Clean,No Issue,Damage Reported,No Open Recalls,No Issue,No Issue,No CPO Info Available,No Issue,,,,,
2016,Hyundai,Tucson Limited,15998,96000,24 city/28 hwy,4-cyl,Turbo Gas,All Wheel Drive,Automatic,Black/Black,2 Owners,No flood or frame damage,No odometer problems,KM8J3CA24GU219071,CUV - Midsize,Clean,No Issue,No Issue,No Open Recalls,No Issue,No Issue,No CPO Info Available,No Issue,,,,,
2021,Hyundai,Sonata SE,17998,61000,28 city/38 hwy,4-cyl,Gas,Front Wheel Drive,Automatic,White/Gray,1 Owner,No flood or frame damage,No odometer problems,5NPEG4JA5MH062583,Car - Large,Clean,No Issue,No Issue,No Open Recalls,No Issue,No Issue,No CPO Info Available,No Issue,,,,,
2021,Hyundai,Sonata Hybrid Blue,22998,30000,,4-cyl,Hybrid,Front Wheel Drive,Automatic,White/Black,1 Owner,No flood or frame damage,No odometer problems,KMHL24JJ2MA035852,Car - Midsize,Clean,No Issue,No Issue,1 Open Recall(s),No Issue,No Issue,No CPO Info Available,No Issue,,,,,
2021,Hyundai,Santa Fe Hybrid SEL Premium,30998,28000,33 city/30 hwy,4-cyl,Turbo Hybrid,All Wheel Drive,Automatic,Gray/Black,1 Owner,No flood or frame damage,No odometer problems,KM8S3DA16MU012999,CUV - Midsize,Clean,No Issue,No Issue,No Open Recalls,No Issue,No Issue,No CPO Info Available,No Issue,,,,,
2020,Hyundai,Sonata SE,19998,28000,28 city/38 hwy,4-cyl,Gas,Front Wheel Drive,Automatic,Black/Black,2 Owners,No flood or frame damage,No odometer problems,5NPEG4JA6LH056905,Car - Large,Clean,No Issue,No Issue,No Open Recalls,No Issue,No Issue,OEM-Certified,No Issue,,,,,
2015,Hyundai,Sonata Sport,15998,70000,23 city/32 hwy,4-cyl,Turbo Gas,Front Wheel Drive,Automatic,Silver/Gray,2 Owners,No flood or frame damage,No odometer problems,5NPE34AB6FH079559,Car - Large,Clean,No Issue,No Issue,No Open Recalls,No Issue,No Issue,No CPO Info Available,No Issue,,,,,
2016,Hyundai,Elantra SE,13998,63000,28 city/38 hwy,4-cyl,Gas,Front Wheel Drive,Automatic,Blue/Tan,2 Owners,No flood or frame damage,No odometer problems,KMHDH4AE1GU477188,Car - Compact,Clean,No Issue,No Issue,No Open Recalls,No Issue,No Issue,No CPO Info Available,No Issue,,,,,
2022,Hyundai,Palisade SEL,37998,15000,19 city/24 hwy,6-cyl,Gas,All Wheel Drive,Automatic,Gray/Black,1 Owner,No flood or frame damage,No odometer problems,KM8R4DHE9NU401657,CUV - Large,Clean,No Issue,No Issue,1 Open Recall(s),No Issue,No Issue,No CPO Info Available,No Issue,,,,,
2021,Hyundai,Sonata SE,16998,90000,28 city/38 hwy,4-cyl,Gas,Front Wheel Drive,Automatic,Silver/Black,1 Owner,No flood or frame damage,No odometer problems,5NPEG4JA0MH111561,Car - Large,Clean,No Issue,No Issue,No Open Recalls,No Issue,No Issue,No CPO Info Available,No Issue,,,,,
2014,Hyundai,Santa Fe Sport 2.0T,13998,124000,18 city/24 hwy,4-cyl,Turbo Gas,All Wheel Drive,Automatic,Black/Black,2 Owners,No flood or frame damage,No odometer problems,5XYZWDLA8EG140655,CUV - Midsize,Clean,No Issue,No Issue,1 Open Recall(s),No Issue,No Issue,No CPO Info Available,No Issue,,,,,
2015,Hyundai,Genesis ,16998,76000,18 city/29 hwy,6-cyl,Gas,Rear Wheel Drive,Automatic,Gray/Tan,4 Owners,No flood or frame damage,No odometer problems,KMHGN4JE9FU094202,Car - Large Luxury,Clean,No Issue,Damage Reported,3 Open Recall(s),No Issue,No Issue,No CPO Info Available,No Issue,,,,,
2019,Hyundai,Santa Fe Limited,21998,61000,20 city/25 hwy,4-cyl,Turbo Gas,Front Wheel Drive,Automatic,Gray/Brown,1 Owner,No flood or frame damage,No odometer problems,5NMS53AA0KH046918,CUV - Midsize,Clean,No Issue,No Issue,No Open Recalls,No Issue,No Issue,No CPO Info Available,No Issue,,,,,
2013,Hyundai,Azera ,15998,69000,20 city/29 hwy,6-cyl,Gas,Front Wheel Drive,Automatic,Gold/Tan,2 Owners,No flood or frame damage,No odometer problems,KMHFH4JG0DA227948,Car - Midsize,Clean,No Issue,No Issue,No Open Recalls,No Issue,No Issue,No CPO Info Available,No Issue,,,,,
2020,Hyundai,Kona SEL,18998,37000,26 city/30 hwy,4-cyl,Gas,All Wheel Drive,Automatic,Gray/Gray,1 Owner,No flood or frame damage,No odometer problems,KM8K2CAA7LU506980,CUV - Compact,Clean,No Issue,Damage Reported,No Open Recalls,No Issue,No Issue,No CPO Info Available,No Issue,,,,,
2022,Hyundai,Tucson SEL,24998,15000,24 city/29 hwy,4-cyl,Gas,All Wheel Drive,Automatic,Red/Black,1 Owner,No flood or frame damage,No odometer problems,5NMJBCAEXNH019849,CUV - Midsize,Clean,No Issue,No Issue,No Open Recalls,No Issue,No Issue,No CPO Info Available,No Issue,,,,,
2020,Hyundai,Elantra SEL,16998,62000,30 city/40 hwy,4-cyl,Gas,Front Wheel Drive,Automatic,White/Tan,1 Owner,No flood or frame damage,No odometer problems,5NPD84LF3LH594995,Car - Compact,Clean,No Issue,No Issue,No Open Recalls,No Issue,No Issue,No CPO Info Available,No Issue,,,,,
2019,Hyundai,Kona SE,16998,75000,25 city/30 hwy,4-cyl,Gas,All Wheel Drive,Automatic,Gray/Black,1 Owner,No flood or frame damage,No odometer problems,KM8K1CAA6KU197147,CUV - Compact,Clean,No Issue,No Issue,1 Open Recall(s),No Issue,No Issue,No CPO Info Available,No Issue,,,,,
2021,Hyundai,Elantra Limited,21998,25000,31 city/41 hwy,4-cyl,Gas,Front Wheel Drive,Automatic,Blue/Gray,1 Owner,No flood or frame damage,No odometer problems,5NPLP4AG8MH043165,Car - Midsize,Clean,No Issue,No Issue,No Open Recalls,No Issue,No Issue,No CPO Info Available,No Issue,,,,,
2016,Hyundai,Elantra SE,15998,35000,28 city/38 hwy,4-cyl,Gas,Front Wheel Drive,Automatic,Blue/Gray,1 Owner,No flood or frame damage,No odometer problems,KMHDH4AE6GU618319,Car - Compact,Clean,No Issue,No Issue,2 Open Recall(s),No Issue,No Issue,No CPO Info Available,No Issue,,,,,
2021,Hyundai,Sonata N Line,24998,35000,23 city/33 hwy,4-cyl,Turbo Gas,Front Wheel Drive,Automatic,White/Black,1 Owner,No flood or frame damage,No odometer problems,5NPEK4JC6MH132981,Car - Large,Clean,No Issue,No Issue,No Open Recalls,No Issue,No Issue,No CPO Info Available,No Issue,,,,,
2023,Hyundai,Palisade SE,33998,27000,19 city/25 hwy,6-cyl,Gas,All Wheel Drive,Automatic,Green/Black,1 Owner,No flood or frame damage,No odometer problems,KM8R1DGE1PU501149,CUV - Large,Clean,No Issue,No Issue,No Open Recalls,No Issue,No Issue,No CPO Info Available,No Issue,,,,,
2019,Hyundai,Elantra SE,15998,48000,29 city/38 hwy,4-cyl,Gas,Front Wheel Drive,Automatic,Black/Black,2 Owners,No flood or frame damage,No odometer problems,KMHD74LF8KU864211,Car - Compact,Clean,No Issue,No Issue,No Open Recalls,No Issue,No Issue,No CPO Info Available,No Issue,,,,,
2015,Hyundai,Sonata Sport,14998,86000,24 city/35 hwy,4-cyl,Gas,Front Wheel Drive,Automatic,Silver/Gray,3 Owners,No flood or frame damage,No odometer problems,5NPE34AF2FH143972,Car - Large,Clean,No Issue,No Issue,4 Open Recall(s),No Issue,No Issue,No CPO Info Available,No Issue,,,,,
2013,Hyundai,Sonata SE,11998,105000,22 city/34 hwy,4-cyl,Turbo Gas,Front Wheel Drive,Automatic,Gray/Gray,2 Owners,No flood or frame damage,No odometer problems,5NPEB4AC0DH660743,Car - Large,Clean,No Issue,No Issue,1 Open Recall(s),No Issue,No Issue,No CPO Info Available,No Issue,,,,,
2022,Hyundai,Sonata Limited,25998,24000,27 city/37 hwy,4-cyl,Turbo Gas,Front Wheel Drive,Automatic,White/Black,1 Owner,No flood or frame damage,No odometer problems,KMHL34J2XNA215068,Car - Large,Clean,No Issue,No Issue,No Open Recalls,No Issue,No Issue,No CPO Info Available,No Issue,,,,,
2020,Hyundai,Elantra Limited,18998,51000,30 city/40 hwy,4-cyl,Gas,Front Wheel Drive,Automatic,Black/Tan,2 Owners,No flood or frame damage,No odometer problems,5NPD84LF3LH516295,Car - Compact,Clean,No Issue,Moderate,No Open Recalls,No Issue,No Issue,No CPO Info Available,No Issue,,,,,
2022,Hyundai,Santa Fe SEL,24998,37000,22 city/25 hwy,4-cyl,Gas,All Wheel Drive,Automatic,Black/Black,1 Owner,No flood or frame damage,No odometer problems,5NMS2DAJ7NH477260,CUV - Midsize,Clean,No Issue,Minor,No Open Recalls,No Issue,No Issue,No CPO Info Available,No Issue,,,,,
2022,Hyundai,Tucson SEL,26998,13000,24 city/29 hwy,4-cyl,Gas,All Wheel Drive,Automatic,Blue/Black,1 Owner,No flood or frame damage,No odometer problems,5NMJCCAE2NH130277,CUV - Midsize,Clean,No Issue,No Issue,No Open Recalls,No Issue,No Issue,No CPO Info Available,No Issue,,,,,
2022,Hyundai,Elantra SEL,21998,26000,31 city/41 hwy,4-cyl,Gas,Front Wheel Drive,Automatic,Black/Black,1 Owner,No flood or frame damage,No odometer problems,KMHLS4AG5NU282304,Car - Midsize,Clean,No Issue,No Issue,1 Open Recall(s),No Issue,No Issue,No CPO Info Available,No Issue,,,,,
2023,Hyundai,Elantra SEL,21998,19000,30 city/40 hwy,4-cyl,Gas,Front Wheel Drive,Automatic,Black/Black,1 Owner,No flood or frame damage,No odometer problems,KMHLS4AG2PU459913,Car - Midsize,Clean,No Issue,No Issue,No Open Recalls,No Issue,No Issue,No CPO Info Available,No Issue,,,,,
2018,Hyundai,Sonata SE,15998,72000,25 city/36 hwy,4-cyl,Gas,Front Wheel Drive,Automatic,White/Gray,3 Owners,No flood or frame damage,No odometer problems,5NPE24AF7JH604739,Car - Large,Clean,No Issue,No Issue,No Open Recalls,No Issue,No Issue,No CPO Info Available,No Issue,,,,,
2019,Hyundai,Sonata SE,16998,60000,26 city/35 hwy,4-cyl,Gas,Front Wheel Drive,Automatic,White/Gray,3 Owners,No flood or frame damage,No odometer problems,5NPE24AF9KH798000,Car - Large,Clean,No Issue,No Issue,No Open Recalls,No Issue,No Issue,No CPO Info Available,No Issue,,,,,
2017,Hyundai,Santa Fe Sport ,13998,100000,20 city/26 hwy,4-cyl,Gas,All Wheel Drive,Automatic,Blue/Gray,1 Owner,No flood or frame damage,No odometer problems,5NMZUDLB5HH051537,CUV - Midsize,Clean,No Issue,Minor,1 Open Recall(s),No Issue,No Issue,No CPO Info Available,No Issue,,,,,
2019,Hyundai,Veloster R-Spec,19998,58000,26 city/33 hwy,4-cyl,Turbo Gas,Front Wheel Drive,Manual 6 Speed,Gray/Black,2 Owners,No flood or frame damage,No odometer problems,KMHTH6ABXKU018988,Sport Car - Compact,Clean,No Issue,No Issue,No Open Recalls,No Issue,No Issue,No CPO Info Available,No Issue,,,,,
2023,Hyundai,Elantra SEL,22998,15000,30 city/40 hwy,4-cyl,Gas,Front Wheel Drive,Automatic,Gray/Black,1 Owner,No flood or frame damage,No odometer problems,KMHLM4AG0PU535350,Car - Midsize,Clean,No Issue,No Issue,No Open Recalls,No Issue,No Issue,No CPO Info Available,No Issue,,,,,
2023,Hyundai,Elantra SE,21998,16000,33 city/42 hwy,4-cyl,Gas,Front Wheel Drive,Automatic,Gray/Gray,1 Owner,No flood or frame damage,No odometer problems,KMHLL4AG8PU437847,Car - Midsize,Clean,No Issue,No Issue,No Open Recalls,No Issue,No Issue,No CPO Info Available,No Issue,,,,,
2018,Hyundai,Sonata SE,16998,55000,25 city/36 hwy,4-cyl,Gas,Front Wheel Drive,Automatic,White/Tan,2 Owners,No flood or frame damage,No odometer problems,5NPE24AF2JH662953,Car - Large,Clean,No Issue,No Issue,No Open Recalls,No Issue,No Issue,No CPO Info Available,No Issue,,,,,
2020,Hyundai,Elantra SE,17998,20000,30 city/40 hwy,4-cyl,Gas,Front Wheel Drive,Automatic,Black/Gray,2 Owners,No flood or frame damage,No odometer problems,5NPD74LF4LH607000,Car - Compact,Clean,No Issue,No Issue,No Open Recalls,No Issue,No Issue,OEM-Certified,No Issue,,,,,
2021,Hyundai,Elantra SEL,20998,17000,31 city/41 hwy,4-cyl,Gas,Front Wheel Drive,Automatic,Gray/Black,1 Owner,No flood or frame damage,No odometer problems,KMHLM4AG1MU206622,Car - Midsize,Clean,No Issue,No Issue,No Open Recalls,No Issue,No Issue,No CPO Info Available,No Issue,,,,,
2019,Hyundai,Elantra SE,16998,35000,29 city/38 hwy,4-cyl,Gas,Front Wheel Drive,Automatic,Red/Tan,3 Owners,No flood or frame damage,No odometer problems,KMHD74LF8KU886743,Car - Compact,Clean,No Issue,No Issue,No Open Recalls,No Issue,No Issue,No CPO Info Available,No Issue,,,,,
2023,Hyundai,Elantra SEL,23998,5000,30 city/40 hwy,4-cyl,Gas,Front Wheel Drive,Automatic,Blue/Gray,1 Owner,No flood or frame damage,No odometer problems,5NPLS4AG0PH110179,Car - Midsize,Clean,No Issue,No Issue,No Open Recalls,No Issue,No Issue,No CPO Info Available,No Issue,,,,,
2022,Hyundai,Santa Fe SEL,24998,41000,22 city/25 hwy,4-cyl,Gas,All Wheel Drive,Automatic,White/Tan,1 Owner,No flood or frame damage,No odometer problems,5NMS2DAJ4NH385829,CUV - Midsize,Clean,No Issue,No Issue,1 Open Recall(s),No Issue,No Issue,No CPO Info Available,No Issue,,,,,
2021,Hyundai,Palisade SEL,34998,34000,19 city/24 hwy,6-cyl,Gas,All Wheel Drive,Automatic,Black/Tan,1 Owner,No flood or frame damage,No odometer problems,KM8R4DHE9MU226633,CUV - Large,Clean,No Issue,No Issue,No Open Recalls,No Issue,No Issue,No CPO Info Available,No Issue,,,,,
2019,Hyundai,Tucson Value,18998,46000,22 city/25 hwy,4-cyl,Gas,All Wheel Drive,Automatic,White/Gray,1 Owner,No flood or frame damage,No odometer problems,KM8J3CA48KU983810,CUV - Midsize,Clean,No Issue,Moderate,No Open Recalls,No Issue,No Issue,No CPO Info Available,No Issue,,,,,
2017,Hyundai,Elantra SE,13998,77000,29 city/38 hwy,4-cyl,Gas,Front Wheel Drive,Automatic,Red/Gray,1 Owner,No flood or frame damage,No odometer problems,5NPD84LF3HH050553,Car - Compact,Clean,No Issue,Moderate,No Open Recalls,No Issue,No Issue,No CPO Info Available,No Issue,,,,,
2017,Hyundai,Sonata ,12998,111000,25 city/36 hwy,4-cyl,Gas,Front Wheel Drive,Automatic,Brown/Tan,2 Owners,No flood or frame damage,No odometer problems,5NPE24AF8HH563886,Car - Large,Clean,No Issue,Damage Reported,No Open Recalls,No Issue,No Issue,No CPO Info Available,No Issue,,,,,
2020,Hyundai,Elantra Value Edition,18998,25000,30 city/40 hwy,4-cyl,Gas,Front Wheel Drive,Automatic,Red/Tan,1 Owner,No flood or frame damage,No odometer problems,5NPD84LF6LH629366,Car - Compact,Clean,No Issue,Damage Reported,No Open Recalls,No Issue,No Issue,No CPO Info Available,No Issue,,,,,
2017,Hyundai,Tucson SE,17998,39000,21 city/26 hwy,4-cyl,Gas,All Wheel Drive,Automatic,Black/Tan,1 Owner,No flood or frame damage,No odometer problems,KM8J3CA47HU371641,CUV - Midsize,Clean,No Issue,No Issue,5 Open Recall(s),No Issue,No Issue,No CPO Info Available,No Issue,,,,,
2017,Hyundai,Sonata ,12998,109000,25 city/36 hwy,4-cyl,Gas,Front Wheel Drive,Automatic,Burgundy/Gray,2 Owners,No flood or frame damage,No odometer problems,5NPE24AF6HH588432,Car - Large,Clean,No Issue,No Issue,No Open Recalls,No Issue,No Issue,No CPO Info Available,No Issue,,,,,
2022,Hyundai,Palisade SEL,32998,30000,19 city/26 hwy,6-cyl,Gas,Front Wheel Drive,Automatic,Silver/Gray,1 Owner,No flood or frame damage,No odometer problems,KM8R24HE4NU403077,CUV - Large,Clean,No Issue,No Issue,1 Open Recall(s),No Issue,No Issue,No CPO Info Available,No Issue,,,,,
2018,Hyundai,Elantra Value Edition,13998,103000,28 city/37 hwy,4-cyl,Gas,Front Wheel Drive,Automatic,Black/Gray,2 Owners,No flood or frame damage,No odometer problems,5NPD84LF7JH338288,Car - Compact,Clean,No Issue,Minor,No Open Recalls,No Issue,No Issue,No CPO Info Available,No Issue,,,,,
2013,Hyundai,Elantra GLS,14599,33000,28 city/38 hwy,4-cyl,Gas,Front Wheel Drive,Automatic,Gold/Tan,2 Owners,No flood or frame damage,No odometer problems,5NPDH4AEXDH170922,Car - Compact,Clean,No Issue,Damage Reported,No Open Recalls,No Issue,No Issue,No CPO Info Available,No Issue,,,,,
2017,Hyundai,Sonata ,14599,80000,25 city/36 hwy,4-cyl,Gas,Front Wheel Drive,Automatic,Black/Gray,2 Owners,No flood or frame damage,No odometer problems,5NPE24AF9HH476563,Car - Large,Clean,No Issue,No Issue,No Open Recalls,No Issue,No Issue,No CPO Info Available,No Issue,,,,,
2019,Hyundai,Accent SE,15998,39000,28 city/38 hwy,4-cyl,Gas,Front Wheel Drive,Automatic,Gray/Gray,2 Owners,No flood or frame damage,No odometer problems,3KPC24A36KE083192,Car - Compact,Clean,No Issue,No Issue,3 Open Recall(s),No Issue,No Issue,No CPO Info Available,No Issue,,,,,
2014,Hyundai,Elantra SE,13599,53000,28 city/38 hwy,4-cyl,Gas,Front Wheel Drive,Automatic,Red/Gray,1 Owner,No flood or frame damage,No odometer problems,5NPDH4AE6EH536411,Car - Compact,Clean,No Issue,No Issue,No Open Recalls,No Issue,No Issue,No CPO Info Available,No Issue,,,,,
2022,Hyundai,Elantra N Line,16998,108000,28 city/36 hwy,4-cyl,Turbo Gas,Front Wheel Drive,Automatic,Red/Black,1 Owner,No flood or frame damage,No odometer problems,KMHLR4AF0NU231327,Car - Midsize,Clean,No Issue,No Issue,1 Open Recall(s),No Issue,No Issue,No CPO Info Available,No Issue,,,,,
2024,Hyundai,Venue Limited,22998,5000,29 city/33 hwy,4-cyl,Gas,Front Wheel Drive,Automatic,Red/Black,1 Owner,No flood or frame damage,No odometer problems,KMHRC8A38RU296912,CUV - Compact,Clean,No Issue,No Issue,No Open Recalls,No Issue,No Issue,OEM-Certified,No Issue,,,,,
2020,Hyundai,Kona SEL,17998,55000,27 city/33 hwy,4-cyl,Gas,Front Wheel Drive,Automatic,White/Black,2 Owners,No flood or frame damage,No odometer problems,KM8K22AA5LU399776,CUV - Compact,Clean,No Issue,No Issue,No Open Recalls,No Issue,No Issue,No CPO Info Available,No Issue,,,,,
2018,Hyundai,Elantra SEL,14599,81000,28 city/37 hwy,4-cyl,Gas,Front Wheel Drive,Automatic,Silver/Black,1 Owner,No flood or frame damage,No odometer problems,5NPD84LFXJH239867,Car - Compact,Clean,No Issue,Minor,No Open Recalls,No Issue,No Issue,No CPO Info Available,No Issue,,,,,
2021,Hyundai,Tucson Ultimate,26998,13000,21 city/26 hwy,4-cyl,Gas,Front Wheel Drive,Automatic,White/Brown,1 Owner,No flood or frame damage,No odometer problems,KM8J33AL6MU327535,CUV - Midsize,Clean,No Issue,No Issue,No Open Recalls,No Issue,No Issue,No CPO Info Available,No Issue,,,,,
2020,Hyundai,Elantra Value Edition,18998,37000,30 city/40 hwy,4-cyl,Gas,Front Wheel Drive,Automatic,Black/Gray,1 Owner,No flood or frame damage,No odometer problems,5NPD84LF5LH614583,Car - Compact,Clean,No Issue,No Issue,No Open Recalls,No Issue,No Issue,No CPO Info Available,No Issue,,,,,
2020,Hyundai,Accent SE,14998,75000,29 city/39 hwy,4-cyl,Gas,Front Wheel Drive,Manual 6 Speed,White/Tan,1 Owner,No flood or frame damage,No odometer problems,3KPC24A62LE119665,Car - Compact,Clean,No Issue,No Issue,3 Open Recall(s),No Issue,No Issue,No CPO Info Available,No Issue,,,,,
2021,Hyundai,Elantra Limited,20998,28000,31 city/41 hwy,4-cyl,Gas,Front Wheel Drive,Automatic,Blue/Gray,2 Owners,No flood or frame damage,No odometer problems,KMHLP4AG7MU071699,Car - Midsize,Clean,No Issue,No Issue,No Open Recalls,No Issue,No Issue,No CPO Info Available,No Issue,,,,,
2021,Hyundai,Venue Denim,18998,54000,30 city/33 hwy,4-cyl,Gas,Front Wheel Drive,Automatic,Blue/Blue,1 Owner,No flood or frame damage,No odometer problems,KMHRC8A34MU110906,CUV - Compact,Clean,No Issue,No Issue,No Open Recalls,No Issue,No Issue,No CPO Info Available,No Issue,,,,,
2022,Hyundai,Tucson Limited,27998,36000,24 city/29 hwy,4-cyl,Gas,All Wheel Drive,Automatic,White/Gray,1 Owner,No flood or frame damage,No odometer problems,5NMJECAE9NH024175,CUV - Midsize,Clean,No Issue,No Issue,1 Open Recall(s),No Issue,No Issue,No CPO Info Available,No Issue,,,,,
2020,Hyundai,Tucson SEL,23998,10000,21 city/26 hwy,4-cyl,Gas,All Wheel Drive,Automatic,Silver/Gray,1 Owner,No flood or frame damage,No odometer problems,KM8J3CAL1LU207253,CUV - Midsize,Clean,No Issue,No Issue,No Open Recalls,No Issue,No Issue,No CPO Info Available,No Issue,,,,,
2019,Hyundai,Elantra SEL,16998,58000,28 city/37 hwy,4-cyl,Gas,Front Wheel Drive,Automatic,Silver/Black,2 Owners,No flood or frame damage,No odometer problems,5NPD84LF0KH475526,Car - Compact,Clean,No Issue,No Issue,No Open Recalls,No Issue,No Issue,No CPO Info Available,No Issue,,,,,
2022,Hyundai,Kona Limited,23998,14000,29 city/35 hwy,4-cyl,Turbo Gas,Front Wheel Drive,Automatic,Black/Gray,2 Owners,No flood or frame damage,No odometer problems,KM8K53A36NU831454,CUV - Compact,Clean,No Issue,No Issue,1 Open Recall(s),No Issue,No Issue,No CPO Info Available,No Issue,,,,,
2021,Hyundai,Venue SEL,17998,45000,30 city/33 hwy,4-cyl,Gas,Front Wheel Drive,Automatic,Silver/Black,1 Owner,No flood or frame damage,No odometer problems,KMHRC8A35MU115970,CUV - Compact,Clean,No Issue,No Issue,No Open Recalls,No Issue,No Issue,No CPO Info Available,No Issue,,,,,
2018,Hyundai,Elantra SE,15998,43000,29 city/38 hwy,4-cyl,Gas,Front Wheel Drive,Automatic,Silver/Black,2 Owners,No flood or frame damage,No odometer problems,5NPD84LF8JH267134,Car - Compact,Clean,No Issue,Moderate,No Open Recalls,No Issue,No Issue,No CPO Info Available,No Issue,,,,,
2017,Hyundai,Ioniq Hybrid Limited,20998,37000,55 city/54 hwy,4-cyl,Hybrid,Front Wheel Drive,Automatic,Black/Gray,2 Owners,No flood or frame damage,No odometer problems,KMHC05LC3HU029217,Car - Large,Clean,No Issue,Minor,No Open Recalls,No Issue,No Issue,No CPO Info Available,No Issue,,,,,
2021,Hyundai,Palisade Limited,36998,34000,19 city/24 hwy,6-cyl,Gas,All Wheel Drive,Automatic,Gray/Black,1 Owner,No flood or frame damage,No odometer problems,KM8R5DHE3MU265280,CUV - Large,Clean,No Issue,No Issue,1 Open Recall(s),No Issue,No Issue,No CPO Info Available,No Issue,,,,,
2022,Hyundai,Elantra SEL,21998,19000,33 city/37 hwy,,,,Automatic,Gray/Black,1 Owner,No flood or frame damage,No odometer problems,KMHLM4AG8NU365302,Car - Midsize,Clean,No Issue,No Issue,No Open Recalls,No Issue,No Issue,No CPO Info Available,No Issue,,,,,
2021,Hyundai,Tucson SE,19998,60000,22 city/25 hwy,4-cyl,Gas,All Wheel Drive,Automatic,White/Tan,2 Owners,No flood or frame damage,No odometer problems,KM8J2CA42MU349656,CUV - Midsize,Clean,No Issue,No Issue,No Open Recalls,No Issue,No Issue,No CPO Info Available,No Issue,,,,,
2023,Hyundai,Palisade SE,36998,7000,19 city/25 hwy,6-cyl,Gas,All Wheel Drive,Automatic,Black/Black,1 Owner,No flood or frame damage,No odometer problems,KM8R1DGE4PU501100,CUV - Large,Clean,No Issue,No Issue,No Open Recalls,No Issue,No Issue,No CPO Info Available,No Issue,,,,,
2019,Hyundai,Veloster N,23998,42000,22 city/28 hwy,4-cyl,Turbo Gas,Front Wheel Drive,Manual 6 Speed,Black/Black,2 Owners,No flood or frame damage,No odometer problems,KMHT36AH0KU002415,Sport Car - Compact,Clean,No Issue,No Issue,2 Open Recall(s),No Issue,No Issue,No Recent CPO Reported,No Issue,,,,,
2018,Hyundai,Sonata Limited,15998,118000,25 city/35 hwy,4-cyl,Gas,Front Wheel Drive,Automatic,Black/Black,1 Owner,No flood or frame damage,No odometer problems,5NPE34AF1JH679059,Car - Large,Clean,No Issue,Minor,No Open Recalls,No Issue,No Issue,No CPO Info Available,No Issue,,,,,
2015,Hyundai,Tucson SE,13998,93000,20 city/25 hwy,4-cyl,Gas,All Wheel Drive,Automatic,Silver/Tan,3 Owners,No flood or frame damage,No odometer problems,KM8JUCAG3FU058560,CUV - Compact,Clean,No Issue,No Issue,No Open Recalls,No Issue,No Issue,No CPO Info Available,No Issue,,,,,
2015,Hyundai,Sonata Sport,14998,99000,23 city/32 hwy,4-cyl,Turbo Gas,Front Wheel Drive,Automatic,Blue/Gray,3 Owners,No flood or frame damage,No odometer problems,5NPE34AB8FH150650,Car - Large,Clean,No Issue,Damage Reported,No Open Recalls,No Issue,No Issue,No CPO Info Available,No Issue,,,,,
2023,Hyundai,Santa Fe SE,26998,7000,22 city/25 hwy,4-cyl,Gas,All Wheel Drive,Automatic,Blue/Black,1 Owner,No flood or frame damage,No odometer problems,5NMS1DAJ4PH579119,CUV - Midsize,Clean,No Issue,No Issue,No Open Recalls,No Issue,No Issue,OEM-Certified,No Issue,,,,,
2024,Hyundai,Palisade XRT,44998,15000,19 city/25 hwy,6-cyl,Gas,All Wheel Drive,Automatic,Gray/Black,1 Owner,No flood or frame damage,No odometer problems,KM8R3DGE0RU663531,CUV - Large,Clean,No Issue,No Issue,No Open Recalls,No Issue,No Issue,No CPO Info Available,No Issue,,,,,
2020,Hyundai,Sonata SEL,21998,13000,27 city/37 hwy,4-cyl,Gas,Front Wheel Drive,Automatic,Red/Black,2 Owners,No flood or frame damage,No odometer problems,5NPEF4JA5LH058471,Car - Large,Clean,No Issue,No Issue,No Open Recalls,No Issue,No Issue,No CPO Info Available,No Issue,,,,,
2021,Hyundai,Sonata SEL,20998,46000,27 city/37 hwy,4-cyl,Gas,Front Wheel Drive,Automatic,Blue/Gray,1 Owner,No flood or frame damage,No odometer problems,5NPEF4JA3MH092121,Car - Large,Clean,No Issue,No Issue,No Open Recalls,No Issue,No Issue,No CPO Info Available,No Issue,,,,,
2019,Hyundai,Kona Ultimate,21998,30000,26 city/29 hwy,4-cyl,Turbo Gas,All Wheel Drive,Automatic,Gray/Gray,1 Owner,No flood or frame damage,No odometer problems,KM8K5CA55KU373371,CUV - Compact,Clean,No Issue,No Issue,No Open Recalls,No Issue,No Issue,No CPO Info Available,No Issue,,,,,
2021,Hyundai,Sonata SEL,21998,22000,27 city/37 hwy,4-cyl,Gas,Front Wheel Drive,Automatic,Silver/Gray,1 Owner,No flood or frame damage,No odometer problems,KMHL14JA0MA160495,Car - Large,Clean,No Issue,No Issue,No Open Recalls,No Issue,No Issue,No CPO Info Available,No Issue,,,,,
2017,Hyundai,Santa Fe Sport ,17998,69000,20 city/26 hwy,4-cyl,Gas,All Wheel Drive,Automatic,White/Gray,2 Owners,No flood or frame damage,No odometer problems,5XYZUDLB4HG383379,CUV - Midsize,Clean,No Issue,No Issue,No Open Recalls,No Issue,No Issue,No CPO Info Available,No Issue,,,,,
2020,Hyundai,Elantra Sport,18998,40000,26 city/33 hwy,4-cyl,Turbo Gas,Front Wheel Drive,Automatic,Blue/Black,1 Owner,No flood or frame damage,No odometer problems,KMHD04LB6LU085425,Car - Compact,Clean,No Issue,No Issue,No Open Recalls,No Issue,No Issue,No CPO Info Available,No Issue,,,,,
2021,Hyundai,Sonata SE,18998,44000,28 city/38 hwy,4-cyl,Gas,Front Wheel Drive,Automatic,White/Gray,2 Owners,No flood or frame damage,No odometer problems,5NPEG4JA5MH100667,Car - Large,Clean,No Issue,No Issue,No Open Recalls,No Issue,No Issue,No CPO Info Available,No Issue,,,,,
2023,Hyundai,Palisade Calligraphy,47998,18000,19 city/25 hwy,6-cyl,Gas,All Wheel Drive,Automatic,Black/Cream,1 Owner,No flood or frame damage,No odometer problems,KM8R7DGEXPU636001,CUV - Large,Clean,No Issue,No Issue,No Open Recalls,No Issue,No Issue,No CPO Info Available,No Issue,,,,,
2018,Hyundai,Elantra SEL,15998,48000,28 city/37 hwy,4-cyl,Gas,Front Wheel Drive,Automatic,Silver/Black,2 Owners,No flood or frame damage,No odometer problems,KMHD84LF3JU525223,Car - Compact,Clean,No Issue,Minor,No Open Recalls,No Issue,No Issue,No CPO Info Available,No Issue,,,,,
2021,Hyundai,Elantra SEL,20998,28000,31 city/41 hwy,4-cyl,Gas,Front Wheel Drive,Automatic,Black/Black,1 Owner,No flood or frame damage,No odometer problems,5NPLN4AG5MH041153,Car - Midsize,Clean,No Issue,Damage Reported,No Open Recalls,No Issue,No Issue,No CPO Info Available,No Issue,,,,,
2022,Hyundai,Sonata SEL Plus,22998,55000,27 city/37 hwy,4-cyl,Turbo Gas,Front Wheel Drive,Automatic,Black/Black,1 Owner,No flood or frame damage,No odometer problems,5NPEJ4J29NH135546,Car - Large,Clean,No Issue,Minor,1 Open Recall(s),No Issue,No Issue,No CPO Info Available,No Issue,,,,,
2019,Hyundai,Ioniq Electric ,16998,46000,,,,Front Wheel Drive,,Silver/Black,2 Owners,No flood or frame damage,No odometer problems,KMHC75LH7KU048237,Car - Midsize,Clean,No Issue,No Issue,No Open Recalls,No Issue,No Issue,No CPO Info Available,No Issue,150 city/122 hwy,124 miles,4 hours,,Electric
2018,Hyundai,Sonata Sport,17998,62000,23 city/32 hwy,4-cyl,Turbo Gas,Front Wheel Drive,Automatic,Blue/Black,2 Owners,No flood or frame damage,No odometer problems,5NPE34AB1JH641683,Car - Large,Clean,No Issue,Minor,No Open Recalls,No Issue,No Issue,No CPO Info Available,No Issue,,,,,
2018,Hyundai,Sonata Hybrid SE,13998,111000,40 city/46 hwy,4-cyl,Hybrid,Front Wheel Drive,Automatic,Silver/Gray,2 Owners,No flood or frame damage,No odometer problems,KMHE24L31JA080803,Car - Midsize,Clean,No Issue,No Issue,No Open Recalls,No Issue,No Issue,No CPO Info Available,No Issue,,,,,
2017,Hyundai,Elantra SE,14998,59000,29 city/38 hwy,4-cyl,Gas,Front Wheel Drive,Automatic,Blue/Gray,2 Owners,No flood or frame damage,No odometer problems,5NPD84LF7HH092983,Car - Compact,Clean,No Issue,No Issue,No Open Recalls,No Issue,No Issue,No CPO Info Available,No Issue,,,,,
2014,Hyundai,Elantra SE,12998,80000,28 city/38 hwy,4-cyl,Gas,Front Wheel Drive,Automatic,Black/Gray,1 Owner,No flood or frame damage,No odometer problems,KMHDH4AE8EU143981,Car - Compact,Clean,No Issue,No Issue,No Open Recalls,No Issue,No Issue,No CPO Info Available,No Issue,,,,,
2015,Hyundai,Sonata Sport,12998,127000,24 city/35 hwy,4-cyl,Gas,Front Wheel Drive,Automatic,Black/Black,1 Owner,No flood or frame damage,No odometer problems,5NPE34AF2FH121003,Car - Large,Clean,No Issue,No Issue,No Open Recalls,No Issue,No Issue,No CPO Info Available,No Issue,,,,,
2014,Hyundai,Santa Fe Sport ,12998,102000,20 city/27 hwy,4-cyl,Gas,Front Wheel Drive,Automatic,White/Brown,1 Owner,No flood or frame damage,No odometer problems,5XYZU3LB9EG184284,CUV - Midsize,Clean,No Issue,No Issue,4 Open Recall(s),No Issue,No Issue,No CPO Info Available,No Issue,,,,,
2023,Hyundai,Elantra SEL,23998,9000,33 city/42 hwy,,,,Automatic,Gray/Black,1 Owner,No flood or frame damage,No odometer problems,5NPLM4AG1PH094147,Car - Midsize,Clean,No Issue,No Issue,1 Open Recall(s),No Issue,No Issue,No CPO Info Available,No Issue,,,,,
2018,Hyundai,Elantra GT,16998,54000,24 city/32 hwy,4-cyl,Gas,Front Wheel Drive,Automatic,Gray/Black,1 Owner,No flood or frame damage,No odometer problems,KMHH35LE0JU028207,Car - Midsize,Clean,No Issue,Moderate,No Open Recalls,No Issue,No Issue,No CPO Info Available,No Issue,,,,,
2019,Hyundai,Tucson SEL,17998,83000,21 city/26 hwy,4-cyl,Gas,All Wheel Drive,Automatic,White/Tan,3 Owners,No flood or frame damage,No odometer problems,KM8J3CAL7KU984292,CUV - Midsize,Clean,No Issue,No Issue,No Open Recalls,No Issue,No Issue,No CPO Info Available,No Issue,,,,,
2022,Hyundai,Ioniq 5 Limited,37998,16000,,,,All Wheel Drive,,Gray/Gray,1 Owner,No flood or frame damage,No odometer problems,KM8KRDAF5NU090329,CUV - Midsize,Clean,No Issue,No Issue,No Open Recalls,No Issue,No Issue,No CPO Info Available,No Issue,110 city/87 hwy,256 miles,8.5 hours,,Electric
2021,Hyundai,Santa Fe Limited,27998,26000,22 city/28 hwy,4-cyl,Turbo Gas,Front Wheel Drive,Automatic,Red/Black,1 Owner,No flood or frame damage,No odometer problems,5NMS44AL5MH325617,CUV - Midsize,Clean,No Issue,No Issue,No Open Recalls,No Issue,No Issue,No CPO Info Available,No Issue,,,,,
2017,Hyundai,Accent SE,13998,49000,26 city/36 hwy,4-cyl,Gas,Front Wheel Drive,Automatic,Black/Tan,2 Owners,No flood or frame damage,No odometer problems,KMHCT4AE6HU321076,Car - Compact,Clean,No Issue,No Issue,1 Open Recall(s),No Issue,No Issue,No CPO Info Available,No Issue,,,,,
2016,Hyundai,Sonata SE,13998,94000,25 city/38 hwy,4-cyl,Gas,Front Wheel Drive,Automatic,White/Tan,2 Owners,No flood or frame damage,No odometer problems,5NPE24AF0GH374390,Car - Large,Clean,No Issue,Minor,No Open Recalls,No Issue,No Issue,No CPO Info Available,No Issue,,,,,
2019,Hyundai,Veloster R-Spec,20998,21000,26 city/33 hwy,4-cyl,Turbo Gas,Front Wheel Drive,Manual 6 Speed,Gray/Black,2 Owners,No flood or frame damage,No odometer problems,KMHTH6ABXKU020398,Sport Car - Compact,Clean,No Issue,Damage Reported,No Open Recalls,No Issue,No Issue,No CPO Info Available,No Issue,,,,,
2019,Hyundai,Santa Fe SE,19998,60000,21 city/27 hwy,,,,Automatic,Gray/Gray,3 Owners,No flood or frame damage,No odometer problems,5NMS2CAD9KH097188,CUV - Midsize,Clean,No Issue,No Issue,No Open Recalls,No Issue,No Issue,No CPO Info Available,No Issue,,,,,
2022,Hyundai,Tucson SEL,23998,29000,24 city/29 hwy,4-cyl,Gas,All Wheel Drive,Automatic,Gray/Black,1 Owner,No flood or frame damage,No odometer problems,5NMJBCAE7NH089549,CUV - Midsize,Clean,No Issue,No Issue,1 Open Recall(s),No Issue,No Issue,No CPO Info Available,No Issue,,,,,
2015,Hyundai,Santa Fe GLS,16998,84000,18 city/24 hwy,6-cyl,Gas,All Wheel Drive,Automatic,Silver/Gray,1 Owner,No flood or frame damage,No odometer problems,KM8SRDHF5FU122039,CUV - Midsize,Clean,No Issue,No Issue,No Open Recalls,No Issue,No Issue,No CPO Info Available,No Issue,,,,,
2020,Hyundai,Veloster N ,22998,66000,22 city/29 hwy,4-cyl,Turbo Gas,Front Wheel Drive,Manual 6 Speed,White/Black,1 Owner,No flood or frame damage,No odometer problems,KMHT36AHXLU004920,Sport Car - Compact,Clean,No Issue,No Issue,2 Open Recall(s),No Issue,No Issue,No CPO Info Available,No Issue,,,,,
2018,Hyundai,Sonata SEL,16998,42000,25 city/35 hwy,4-cyl,Gas,Front Wheel Drive,Automatic,Silver/Gray,3 Owners,No flood or frame damage,No odometer problems,5NPE34AF0JH717610,Car - Large,Clean,No Issue,Damage Reported,No Open Recalls,No Issue,No Issue,No CPO Info Available,No Issue,,,,,
2021,Hyundai,Venue SE,18998,29000,30 city/33 hwy,4-cyl,Gas,Front Wheel Drive,Automatic,Blue/Black,1 Owner,No flood or frame damage,No odometer problems,KMHRB8A35MU082374,CUV - Compact,Clean,No Issue,No Issue,No Open Recalls,No Issue,No Issue,No CPO Info Available,No Issue,,,,,
2022,Hyundai,Palisade Limited,37998,30000,19 city/24 hwy,,,,Automatic,Black/Black,1 Owner,No flood or frame damage,No odometer problems,KM8R5DHE3NU463147,CUV - Large,Clean,No Issue,No Issue,No Open Recalls,No Issue,No Issue,No CPO Info Available,No Issue,,,,,
2022,Hyundai,Palisade SEL,36998,29000,19 city/24 hwy,6-cyl,Gas,All Wheel Drive,Automatic,Black/Black,1 Owner,No flood or frame damage,No odometer problems,KM8R4DHE7NU344228,CUV - Large,Clean,No Issue,No Issue,1 Open Recall(s),No Issue,No Issue,No CPO Info Available,No Issue,,,,,
2022,Hyundai,Tucson SEL,24998,26000,24 city/29 hwy,4-cyl,Gas,All Wheel Drive,Automatic,Silver/Black,1 Owner,No flood or frame damage,No odometer problems,5NMJFCAE2NH143411,CUV - Midsize,Clean,No Issue,No Issue,No Open Recalls,No Issue,No Issue,No CPO Info Available,No Issue,,,,,
2020,Hyundai,Elantra SEL,17998,41000,30 city/40 hwy,4-cyl,Gas,Front Wheel Drive,Automatic,Gray/Black,1 Owner,No flood or frame damage,No odometer problems,KMHD84LF7LU927622,Car - Compact,Clean,No Issue,Minor,No Open Recalls,No Issue,No Issue,No CPO Info Available,No Issue,,,,,
2022,Hyundai,Elantra SEL,20998,57000,31 city/41 hwy,4-cyl,Gas,Front Wheel Drive,Automatic,Black/Gray,1 Owner,No flood or frame damage,No odometer problems,KMHLN4AG0NU253963,Car - Midsize,Clean,No Issue,No Issue,3 Open Recall(s),No Issue,No Issue,No CPO Info Available,No Issue,,,,,
2020,Hyundai,Tucson Value,19998,49000,22 city/25 hwy,4-cyl,Gas,All Wheel Drive,Automatic,Gray/Gray,1 Owner,No flood or frame damage,No odometer problems,KM8J3CA41LU186414,CUV - Midsize,Clean,No Issue,Damage Reported,No Open Recalls,No Issue,No Issue,No CPO Info Available,No Issue,,,,,
2022,Hyundai,Tucson SEL,22998,33000,26 city/33 hwy,4-cyl,Gas,Front Wheel Drive,Automatic,Red/Black,1 Owner,No flood or frame damage,No odometer problems,5NMJB3AE6NH138336,CUV - Midsize,Clean,No Issue,No Issue,No Open Recalls,No Issue,No Issue,No CPO Info Available,No Issue,,,,,
2022,Hyundai,Tucson Limited,29998,24000,24 city/29 hwy,4-cyl,Gas,All Wheel Drive,Automatic,Black/Black,1 Owner,No flood or frame damage,No odometer problems,5NMJECAE3NH052778,CUV - Midsize,Clean,No Issue,No Issue,1 Open Recall(s),No Issue,No Issue,No CPO Info Available,No Issue,,,,,
2015,Hyundai,Elantra SE,13998,49000,28 city/38 hwy,4-cyl,Gas,Front Wheel Drive,Automatic,White/Gray,3 Owners,No flood or frame damage,No odometer problems,5NPDH4AE6FH579339,Car - Compact,Clean,No Issue,No Issue,No Open Recalls,No Issue,No Issue,No CPO Info Available,No Issue,,,,,
2020,Hyundai,Santa Fe Limited,25998,36000,21 city/27 hwy,4-cyl,Gas,,Automatic,Red/Tan,1 Owner,No flood or frame damage,No odometer problems,5NMS5CAD0LH273022,CUV - Midsize,Clean,No Issue,No Issue,No Open Recalls,No Issue,No Issue,No CPO Info Available,No Issue,,,,,
2021,Hyundai,Sonata N Line,24998,41000,23 city/33 hwy,4-cyl,Turbo Gas,Front Wheel Drive,Automatic,Gray/Gray,1 Owner,No flood or frame damage,No odometer problems,5NPEK4JC8MH132805,Car - Large,Clean,No Issue,No Issue,No Open Recalls,No Issue,No Issue,No CPO Info Available,No Issue,,,,,
2022,Hyundai,Palisade Limited,39998,16000,19 city/26 hwy,6-cyl,Gas,Front Wheel Drive,Automatic,Black/Black,1 Owner,No flood or frame damage,No odometer problems,KM8R5DHE9NU416415,CUV - Large,Clean,No Issue,No Issue,1 Open Recall(s),No Issue,No Issue,No CPO Info Available,No Issue,,,,,
2015,Hyundai,Accent GLS,13599,47000,26 city/37 hwy,4-cyl,Gas,Front Wheel Drive,Automatic,White/Gray,2 Owners,No flood or frame damage,No odometer problems,KMHCT4AE4FU930633,Car - Compact,Clean,No Issue,Moderate,3 Open Recall(s),No Issue,No Issue,No CPO Info Available,No Issue,,,,,
2023,Hyundai,Elantra SEL,22998,13000,30 city/40 hwy,4-cyl,Gas,Front Wheel Drive,Automatic,Burgundy/Gray,1 Owner,No flood or frame damage,No odometer problems,KMHLS4AG5PU499421,Car - Midsize,Clean,No Issue,No Issue,No Open Recalls,No Issue,No Issue,No CPO Info Available,No Issue,,,,,
2022,Hyundai,Tucson SEL,24998,26000,24 city/29 hwy,4-cyl,Gas,All Wheel Drive,Automatic,Silver/Black,1 Owner,No flood or frame damage,No odometer problems,5NMJFCAE2NH097935,CUV - Midsize,Clean,No Issue,No Issue,No Open Recalls,No Issue,No Issue,No CPO Info Available,No Issue,,,,,
2023,Hyundai,Santa Fe Calligraphy,34998,23000,21 city/28 hwy,4-cyl,Turbo Gas,All Wheel Drive,Automatic,Silver/Black,1 Owner,No flood or frame damage,No odometer problems,5NMS5DAL3PH547462,CUV - Midsize,Clean,No Issue,No Issue,No Open Recalls,No Issue,No Issue,No CPO Info Available,No Issue,,,,,
2018,Hyundai,Sonata SEL,13998,104000,25 city/35 hwy,4-cyl,Gas,Front Wheel Drive,Automatic,White/Black,2 Owners,No flood or frame damage,No odometer problems,5NPE34AFXJH650062,Car - Large,Clean,No Issue,No Issue,No Open Recalls,No Issue,No Issue,No CPO Info Available,No Issue,,,,,
2023,Hyundai,Tucson SEL,27998,19000,23 city/28 hwy,4-cyl,Gas,All Wheel Drive,Automatic,Gray/Black,1 Owner,No flood or frame damage,No odometer problems,5NMJFCAE9PH293616,CUV - Midsize,Clean,No Issue,No Issue,No Open Recalls,No Issue,No Issue,No CPO Info Available,No Issue,,,,,
2014,Hyundai,Elantra SE,10599,117000,28 city/38 hwy,4-cyl,Gas,Front Wheel Drive,Automatic,Gray/Gray,3 Owners,No flood or frame damage,No odometer problems,5NPDH4AE7EH498526,Car - Compact,Clean,No Issue,Minor,2 Open Recall(s),No Issue,No Issue,No CPO Info Available,No Issue,,,,,
2017,Hyundai,Sonata ,13599,97000,25 city/36 hwy,4-cyl,Gas,Front Wheel Drive,Automatic,Silver/Gray,2 Owners,No flood or frame damage,No odometer problems,5NPE24AF3HH488806,Car - Large,Clean,No Issue,No Issue,No Open Recalls,No Issue,No Issue,No CPO Info Available,No Issue,,,,,
2020,Hyundai,Venue SE,17998,25000,30 city/34 hwy,4-cyl,Gas,Front Wheel Drive,Automatic,Green/Black,1 Owner,No flood or frame damage,No odometer problems,KMHRB8A34LU014839,CUV - Compact,Clean,No Issue,No Issue,No Open Recalls,No Issue,No Issue,No CPO Info Available,No Issue,,,,,
2019,Hyundai,Elantra SE,15998,56000,29 city/38 hwy,4-cyl,Gas,Front Wheel Drive,Automatic,Black/Gray,1 Owner,No flood or frame damage,No odometer problems,KMHD74LF6KU792330,Car - Compact,Clean,No Issue,No Issue,2 Open Recall(s),No Issue,No Issue,No CPO Info Available,No Issue,,,,,
2021,Hyundai,Tucson SEL,24998,5000,21 city/26 hwy,4-cyl,Gas,All Wheel Drive,Automatic,Gray/Gray,2 Owners,No flood or frame damage,No odometer problems,KM8J3CAL9MU379063,CUV - Midsize,Clean,No Issue,No Issue,No Open Recalls,No Issue,No Issue,OEM-Certified,No Issue,,,,,
2016,Hyundai,Elantra Value Edition,13998,69000,28 city/38 hwy,4-cyl,Gas,Front Wheel Drive,Automatic,Blue/Tan,3 Owners,No flood or frame damage,No odometer problems,5NPDH4AE5GH674427,Car - Compact,Clean,No Issue,Damage Reported,No Open Recalls,No Issue,No Issue,No CPO Info Available,No Issue,,,,,
2018,Hyundai,Elantra Value Edition,16998,38000,28 city/37 hwy,4-cyl,Gas,Front Wheel Drive,Automatic,Silver/Gray,2 Owners,No flood or frame damage,No odometer problems,5NPD84LF4JH368624,Car - Compact,Clean,No Issue,Minor,No Open Recalls,No Issue,No Issue,No CPO Info Available,No Issue,,,,,
2019,Hyundai,Elantra SE,16998,18000,29 city/38 hwy,4-cyl,Gas,Front Wheel Drive,Automatic,Black/Gray,1 Owner,No flood or frame damage,No odometer problems,KMHD74LF1KU792400,Car - Compact,Clean,No Issue,No Issue,2 Open Recall(s),No Issue,No Issue,No CPO Info Available,No Issue,,,,,
2021,Hyundai,Palisade Calligraphy,41998,18000,19 city/24 hwy,6-cyl,Gas,All Wheel Drive,Automatic,White/Black,1 Owner,No flood or frame damage,No odometer problems,KM8R7DHE4MU277447,CUV - Large,Clean,No Issue,No Issue,No Open Recalls,No Issue,No Issue,No CPO Info Available,No Issue,,,,,
2019,Hyundai,Tucson SE,15998,108000,22 city/25 hwy,4-cyl,Gas,All Wheel Drive,Automatic,Blue/Black,2 Owners,No flood or frame damage,No odometer problems,KM8J2CA4XKU937785,CUV - Midsize,Clean,No Issue,No Issue,No Open Recalls,No Issue,No Issue,No CPO Info Available,No Issue,,,,,
2022,Hyundai,Sonata SEL,22998,18000,27 city/37 hwy,4-cyl,Gas,Front Wheel Drive,Automatic,Blue/Gray,1 Owner,No flood or frame damage,No odometer problems,5NPEL4JA0NH143410,Car - Large,Clean,No Issue,No Issue,1 Open Recall(s),No Issue,No Issue,No CPO Info Available,No Issue,,,,,
2014,Hyundai,Elantra Sport,12998,85000,24 city/34 hwy,4-cyl,Gas,Front Wheel Drive,Manual 6 Speed,Blue/Tan,2 Owners,No flood or frame damage,No odometer problems,KMHDH4AH4EU148704,Car - Compact,Clean,No Issue,No Issue,No Open Recalls,No Issue,No Issue,No CPO Info Available,No Issue,,,,,
2023,Hyundai,Elantra SEL,22998,10000,30 city/40 hwy,4-cyl,Gas,Front Wheel Drive,Automatic,White/Black,1 Owner,No flood or frame damage,No odometer problems,5NPLM4AG2PH094240,Car - Midsize,Clean,No Issue,No Issue,1 Open Recall(s),No Issue,No Issue,No CPO Info Available,No Issue,,,,,
2021,Hyundai,Sonata SEL,21998,33000,27 city/37 hwy,4-cyl,Gas,Front Wheel Drive,Automatic,Silver/Black,1 Owner,No flood or frame damage,No odometer problems,5NPEF4JA5MH097045,Car - Large,Clean,No Issue,No Issue,No Open Recalls,No Issue,No Issue,OEM-Certified,No Issue,,,,,
