year,make,model,price,mileage,Miles per gallon,cylinders,fuel,Drive type,Transmission,Color,owner,frame_damage,Odometer_problem,VIN,class,State Title Brand,Auction Brand / Issues,Accident / Damage,Open Recall Check,Insurance Loss / Transfer,Odometer Check,Certified Pre-Owned,Service / Repair
2019,Infiniti,QX50 Luxe,23998,49000,24 city/30 hwy,4-cyl,Turbo Gas,All Wheel Drive,Automatic,White/Black,2 Owners,No flood or frame damage,No odometer problems,3PCAJ5M32KF132717,CUV - Compact Luxury,Clean,No Issue,Damage Reported,No Open Recalls,No Issue,No Issue,No CPO Info Available,No Issue
2019,Infiniti,QX50 Essential,24998,40000,24 city/30 hwy,4-cyl,Turbo Gas,All Wheel Drive,Automatic,Gray/Black,2 Owners,No flood or frame damage,No odometer problems,3PCAJ5M36KF116133,CUV - Compact Luxury,Clean,No Issue,No Issue,No Open Recalls,No Issue,No Issue,No CPO Info Available,No Issue
2019,Infiniti,QX50 Essential,23998,45000,24 city/31 hwy,4-cyl,Turbo Gas,Front Wheel Drive,Automatic,Silver/Black,2 Owners,No flood or frame damage,No odometer problems,3PCAJ5M18KF130534,CUV - Compact Luxury,Clean,No Issue,No Issue,No Open Recalls,No Issue,No Issue,No CPO Info Available,No Issue
2017,Infiniti,QX60 ,24998,49000,19 city/26 hwy,6-cyl,Gas,All Wheel Drive,Automatic,White/Black,1 Owner,No flood or frame damage,No odometer problems,5N1DL0MM7HC543907,CUV - Large Luxury,Clean,No Issue,Damage Reported,No Open Recalls,No Issue,No Issue,No CPO Info Available,No Issue
2023,Infiniti,QX60 Pure,38998,26000,20 city/25 hwy,6-cyl,Gas,All Wheel Drive,Automatic,Black/Black,1 Owner,No flood or frame damage,No odometer problems,5N1DL1ES5PC330648,CUV - Large Luxury,Clean,No Issue,No Issue,No Open Recalls,No Issue,No Issue,No CPO Info Available,No Issue
2018,Infiniti,QX80 ,29998,76000,13 city/19 hwy,8-cyl,Gas,All Wheel Drive,Automatic,Brown/Black,2 Owners,No flood or frame damage,No odometer problems,JN8AZ2NC4J9441396,SUV - Large Luxury,Clean,No Issue,No Issue,No Open Recalls,No Issue,No Issue,No CPO Info Available,No Issue
2019,Infiniti,QX50 Essential,25998,54000,24 city/30 hwy,4-cyl,Turbo Gas,All Wheel Drive,Automatic,Black/Cream,1 Owner,No flood or frame damage,No odometer problems,3PCAJ5M30KF117102,CUV - Compact Luxury,Clean,No Issue,No Issue,No Open Recalls,No Issue,No Issue,No CPO Info Available,No Issue
2015,Infiniti,Q50 ,19998,75000,19 city/27 hwy,6-cyl,Gas,All Wheel Drive,Automatic,Black/Black,3 Owners,No flood or frame damage,No odometer problems,JN1BV7AR2FM419701,Car - Midsize Luxury,Clean,No Issue,No Issue,No Open Recalls,No Issue,No Issue,No CPO Info Available,No Issue
2022,Infiniti,QX80 Luxe,47998,24000,13 city/19 hwy,8-cyl,Gas,Four Wheel Drive,Automatic,Tan/Champagne,2 Owners,No flood or frame damage,No odometer problems,JN8AZ2AE6N9290901,SUV - Large Luxury,Clean,No Issue,No Issue,No Open Recalls,No Issue,No Issue,OEM-Certified,No Issue
2020,Infiniti,QX50 Luxe,22998,62000,22 city/28 hwy,4-cyl,Turbo Gas,All Wheel Drive,Automatic,Black/Black,2 Owners,No flood or frame damage,No odometer problems,3PCAJ5M33LF106483,CUV - Midsize Luxury,Clean,No Issue,No Issue,No Open Recalls,No Issue,No Issue,No CPO Info Available,No Issue
2018,Infiniti,QX80 ,26998,87000,13 city/19 hwy,8-cyl,Gas,All Wheel Drive,Automatic,Gray/Black,2 Owners,No flood or frame damage,No odometer problems,JN8AZ2NE4J9193667,SUV - Large Luxury,Clean,No Issue,No Issue,No Open Recalls,No Issue,No Issue,No CPO Info Available,No Issue
2021,Infiniti,QX50 Luxe,28998,30000,22 city/28 hwy,4-cyl,Turbo Gas,All Wheel Drive,Automatic,Blue/Black,1 Owner,No flood or frame damage,No odometer problems,3PCAJ5BB4MF109369,CUV - Midsize Luxury,Clean,No Issue,No Issue,No Open Recalls,No Issue,No Issue,No CPO Info Available,No Issue
2015,Infiniti,Q70 L,18998,100000,18 city/26 hwy,6-cyl,Gas,Rear Wheel Drive,Automatic,Black/Black,2 Owners,No flood or frame damage,No odometer problems,JN1BY1PP4FM600261,Car - Large Luxury,Clean,No Issue,No Issue,No Open Recalls,No Issue,No Issue,No CPO Info Available,No Issue
2019,Infiniti,QX30 Luxe,23998,29000,21 city/30 hwy,4-cyl,Turbo Gas,All Wheel Drive,Automatic,White/Taupe,1 Owner,No flood or frame damage,No odometer problems,SJKCH5CRXKA010302,CUV - Compact Luxury,Clean,No Issue,No Issue,No Open Recalls,No Issue,No Issue,No CPO Info Available,No Issue
2015,Infiniti,QX60 ,22998,47000,19 city/26 hwy,6-cyl,Gas,All Wheel Drive,Automatic,Pearl/Black,2 Owners,No flood or frame damage,No odometer problems,5N1AL0MM2FC529235,CUV - Large Luxury,Clean,No Issue,No Issue,No Open Recalls,No Issue,No Issue,No CPO Info Available,No Issue
2016,Infiniti,Q50 Premium,19998,79000,19 city/27 hwy,,,,Automatic,Black/Tan,2 Owners,No flood or frame damage,No odometer problems,JN1EV7AR4GM343042,Car - Midsize Luxury,Clean,No Issue,Minor,No Open Recalls,No Issue,No Issue,No CPO Info Available,No Issue
2020,Infiniti,QX50 Essential,25998,61000,22 city/28 hwy,,,,Automatic,White/Black,1 Owner,No flood or frame damage,No odometer problems,3PCAJ5M3XLF108859,CUV - Midsize Luxury,Clean,No Issue,Damage Reported,No Open Recalls,No Issue,No Issue,No CPO Info Available,No Issue
2022,Infiniti,QX60 Sensory,42998,40000,20 city/25 hwy,6-cyl,Gas,All Wheel Drive,Automatic,Gray/Black,1 Owner,No flood or frame damage,No odometer problems,5N1DL1GS0NC331703,CUV - Large Luxury,Clean,No Issue,No Issue,No Open Recalls,No Issue,No Issue,No CPO Info Available,No Issue
2020,Infiniti,QX60 Luxe,29998,27000,19 city/26 hwy,6-cyl,Gas,All Wheel Drive,Automatic,Black/Black,1 Owner,No flood or frame damage,No odometer problems,5N1DL0MM8LC505661,CUV - Large Luxury,Clean,No Issue,No Issue,No Open Recalls,No Issue,No Issue,OEM-Certified,No Issue
2021,Infiniti,QX50 Luxe,27998,44000,22 city/28 hwy,4-cyl,Turbo Gas,All Wheel Drive,Automatic,Black/Black,2 Owners,No flood or frame damage,No odometer problems,3PCAJ5BB5MF116749,CUV - Midsize Luxury,Clean,No Issue,No Issue,No Open Recalls,No Issue,No Issue,OEM-Certified,No Issue
2019,Infiniti,QX60 Luxe,24998,72000,19 city/26 hwy,6-cyl,Gas,All Wheel Drive,Automatic,Blue/Black,1 Owner,No flood or frame damage,No odometer problems,5N1DL0MM6KC562083,CUV - Large Luxury,Clean,No Issue,Moderate,No Open Recalls,No Issue,No Issue,No CPO Info Available,No Issue
2021,Infiniti,QX80 Luxe,33998,72000,13 city/19 hwy,,,,Automatic,Gray/Black,2 Owners,No flood or frame damage,No odometer problems,JN8AZ2AE6M9270243,SUV - Large Luxury,Clean,No Issue,No Issue,No Open Recalls,No Issue,No Issue,No CPO Info Available,No Issue
2019,Infiniti,QX60 Luxe,29998,34000,19 city/26 hwy,6-cyl,Gas,All Wheel Drive,Automatic,Black/Black,1 Owner,No flood or frame damage,No odometer problems,5N1DL0MM5KC525297,CUV - Large Luxury,Clean,No Issue,No Issue,No Open Recalls,No Issue,No Issue,No CPO Info Available,No Issue
2019,Infiniti,QX50 Luxe,24998,45000,24 city/30 hwy,4-cyl,Turbo Gas,All Wheel Drive,Automatic,Blue/Tan,2 Owners,No flood or frame damage,No odometer problems,3PCAJ5M36KF146961,CUV - Compact Luxury,Clean,No Issue,No Issue,No Open Recalls,No Issue,No Issue,No CPO Info Available,No Issue
2019,Infiniti,QX50 Luxe,25998,43000,24 city/30 hwy,4-cyl,Turbo Gas,All Wheel Drive,Automatic,White/Tan,2 Owners,No flood or frame damage,No odometer problems,3PCAJ5M38KF147092,CUV - Compact Luxury,Clean,No Issue,No Issue,No Open Recalls,No Issue,No Issue,No CPO Info Available,No Issue
2022,Infiniti,QX55 Sensory,35899,31000,22 city/28 hwy,,,,Automatic,White/Black,3 Owners,No flood or frame damage,No odometer problems,3PCAJ5L38NF101803,CUV - Compact Luxury,Clean,No Issue,No Issue,No Open Recalls,No Issue,No Issue,OEM-Certified,No Issue
2019,Infiniti,QX60 Luxe,25998,43000,19 city/26 hwy,6-cyl,Gas,All Wheel Drive,Automatic,Blue/Tan,2 Owners,No flood or frame damage,No odometer problems,5N1DL0MM4KC549090,CUV - Large Luxury,Clean,No Issue,Minor,No Open Recalls,No Issue,No Issue,No CPO Info Available,No Issue
2015,Infiniti,QX70 ,20998,53000,16 city/22 hwy,6-cyl,Gas,All Wheel Drive,Automatic,Blue/Black,3 Owners,No flood or frame damage,No odometer problems,JN8CS1MW1FM482818,CUV - Compact Luxury,Clean,No Issue,Moderate,No Open Recalls,No Issue,No Issue,No CPO Info Available,No Issue
2019,Infiniti,QX60 Pure,24998,53000,19 city/26 hwy,6-cyl,Gas,All Wheel Drive,Automatic,White/Black,1 Owner,No flood or frame damage,No odometer problems,5N1DL0MM8KC513600,CUV - Large Luxury,Clean,No Issue,No Issue,No Open Recalls,No Issue,No Issue,No CPO Info Available,No Issue
2020,Infiniti,QX50 Luxe,24998,53000,22 city/28 hwy,4-cyl,Turbo Gas,All Wheel Drive,Automatic,Silver/Black,2 Owners,No flood or frame damage,No odometer problems,3PCAJ5M37LF107152,CUV - Midsize Luxury,Clean,No Issue,No Issue,No Open Recalls,No Issue,No Issue,No CPO Info Available,No Issue
2017,Infiniti,QX30 Premium,18998,78000,21 city/30 hwy,4-cyl,Turbo Gas,All Wheel Drive,Automatic,Black/Tan,3 Owners,No flood or frame damage,No odometer problems,SJKCH5CR4HA036077,CUV - Compact Luxury,Clean,No Issue,No Issue,No Open Recalls,No Issue,No Issue,No CPO Info Available,No Issue
2021,Infiniti,Q60 Red Sport 400,46998,15000,19 city/26 hwy,6-cyl,Turbo Gas,All Wheel Drive,Automatic,Red/Black,3 Owners,No flood or frame damage,No odometer problems,JN1FV7LLXMM560765,Car - Subcompact Luxury,Clean,No Issue,No Issue,No Open Recalls,No Issue,No Issue,No CPO Info Available,No Issue
2018,Infiniti,QX60 ,26998,28000,19 city/26 hwy,6-cyl,Gas,All Wheel Drive,Automatic,Black/Black,1 Owner,No flood or frame damage,No odometer problems,5N1DL0MMXJC527867,CUV - Large Luxury,Clean,No Issue,No Issue,No Open Recalls,No Issue,No Issue,No CPO Info Available,No Issue
2016,Infiniti,QX50 ,15998,106000,17 city/24 hwy,6-cyl,Gas,All Wheel Drive,Automatic,Burgundy/Burgundy,1 Owner,No flood or frame damage,No odometer problems,JN1BJ0RR7GM262157,CUV - Compact Luxury,Clean,No Issue,Moderate,No Open Recalls,No Issue,No Issue,No CPO Info Available,No Issue
2019,Infiniti,QX50 Luxe,26998,31000,24 city/31 hwy,,,,Automatic,Blue/Tan,2 Owners,No flood or frame damage,No odometer problems,3PCAJ5M30KF133560,CUV - Compact Luxury,Clean,No Issue,No Issue,No Open Recalls,No Issue,No Issue,No CPO Info Available,No Issue
2019,Infiniti,QX50 Luxe,22998,61000,24 city/30 hwy,4-cyl,Turbo Gas,All Wheel Drive,Automatic,Gray/Black,2 Owners,No flood or frame damage,No odometer problems,3PCAJ5M39KF139552,CUV - Compact Luxury,Clean,No Issue,No Issue,No Open Recalls,No Issue,No Issue,No CPO Info Available,No Issue
2023,Infiniti,QX60 Pure,38998,20000,20 city/25 hwy,6-cyl,Gas,All Wheel Drive,Automatic,Black/Black,1 Owner,No flood or frame damage,No odometer problems,5N1DL1ES4PC375905,CUV - Large Luxury,Clean,No Issue,No Issue,No Open Recalls,No Issue,No Issue,No CPO Info Available,No Issue
2013,Infiniti,G37 Journey,15998,83000,19 city/27 hwy,6-cyl,Gas,Rear Wheel Drive,Automatic,Black/Cream,4 Owners,No flood or frame damage,No odometer problems,JN1CV6AP5DM720523,Car - Midsize Luxury,Clean,No Issue,Minor-Moderate,No Open Recalls,No Issue,No Issue,No CPO Info Available,No Issue
2022,Infiniti,QX60 Sensory,43998,35000,20 city/25 hwy,6-cyl,Gas,All Wheel Drive,Automatic,Gray/Gray,1 Owner,No flood or frame damage,No odometer problems,5N1DL1GS0NC338778,CUV - Large Luxury,Clean,No Issue,Moderate,1 Open Recall(s),No Issue,No Issue,No CPO Info Available,No Issue
2019,Infiniti,Q50 Signature Edition,24998,57000,19 city/27 hwy,6-cyl,Turbo Gas,All Wheel Drive,Automatic,White/Black,1 Owner,No flood or frame damage,No odometer problems,JN1EV7AR6KM592256,Car - Midsize Luxury,Clean,No Issue,No Issue,No Open Recalls,No Issue,No Issue,No CPO Info Available,No Issue
2018,Infiniti,Q50 Luxe,26998,16000,19 city/27 hwy,6-cyl,Turbo Gas,All Wheel Drive,Automatic,Black/Tan,1 Owner,No flood or frame damage,No odometer problems,JN1EV7ARXJM610515,Car - Midsize Luxury,Clean,No Issue,Moderate,No Open Recalls,No Issue,No Issue,No CPO Info Available,No Issue
2023,Infiniti,QX80 Premium Select,47998,36000,14 city/20 hwy,8-cyl,Gas,Rear Wheel Drive,Automatic,Gray/Black,0 Owner,No flood or frame damage,No odometer problems,JN8AZ2AF5P9757169,SUV - Large Luxury,Clean,No Issue,No Issue,No Open Recalls,No Issue,No Issue,No CPO Info Available,No Issue
2020,Infiniti,QX50 Sensory,29998,37000,22 city/28 hwy,4-cyl,Turbo Gas,All Wheel Drive,Automatic,Blue/Gray,2 Owners,No flood or frame damage,No odometer problems,3PCAJ5M35LF106713,CUV - Midsize Luxury,Clean,No Issue,No Issue,No Open Recalls,No Issue,No Issue,OEM-Certified,No Issue
2019,Infiniti,QX60 Luxe,26998,48000,19 city/26 hwy,6-cyl,Gas,All Wheel Drive,Automatic,Black/Black,2 Owners,No flood or frame damage,No odometer problems,5N1DL0MM6KC513109,CUV - Large Luxury,Clean,No Issue,No Issue,No Open Recalls,No Issue,No Issue,No CPO Info Available,No Issue
2020,Infiniti,QX60 Pure,24998,60000,20 city/27 hwy,6-cyl,Gas,Front Wheel Drive,Automatic,Gray/Black,2 Owners,No flood or frame damage,No odometer problems,5N1DL0MN4LC513765,CUV - Large Luxury,Clean,No Issue,No Issue,No Open Recalls,No Issue,No Issue,No CPO Info Available,No Issue
2020,Infiniti,QX60 Pure,26998,47000,19 city/26 hwy,6-cyl,Gas,All Wheel Drive,Automatic,Blue/Gray,1 Owner,No flood or frame damage,No odometer problems,5N1DL0MM3LC540284,CUV - Large Luxury,Clean,No Issue,No Issue,No Open Recalls,No Issue,No Issue,No CPO Info Available,No Issue
2019,Infiniti,Q60 Luxe,33998,19000,19 city/27 hwy,6-cyl,Turbo Gas,All Wheel Drive,Automatic,Blue/Black,1 Owner,No flood or frame damage,No odometer problems,JN1EV7EL3KM291319,Car - Subcompact Luxury,Clean,No Issue,Damage Reported,No Open Recalls,No Issue,No Issue,No CPO Info Available,No Issue
2021,Infiniti,QX80 Luxe,37998,48000,14 city/20 hwy,8-cyl,Gas,Rear Wheel Drive,Automatic,Black/Black,1 Owner,No flood or frame damage,No odometer problems,JN8AZ2AF3M9719323,SUV - Large Luxury,Clean,No Issue,No Issue,No Open Recalls,No Issue,No Issue,No CPO Info Available,No Issue
2023,Infiniti,QX55 Essential,40998,10000,22 city/28 hwy,4-cyl,Turbo Gas,All Wheel Drive,Automatic,Gray/Black,1 Owner,No flood or frame damage,No odometer problems,3PCAJ5KR7PF116298,CUV - Compact Luxury,Clean,No Issue,No Issue,No Open Recalls,No Issue,No Issue,No CPO Info Available,No Issue
2022,Infiniti,QX80 Luxe,39998,48000,13 city/20 hwy,8-cyl,Gas,Four Wheel Drive,Automatic,Gray/Black,1 Owner,No flood or frame damage,No odometer problems,JN8AZ2AF3N9742067,SUV - Large Luxury,Clean,No Issue,No Issue,No Open Recalls,No Issue,No Issue,No CPO Info Available,No Issue
2017,Infiniti,QX60 ,22998,63000,19 city/26 hwy,6-cyl,Gas,All Wheel Drive,Automatic,White/Tan,2 Owners,No flood or frame damage,No odometer problems,5N1DL0MM0HC517889,CUV - Large Luxury,Clean,No Issue,Minor,No Open Recalls,No Issue,No Issue,No CPO Info Available,No Issue
2020,Infiniti,QX60 Luxe,26998,40000,20 city/27 hwy,6-cyl,Gas,Front Wheel Drive,Automatic,Gray/Black,2 Owners,No flood or frame damage,No odometer problems,5N1DL0MN9LC514877,CUV - Large Luxury,Clean,No Issue,Moderate,No Open Recalls,No Issue,No Issue,No CPO Info Available,No Issue
2016,Infiniti,QX50 ,15998,112000,17 city/24 hwy,6-cyl,Gas,All Wheel Drive,Automatic,Black/Black,1 Owner,No flood or frame damage,No odometer problems,JN1BJ0RR1GM265460,CUV - Compact Luxury,Clean,No Issue,Moderate,No Open Recalls,No Issue,No Issue,No CPO Info Available,No Issue
2021,Infiniti,QX50 Luxe,30998,23000,22 city/28 hwy,4-cyl,Turbo Gas,All Wheel Drive,Automatic,Black/Tan,1 Owner,No flood or frame damage,No odometer problems,3PCAJ5BB0MF115637,CUV - Midsize Luxury,Clean,No Issue,No Issue,No Open Recalls,No Issue,No Issue,No CPO Info Available,No Issue
2019,Infiniti,QX50 Luxe,27998,17000,24 city/30 hwy,4-cyl,Turbo Gas,All Wheel Drive,Automatic,Black/Black,2 Owners,No flood or frame damage,No odometer problems,3PCAJ5M31KF120008,CUV - Compact Luxury,Clean,No Issue,No Issue,No Open Recalls,No Issue,No Issue,OEM-Certified,No Issue
2020,Infiniti,QX60 Luxe,26998,54000,19 city/26 hwy,6-cyl,Gas,All Wheel Drive,Automatic,Black/Black,3 Owners,No flood or frame damage,No odometer problems,5N1DL0MM9LC512697,CUV - Large Luxury,Clean,No Issue,No Issue,No Open Recalls,No Issue,No Issue,No CPO Info Available,No Issue
2021,Infiniti,QX50 Sensory,29998,39000,22 city/28 hwy,4-cyl,Turbo Gas,All Wheel Drive,Automatic,Brown/White,1 Owner,No flood or frame damage,No odometer problems,3PCAJ5CB9MF114677,CUV - Midsize Luxury,Clean,No Issue,No Issue,No Open Recalls,No Issue,No Issue,No CPO Info Available,No Issue
2018,Infiniti,QX30 Essential,20998,52000,21 city/30 hwy,4-cyl,Turbo Gas,All Wheel Drive,Automatic,Gray/Black,1 Owner,No flood or frame damage,No odometer problems,SJKCH5CR4JA005885,CUV - Compact Luxury,Clean,No Issue,Damage Reported,No Open Recalls,No Issue,No Issue,No CPO Info Available,No Issue
2018,Infiniti,QX60 ,23998,52000,19 city/26 hwy,,,,Automatic,Gray/Black,6 Owners,No flood or frame damage,No odometer problems,5N1DL0MN7JC509402,CUV - Large Luxury,Clean,No Issue,No Issue,No Open Recalls,No Issue,No Issue,No CPO Info Available,No Issue
2016,Infiniti,Q50 Premium,20998,79000,19 city/27 hwy,6-cyl,Turbo Gas,All Wheel Drive,Automatic,Gray/Black,2 Owners,No flood or frame damage,No odometer problems,JN1EV7AR1GM342771,Car - Midsize Luxury,Clean,No Issue,Damage Reported,No Open Recalls,No Issue,No Issue,No CPO Info Available,No Issue
2020,Infiniti,QX60 Signature Edition,32998,26000,19 city/26 hwy,6-cyl,Gas,All Wheel Drive,Automatic,White/Black,1 Owner,No flood or frame damage,No odometer problems,5N1DL0MM0LC548343,CUV - Large Luxury,Clean,No Issue,Minor,No Open Recalls,No Issue,No Issue,No CPO Info Available,No Issue
2019,Infiniti,QX60 Pure,27998,27000,19 city/26 hwy,6-cyl,Gas,All Wheel Drive,Automatic,Blue/Black,2 Owners,No flood or frame damage,No odometer problems,5N1DL0MM8KC504492,CUV - Large Luxury,Clean,No Issue,Minor,No Open Recalls,No Issue,No Issue,No CPO Info Available,No Issue
2021,Infiniti,QX50 Luxe,27998,35000,23 city/29 hwy,4-cyl,Turbo Gas,Front Wheel Drive,Automatic,Black/Black,1 Owner,No flood or frame damage,No odometer problems,3PCAJ5BA7MF105016,CUV - Midsize Luxury,Clean,No Issue,No Issue,No Open Recalls,No Issue,No Issue,No CPO Info Available,No Issue
2021,Infiniti,Q50 Luxe,28998,32000,19 city/27 hwy,6-cyl,Turbo Gas,All Wheel Drive,Automatic,Black/Black,2 Owners,No flood or frame damage,No odometer problems,JN1EV7BR2MM751162,Car - Midsize Luxury,Clean,No Issue,No Issue,No Open Recalls,No Issue,No Issue,OEM-Certified,No Issue
2021,Infiniti,QX50 Luxe,28998,39000,22 city/28 hwy,4-cyl,Turbo Gas,All Wheel Drive,Automatic,White/Black,2 Owners,No flood or frame damage,No odometer problems,3PCAJ5BB7MF115117,CUV - Midsize Luxury,Clean,No Issue,No Issue,No Open Recalls,No Issue,No Issue,No CPO Info Available,No Issue
2021,Infiniti,QX50 Luxe,28998,31000,22 city/28 hwy,4-cyl,Turbo Gas,All Wheel Drive,Automatic,Blue/Tan,1 Owner,No flood or frame damage,No odometer problems,3PCAJ5BB5MF113639,CUV - Midsize Luxury,Clean,No Issue,No Issue,No Open Recalls,No Issue,No Issue,No CPO Info Available,No Issue
2019,Infiniti,QX60 Luxe,26998,53000,19 city/26 hwy,6-cyl,Gas,All Wheel Drive,Automatic,Gray/Black,2 Owners,No flood or frame damage,No odometer problems,5N1DL0MM5KC510962,CUV - Large Luxury,Clean,No Issue,Damage Reported,No Open Recalls,No Issue,No Issue,No CPO Info Available,No Issue
2017,Infiniti,Q50 Premium,20998,75000,20 city/29 hwy,6-cyl,Turbo Gas,Rear Wheel Drive,Automatic,Black/Tan,3 Owners,No flood or frame damage,No odometer problems,JN1EV7AP6HM738467,Car - Midsize Luxury,Clean,No Issue,Damage Reported,No Open Recalls,No Issue,No Issue,No CPO Info Available,No Issue
2021,Infiniti,QX80 Sensory,51998,42000,13 city/19 hwy,8-cyl,Gas,All Wheel Drive,Automatic,White/Brown,2 Owners,No flood or frame damage,No odometer problems,JN8AZ2BE6M9268751,SUV - Large Luxury,Clean,No Issue,No Issue,No Open Recalls,No Issue,No Issue,OEM-Certified,No Issue
2019,Infiniti,QX60 Luxe,26998,56000,19 city/26 hwy,6-cyl,Gas,All Wheel Drive,Automatic,Black/Tan,1 Owner,No flood or frame damage,No odometer problems,5N1DL0MM6KC529035,CUV - Large Luxury,Clean,No Issue,No Issue,1 Open Recall(s),No Issue,No Issue,No CPO Info Available,No Issue
2020,Infiniti,QX50 Luxe,27998,34000,22 city/28 hwy,4-cyl,Turbo Gas,All Wheel Drive,Automatic,White/Black,2 Owners,No flood or frame damage,No odometer problems,3PCAJ5M38LF110111,CUV - Midsize Luxury,Clean,No Issue,No Issue,No Open Recalls,No Issue,No Issue,No CPO Info Available,No Issue
2016,Infiniti,Q50 Premium,21998,55000,23 city/31 hwy,4-cyl,Turbo Gas,Rear Wheel Drive,Automatic,Black/Black,2 Owners,No flood or frame damage,No odometer problems,JN1CV7AP9GM201338,Car - Midsize Luxury,Clean,No Issue,No Issue,No Open Recalls,No Issue,No Issue,No CPO Info Available,No Issue
2015,Infiniti,QX60 ,20998,63000,19 city/26 hwy,6-cyl,Gas,All Wheel Drive,Automatic,Gray/Black,1 Owner,No flood or frame damage,No odometer problems,5N1AL0MM5FC521484,CUV - Large Luxury,Clean,No Issue,Damage Reported,No Open Recalls,No Issue,No Issue,No CPO Info Available,No Issue
2022,Infiniti,QX55 Essential,37998,28000,22 city/28 hwy,4-cyl,Turbo Gas,All Wheel Drive,Automatic,Black/Black,3 Owners,No flood or frame damage,No odometer problems,3PCAJ5K34NF106336,CUV - Compact Luxury,Clean,No Issue,No Issue,No Open Recalls,No Issue,No Issue,OEM-Certified,No Issue
2013,Infiniti,G37 Journey,15998,93000,19 city/27 hwy,6-cyl,Gas,Rear Wheel Drive,Automatic,White/Black,2 Owners,No flood or frame damage,No odometer problems,JN1CV6APXDM719853,Car - Midsize Luxury,Clean,No Issue,Minor,No Open Recalls,No Issue,No Issue,No CPO Info Available,No Issue
2020,Infiniti,QX60 Pure,25998,43000,20 city/27 hwy,6-cyl,Gas,Front Wheel Drive,Automatic,Blue/Black,3 Owners,No flood or frame damage,No odometer problems,5N1DL0MN5LC532275,CUV - Large Luxury,Clean,No Issue,No Issue,No Open Recalls,No Issue,No Issue,No CPO Info Available,No Issue
2022,Infiniti,QX80 Luxe,39998,48000,14 city/20 hwy,8-cyl,Gas,Rear Wheel Drive,Automatic,Gray/Black,1 Owner,No flood or frame damage,No odometer problems,JN8AZ2AF3N9741663,SUV - Large Luxury,Clean,No Issue,No Issue,No Open Recalls,No Issue,No Issue,No CPO Info Available,No Issue
2015,Infiniti,Q70 L,18998,107000,16 city/23 hwy,8-cyl,Gas,All Wheel Drive,Automatic,Black/Black,1 Owner,No flood or frame damage,No odometer problems,JN1AY1PR6FM180080,Car - Large Luxury,Clean,No Issue,Damage Reported,No Open Recalls,No Issue,No Issue,No CPO Info Available,No Issue
2020,Infiniti,QX60 Pure,24998,55000,19 city/26 hwy,6-cyl,Gas,All Wheel Drive,Automatic,Gray/Black,1 Owner,No flood or frame damage,No odometer problems,5N1DL0MM2LC539336,CUV - Large Luxury,Clean,No Issue,Minor,No Open Recalls,No Issue,No Issue,No CPO Info Available,No Issue
2019,Infiniti,QX60 Luxe,25998,42000,20 city/27 hwy,6-cyl,Gas,Front Wheel Drive,Automatic,White/Brown,2 Owners,No flood or frame damage,No odometer problems,5N1DL0MN5KC527740,CUV - Large Luxury,Clean,No Issue,Minor,No Open Recalls,No Issue,No Issue,No CPO Info Available,No Issue
2020,Infiniti,QX50 Sensory,27998,30000,22 city/28 hwy,4-cyl,Turbo Gas,All Wheel Drive,Automatic,Black/Black,1 Owner,No flood or frame damage,No odometer problems,3PCAJ5M3XLF101278,CUV - Midsize Luxury,Clean,No Issue,No Issue,No Open Recalls,No Issue,No Issue,No CPO Info Available,No Issue
2022,Infiniti,QX60 Luxe,44998,9000,20 city/25 hwy,6-cyl,Gas,All Wheel Drive,Automatic,Tan/Black,1 Owner,No flood or frame damage,No odometer problems,5N1DL1FSXNC343715,CUV - Large Luxury,Clean,No Issue,No Issue,No Open Recalls,No Issue,No Issue,No CPO Info Available,No Issue
2021,Infiniti,QX50 Luxe,28998,33000,22 city/28 hwy,4-cyl,Turbo Gas,All Wheel Drive,Automatic,White/Black,1 Owner,No flood or frame damage,No odometer problems,3PCAJ5BBXMF100093,CUV - Midsize Luxury,Clean,No Issue,Moderate,No Open Recalls,No Issue,No Issue,No CPO Info Available,No Issue
2021,Infiniti,QX50 Luxe,27998,34000,22 city/28 hwy,4-cyl,Turbo Gas,All Wheel Drive,Automatic,Black/Black,1 Owner,No flood or frame damage,No odometer problems,3PCAJ5BBXMF110977,CUV - Midsize Luxury,Clean,No Issue,Minor,No Open Recalls,No Issue,No Issue,No CPO Info Available,No Issue
2017,Infiniti,QX70 ,17998,103000,16 city/22 hwy,6-cyl,Gas,All Wheel Drive,Automatic,Gray/Gray,3 Owners,No flood or frame damage,No odometer problems,JN8CS1MW9HM410669,CUV - Compact Luxury,Clean,No Issue,Minor,No Open Recalls,No Issue,No Issue,No CPO Info Available,No Issue
2022,Infiniti,QX80 Luxe,44998,22000,14 city/20 hwy,8-cyl,Gas,Rear Wheel Drive,Automatic,Blue/Black,1 Owner,No flood or frame damage,No odometer problems,JN8AZ2AFXN9741983,SUV - Large Luxury,Clean,No Issue,No Issue,No Open Recalls,No Issue,No Issue,No CPO Info Available,No Issue
2020,Infiniti,QX60 Signature Edition,30998,32000,19 city/26 hwy,6-cyl,Gas,All Wheel Drive,Automatic,Gray/Tan,1 Owner,No flood or frame damage,No odometer problems,5N1DL0MM0LC545488,CUV - Large Luxury,Clean,No Issue,No Issue,1 Open Recall(s),No Issue,No Issue,No CPO Info Available,No Issue
2019,Infiniti,QX50 Essential,25998,49000,24 city/30 hwy,4-cyl,Turbo Gas,All Wheel Drive,Automatic,Black/Black,2 Owners,No flood or frame damage,No odometer problems,3PCAJ5M31KF112040,CUV - Compact Luxury,Clean,No Issue,No Issue,No Open Recalls,No Issue,No Issue,No CPO Info Available,No Issue
2020,Infiniti,QX60 Pure,26998,46000,19 city/26 hwy,6-cyl,Gas,All Wheel Drive,Automatic,White/Tan,2 Owners,No flood or frame damage,No odometer problems,5N1DL0MM2LC529907,CUV - Large Luxury,Clean,No Issue,No Issue,No Open Recalls,No Issue,No Issue,No CPO Info Available,No Issue
2021,Infiniti,QX50 Luxe,28998,28000,22 city/28 hwy,4-cyl,Turbo Gas,All Wheel Drive,Automatic,Gray/Black,1 Owner,No flood or frame damage,No odometer problems,3PCAJ5BB1MF115534,CUV - Midsize Luxury,Clean,No Issue,No Issue,No Open Recalls,No Issue,No Issue,No CPO Info Available,No Issue
2021,Infiniti,QX50 Pure,27998,21000,22 city/28 hwy,4-cyl,Turbo Gas,All Wheel Drive,Automatic,Silver/Black,1 Owner,No flood or frame damage,No odometer problems,3PCAJ5ABXMF107854,CUV - Midsize Luxury,Clean,No Issue,No Issue,No Open Recalls,No Issue,No Issue,No CPO Info Available,No Issue
2018,Infiniti,QX60 ,26998,45000,19 city/26 hwy,6-cyl,Gas,All Wheel Drive,Automatic,Black/Black,1 Owner,No flood or frame damage,No odometer problems,5N1DL0MM9JC532073,CUV - Large Luxury,Clean,No Issue,No Issue,No Open Recalls,No Issue,No Issue,No CPO Info Available,No Issue
2021,Infiniti,QX50 Luxe,29998,31000,22 city/28 hwy,4-cyl,Turbo Gas,All Wheel Drive,Automatic,White/Black,1 Owner,No flood or frame damage,No odometer problems,3PCAJ5BB0MF118120,CUV - Midsize Luxury,Clean,No Issue,No Issue,No Open Recalls,No Issue,No Issue,No CPO Info Available,No Issue
2017,Infiniti,QX30 Premium,21998,39000,21 city/30 hwy,4-cyl,Turbo Gas,All Wheel Drive,Automatic,Black/Brown,2 Owners,No flood or frame damage,No odometer problems,SJKCH5CR5HA021250,CUV - Compact Luxury,Clean,No Issue,No Issue,No Open Recalls,No Issue,No Issue,No CPO Info Available,No Issue
2013,Infiniti,G37 Journey,18998,50000,19 city/27 hwy,6-cyl,Gas,Rear Wheel Drive,Automatic,White/Gray,1 Owner,No flood or frame damage,No odometer problems,JN1CV6AP2DM722214,Car - Midsize Luxury,Clean,No Issue,No Issue,No Open Recalls,No Issue,No Issue,No CPO Info Available,No Issue
2021,Infiniti,QX50 Luxe,29998,25000,22 city/28 hwy,4-cyl,Turbo Gas,All Wheel Drive,Automatic,Gray/Black,1 Owner,No flood or frame damage,No odometer problems,3PCAJ5BBXMF104855,CUV - Midsize Luxury,Clean,No Issue,No Issue,1 Open Recall(s),No Issue,No Issue,No CPO Info Available,No Issue
2021,Infiniti,QX50 Luxe,29998,25000,22 city/28 hwy,4-cyl,Turbo Gas,All Wheel Drive,Automatic,Silver/Black,1 Owner,No flood or frame damage,No odometer problems,3PCAJ5BB6MF106893,CUV - Midsize Luxury,Clean,No Issue,No Issue,No Open Recalls,No Issue,No Issue,No CPO Info Available,No Issue
2022,Infiniti,QX80 Sensory,56998,27000,13 city/19 hwy,8-cyl,Gas,Four Wheel Drive,Automatic,Burgundy/Tan,2 Owners,No flood or frame damage,No odometer problems,JN8AZ2BE7N9290811,SUV - Large Luxury,Clean,No Issue,Damage Reported,No Open Recalls,No Issue,No Issue,No CPO Info Available,No Issue
2021,Infiniti,QX50 Luxe,29998,17000,22 city/28 hwy,4-cyl,Turbo Gas,All Wheel Drive,Automatic,Gray/Black,1 Owner,No flood or frame damage,No odometer problems,3PCAJ5BB3MF111632,CUV - Midsize Luxury,Clean,No Issue,Minor,No Open Recalls,No Issue,No Issue,No CPO Info Available,No Issue
2020,Infiniti,QX50 Sensory,27998,51000,22 city/28 hwy,4-cyl,Turbo Gas,All Wheel Drive,Automatic,Black/Black,1 Owner,No flood or frame damage,No odometer problems,3PCAJ5M35LF120093,CUV - Midsize Luxury,Clean,No Issue,No Issue,No Open Recalls,No Issue,No Issue,No CPO Info Available,No Issue
2020,Infiniti,QX60 Pure,25998,44000,20 city/27 hwy,6-cyl,Gas,Front Wheel Drive,Automatic,Gray/Black,2 Owners,No flood or frame damage,No odometer problems,5N1DL0MN9LC535504,CUV - Large Luxury,Clean,No Issue,No Issue,No Open Recalls,No Issue,No Issue,No CPO Info Available,No Issue
2021,Infiniti,QX50 Luxe,28998,31000,22 city/28 hwy,4-cyl,Turbo Gas,All Wheel Drive,Automatic,Gray/Black,1 Owner,No flood or frame damage,No odometer problems,3PCAJ5BB9MF109478,CUV - Midsize Luxury,Clean,No Issue,No Issue,No Open Recalls,No Issue,No Issue,No CPO Info Available,No Issue
2021,Infiniti,QX50 Luxe,26998,35000,22 city/28 hwy,4-cyl,Turbo Gas,All Wheel Drive,Automatic,Silver/Black,1 Owner,No flood or frame damage,No odometer problems,3PCAJ5BB9MF120349,CUV - Midsize Luxury,Clean,No Issue,No Issue,No Open Recalls,No Issue,No Issue,No CPO Info Available,No Issue
2021,Infiniti,QX50 Luxe,25998,55000,22 city/28 hwy,4-cyl,Turbo Gas,All Wheel Drive,Automatic,Black/Tan,1 Owner,No flood or frame damage,No odometer problems,3PCAJ5BB9MF122585,CUV - Midsize Luxury,Clean,No Issue,No Issue,No Open Recalls,No Issue,No Issue,No CPO Info Available,No Issue
2021,Infiniti,QX50 Luxe,30998,14000,22 city/28 hwy,4-cyl,Turbo Gas,All Wheel Drive,Automatic,Gray/Black,1 Owner,No flood or frame damage,No odometer problems,3PCAJ5BB8MF111853,CUV - Midsize Luxury,Clean,No Issue,No Issue,No Open Recalls,No Issue,No Issue,No CPO Info Available,No Issue
2021,Infiniti,QX50 Luxe,29998,25000,22 city/28 hwy,4-cyl,Turbo Gas,All Wheel Drive,Automatic,Silver/Black,1 Owner,No flood or frame damage,No odometer problems,3PCAJ5BB2MF106891,CUV - Midsize Luxury,Clean,No Issue,No Issue,No Open Recalls,No Issue,No Issue,No CPO Info Available,No Issue
2016,Infiniti,QX50 ,16998,90000,17 city/24 hwy,6-cyl,Gas,All Wheel Drive,Automatic,Burgundy/Black,2 Owners,No flood or frame damage,No odometer problems,JN1BJ0RR5GM264392,CUV - Compact Luxury,Clean,No Issue,No Issue,No Open Recalls,No Issue,No Issue,No CPO Info Available,No Issue
2020,Infiniti,QX60 Luxe,25998,51000,20 city/27 hwy,6-cyl,Gas,Front Wheel Drive,Automatic,Black/Black,1 Owner,No flood or frame damage,No odometer problems,5N1DL0MN4LC500496,CUV - Large Luxury,Clean,No Issue,No Issue,No Open Recalls,No Issue,No Issue,No CPO Info Available,No Issue
2018,Infiniti,Q50 Luxe,22998,38000,20 city/29 hwy,6-cyl,Turbo Gas,Rear Wheel Drive,Automatic,Silver/Black,3 Owners,No flood or frame damage,No odometer problems,JN1EV7AP7JM359032,Car - Midsize Luxury,Clean,No Issue,No Issue,No Open Recalls,No Issue,No Issue,No CPO Info Available,No Issue
2022,Infiniti,QX60 Luxe,42998,19000,20 city/25 hwy,6-cyl,Gas,All Wheel Drive,Automatic,Blue/Cream,1 Owner,No flood or frame damage,No odometer problems,5N1DL1FS5NC331522,CUV - Large Luxury,Clean,No Issue,Minor,No Open Recalls,No Issue,No Issue,No CPO Info Available,No Issue
2021,Infiniti,QX80 Premium Select,38998,57000,13 city/19 hwy,8-cyl,Gas,All Wheel Drive,Automatic,Gray/Black,2 Owners,No flood or frame damage,No odometer problems,JN8AZ2AE6M9270775,SUV - Large Luxury,Clean,No Issue,No Issue,No Open Recalls,No Issue,No Issue,No CPO Info Available,No Issue
2019,Infiniti,Q50 Luxe,23998,44000,19 city/27 hwy,6-cyl,Turbo Gas,All Wheel Drive,Automatic,Silver/Black,1 Owner,No flood or frame damage,No odometer problems,JN1EV7AR9KM557873,Car - Midsize Luxury,Clean,No Issue,No Issue,No Open Recalls,No Issue,No Issue,No CPO Info Available,No Issue
2023,Infiniti,QX60 Luxe,43998,25000,20 city/25 hwy,6-cyl,Gas,All Wheel Drive,Automatic,Gray/Black,1 Owner,No flood or frame damage,No odometer problems,5N1DL1FS5PC354687,CUV - Large Luxury,Clean,No Issue,No Issue,No Open Recalls,No Issue,No Issue,No CPO Info Available,No Issue
2019,Infiniti,QX60 Pure,27998,26000,19 city/26 hwy,6-cyl,Gas,All Wheel Drive,Automatic,White/Black,2 Owners,No flood or frame damage,No odometer problems,5N1DL0MM1KC526852,CUV - Large Luxury,Clean,No Issue,Damage Reported,No Open Recalls,No Issue,No Issue,No CPO Info Available,No Issue
2021,Infiniti,QX50 Essential,28998,34000,23 city/29 hwy,4-cyl,Turbo Gas,Front Wheel Drive,Automatic,White/Black,1 Owner,No flood or frame damage,No odometer problems,3PCAJ5CA4MF117879,CUV - Midsize Luxury,Clean,No Issue,No Issue,No Open Recalls,No Issue,No Issue,No CPO Info Available,No Issue
2023,Infiniti,QX80 Premium Select,49998,23000,14 city/20 hwy,8-cyl,Gas,Rear Wheel Drive,Automatic,Blue/Black,0 Owner,No flood or frame damage,No odometer problems,JN8AZ2AF3P9757347,SUV - Large Luxury,Clean,No Issue,No Issue,No Open Recalls,No Issue,No Issue,No CPO Info Available,No Issue
2021,Infiniti,QX50 Luxe,27998,39000,23 city/29 hwy,4-cyl,Turbo Gas,Front Wheel Drive,Automatic,Black/Tan,1 Owner,No flood or frame damage,No odometer problems,3PCAJ5BA4MF121920,CUV - Midsize Luxury,Clean,No Issue,No Issue,No Open Recalls,No Issue,No Issue,No CPO Info Available,No Issue
2023,Infiniti,QX50 Pure,30998,13000,23 city/29 hwy,4-cyl,Turbo Gas,Front Wheel Drive,Automatic,Black/Black,1 Owner,No flood or frame damage,No odometer problems,3PCAJ5AAXPF122186,CUV - Midsize Luxury,Clean,No Issue,No Issue,No Open Recalls,No Issue,No Issue,No CPO Info Available,No Issue
2020,Infiniti,QX60 Pure,25998,51000,20 city/27 hwy,6-cyl,Gas,Front Wheel Drive,Automatic,White/Black,2 Owners,No flood or frame damage,No odometer problems,5N1DL0MN8LC541200,CUV - Large Luxury,Clean,No Issue,No Issue,No Open Recalls,No Issue,No Issue,OEM-Certified,No Issue
2018,Infiniti,QX60 ,23998,55000,19 city/26 hwy,6-cyl,Gas,All Wheel Drive,Automatic,Black/Black,2 Owners,No flood or frame damage,No odometer problems,5N1DL0MM2JC525093,CUV - Large Luxury,Clean,No Issue,No Issue,No Open Recalls,No Issue,No Issue,No CPO Info Available,No Issue
2022,Infiniti,QX55 Essential,35998,18000,22 city/28 hwy,4-cyl,Turbo Gas,All Wheel Drive,Automatic,Black/Black,1 Owner,No flood or frame damage,No odometer problems,3PCAJ5K38NF112107,CUV - Compact Luxury,Clean,No Issue,No Issue,No Open Recalls,No Issue,No Issue,No CPO Info Available,No Issue
2020,Infiniti,QX60 Pure,25998,55000,20 city/27 hwy,6-cyl,Gas,Front Wheel Drive,Automatic,Blue/Black,2 Owners,No flood or frame damage,No odometer problems,5N1DL0MN0LC514377,CUV - Large Luxury,Clean,No Issue,No Issue,No Open Recalls,No Issue,No Issue,No CPO Info Available,No Issue
2016,Infiniti,QX50 ,16998,93000,17 city/24 hwy,6-cyl,Gas,All Wheel Drive,Automatic,White/Black,2 Owners,No flood or frame damage,No odometer problems,JN1BJ0RR8GM264970,CUV - Compact Luxury,Clean,No Issue,No Issue,No Open Recalls,No Issue,No Issue,No CPO Info Available,No Issue
2023,Infiniti,Q50 Red Sport 400,42998,8000,20 city/26 hwy,6-cyl,Turbo Gas,Rear Wheel Drive,Automatic,Red/Black,1 Owner,No flood or frame damage,No odometer problems,JN1FV7DP7PM570546,Car - Midsize Luxury,Clean,No Issue,No Issue,No Open Recalls,No Issue,No Issue,No CPO Info Available,No Issue
2022,Infiniti,QX50 Luxe,32998,13000,23 city/29 hwy,4-cyl,Turbo Gas,Front Wheel Drive,Automatic,Gray/Tan,2 Owners,No flood or frame damage,No odometer problems,3PCAJ5BA2NF109945,CUV - Midsize Luxury,Clean,No Issue,No Issue,No Open Recalls,No Issue,No Issue,No Recent CPO Reported,No Issue
2014,Infiniti,QX70 ,19998,74000,16 city/22 hwy,6-cyl,Gas,All Wheel Drive,Automatic,White/Black,1 Owner,No flood or frame damage,No odometer problems,JN8CS1MW5EM412060,CUV - Compact Luxury,Clean,No Issue,No Issue,No Open Recalls,No Issue,No Issue,No CPO Info Available,No Issue
2012,Infiniti,G37 X,13998,121000,19 city/26 hwy,,,,Automatic,Red/Tan,2 Owners,No flood or frame damage,No odometer problems,JN1CV6EL1CM470929,Car - Compact Luxury,Clean,No Issue,Damage Reported,No Open Recalls,No Issue,No Issue,No CPO Info Available,No Issue
2019,Infiniti,QX50 Pure,23998,26000,24 city/31 hwy,4-cyl,Turbo Gas,Front Wheel Drive,Automatic,Black/Black,1 Owner,No flood or frame damage,No odometer problems,3PCAJ5M11KF134103,CUV - Compact Luxury,Clean,No Issue,Moderate,No Open Recalls,No Issue,No Issue,No CPO Info Available,No Issue
2013,Infiniti,G37 X,16998,78000,18 city/25 hwy,6-cyl,Gas,All Wheel Drive,Automatic,Black/Black,4 Owners,No flood or frame damage,No odometer problems,JN1CV6ARXDM356892,Car - Midsize Luxury,Clean,No Issue,Damage Reported,No Open Recalls,No Issue,No Issue,No CPO Info Available,No Issue
2021,Infiniti,QX50 Luxe,28998,28000,22 city/28 hwy,4-cyl,Turbo Gas,All Wheel Drive,Automatic,White/Black,1 Owner,No flood or frame damage,No odometer problems,3PCAJ5BB2MF122850,CUV - Midsize Luxury,Clean,No Issue,No Issue,No Open Recalls,No Issue,No Issue,No CPO Info Available,No Issue
2021,Infiniti,QX50 Luxe,27998,41000,23 city/29 hwy,4-cyl,Turbo Gas,Front Wheel Drive,Automatic,Black/Black,1 Owner,No flood or frame damage,No odometer problems,3PCAJ5BA9MF125333,CUV - Midsize Luxury,Clean,No Issue,No Issue,No Open Recalls,No Issue,No Issue,No CPO Info Available,No Issue
2013,Infiniti,FX37 ,17998,73000,16 city/22 hwy,6-cyl,Gas,All Wheel Drive,Automatic,Gray/Black,2 Owners,No flood or frame damage,No odometer problems,JN8CS1MW0DM174424,CUV - Compact Luxury,Clean,No Issue,No Issue,No Open Recalls,No Issue,No Issue,No CPO Info Available,No Issue
2021,Infiniti,QX80 Sensory,51998,27000,14 city/20 hwy,,,,Automatic,Black/Black,1 Owner,No flood or frame damage,No odometer problems,JN8AZ2BF5M9715899,SUV - Large Luxury,Clean,No Issue,No Issue,No Open Recalls,No Issue,No Issue,No CPO Info Available,No Issue
2021,Infiniti,QX50 Luxe,26998,32000,23 city/29 hwy,4-cyl,Turbo Gas,Front Wheel Drive,Automatic,Gray/Black,1 Owner,No flood or frame damage,No odometer problems,3PCAJ5BA3MF108835,CUV - Midsize Luxury,Clean,No Issue,No Issue,No Open Recalls,No Issue,No Issue,No CPO Info Available,No Issue
2019,Infiniti,Q50 Red Sport 400,29998,60000,19 city/26 hwy,6-cyl,Turbo Gas,All Wheel Drive,Automatic,White/Black,2 Owners,No flood or frame damage,No odometer problems,JN1FV7AR1KM830499,Car - Midsize Luxury,Clean,No Issue,No Issue,No Open Recalls,No Issue,No Issue,No CPO Info Available,No Issue
2016,Infiniti,QX80 ,25998,84000,14 city/20 hwy,,,,Automatic,Gray/Black,3 Owners,No flood or frame damage,No odometer problems,JN8AZ2NE8G9124845,SUV - Large Luxury,Clean,No Issue,Minor,No Open Recalls,No Issue,No Issue,No CPO Info Available,No Issue
2022,Infiniti,QX60 Luxe,39998,38000,20 city/25 hwy,6-cyl,Gas,All Wheel Drive,Automatic,White/Black,1 Owner,No flood or frame damage,No odometer problems,5N1DL1FS4NC331043,CUV - Large Luxury,Clean,No Issue,No Issue,No Open Recalls,No Issue,No Issue,No CPO Info Available,No Issue
2019,Infiniti,QX50 Essential,22998,74000,24 city/30 hwy,4-cyl,Turbo Gas,All Wheel Drive,Automatic,Black/Black,3 Owners,No flood or frame damage,No odometer problems,3PCAJ5M33KF105882,CUV - Compact Luxury,Clean,No Issue,No Issue,No Open Recalls,No Issue,No Issue,No CPO Info Available,No Issue
2019,Infiniti,QX50 Essential,25998,31000,24 city/30 hwy,4-cyl,Turbo Gas,All Wheel Drive,Automatic,Silver/Tan,2 Owners,No flood or frame damage,No odometer problems,3PCAJ5M39KF122976,CUV - Compact Luxury,Clean,No Issue,No Issue,No Open Recalls,No Issue,No Issue,No CPO Info Available,No Issue
2021,Infiniti,QX50 Luxe,28998,31000,22 city/28 hwy,4-cyl,Turbo Gas,All Wheel Drive,Automatic,Blue/Cream,1 Owner,No flood or frame damage,No odometer problems,3PCAJ5BB9MF115572,CUV - Midsize Luxury,Clean,No Issue,No Issue,No Open Recalls,No Issue,No Issue,No CPO Info Available,No Issue
2021,Infiniti,QX50 Essential,28998,25000,23 city/29 hwy,4-cyl,Turbo Gas,Front Wheel Drive,Automatic,Gray/Tan,1 Owner,No flood or frame damage,No odometer problems,3PCAJ5CA9MF121054,CUV - Midsize Luxury,Clean,No Issue,No Issue,No Open Recalls,No Issue,No Issue,No CPO Info Available,No Issue
2016,Infiniti,QX60 ,22998,49000,21 city/27 hwy,6-cyl,Gas,Front Wheel Drive,Automatic,Black/Black,2 Owners,No flood or frame damage,No odometer problems,5N1AL0MN5GC531734,CUV - Large Luxury,Clean,No Issue,Moderate,No Open Recalls,No Issue,No Issue,No CPO Info Available,No Issue
2021,Infiniti,QX50 Autograph,30998,38000,22 city/28 hwy,4-cyl,Turbo Gas,All Wheel Drive,Automatic,Gray/Black,1 Owner,No flood or frame damage,No odometer problems,3PCAJ5DB9MF121109,CUV - Midsize Luxury,Clean,No Issue,No Issue,No Open Recalls,No Issue,No Issue,No CPO Info Available,No Issue
2022,Infiniti,QX80 Luxe,49998,10000,14 city/20 hwy,8-cyl,Gas,Rear Wheel Drive,Automatic,Silver/Black,1 Owner,No flood or frame damage,No odometer problems,JN8AZ2AFXN9742308,SUV - Large Luxury,Clean,No Issue,No Issue,No Open Recalls,No Issue,No Issue,No CPO Info Available,No Issue
2015,Infiniti,QX80 ,24998,81000,14 city/20 hwy,8-cyl,Gas,Rear Wheel Drive,Automatic,Gray/Tan,1 Owner,No flood or frame damage,No odometer problems,JN8AZ2NF9F9570896,SUV - Large Luxury,Clean,No Issue,Damage Reported,No Open Recalls,No Issue,No Issue,No CPO Info Available,No Issue
2020,Infiniti,QX60 Luxe,27998,42000,20 city/27 hwy,6-cyl,Gas,Front Wheel Drive,Automatic,Gray/Black,1 Owner,No flood or frame damage,No odometer problems,5N1DL0MN8LC538457,CUV - Large Luxury,Clean,No Issue,No Issue,No Open Recalls,No Issue,No Issue,No CPO Info Available,No Issue
2019,Infiniti,QX50 Luxe,22998,57000,24 city/31 hwy,4-cyl,Turbo Gas,Front Wheel Drive,Automatic,White/Black,3 Owners,No flood or frame damage,No odometer problems,3PCAJ5M19KF120689,CUV - Compact Luxury,Clean,No Issue,No Issue,No Open Recalls,No Issue,No Issue,No CPO Info Available,No Issue
2017,Infiniti,QX70 ,17998,91000,17 city/24 hwy,6-cyl,Gas,Rear Wheel Drive,Automatic,Silver/Black,3 Owners,No flood or frame damage,No odometer problems,JN8CS1MU7HM142672,CUV - Compact Luxury,Clean,No Issue,Moderate,No Open Recalls,No Issue,No Issue,No CPO Info Available,No Issue
2018,Infiniti,Q50 Luxe,22998,48000,20 city/29 hwy,6-cyl,Turbo Gas,Rear Wheel Drive,Automatic,Black/Black,1 Owner,No flood or frame damage,No odometer problems,JN1EV7AP7JM357121,Car - Midsize Luxury,Clean,No Issue,No Issue,No Open Recalls,No Issue,No Issue,No CPO Info Available,No Issue
2016,Infiniti,QX60 ,22998,78000,21 city/27 hwy,6-cyl,Gas,Front Wheel Drive,Automatic,Black/Brown,1 Owner,No flood or frame damage,No odometer problems,5N1AL0MN3GC521218,CUV - Large Luxury,Clean,No Issue,Minor,No Open Recalls,No Issue,No Issue,No CPO Info Available,No Issue
2015,Infiniti,QX70 ,18998,77000,17 city/24 hwy,6-cyl,Gas,Rear Wheel Drive,Automatic,White/Tan,2 Owners,No flood or frame damage,No odometer problems,JN8CS1MU6FM380414,CUV - Compact Luxury,Clean,No Issue,No Issue,No Open Recalls,No Issue,No Issue,No CPO Info Available,No Issue
2021,Infiniti,QX50 Essential,28998,18000,23 city/29 hwy,4-cyl,Turbo Gas,Front Wheel Drive,Automatic,Black/Black,1 Owner,No flood or frame damage,No odometer problems,3PCAJ5CA7MF106956,CUV - Midsize Luxury,Clean,No Issue,Minor,No Open Recalls,No Issue,No Issue,No CPO Info Available,No Issue
2015,Infiniti,QX50 Journey,18998,75000,17 city/24 hwy,6-cyl,Gas,All Wheel Drive,Automatic,Burgundy/Tan,2 Owners,No flood or frame damage,No odometer problems,JN1BJ0HR6FM773939,CUV - Compact Luxury,Clean,No Issue,No Issue,No Open Recalls,No Issue,No Issue,No CPO Info Available,No Issue
2019,Infiniti,Q50 Signature Edition,25998,39000,20 city/29 hwy,6-cyl,Turbo Gas,Rear Wheel Drive,Automatic,Silver/Black,1 Owner,No flood or frame damage,No odometer problems,JN1EV7AP8KM541579,Car - Midsize Luxury,Clean,No Issue,Minor,No Open Recalls,No Issue,No Issue,No CPO Info Available,No Issue
2016,Infiniti,QX70 ,17998,107000,17 city/24 hwy,6-cyl,Gas,Rear Wheel Drive,Automatic,Black/Black,3 Owners,No flood or frame damage,No odometer problems,JN8CS1MU8GM670249,CUV - Compact Luxury,Clean,No Issue,No Issue,No Open Recalls,No Issue,No Issue,No CPO Info Available,No Issue
2017,Infiniti,QX60 ,21998,67000,20 city/27 hwy,6-cyl,Gas,Front Wheel Drive,Automatic,Silver/Black,2 Owners,No flood or frame damage,No odometer problems,5N1DL0MN4HC512557,CUV - Large Luxury,Clean,No Issue,No Issue,No Open Recalls,No Issue,No Issue,No CPO Info Available,No Issue
2021,Infiniti,QX50 Essential,27998,31000,23 city/29 hwy,4-cyl,Turbo Gas,Front Wheel Drive,Automatic,Blue/Tan,1 Owner,No flood or frame damage,No odometer problems,3PCAJ5CA9MF101256,CUV - Midsize Luxury,Clean,No Issue,No Issue,No Open Recalls,No Issue,No Issue,No CPO Info Available,No Issue
2020,Infiniti,QX60 Signature Edition,27998,44000,20 city/27 hwy,6-cyl,Gas,Front Wheel Drive,Automatic,Blue/Black,2 Owners,No flood or frame damage,No odometer problems,5N1DL0MN6LC548825,CUV - Large Luxury,Clean,No Issue,Minor,No Open Recalls,No Issue,No Issue,No CPO Info Available,No Issue
2019,Infiniti,QX50 Essential,25998,45000,24 city/30 hwy,4-cyl,Turbo Gas,All Wheel Drive,Automatic,Gray/Black,2 Owners,No flood or frame damage,No odometer problems,3PCAJ5M32KF114900,CUV - Compact Luxury,Clean,No Issue,No Issue,No Open Recalls,No Issue,No Issue,No CPO Info Available,No Issue
2019,Infiniti,QX80 Limited,41998,22000,13 city/19 hwy,8-cyl,Gas,All Wheel Drive,Automatic,Black/Black,1 Owner,No flood or frame damage,No odometer problems,JN8AZ2NF8K9683295,SUV - Large Luxury,Clean,No Issue,No Issue,No Open Recalls,No Issue,No Issue,No CPO Info Available,No Issue
2019,Infiniti,QX80 Luxe,34998,57000,13 city/19 hwy,8-cyl,Gas,All Wheel Drive,Automatic,Silver/Black,3 Owners,No flood or frame damage,No odometer problems,JN8AZ2NE1K9229302,SUV - Large Luxury,Clean,No Issue,No Issue,No Open Recalls,No Issue,No Issue,No Recent CPO Reported,No Issue
2014,Infiniti,QX50 Journey,18998,50000,17 city/24 hwy,6-cyl,Gas,All Wheel Drive,Automatic,Gray/Black,2 Owners,No flood or frame damage,No odometer problems,JN1BJ0HR6EM190771,CUV - Compact Luxury,Clean,No Issue,Damage Reported,No Open Recalls,No Issue,No Issue,No CPO Info Available,No Issue
2018,Infiniti,QX60 ,26998,32000,20 city/27 hwy,6-cyl,Gas,Front Wheel Drive,Automatic,Blue/Tan,2 Owners,No flood or frame damage,No odometer problems,5N1DL0MN4JC505484,CUV - Large Luxury,Clean,No Issue,Damage Reported,No Open Recalls,No Issue,No Issue,No CPO Info Available,No Issue
2016,Infiniti,QX50 ,19998,44000,17 city/24 hwy,6-cyl,Gas,Rear Wheel Drive,Automatic,Burgundy/Tan,1 Owner,No flood or frame damage,No odometer problems,JN1BJ0RPXGM233511,CUV - Compact Luxury,Clean,No Issue,Minor,No Open Recalls,No Issue,No Issue,No CPO Info Available,No Issue
2020,Infiniti,QX60 Pure,26998,50000,19 city/26 hwy,6-cyl,Gas,All Wheel Drive,Automatic,Blue/Black,2 Owners,No flood or frame damage,No odometer problems,5N1DL0MM3LC513117,CUV - Large Luxury,Clean,No Issue,No Issue,No Open Recalls,No Issue,No Issue,No CPO Info Available,No Issue
2016,Infiniti,QX50 ,17998,75000,17 city/24 hwy,6-cyl,Gas,Rear Wheel Drive,Automatic,Black/Tan,3 Owners,No flood or frame damage,No odometer problems,JN1BJ0RP7GM231229,CUV - Compact Luxury,Clean,No Issue,No Issue,No Open Recalls,No Issue,No Issue,No CPO Info Available,No Issue
2019,Infiniti,QX60 Pure,25998,27000,20 city/27 hwy,6-cyl,Gas,Front Wheel Drive,Automatic,Silver/Black,1 Owner,No flood or frame damage,No odometer problems,5N1DL0MN1KC533440,CUV - Large Luxury,Clean,No Issue,Damage Reported,No Open Recalls,No Issue,No Issue,No CPO Info Available,No Issue
2020,Infiniti,QX50 Essential,24998,35000,23 city/29 hwy,4-cyl,Turbo Gas,Front Wheel Drive,Automatic,White/Black,2 Owners,No flood or frame damage,No odometer problems,3PCAJ5M15LF118004,CUV - Midsize Luxury,Clean,No Issue,No Issue,No Open Recalls,No Issue,No Issue,No CPO Info Available,No Issue
2021,Infiniti,QX50 Pure,25998,31000,23 city/29 hwy,4-cyl,Turbo Gas,Front Wheel Drive,Automatic,White/Black,1 Owner,No flood or frame damage,No odometer problems,3PCAJ5AA0MF114495,CUV - Midsize Luxury,Clean,No Issue,No Issue,No Open Recalls,No Issue,No Issue,No CPO Info Available,No Issue
2017,Infiniti,Q50 Signature,19998,69000,20 city/29 hwy,6-cyl,Turbo Gas,Rear Wheel Drive,Automatic,White/Black,2 Owners,No flood or frame damage,No odometer problems,JN1EV7AP1HM739140,Car - Midsize Luxury,Clean,No Issue,Moderate,No Open Recalls,No Issue,No Issue,No CPO Info Available,No Issue
2016,Infiniti,QX60 ,20998,59000,19 city/26 hwy,6-cyl,Gas,All Wheel Drive,Automatic,Black/Black,2 Owners,No flood or frame damage,No odometer problems,5N1AL0MM8GC516376,CUV - Large Luxury,Clean,No Issue,Moderate,No Open Recalls,No Issue,No Issue,No CPO Info Available,No Issue
2017,Infiniti,QX50 ,20998,55000,17 city/24 hwy,6-cyl,Gas,All Wheel Drive,Automatic,Black/Black,2 Owners,No flood or frame damage,No odometer problems,JN1BJ0RRXHM406401,CUV - Compact Luxury,Clean,No Issue,No Issue,No Open Recalls,No Issue,No Issue,No CPO Info Available,No Issue
2020,Infiniti,QX60 Luxe,26998,41000,20 city/27 hwy,6-cyl,Gas,Front Wheel Drive,Automatic,Black/Black,3 Owners,No flood or frame damage,No odometer problems,5N1DL0MN3LC524983,CUV - Large Luxury,Clean,No Issue,No Issue,No Open Recalls,No Issue,No Issue,No CPO Info Available,No Issue
2021,Infiniti,QX80 Premium Select,45998,34000,13 city/19 hwy,8-cyl,Gas,All Wheel Drive,Automatic,Black/Tan,1 Owner,No flood or frame damage,No odometer problems,JN8AZ2AE3M9269583,SUV - Large Luxury,Clean,No Issue,No Issue,No Open Recalls,No Issue,No Issue,No CPO Info Available,No Issue
2021,Infiniti,Q50 Pure,22998,60000,20 city/29 hwy,6-cyl,Turbo Gas,Rear Wheel Drive,Automatic,White/Black,2 Owners,No flood or frame damage,No odometer problems,JN1EV7AP4MM707597,Car - Midsize Luxury,Clean,No Issue,Minor,No Open Recalls,No Issue,No Issue,No CPO Info Available,No Issue
2013,Infiniti,G37 Journey,14998,105000,19 city/27 hwy,6-cyl,Gas,Rear Wheel Drive,Automatic,Gray/Gray,2 Owners,No flood or frame damage,No odometer problems,JN1CV6AP0DM717366,Car - Midsize Luxury,Clean,No Issue,No Issue,No Open Recalls,No Issue,No Issue,No CPO Info Available,No Issue
2018,Infiniti,Q50 Luxe,23998,58000,19 city/27 hwy,6-cyl,Turbo Gas,All Wheel Drive,Automatic,White/Tan,2 Owners,No flood or frame damage,No odometer problems,JN1EV7AR4JM437431,Car - Midsize Luxury,Clean,No Issue,Moderate,No Open Recalls,No Issue,No Issue,No CPO Info Available,No Issue
2021,Infiniti,QX80 Sensory,47998,45000,14 city/20 hwy,8-cyl,Gas,Rear Wheel Drive,Automatic,Tan/Brown,2 Owners,No flood or frame damage,No odometer problems,JN8AZ2BDXM9861567,SUV - Large Luxury,Clean,No Issue,Minor,No Open Recalls,No Issue,No Issue,OEM-Certified,No Issue
2019,Infiniti,QX80 Luxe,34998,53000,13 city/19 hwy,8-cyl,Gas,All Wheel Drive,Automatic,Gray/Black,1 Owner,No flood or frame damage,No odometer problems,JN8AZ2NE5K9237919,SUV - Large Luxury,Clean,No Issue,Minor,No Open Recalls,No Issue,No Issue,No CPO Info Available,No Issue
2016,Infiniti,QX80 ,26998,75000,13 city/19 hwy,8-cyl,Gas,All Wheel Drive,Automatic,Black/Black,2 Owners,No flood or frame damage,No odometer problems,JN8AZ2NE0G9127092,SUV - Large Luxury,Clean,No Issue,No Issue,No Open Recalls,No Issue,No Issue,No CPO Info Available,No Issue
2018,Infiniti,QX60 ,24998,56000,20 city/27 hwy,6-cyl,Gas,Front Wheel Drive,Automatic,White/Tan,1 Owner,No flood or frame damage,No odometer problems,5N1DL0MNXJC514402,CUV - Large Luxury,Clean,No Issue,No Issue,No Open Recalls,No Issue,No Issue,No CPO Info Available,No Issue
2021,Infiniti,QX50 Luxe,27998,27000,23 city/29 hwy,4-cyl,Turbo Gas,Front Wheel Drive,Automatic,Blue/Black,2 Owners,No flood or frame damage,No odometer problems,3PCAJ5BA4MF113753,CUV - Midsize Luxury,Clean,No Issue,No Issue,No Open Recalls,No Issue,No Issue,No CPO Info Available,No Issue
2019,Infiniti,QX50 Luxe,23998,50000,24 city/31 hwy,,,,Automatic,Black/Black,2 Owners,No flood or frame damage,No odometer problems,3PCAJ5M10KF117051,CUV - Compact Luxury,Clean,No Issue,No Issue,No Open Recalls,No Issue,No Issue,No CPO Info Available,No Issue
2016,Infiniti,QX50 ,14998,115000,17 city/24 hwy,6-cyl,Gas,Rear Wheel Drive,Automatic,Burgundy/Brown,2 Owners,No flood or frame damage,No odometer problems,JN1BJ0RP4GM234489,CUV - Compact Luxury,Clean,No Issue,No Issue,No Open Recalls,No Issue,No Issue,No CPO Info Available,No Issue
2021,Infiniti,QX50 Pure,25998,28000,23 city/29 hwy,4-cyl,Turbo Gas,Front Wheel Drive,Automatic,Black/Black,1 Owner,No flood or frame damage,No odometer problems,3PCAJ5AA9MF114933,CUV - Midsize Luxury,Clean,No Issue,No Issue,No Open Recalls,No Issue,No Issue,No CPO Info Available,No Issue
2019,Infiniti,QX60 Pure,24998,60000,20 city/27 hwy,6-cyl,Gas,Front Wheel Drive,Automatic,Black/Black,2 Owners,No flood or frame damage,No odometer problems,5N1DL0MN7KC551148,CUV - Large Luxury,Clean,No Issue,No Issue,No Open Recalls,No Issue,No Issue,No CPO Info Available,No Issue
2022,Infiniti,QX60 Luxe,41998,20000,21 city/26 hwy,6-cyl,Gas,Front Wheel Drive,Automatic,Black/Black,1 Owner,No flood or frame damage,No odometer problems,5N1DL1FR9NC336607,CUV - Large Luxury,Clean,No Issue,No Issue,No Open Recalls,No Issue,No Issue,No CPO Info Available,No Issue
2019,Infiniti,QX50 Essential,23998,46000,24 city/31 hwy,4-cyl,Turbo Gas,Front Wheel Drive,Automatic,Blue/Black,2 Owners,No flood or frame damage,No odometer problems,3PCAJ5M16KF107091,CUV - Compact Luxury,Clean,No Issue,No Issue,No Open Recalls,No Issue,No Issue,No CPO Info Available,No Issue
2019,Infiniti,QX50 Essential,23998,43000,24 city/31 hwy,4-cyl,Turbo Gas,Front Wheel Drive,Automatic,Blue/Gray,1 Owner,No flood or frame damage,No odometer problems,3PCAJ5M13KF135494,CUV - Compact Luxury,Clean,No Issue,No Issue,No Open Recalls,No Issue,No Issue,No CPO Info Available,No Issue
2021,Infiniti,QX50 Luxe,30998,12000,23 city/29 hwy,4-cyl,Turbo Gas,Front Wheel Drive,Automatic,Gray/Black,1 Owner,No flood or frame damage,No odometer problems,3PCAJ5BAXMF123123,CUV - Midsize Luxury,Clean,No Issue,No Issue,No Open Recalls,No Issue,No Issue,No CPO Info Available,No Issue
2017,Infiniti,QX50 ,18998,58000,17 city/25 hwy,,,,Automatic,Burgundy/Black,2 Owners,No flood or frame damage,No odometer problems,JN1BJ0RP8HM390360,CUV - Compact Luxury,Clean,No Issue,No Issue,No Open Recalls,No Issue,No Issue,No CPO Info Available,No Issue
2021,Infiniti,Q50 Sensory,29998,41000,20 city/29 hwy,6-cyl,Turbo Gas,Rear Wheel Drive,Automatic,Red/Cream,2 Owners,No flood or frame damage,No odometer problems,JN1EV7CP3MM705224,Car - Midsize Luxury,Clean,No Issue,Minor,No Open Recalls,No Issue,No Issue,No CPO Info Available,No Issue
2020,Infiniti,QX60 Pure,25998,34000,20 city/27 hwy,,,,Automatic,Silver/Cream,2 Owners,No flood or frame damage,No odometer problems,5N1DL0MN5LC547648,CUV - Large Luxury,Clean,No Issue,Damage Reported,No Open Recalls,No Issue,No Issue,OEM-Certified,No Issue
2019,Infiniti,QX80 Luxe,30998,61000,14 city/20 hwy,8-cyl,Gas,Rear Wheel Drive,Automatic,Gray/Black,4 Owners,No flood or frame damage,No odometer problems,JN8AZ2NF3K9685357,SUV - Large Luxury,Clean,No Issue,Minor,No Open Recalls,No Issue,No Issue,No CPO Info Available,No Issue
2023,Infiniti,QX80 Luxe,48998,14000,14 city/20 hwy,8-cyl,Gas,Rear Wheel Drive,Automatic,Gold/Black,1 Owner,No flood or frame damage,No odometer problems,JN8AZ2AF8P9755979,SUV - Large Luxury,Clean,No Issue,No Issue,No Open Recalls,No Issue,No Issue,No CPO Info Available,No Issue
2016,Infiniti,QX80 ,30998,55000,14 city/20 hwy,8-cyl,Gas,Rear Wheel Drive,Automatic,White/Taupe,1 Owner,No flood or frame damage,No odometer problems,JN8AZ2NF0G9613197,SUV - Large Luxury,Clean,No Issue,No Issue,No Open Recalls,No Issue,No Issue,No CPO Info Available,No Issue
2022,Infiniti,QX80 Sensory,58998,20000,13 city/19 hwy,8-cyl,Gas,Four Wheel Drive,Automatic,Red/Brown,1 Owner,No flood or frame damage,No odometer problems,JN8AZ2BE4N9290071,SUV - Large Luxury,Clean,No Issue,No Issue,No Open Recalls,No Issue,No Issue,No CPO Info Available,No Issue
2017,Infiniti,Q50 Signature,24998,36000,19 city/27 hwy,6-cyl,Turbo Gas,All Wheel Drive,Automatic,Gray/Gray,1 Owner,No flood or frame damage,No odometer problems,JN1EV7AR1HM841250,Car - Midsize Luxury,Clean,No Issue,Damage Reported,No Open Recalls,No Issue,No Issue,No CPO Info Available,No Issue
2019,Infiniti,QX50 Luxe,19998,102000,24 city/31 hwy,4-cyl,Turbo Gas,Front Wheel Drive,Automatic,Blue/Black,2 Owners,No flood or frame damage,No odometer problems,3PCAJ5M12KF136054,CUV - Compact Luxury,Clean,No Issue,Damage Reported,No Open Recalls,No Issue,No Issue,No CPO Info Available,No Issue
2023,Infiniti,QX55 Essential,34998,49000,22 city/28 hwy,4-cyl,Turbo Gas,All Wheel Drive,Automatic,White/Black,1 Owner,No flood or frame damage,No odometer problems,3PCAJ5KR0PF101450,CUV - Compact Luxury,Clean,No Issue,No Issue,No Open Recalls,No Issue,No Issue,No CPO Info Available,No Issue
2021,Infiniti,QX80 Premium Select,40998,53000,13 city/19 hwy,8-cyl,Gas,All Wheel Drive,Automatic,Black/Tan,1 Owner,No flood or frame damage,No odometer problems,JN8AZ2AC9M9475568,SUV - Large Luxury,Clean,No Issue,No Issue,No Open Recalls,No Issue,No Issue,No CPO Info Available,No Issue
2018,Infiniti,QX60 ,23998,66000,20 city/27 hwy,6-cyl,Gas,Front Wheel Drive,Automatic,Black/Tan,2 Owners,No flood or frame damage,No odometer problems,5N1DL0MN7JC513160,CUV - Large Luxury,Clean,No Issue,Minor,No Open Recalls,No Issue,No Issue,No CPO Info Available,No Issue
2017,Infiniti,QX50 ,17998,66000,17 city/24 hwy,6-cyl,Gas,All Wheel Drive,Automatic,Burgundy/Tan,2 Owners,No flood or frame damage,No odometer problems,JN1BJ0RR7HM407456,CUV - Compact Luxury,Clean,No Issue,Damage Reported,No Open Recalls,No Issue,No Issue,No CPO Info Available,No Issue
2017,Infiniti,QX50 ,16998,71000,17 city/24 hwy,6-cyl,Gas,Rear Wheel Drive,Automatic,Blue/Tan,3 Owners,No flood or frame damage,No odometer problems,JN1BJ0RPXHM381059,CUV - Compact Luxury,Clean,No Issue,Moderate,No Open Recalls,No Issue,No Issue,No CPO Info Available,No Issue
2020,Infiniti,QX50 Luxe,18998,109000,23 city/29 hwy,4-cyl,Turbo Gas,Front Wheel Drive,Automatic,White/Tan,2 Owners,No flood or frame damage,No odometer problems,3PCAJ5M16LF118867,CUV - Midsize Luxury,Clean,No Issue,Minor,No Open Recalls,No Issue,No Issue,No CPO Info Available,No Issue
2020,Infiniti,QX60 Luxe,27998,43000,19 city/26 hwy,6-cyl,Gas,All Wheel Drive,Automatic,White/Tan,2 Owners,No flood or frame damage,No odometer problems,5N1DL0MM5LC536222,CUV - Large Luxury,Clean,No Issue,No Issue,No Open Recalls,No Issue,No Issue,No CPO Info Available,No Issue
2021,Infiniti,QX80 Sensory,47998,35000,14 city/20 hwy,8-cyl,Gas,Rear Wheel Drive,Automatic,Black/Gray,2 Owners,No flood or frame damage,No odometer problems,JN8AZ2BFXM9716949,SUV - Large Luxury,Clean,No Issue,Moderate,No Open Recalls,No Issue,No Issue,No CPO Info Available,No Issue
2023,Infiniti,QX80 Sensory,54998,33000,13 city/19 hwy,8-cyl,Gas,Four Wheel Drive,Automatic,Gray/Brown,1 Owner,No flood or frame damage,No odometer problems,JN8AZ2BE9P9303741,SUV - Large Luxury,Clean,No Issue,No Issue,No Open Recalls,No Issue,No Issue,No CPO Info Available,No Issue
2022,Infiniti,QX55 Sensory,33998,39000,22 city/28 hwy,4-cyl,Turbo Gas,All Wheel Drive,Automatic,Red/Red,1 Owner,No flood or frame damage,No odometer problems,3PCAJ5L39NF113071,CUV - Compact Luxury,Clean,No Issue,No Issue,No Open Recalls,No Issue,No Issue,No CPO Info Available,No Issue
2021,Infiniti,QX50 Sensory,27998,45000,23 city/29 hwy,4-cyl,Turbo Gas,Front Wheel Drive,Automatic,Black/Black,1 Owner,No flood or frame damage,No odometer problems,3PCAJ5CA3MF115010,CUV - Midsize Luxury,Clean,No Issue,No Issue,No Open Recalls,No Issue,No Issue,No CPO Info Available,No Issue
2020,Infiniti,QX60 Luxe,24998,56000,20 city/27 hwy,6-cyl,Gas,Front Wheel Drive,Automatic,Gray/Black,2 Owners,No flood or frame damage,No odometer problems,5N1DL0MN4LC506976,CUV - Large Luxury,Clean,No Issue,No Issue,No Open Recalls,No Issue,No Issue,No CPO Info Available,No Issue
2019,Infiniti,QX50 Essential,24998,41000,24 city/31 hwy,4-cyl,Turbo Gas,Front Wheel Drive,Automatic,Gray/Black,2 Owners,No flood or frame damage,No odometer problems,3PCAJ5M12KF112207,CUV - Compact Luxury,Clean,No Issue,No Issue,No Open Recalls,No Issue,No Issue,No CPO Info Available,No Issue
2020,Infiniti,QX60 Luxe,31998,28000,19 city/26 hwy,6-cyl,Gas,All Wheel Drive,Automatic,Black/Brown,1 Owner,No flood or frame damage,No odometer problems,5N1DL0MM8LC536425,CUV - Large Luxury,Clean,No Issue,Damage Reported,No Open Recalls,No Issue,No Issue,No CPO Info Available,No Issue
2021,Infiniti,QX50 Luxe,30998,16000,22 city/28 hwy,4-cyl,Turbo Gas,All Wheel Drive,Automatic,White/Black,1 Owner,No flood or frame damage,No odometer problems,3PCAJ5BB9MF122330,CUV - Midsize Luxury,Clean,No Issue,No Issue,No Open Recalls,No Issue,No Issue,No CPO Info Available,No Issue
2017,Infiniti,QX50 ,16998,83000,17 city/24 hwy,6-cyl,Gas,Rear Wheel Drive,Automatic,Silver/Black,2 Owners,No flood or frame damage,No odometer problems,JN1BJ0RP0HM389283,CUV - Compact Luxury,Clean,No Issue,Moderate,No Open Recalls,No Issue,No Issue,No CPO Info Available,No Issue
2023,Infiniti,QX80 Premium Select,50998,21000,13 city/19 hwy,8-cyl,Gas,Four Wheel Drive,Automatic,Black/Black,1 Owner,No flood or frame damage,No odometer problems,JN8AZ2AE6P9305450,SUV - Large Luxury,Clean,No Issue,No Issue,No Open Recalls,No Issue,No Issue,No CPO Info Available,No Issue
2023,Infiniti,QX80 Luxe,46998,18000,14 city/20 hwy,8-cyl,Gas,Rear Wheel Drive,Automatic,Black/Black,1 Owner,No flood or frame damage,No odometer problems,JN8AZ2AF4P9755087,SUV - Large Luxury,Clean,No Issue,Damage Reported,No Open Recalls,No Issue,No Issue,No CPO Info Available,No Issue
2019,Infiniti,QX60 Luxe,27998,33000,19 city/26 hwy,6-cyl,Gas,All Wheel Drive,Automatic,Burgundy/Tan,1 Owner,No flood or frame damage,No odometer problems,5N1DL0MM7KC510607,CUV - Large Luxury,Clean,No Issue,Moderate,No Open Recalls,No Issue,No Issue,No CPO Info Available,No Issue
2020,Infiniti,QX60 Pure,26998,41000,20 city/27 hwy,6-cyl,Gas,Front Wheel Drive,Automatic,Silver/Black,1 Owner,No flood or frame damage,No odometer problems,5N1DL0MN8LC522453,CUV - Large Luxury,Clean,No Issue,No Issue,No Open Recalls,No Issue,No Issue,No CPO Info Available,No Issue
2021,Infiniti,QX50 Pure,24998,50000,23 city/29 hwy,4-cyl,Turbo Gas,Front Wheel Drive,Automatic,White/Black,1 Owner,No flood or frame damage,No odometer problems,3PCAJ5AA4MF102267,CUV - Midsize Luxury,Clean,No Issue,No Issue,No Open Recalls,No Issue,No Issue,No CPO Info Available,No Issue
2017,Infiniti,QX50 ,17998,63000,17 city/24 hwy,6-cyl,Gas,Rear Wheel Drive,Automatic,Black/Black,2 Owners,No flood or frame damage,No odometer problems,JN1BJ0RP9HM387225,CUV - Compact Luxury,Clean,No Issue,Minor,No Open Recalls,No Issue,No Issue,No CPO Info Available,No Issue
2017,Infiniti,Q50 Premium,19998,63000,20 city/29 hwy,6-cyl,Turbo Gas,Rear Wheel Drive,Automatic,White/Black,2 Owners,No flood or frame damage,No odometer problems,JN1EV7AP5HM737908,Car - Midsize Luxury,Clean,No Issue,Moderate,No Open Recalls,No Issue,No Issue,No CPO Info Available,No Issue
2021,Infiniti,QX50 Essential,28998,34000,23 city/29 hwy,4-cyl,Turbo Gas,Front Wheel Drive,Automatic,White/Cream,1 Owner,No flood or frame damage,No odometer problems,3PCAJ5CA5MF106163,CUV - Midsize Luxury,Clean,No Issue,No Issue,No Open Recalls,No Issue,No Issue,No CPO Info Available,No Issue
2020,Infiniti,QX50 Luxe,26998,34000,23 city/29 hwy,4-cyl,Turbo Gas,Front Wheel Drive,Automatic,White/Tan,1 Owner,No flood or frame damage,No odometer problems,3PCAJ5M14LF115997,CUV - Midsize Luxury,Clean,No Issue,No Issue,No Open Recalls,No Issue,No Issue,No CPO Info Available,No Issue
2018,Infiniti,Q50 Pure,21998,38000,23 city/30 hwy,4-cyl,Turbo Gas,Rear Wheel Drive,Automatic,Gray/Black,1 Owner,No flood or frame damage,No odometer problems,JN1CV7AP6JM400046,Car - Midsize Luxury,Clean,No Issue,No Issue,No Open Recalls,No Issue,No Issue,No CPO Info Available,No Issue
2022,Infiniti,QX55 Essential,37998,11000,22 city/28 hwy,4-cyl,Turbo Gas,All Wheel Drive,Automatic,Black/Black,1 Owner,No flood or frame damage,No odometer problems,3PCAJ5K3XNF113985,CUV - Compact Luxury,Clean,No Issue,No Issue,No Open Recalls,No Issue,No Issue,No CPO Info Available,No Issue
2017,Infiniti,Q50 Premium,20998,78000,20 city/29 hwy,,,,Automatic,Silver/Black,2 Owners,No flood or frame damage,No odometer problems,JN1EV7AP1HM734827,Car - Midsize Luxury,Clean,No Issue,No Issue,No Open Recalls,No Issue,No Issue,No CPO Info Available,No Issue
2023,Infiniti,QX60 Luxe,41998,31000,21 city/26 hwy,6-cyl,Gas,Front Wheel Drive,Automatic,Gold/Black,1 Owner,No flood or frame damage,No odometer problems,5N1DL1FR8PC355197,CUV - Large Luxury,Clean,No Issue,No Issue,No Open Recalls,No Issue,No Issue,No CPO Info Available,No Issue
2020,Infiniti,QX60 Signature Edition,30998,32000,20 city/27 hwy,6-cyl,Gas,Front Wheel Drive,Automatic,White/Gray,1 Owner,No flood or frame damage,No odometer problems,5N1DL0MN2LC547283,CUV - Large Luxury,Clean,No Issue,No Issue,No Open Recalls,No Issue,No Issue,No CPO Info Available,No Issue
2023,Infiniti,QX80 Premium Select,52998,15000,14 city/20 hwy,,,,Automatic,Black/Tan,2 Owners,No flood or frame damage,No odometer problems,JN8AZ2AF3P9757400,SUV - Large Luxury,Clean,No Issue,No Issue,No Open Recalls,No Issue,No Issue,No CPO Info Available,No Issue
2019,Infiniti,QX80 Luxe,29998,75000,14 city/20 hwy,8-cyl,Gas,Rear Wheel Drive,Automatic,Silver/Black,2 Owners,No flood or frame damage,No odometer problems,JN8AZ2NF2K9687357,SUV - Large Luxury,Clean,No Issue,No Issue,No Open Recalls,No Issue,No Issue,No CPO Info Available,No Issue
2020,Infiniti,QX60 Pure,26998,43000,20 city/27 hwy,6-cyl,Gas,Front Wheel Drive,Automatic,Blue/Black,1 Owner,No flood or frame damage,No odometer problems,5N1DL0MNXLC526276,CUV - Large Luxury,Clean,No Issue,No Issue,No Open Recalls,No Issue,No Issue,No CPO Info Available,No Issue
2021,Infiniti,QX50 Luxe,27998,39000,22 city/28 hwy,4-cyl,Turbo Gas,All Wheel Drive,Automatic,Gray/Black,1 Owner,No flood or frame damage,No odometer problems,3PCAJ5BB5MF123944,CUV - Midsize Luxury,Clean,No Issue,No Issue,No Open Recalls,No Issue,No Issue,No CPO Info Available,No Issue
2013,Infiniti,FX37 ,18998,85000,17 city/24 hwy,6-cyl,Gas,Rear Wheel Drive,Automatic,Green/Black,1 Owner,No flood or frame damage,No odometer problems,JN8CS1MU5DM140137,CUV - Compact Luxury,Clean,No Issue,Minor-Moderate,No Open Recalls,No Issue,No Issue,No CPO Info Available,No Issue
2020,Infiniti,QX60 Signature Edition,28998,44000,20 city/27 hwy,6-cyl,Gas,Front Wheel Drive,Automatic,Gray/Gray,1 Owner,No flood or frame damage,No odometer problems,5N1DL0MN8LC545473,CUV - Large Luxury,Clean,No Issue,Moderate,No Open Recalls,No Issue,No Issue,No CPO Info Available,No Issue
2020,Infiniti,QX60 Luxe,27998,48000,20 city/27 hwy,6-cyl,Gas,Front Wheel Drive,Automatic,Silver/Black,2 Owners,No flood or frame damage,No odometer problems,5N1DL0MNXLC523653,CUV - Large Luxury,Clean,No Issue,Minor,No Open Recalls,No Issue,No Issue,OEM-Certified,No Issue
2015,Infiniti,QX80 ,28998,56000,14 city/20 hwy,8-cyl,Gas,Rear Wheel Drive,Automatic,Blue/Black,1 Owner,No flood or frame damage,No odometer problems,JN8AZ2ND1F9771139,SUV - Large Luxury,Clean,No Issue,No Issue,No Open Recalls,No Issue,No Issue,No CPO Info Available,No Issue
2023,Infiniti,QX50 Sport,42998,2000,22 city/28 hwy,4-cyl,Turbo Gas,All Wheel Drive,Automatic,Gray/Red,2 Owners,No flood or frame damage,No odometer problems,3PCAJ5FB6PF102292,CUV - Midsize Luxury,Clean,No Issue,No Issue,No Open Recalls,No Issue,No Issue,OEM-Certified,No Issue
2021,Infiniti,QX50 Luxe,25998,53000,23 city/29 hwy,4-cyl,Turbo Gas,Front Wheel Drive,Automatic,Blue/Black,1 Owner,No flood or frame damage,No odometer problems,3PCAJ5BA3MF120564,CUV - Midsize Luxury,Clean,No Issue,No Issue,No Open Recalls,No Issue,No Issue,No CPO Info Available,No Issue
2019,Infiniti,Q50 Luxe,24998,38000,20 city/29 hwy,6-cyl,Turbo Gas,Rear Wheel Drive,Automatic,Black/Black,3 Owners,No flood or frame damage,No odometer problems,JN1EV7AP3KM518808,Car - Midsize Luxury,Clean,No Issue,No Issue,No Open Recalls,No Issue,No Issue,No CPO Info Available,No Issue
2021,Infiniti,Q60 Luxe,33998,29000,19 city/28 hwy,6-cyl,Turbo Gas,Rear Wheel Drive,Automatic,White/Black,1 Owner,No flood or frame damage,No odometer problems,JN1EV7KK2MM410654,Car - Subcompact Luxury,Clean,No Issue,No Issue,No Open Recalls,No Issue,No Issue,No CPO Info Available,No Issue
2020,Infiniti,QX50 Luxe,29998,19000,22 city/28 hwy,4-cyl,Turbo Gas,All Wheel Drive,Automatic,White/Black,1 Owner,No flood or frame damage,No odometer problems,3PCAJ5M31LF102562,CUV - Midsize Luxury,Clean,No Issue,Damage Reported,No Open Recalls,No Issue,No Issue,No CPO Info Available,No Issue
2019,Infiniti,Q50 Luxe,22998,46000,20 city/29 hwy,6-cyl,Turbo Gas,Rear Wheel Drive,Automatic,Black/Black,1 Owner,No flood or frame damage,No odometer problems,JN1EV7AP8KM512874,Car - Midsize Luxury,Clean,No Issue,No Issue,2 Open Recall(s),No Issue,No Issue,No CPO Info Available,No Issue
2019,Infiniti,QX50 Essential,24998,40000,24 city/31 hwy,4-cyl,Turbo Gas,Front Wheel Drive,Automatic,White/Black,1 Owner,No flood or frame damage,No odometer problems,3PCAJ5M19KF132924,CUV - Compact Luxury,Clean,No Issue,No Issue,No Open Recalls,No Issue,No Issue,No CPO Info Available,No Issue
2021,Infiniti,QX50 Pure,24998,43000,22 city/28 hwy,4-cyl,Turbo Gas,All Wheel Drive,Automatic,Silver/Black,2 Owners,No flood or frame damage,No odometer problems,3PCAJ5AB0MF118510,CUV - Midsize Luxury,Clean,No Issue,No Issue,No Open Recalls,No Issue,No Issue,No CPO Info Available,No Issue
2021,Infiniti,QX50 Essential,29998,28000,22 city/28 hwy,4-cyl,Turbo Gas,All Wheel Drive,Automatic,Blue/Tan,1 Owner,No flood or frame damage,No odometer problems,3PCAJ5CBXMF123162,CUV - Midsize Luxury,Clean,No Issue,No Issue,No Open Recalls,No Issue,No Issue,No CPO Info Available,No Issue
2013,Infiniti,JX35 ,14998,87000,17 city/23 hwy,6-cyl,Gas,Front Wheel Drive,Automatic,Green/Tan,1 Owner,No flood or frame damage,No odometer problems,5N1AL0MNXDC321464,CUV - Midsize Luxury,Clean,No Issue,Minor,No Open Recalls,No Issue,No Issue,No CPO Info Available,No Issue
2015,Infiniti,QX50 Journey,13599,126000,17 city/25 hwy,6-cyl,Gas,Rear Wheel Drive,Automatic,Silver/Black,3 Owners,No flood or frame damage,No odometer problems,JN1BJ0HP8FM730007,CUV - Compact Luxury,Clean,No Issue,Damage Reported,No Open Recalls,No Issue,No Issue,No CPO Info Available,No Issue
2015,Infiniti,Q60 Journey,14998,106000,19 city/27 hwy,6-cyl,Gas,Rear Wheel Drive,Automatic,Gray/Black,3 Owners,No flood or frame damage,No odometer problems,JN1CV6EK4FM871595,Car - Subcompact Luxury,Clean,No Issue,Minor,No Open Recalls,No Issue,No Issue,No CPO Info Available,No Issue
2019,Infiniti,QX60 Luxe,23998,44000,20 city/27 hwy,6-cyl,Gas,Front Wheel Drive,Automatic,Brown/Brown,2 Owners,No flood or frame damage,No odometer problems,5N1DL0MN5KC508363,CUV - Large Luxury,Clean,No Issue,Damage Reported,No Open Recalls,No Issue,No Issue,No CPO Info Available,No Issue
2019,Infiniti,QX50 Luxe,22998,47000,24 city/31 hwy,4-cyl,Turbo Gas,Front Wheel Drive,Automatic,Blue/Tan,3 Owners,No flood or frame damage,No odometer problems,3PCAJ5M12KF106150,CUV - Compact Luxury,Clean,No Issue,No Issue,No Open Recalls,No Issue,No Issue,No CPO Info Available,No Issue
2016,Infiniti,QX80 ,23998,77000,14 city/20 hwy,8-cyl,Gas,Rear Wheel Drive,Automatic,Black/Black,3 Owners,No flood or frame damage,No odometer problems,JN8AZ2NF6G9610708,SUV - Large Luxury,Clean,No Issue,No Issue,No Open Recalls,No Issue,No Issue,No CPO Info Available,No Issue
2016,Infiniti,QX50 ,18998,79000,17 city/24 hwy,6-cyl,Gas,All Wheel Drive,Automatic,Black/Black,4 Owners,No flood or frame damage,No odometer problems,JN1BJ0RR3GM261457,CUV - Compact Luxury,Clean,No Issue,No Issue,No Open Recalls,No Issue,No Issue,No CPO Info Available,No Issue
2018,Infiniti,Q50 Luxe,19998,84000,20 city/29 hwy,6-cyl,Turbo Gas,Rear Wheel Drive,Automatic,Black/Black,2 Owners,No flood or frame damage,No odometer problems,JN1EV7AP7JM367003,Car - Midsize Luxury,Clean,No Issue,Damage Reported,No Open Recalls,No Issue,No Issue,No CPO Info Available,No Issue
2020,Infiniti,QX60 Pure,22998,62000,20 city/27 hwy,6-cyl,Gas,Front Wheel Drive,Automatic,Black/Black,3 Owners,No flood or frame damage,No odometer problems,5N1DL0MN3LC545221,CUV - Large Luxury,Clean,No Issue,No Issue,No Open Recalls,No Issue,No Issue,No CPO Info Available,No Issue
2024,Infiniti,QX80 Luxe,59998,3000,13 city/19 hwy,8-cyl,Gas,Four Wheel Drive,Automatic,Black/Tan,1 Owner,No flood or frame damage,No odometer problems,JN8AZ2AE4R9330365,SUV - Large Luxury,Clean,No Issue,No Issue,No Open Recalls,No Issue,No Issue,No CPO Info Available,No Issue
2019,Infiniti,QX30 Pure,24998,25000,24 city/33 hwy,,,,Automatic,White/Black,1 Owner,No flood or frame damage,No odometer problems,SJKCH5CP0KA011621,CUV - Compact Luxury,Clean,No Issue,No Issue,No Open Recalls,No Issue,No Issue,No CPO Info Available,No Issue
2019,Infiniti,QX50 Essential,23998,50000,24 city/30 hwy,4-cyl,Turbo Gas,All Wheel Drive,Automatic,White/Black,1 Owner,No flood or frame damage,No odometer problems,3PCAJ5M3XKF119214,CUV - Compact Luxury,Clean,No Issue,No Issue,No Open Recalls,No Issue,No Issue,No CPO Info Available,No Issue
2018,Infiniti,QX60 ,21998,71000,20 city/27 hwy,6-cyl,Gas,Front Wheel Drive,Automatic,Blue/Black,1 Owner,No flood or frame damage,No odometer problems,5N1DL0MN4JC509499,CUV - Large Luxury,Clean,No Issue,No Issue,No Open Recalls,No Issue,No Issue,No CPO Info Available,No Issue
2019,Infiniti,QX60 Luxe,20998,73000,20 city/27 hwy,6-cyl,Gas,Front Wheel Drive,Automatic,Silver/Gray,3 Owners,No flood or frame damage,No odometer problems,5N1DL0MN1KC524933,CUV - Large Luxury,Clean,No Issue,Damage Reported,No Open Recalls,No Issue,No Issue,No CPO Info Available,No Issue
2018,Infiniti,Q50 Luxe,21998,62000,20 city/29 hwy,6-cyl,Turbo Gas,Rear Wheel Drive,Automatic,White/Tan,1 Owner,No flood or frame damage,No odometer problems,JN1EV7AP7JM354669,Car - Midsize Luxury,Clean,No Issue,No Issue,No Open Recalls,No Issue,No Issue,No CPO Info Available,No Issue
2015,Infiniti,QX60 ,19998,71000,19 city/26 hwy,6-cyl,Gas,All Wheel Drive,Automatic,Black/Black,5 Owners,No flood or frame damage,No odometer problems,5N1AL0MM4FC546988,CUV - Large Luxury,Clean,No Issue,Damage Reported,No Open Recalls,No Issue,No Issue,No CPO Info Available,No Issue
2019,Infiniti,QX50 Essential,22998,48000,24 city/31 hwy,4-cyl,Turbo Gas,Front Wheel Drive,Automatic,White/Black,1 Owner,No flood or frame damage,No odometer problems,3PCAJ5M13KF144857,CUV - Compact Luxury,Clean,No Issue,No Issue,No Open Recalls,No Issue,No Issue,No CPO Info Available,No Issue
2020,Infiniti,QX60 Signature Edition,27998,47000,20 city/27 hwy,6-cyl,Gas,Front Wheel Drive,Automatic,White/Gray,1 Owner,No flood or frame damage,No odometer problems,5N1DL0MNXLC548620,CUV - Large Luxury,Clean,No Issue,No Issue,No Open Recalls,No Issue,No Issue,No CPO Info Available,No Issue
2017,Infiniti,QX60 ,22998,69000,20 city/27 hwy,6-cyl,Gas,Front Wheel Drive,Automatic,White/Black,2 Owners,No flood or frame damage,No odometer problems,5N1DL0MN3HC519015,CUV - Large Luxury,Clean,No Issue,No Issue,No Open Recalls,No Issue,No Issue,No CPO Info Available,No Issue
2019,Infiniti,QX50 Luxe,23998,38000,24 city/31 hwy,4-cyl,Turbo Gas,Front Wheel Drive,Automatic,Black/Black,1 Owner,No flood or frame damage,No odometer problems,3PCAJ5M14KF126271,CUV - Compact Luxury,Clean,No Issue,No Issue,No Open Recalls,No Issue,No Issue,No CPO Info Available,No Issue
2017,Infiniti,QX50 ,15998,71000,17 city/24 hwy,6-cyl,Gas,Rear Wheel Drive,Automatic,Burgundy/Black,4 Owners,No flood or frame damage,No odometer problems,JN1BJ0RP4HM384104,CUV - Compact Luxury,Clean,No Issue,Minor,No Open Recalls,No Issue,No Issue,No CPO Info Available,No Issue
2021,Infiniti,QX50 Luxe,27998,31000,23 city/29 hwy,4-cyl,Turbo Gas,Front Wheel Drive,Automatic,White/Black,1 Owner,No flood or frame damage,No odometer problems,3PCAJ5BA0MF110302,CUV - Midsize Luxury,Clean,No Issue,No Issue,No Open Recalls,No Issue,No Issue,No CPO Info Available,No Issue
2016,Infiniti,QX60 ,21998,58000,19 city/26 hwy,6-cyl,Gas,All Wheel Drive,Automatic,Blue/Tan,2 Owners,No flood or frame damage,No odometer problems,5N1AL0MM5GC505562,CUV - Large Luxury,Clean,No Issue,No Issue,No Open Recalls,No Issue,No Issue,No CPO Info Available,No Issue
2016,Infiniti,Q50 Premium,21998,61000,19 city/28 hwy,6-cyl,Turbo Gas,Rear Wheel Drive,Automatic,White/Black,3 Owners,No flood or frame damage,No odometer problems,JN1EV7AP9GM305398,Car - Midsize Luxury,Clean,No Issue,No Issue,1 Open Recall(s),No Issue,No Issue,No CPO Info Available,No Issue
2019,Infiniti,QX50 Pure,21998,67000,24 city/31 hwy,4-cyl,Turbo Gas,Front Wheel Drive,Automatic,White/Tan,1 Owner,No flood or frame damage,No odometer problems,3PCAJ5M14KF118901,CUV - Compact Luxury,Clean,No Issue,No Issue,No Open Recalls,No Issue,No Issue,No CPO Info Available,No Issue
2019,Infiniti,Q50 Luxe,24998,49000,20 city/29 hwy,6-cyl,Turbo Gas,Rear Wheel Drive,Automatic,Gray/Black,2 Owners,No flood or frame damage,No odometer problems,JN1EV7AP7KM516351,Car - Midsize Luxury,Clean,No Issue,No Issue,No Open Recalls,No Issue,No Issue,No CPO Info Available,No Issue
2015,Infiniti,QX80 ,27998,61000,14 city/20 hwy,8-cyl,Gas,Rear Wheel Drive,Automatic,Black/Black,1 Owner,No flood or frame damage,No odometer problems,JN8AZ2NF0F9574450,SUV - Large Luxury,Clean,No Issue,Minor,No Open Recalls,No Issue,No Issue,No CPO Info Available,No Issue
2021,Infiniti,QX50 Luxe,26998,38000,23 city/29 hwy,4-cyl,Turbo Gas,Front Wheel Drive,Automatic,Black/Black,2 Owners,No flood or frame damage,No odometer problems,3PCAJ5BA0MF102488,CUV - Midsize Luxury,Clean,No Issue,No Issue,No Open Recalls,No Issue,No Issue,OEM-Certified,No Issue
2023,Infiniti,QX50 Luxe,29998,27000,23 city/29 hwy,4-cyl,Turbo Gas,Front Wheel Drive,Automatic,Gray/Black,1 Owner,No flood or frame damage,No odometer problems,3PCAJ5BA6PF109174,CUV - Midsize Luxury,Clean,No Issue,No Issue,No Open Recalls,No Issue,No Issue,No CPO Info Available,No Issue
2021,Infiniti,QX50 Luxe,30998,28000,22 city/28 hwy,4-cyl,Turbo Gas,All Wheel Drive,Automatic,White/Black,1 Owner,No flood or frame damage,No odometer problems,3PCAJ5BB0MF106274,CUV - Midsize Luxury,Clean,No Issue,No Issue,No Open Recalls,No Issue,No Issue,No CPO Info Available,No Issue
2019,Infiniti,QX60 Luxe,23998,49000,20 city/27 hwy,6-cyl,Gas,Front Wheel Drive,Automatic,White/Black,2 Owners,No flood or frame damage,No odometer problems,5N1DL0MN6KC553179,CUV - Large Luxury,Clean,No Issue,Minor,No Open Recalls,No Issue,No Issue,No CPO Info Available,No Issue
2021,Infiniti,QX50 Luxe,24998,46000,23 city/29 hwy,4-cyl,Turbo Gas,Front Wheel Drive,Automatic,Black/Tan,1 Owner,No flood or frame damage,No odometer problems,3PCAJ5BA2MF114609,CUV - Midsize Luxury,Clean,No Issue,No Issue,No Open Recalls,No Issue,No Issue,No CPO Info Available,No Issue
2014,Infiniti,QX70 ,20998,68000,17 city/24 hwy,6-cyl,Gas,Rear Wheel Drive,Automatic,White/Black,1 Owner,No flood or frame damage,No odometer problems,JN8CS1MU6EM451030,CUV - Compact Luxury,Clean,No Issue,Minor,No Open Recalls,No Issue,No Issue,No CPO Info Available,No Issue
2015,Infiniti,QX60 ,19998,73000,19 city/26 hwy,6-cyl,Gas,All Wheel Drive,Automatic,White/Cream,4 Owners,No flood or frame damage,No odometer problems,5N1AL0MM4FC505163,CUV - Large Luxury,Clean,No Issue,No Issue,No Open Recalls,No Issue,No Issue,No CPO Info Available,No Issue
2019,Infiniti,QX50 Essential,23998,71000,24 city/30 hwy,4-cyl,Turbo Gas,All Wheel Drive,Automatic,Gray/Black,2 Owners,No flood or frame damage,No odometer problems,3PCAJ5M33KF103484,CUV - Compact Luxury,Clean,No Issue,No Issue,No Open Recalls,No Issue,No Issue,No CPO Info Available,No Issue
2016,Infiniti,Q50 Premium,19998,80000,19 city/28 hwy,6-cyl,Turbo Gas,Rear Wheel Drive,Automatic,White/Tan,2 Owners,No flood or frame damage,No odometer problems,JN1EV7AP8GM304615,Car - Midsize Luxury,Clean,No Issue,No Issue,No Open Recalls,No Issue,No Issue,No CPO Info Available,No Issue
2019,Infiniti,Q70 Luxe,28998,25000,18 city/25 hwy,6-cyl,Gas,Rear Wheel Drive,Automatic,Gray/Black,1 Owner,No flood or frame damage,No odometer problems,JN1BY1AP5KM500169,Car - Midsize Luxury,Clean,No Issue,No Issue,No Open Recalls,No Issue,No Issue,No CPO Info Available,No Issue
2021,Infiniti,QX50 Luxe,27998,28000,23 city/29 hwy,4-cyl,Turbo Gas,Front Wheel Drive,Automatic,Black/Black,1 Owner,No flood or frame damage,No odometer problems,3PCAJ5BA8MF111407,CUV - Midsize Luxury,Clean,No Issue,No Issue,No Open Recalls,No Issue,No Issue,No CPO Info Available,No Issue
2020,Infiniti,QX50 Essential,20998,71000,23 city/29 hwy,4-cyl,Turbo Gas,Front Wheel Drive,Automatic,Gray/Black,1 Owner,No flood or frame damage,No odometer problems,3PCAJ5M16LF120649,CUV - Midsize Luxury,Clean,No Issue,No Issue,No Open Recalls,No Issue,No Issue,No CPO Info Available,No Issue
2021,Infiniti,QX50 Luxe,27998,27000,23 city/29 hwy,4-cyl,Turbo Gas,Front Wheel Drive,Automatic,Black/Black,1 Owner,No flood or frame damage,No odometer problems,3PCAJ5BAXMF111294,CUV - Midsize Luxury,Clean,No Issue,No Issue,No Open Recalls,No Issue,No Issue,No CPO Info Available,No Issue
2017,Infiniti,QX80 ,25998,86000,14 city/20 hwy,8-cyl,Gas,Rear Wheel Drive,Automatic,White/Black,2 Owners,No flood or frame damage,No odometer problems,JN8AZ2NFXH9646547,SUV - Large Luxury,Clean,No Issue,Minor,No Open Recalls,No Issue,No Issue,No CPO Info Available,No Issue
2022,Infiniti,QX60 Sensory,42998,17000,21 city/26 hwy,6-cyl,Gas,Front Wheel Drive,Automatic,Brown/Cream,1 Owner,No flood or frame damage,No odometer problems,5N1DL1GRXNC331785,CUV - Large Luxury,Clean,No Issue,No Issue,No Open Recalls,No Issue,No Issue,No CPO Info Available,No Issue
2020,Infiniti,QX60 Signature Edition,27998,39000,20 city/27 hwy,6-cyl,Gas,Front Wheel Drive,Automatic,Blue/Gray,1 Owner,No flood or frame damage,No odometer problems,5N1DL0MN0LC547198,CUV - Large Luxury,Clean,No Issue,Minor,No Open Recalls,No Issue,No Issue,No CPO Info Available,No Issue
2018,Infiniti,QX30 Luxury,18998,46000,24 city/33 hwy,4-cyl,Turbo Gas,Front Wheel Drive,Automatic,Gray/Black,1 Owner,No flood or frame damage,No odometer problems,SJKCH5CP1JA040799,CUV - Compact Luxury,Clean,No Issue,No Issue,No Open Recalls,No Issue,No Issue,No CPO Info Available,No Issue
2020,Infiniti,QX50 Luxe,29998,16000,22 city/28 hwy,4-cyl,Turbo Gas,All Wheel Drive,Automatic,White/Black,1 Owner,No flood or frame damage,No odometer problems,3PCAJ5M30LF119255,CUV - Midsize Luxury,Clean,No Issue,No Issue,1 Open Recall(s),No Issue,No Issue,No CPO Info Available,No Issue
2023,Infiniti,QX60 Pure,42998,10000,20 city/25 hwy,6-cyl,Gas,All Wheel Drive,Automatic,Gray/Black,1 Owner,No flood or frame damage,No odometer problems,5N1DL1ES5PC376531,CUV - Large Luxury,Clean,No Issue,No Issue,No Open Recalls,No Issue,No Issue,No CPO Info Available,No Issue
2020,Infiniti,QX60 Pure,24998,44000,20 city/27 hwy,6-cyl,Gas,Front Wheel Drive,Automatic,Gray/Black,1 Owner,No flood or frame damage,No odometer problems,5N1DL0MN2LC531309,CUV - Large Luxury,Clean,No Issue,Damage Reported,No Open Recalls,No Issue,No Issue,No CPO Info Available,No Issue
2021,Infiniti,QX50 Luxe,27998,23000,23 city/29 hwy,4-cyl,Turbo Gas,Front Wheel Drive,Automatic,Gray/Black,1 Owner,No flood or frame damage,No odometer problems,3PCAJ5BA0MF105584,CUV - Midsize Luxury,Clean,No Issue,No Issue,No Open Recalls,No Issue,No Issue,No CPO Info Available,No Issue
2021,Infiniti,QX50 Luxe,26998,32000,23 city/29 hwy,4-cyl,Turbo Gas,Front Wheel Drive,Automatic,Gray/Black,2 Owners,No flood or frame damage,No odometer problems,3PCAJ5BA1MF116111,CUV - Midsize Luxury,Clean,No Issue,No Issue,No Open Recalls,No Issue,No Issue,No CPO Info Available,No Issue
2023,Infiniti,QX60 Pure,39998,15000,21 city/26 hwy,6-cyl,Gas,Front Wheel Drive,Automatic,Black/Black,1 Owner,No flood or frame damage,No odometer problems,5N1DL1ER7PC374373,CUV - Large Luxury,Clean,No Issue,No Issue,No Open Recalls,No Issue,No Issue,No CPO Info Available,No Issue
2016,Infiniti,Q50 Premium,18998,82000,19 city/28 hwy,6-cyl,Turbo Gas,Rear Wheel Drive,Automatic,Silver/Cream,2 Owners,No flood or frame damage,No odometer problems,JN1EV7AP0GM301935,Car - Midsize Luxury,Clean,No Issue,Minor,No Open Recalls,No Issue,No Issue,No CPO Info Available,No Issue
2016,Infiniti,Q50 Premium,21998,51000,19 city/28 hwy,6-cyl,Turbo Gas,Rear Wheel Drive,Automatic,Black/Cream,2 Owners,No flood or frame damage,No odometer problems,JN1EV7AP5GM303664,Car - Midsize Luxury,Clean,No Issue,No Issue,No Open Recalls,No Issue,No Issue,No CPO Info Available,No Issue
2014,Infiniti,QX60 ,20998,67000,19 city/25 hwy,6-cyl,Gas,All Wheel Drive,Automatic,Silver/Black,2 Owners,No flood or frame damage,No odometer problems,5N1AL0MM4EC533172,CUV - Large Luxury,Clean,No Issue,No Issue,No Open Recalls,No Issue,No Issue,No CPO Info Available,No Issue
2020,Infiniti,QX60 Pure,26998,46000,19 city/26 hwy,6-cyl,Gas,All Wheel Drive,Automatic,Silver/Black,1 Owner,No flood or frame damage,No odometer problems,5N1DL0MM4LC525700,CUV - Large Luxury,Clean,No Issue,No Issue,No Open Recalls,No Issue,No Issue,No CPO Info Available,No Issue
2022,Infiniti,QX80 Luxe,45998,27000,13 city/19 hwy,8-cyl,Gas,Four Wheel Drive,Automatic,Black/Black,1 Owner,No flood or frame damage,No odometer problems,JN8AZ2AE9N9293808,SUV - Large Luxury,Clean,No Issue,No Issue,No Open Recalls,No Issue,No Issue,No CPO Info Available,No Issue
2019,Infiniti,QX60 Luxe,24998,47000,19 city/26 hwy,6-cyl,Gas,All Wheel Drive,Automatic,Blue/Black,2 Owners,No flood or frame damage,No odometer problems,5N1DL0MM5KC509102,CUV - Large Luxury,Clean,No Issue,No Issue,No Open Recalls,No Issue,No Issue,No CPO Info Available,No Issue
2020,Infiniti,QX80 Luxe,37998,36000,13 city/19 hwy,8-cyl,Gas,All Wheel Drive,Automatic,Black/Black,3 Owners,No flood or frame damage,No odometer problems,JN8AZ2NE9L9251811,SUV - Large Luxury,Clean,No Issue,No Issue,No Open Recalls,No Issue,No Issue,No CPO Info Available,No Issue
2013,Infiniti,M37 ,16998,83000,18 city/26 hwy,6-cyl,Gas,Rear Wheel Drive,Automatic,White/Tan,1 Owner,No flood or frame damage,No odometer problems,JN1BY1AP6DM514729,Car - Midsize Luxury,Clean,No Issue,Minor,No Open Recalls,No Issue,No Issue,No CPO Info Available,No Issue
2019,Infiniti,QX50 Luxe,20998,63000,24 city/31 hwy,4-cyl,Turbo Gas,Front Wheel Drive,Automatic,Gray/Cream,2 Owners,No flood or frame damage,No odometer problems,3PCAJ5M18KF145874,CUV - Compact Luxury,Clean,No Issue,No Issue,No Open Recalls,No Issue,No Issue,No CPO Info Available,No Issue
2019,Infiniti,QX80 Luxe,29998,60000,14 city/20 hwy,8-cyl,Gas,Rear Wheel Drive,Automatic,Black/Black,1 Owner,No flood or frame damage,No odometer problems,JN8AZ2NF3K9686895,SUV - Large Luxury,Clean,No Issue,Minor,No Open Recalls,No Issue,No Issue,No CPO Info Available,No Issue
2018,Infiniti,QX60 ,22998,54000,20 city/27 hwy,6-cyl,Gas,Front Wheel Drive,Automatic,Silver/Black,1 Owner,No flood or frame damage,No odometer problems,5N1DL0MN3JC525841,CUV - Large Luxury,Clean,No Issue,No Issue,No Open Recalls,No Issue,No Issue,No CPO Info Available,No Issue
2019,Infiniti,QX60 Luxe,25998,47000,19 city/26 hwy,6-cyl,Gas,All Wheel Drive,Automatic,White/Black,3 Owners,No flood or frame damage,No odometer problems,5N1DL0MM3KC503850,CUV - Large Luxury,Clean,No Issue,Minor,No Open Recalls,No Issue,No Issue,No CPO Info Available,No Issue
2015,Infiniti,QX60 ,19998,65000,19 city/25 hwy,,,,Automatic,White/Black,1 Owner,No flood or frame damage,No odometer problems,5N1AL0MM9FC542175,CUV - Large Luxury,Clean,No Issue,No Issue,No Open Recalls,No Issue,No Issue,No CPO Info Available,No Issue
2015,Infiniti,Q60 Limited,22998,54000,19 city/27 hwy,6-cyl,Gas,Rear Wheel Drive,Automatic,Gray/Black,2 Owners,No flood or frame damage,No odometer problems,JN1CV6EK2FM870316,Car - Subcompact Luxury,Clean,No Issue,Moderate,No Open Recalls,No Issue,No Issue,No CPO Info Available,No Issue
2013,Infiniti,G37 Journey,15998,75000,19 city/27 hwy,6-cyl,Gas,Rear Wheel Drive,Automatic,Gray/Black,2 Owners,No flood or frame damage,No odometer problems,JN1CV6AP4DM710016,Car - Midsize Luxury,Clean,No Issue,No Issue,No Open Recalls,No Issue,No Issue,No CPO Info Available,No Issue
2017,Infiniti,QX60 ,21998,66000,19 city/26 hwy,6-cyl,Gas,All Wheel Drive,Automatic,Black/Black,1 Owner,No flood or frame damage,No odometer problems,5N1DL0MM5HC524742,CUV - Large Luxury,Clean,No Issue,Moderate,No Open Recalls,No Issue,No Issue,No CPO Info Available,No Issue
2018,Infiniti,QX80 ,28998,65000,14 city/20 hwy,8-cyl,Gas,Rear Wheel Drive,Automatic,Gray/Black,1 Owner,No flood or frame damage,No odometer problems,JN8AZ2NF7J9660671,SUV - Large Luxury,Clean,No Issue,No Issue,No Open Recalls,No Issue,No Issue,No CPO Info Available,No Issue
2019,Infiniti,Q60 Pure,26998,43000,19 city/28 hwy,6-cyl,Turbo Gas,Rear Wheel Drive,Automatic,White/Black,1 Owner,No flood or frame damage,No odometer problems,JN1EV7EK3KM230379,Car - Subcompact Luxury,Clean,No Issue,No Issue,2 Open Recall(s),No Issue,No Issue,No CPO Info Available,No Issue
2019,Infiniti,QX60 Pure,25998,40000,19 city/26 hwy,,,,Automatic,Gray/Black,2 Owners,No flood or frame damage,No odometer problems,5N1DL0MM6KC551794,CUV - Large Luxury,Clean,No Issue,No Issue,No Open Recalls,No Issue,No Issue,No CPO Info Available,No Issue
2020,Infiniti,Q60 Luxe,28998,48000,19 city/28 hwy,6-cyl,Turbo Gas,Rear Wheel Drive,Automatic,Gray/Black,2 Owners,No flood or frame damage,No odometer problems,JN1EV7EK0LM340761,Car - Subcompact Luxury,Clean,No Issue,Minor,No Open Recalls,No Issue,No Issue,OEM-Certified,No Issue
2013,Infiniti,G37 Journey,15998,76000,19 city/27 hwy,6-cyl,Gas,Rear Wheel Drive,Automatic,Gray/Black,2 Owners,No flood or frame damage,No odometer problems,JN1CV6APXDM725796,Car - Midsize Luxury,Clean,No Issue,No Issue,No Open Recalls,No Issue,No Issue,No CPO Info Available,No Issue
2018,Infiniti,QX60 ,22998,73000,19 city/26 hwy,6-cyl,Gas,All Wheel Drive,Automatic,White/Tan,2 Owners,No flood or frame damage,No odometer problems,5N1DL0MM1JC508883,CUV - Large Luxury,Clean,No Issue,Minor,No Open Recalls,No Issue,No Issue,No CPO Info Available,No Issue
2019,Infiniti,QX50 Luxe,18998,95000,24 city/31 hwy,4-cyl,Turbo Gas,Front Wheel Drive,Automatic,Blue/Black,2 Owners,No flood or frame damage,No odometer problems,3PCAJ5M14KF128859,CUV - Compact Luxury,Clean,No Issue,No Issue,No Open Recalls,No Issue,No Issue,No CPO Info Available,No Issue
2019,Infiniti,QX60 Pure,24998,54000,19 city/26 hwy,6-cyl,Gas,All Wheel Drive,Automatic,Black/Black,2 Owners,No flood or frame damage,No odometer problems,5N1DL0MM8KC569195,CUV - Large Luxury,Clean,No Issue,Minor,No Open Recalls,No Issue,No Issue,No CPO Info Available,No Issue
2021,Infiniti,QX50 Luxe,26998,30000,23 city/29 hwy,4-cyl,Turbo Gas,Front Wheel Drive,Automatic,Black/Black,1 Owner,No flood or frame damage,No odometer problems,3PCAJ5BA9MF124330,CUV - Midsize Luxury,Clean,No Issue,No Issue,No Open Recalls,No Issue,No Issue,No CPO Info Available,No Issue
2016,Infiniti,QX50 ,20998,48000,17 city/24 hwy,6-cyl,Gas,All Wheel Drive,Automatic,Blue/Brown,2 Owners,No flood or frame damage,No odometer problems,JN1BJ0RR9GM269532,CUV - Compact Luxury,Clean,No Issue,No Issue,No Open Recalls,No Issue,No Issue,No CPO Info Available,No Issue
2015,Infiniti,Q60 S,19998,85000,17 city/25 hwy,6-cyl,Gas,Rear Wheel Drive,Automatic,White/Black,2 Owners,No flood or frame damage,No odometer problems,JN1CV6EK0FM870055,Car - Subcompact Luxury,Clean,No Issue,Minor,No Open Recalls,No Issue,No Issue,No CPO Info Available,No Issue
2021,Infiniti,QX50 Luxe,25998,47000,22 city/28 hwy,4-cyl,Turbo Gas,All Wheel Drive,Automatic,Silver/Black,2 Owners,No flood or frame damage,No odometer problems,3PCAJ5BB7MF108846,CUV - Midsize Luxury,Clean,No Issue,No Issue,No Open Recalls,No Issue,No Issue,No CPO Info Available,No Issue
2019,Infiniti,QX80 Luxe,32998,68000,13 city/19 hwy,8-cyl,Gas,All Wheel Drive,Automatic,Blue/Black,2 Owners,No flood or frame damage,No odometer problems,JN8AZ2NE6K9228016,SUV - Large Luxury,Clean,No Issue,No Issue,No Open Recalls,No Issue,No Issue,No CPO Info Available,No Issue
2018,Infiniti,QX60 ,24998,46000,20 city/27 hwy,6-cyl,Gas,Front Wheel Drive,Automatic,Blue/Tan,1 Owner,No flood or frame damage,No odometer problems,5N1DL0MN3JC522986,CUV - Large Luxury,Clean,No Issue,No Issue,No Open Recalls,No Issue,No Issue,No CPO Info Available,No Issue
2019,Infiniti,QX50 Luxe,22998,59000,24 city/30 hwy,4-cyl,Turbo Gas,All Wheel Drive,Automatic,Blue/Black,1 Owner,No flood or frame damage,No odometer problems,3PCAJ5M3XKF103076,CUV - Compact Luxury,Clean,No Issue,Damage Reported,No Open Recalls,No Issue,No Issue,No CPO Info Available,No Issue
2020,Infiniti,QX50 Essential,22998,52000,23 city/29 hwy,4-cyl,Turbo Gas,Front Wheel Drive,Automatic,White/Black,1 Owner,No flood or frame damage,No odometer problems,3PCAJ5M12LF119269,CUV - Midsize Luxury,Clean,No Issue,Damage Reported,No Open Recalls,No Issue,No Issue,No CPO Info Available,No Issue
2019,Infiniti,Q60 Luxe,21998,84000,19 city/28 hwy,6-cyl,Turbo Gas,Rear Wheel Drive,Automatic,Gray/Black,1 Owner,No flood or frame damage,No odometer problems,JN1EV7EK7KM230806,Car - Subcompact Luxury,Clean,No Issue,Minor,No Open Recalls,No Issue,No Issue,No CPO Info Available,No Issue
2022,Infiniti,QX60 Sensory,47998,17000,20 city/25 hwy,6-cyl,Gas,All Wheel Drive,Automatic,Blue/Black,1 Owner,No flood or frame damage,No odometer problems,5N1DL1GS4NC331154,CUV - Large Luxury,Clean,No Issue,No Issue,No Open Recalls,No Issue,No Issue,No CPO Info Available,No Issue
2020,Infiniti,QX60 Signature Edition,32998,17000,19 city/26 hwy,6-cyl,Gas,All Wheel Drive,Automatic,White/Gray,1 Owner,No flood or frame damage,No odometer problems,5N1DL0MM3LC547266,CUV - Large Luxury,Clean,No Issue,No Issue,No Open Recalls,No Issue,No Issue,No CPO Info Available,No Issue
