year,make,model,price,mileage,Miles per gallon,cylinders,fuel,Drive type,Transmission,Color,owner,frame_damage,Odometer_problem,VIN,class,State Title Brand,Auction Brand / Issues,Accident / Damage,Open Recall Check,Insurance Loss / Transfer,Odometer Check,Certified Pre-Owned,Service / Repair,Miles per gallon equivalent (MPGe),Motor,Range (when new),Time to fully charge battery (240V)
2019,Jaguar,F-Pace 25t Premium,26998,42000,22 city/27 hwy,4-cyl,Turbo Gas,All Wheel Drive,Automatic,Black/Tan,2 Owners,No flood or frame damage,No odometer problems,SADCJ2FX6KA357016,CUV - Compact Luxury,Clean,No Issue,No Issue,No Open Recalls,No Issue,No Issue,No CPO Info Available,No Issue,,,,
2019,Jaguar,F-Pace 25t R-Sport,29998,33000,22 city/27 hwy,4-cyl,Turbo Gas,All Wheel Drive,Automatic,Black/Black,1 Owner,No flood or frame damage,No odometer problems,SADCL2GX6KA398254,CUV - Compact Luxury,Clean,No Issue,No Issue,1 Open Recall(s),No Issue,No Issue,No CPO Info Available,No Issue,,,,
2016,Jaguar,F-Type S,38998,14000,18 city/26 hwy,6-cyl,Supercharged Gas,All Wheel Drive,Automatic,White/Tan,3 Owners,No flood or frame damage,No odometer problems,SAJWA6FU8G8K33514,Sport Car - Subcompact Luxury,Clean,No Issue,Minor,No Open Recalls,No Issue,No Issue,No CPO Info Available,No Issue,,,,
2021,Jaguar,F-Pace S,35998,32000,22 city/27 hwy,4-cyl,Turbo Gas,All Wheel Drive,Automatic,Gray/Black,1 Owner,No flood or frame damage,No odometer problems,SADCJ2EX6MA684066,CUV - Compact Luxury,Clean,No Issue,No Issue,No Open Recalls,No Issue,No Issue,No CPO Info Available,No Issue,,,,
2017,Jaguar,F-Pace Premium,23998,58000,26 city/33 hwy,4-cyl,Turbo Diesel,All Wheel Drive,Automatic,Gold/Tan,1 Owner,No flood or frame damage,No odometer problems,SADCJ2BN1HA095015,CUV - Compact Luxury,Clean,No Issue,No Issue,No Open Recalls,No Issue,No Issue,No CPO Info Available,No Issue,,,,
2019,Jaguar,F-Pace 25t Premium,25998,43000,22 city/27 hwy,4-cyl,Turbo Gas,All Wheel Drive,Automatic,White/Tan,1 Owner,No flood or frame damage,No odometer problems,SADCJ2FX6KA367822,CUV - Compact Luxury,Clean,No Issue,No Issue,No Open Recalls,No Issue,No Issue,No CPO Info Available,No Issue,,,,
2020,Jaguar,F-Type Checkered Flag,46998,18000,20 city/28 hwy,6-cyl,Supercharged Gas,All Wheel Drive,Automatic,White/Black,1 Owner,No flood or frame damage,No odometer problems,SAJDK5FV0LCK65923,Sport Car - Subcompact Luxury,Clean,No Issue,No Issue,No Open Recalls,No Issue,No Issue,No CPO Info Available,No Issue,,,,
2018,Jaguar,XE Prestige,21998,56000,25 city/34 hwy,4-cyl,Turbo Gas,Rear Wheel Drive,Automatic,Blue/Black,2 Owners,No flood or frame damage,No odometer problems,SAJAE4FX3JCP30147,Car - Compact Luxury,Clean,No Issue,Moderate,No Open Recalls,No Issue,No Issue,No CPO Info Available,No Issue,,,,
2017,Jaguar,XE R-Sport,24998,32000,21 city/30 hwy,6-cyl,Supercharged Gas,Rear Wheel Drive,Automatic,Red/Red,2 Owners,No flood or frame damage,No odometer problems,SAJAF4BV9HA956121,Car - Compact Luxury,Clean,No Issue,No Issue,No Open Recalls,No Issue,No Issue,No CPO Info Available,No Issue,,,,
2019,Jaguar,F-Pace 30t Premium,26998,47000,22 city/27 hwy,4-cyl,Turbo Gas,All Wheel Drive,Automatic,Blue/Black,1 Owner,No flood or frame damage,No odometer problems,SADCJ2GX0KA360105,CUV - Compact Luxury,Clean,No Issue,Damage Reported,1 Open Recall(s),No Issue,No Issue,No CPO Info Available,No Issue,,,,
2018,Jaguar,F-Pace Prestige,24998,54000,26 city/33 hwy,4-cyl,Turbo Diesel,All Wheel Drive,Automatic,Black/Black,2 Owners,No flood or frame damage,No odometer problems,SADCK2FXXJA264706,CUV - Compact Luxury,Clean,No Issue,No Issue,No Open Recalls,No Issue,No Issue,No CPO Info Available,No Issue,,,,
2017,Jaguar,XE Premium,21998,21000,21 city/30 hwy,4-cyl,Turbo Gas,Rear Wheel Drive,Automatic,Black/Black,1 Owner,No flood or frame damage,No odometer problems,SAJAD4BG0HA950098,Car - Compact Luxury,Clean,No Issue,No Issue,No Open Recalls,No Issue,No Issue,No CPO Info Available,No Issue,,,,
2020,Jaguar,F-Pace 25t Premium,31998,10000,22 city/27 hwy,4-cyl,Turbo Gas,All Wheel Drive,Automatic,Gray/Black,1 Owner,No flood or frame damage,No odometer problems,SADCJ2FX1LA652350,CUV - Compact Luxury,Clean,No Issue,Damage Reported,No Open Recalls,No Issue,No Issue,No CPO Info Available,No Issue,,,,
2020,Jaguar,F-Pace 25t Premium,26998,63000,22 city/27 hwy,4-cyl,Turbo Gas,All Wheel Drive,Automatic,Blue/Black,1 Owner,No flood or frame damage,No odometer problems,SADCJ2FX3LA660689,CUV - Compact Luxury,Clean,No Issue,No Issue,No Open Recalls,No Issue,No Issue,No CPO Info Available,No Issue,,,,
2022,Jaguar,F-Pace S,41998,27000,22 city/27 hwy,4-cyl,Turbo Gas,All Wheel Drive,Automatic,Black/Tan,2 Owners,No flood or frame damage,No odometer problems,SADCJ2EX7NA699922,CUV - Compact Luxury,Clean,No Issue,No Issue,No Open Recalls,No Issue,No Issue,No CPO Info Available,No Issue,,,,
2021,Jaguar,F-Pace S,37998,20000,22 city/27 hwy,4-cyl,Turbo Gas,All Wheel Drive,Automatic,Blue/Black,2 Owners,No flood or frame damage,No odometer problems,SADCJ2EXXMA667870,CUV - Compact Luxury,Clean,No Issue,No Issue,1 Open Recall(s),No Issue,No Issue,No CPO Info Available,No Issue,,,,
2019,Jaguar,I-Pace S,26998,34000,,,,All Wheel Drive,,Black/Black,2 Owners,No flood or frame damage,No odometer problems,SADHB2S17K1F72914,CUV - Midsize Luxury,Clean,No Issue,No Issue,No Open Recalls,No Issue,No Issue,No CPO Info Available,No Issue,80 city/72 hwy,Electric,234 miles,13 hours
2021,Jaguar,F-Pace S,36998,42000,22 city/27 hwy,4-cyl,Turbo Gas,All Wheel Drive,Automatic,Black/Black,1 Owner,No flood or frame damage,No odometer problems,SADCJ2EX7MA671617,CUV - Compact Luxury,Clean,No Issue,No Issue,No Open Recalls,No Issue,No Issue,No CPO Info Available,No Issue,,,,
2015,Jaguar,F-Type R,39998,53000,16 city/23 hwy,8-cyl,Supercharged Gas,Rear Wheel Drive,Automatic,White/Red,6 Owners,No flood or frame damage,No odometer problems,SAJWA6DA3FMK18451,Sport Car - Subcompact Luxury,Clean,No Issue,No Issue,No Open Recalls,No Issue,No Issue,No CPO Info Available,No Issue,,,,
2019,Jaguar,F-Pace S,29998,66000,18 city/23 hwy,6-cyl,Supercharged Gas,All Wheel Drive,Automatic,Gray/Brown,1 Owner,No flood or frame damage,No odometer problems,SADCM2FV7KA610009,CUV - Compact Luxury,Clean,No Issue,No Issue,No Open Recalls,No Issue,No Issue,No CPO Info Available,No Issue,,,,
2020,Jaguar,F-Pace 25t Premium,27998,44000,22 city/27 hwy,4-cyl,Turbo Gas,All Wheel Drive,Automatic,Black/Black,2 Owners,No flood or frame damage,No odometer problems,SADCJ2FXXLA651973,CUV - Compact Luxury,Clean,No Issue,No Issue,No Open Recalls,No Issue,No Issue,No CPO Info Available,No Issue,,,,
2017,Jaguar,XE Premium,20998,58000,30 city/40 hwy,4-cyl,Turbo Diesel,All Wheel Drive,Automatic,Black/Black,1 Owner,No flood or frame damage,No odometer problems,SAJAJ4BN9HA976609,Car - Compact Luxury,Clean,No Issue,No Issue,No Open Recalls,No Issue,No Issue,No CPO Info Available,No Issue,,,,
2020,Jaguar,E-Pace SE,24998,52000,21 city/28 hwy,,,,Automatic,Gray/Black,1 Owner,No flood or frame damage,No odometer problems,SADFP2FX9L1Z86251,CUV - Compact Luxury,Clean,No Issue,No Issue,No Open Recalls,No Issue,No Issue,No CPO Info Available,No Issue,,,,
2023,Jaguar,F-Pace S,49998,11000,22 city/27 hwy,4-cyl,Turbo Gas,All Wheel Drive,Automatic,Black/Black,1 Owner,No flood or frame damage,No odometer problems,SADCJ2EX5PA709124,CUV - Compact Luxury,Clean,No Issue,No Issue,No Open Recalls,No Issue,No Issue,No CPO Info Available,No Issue,,,,
2021,Jaguar,F-Pace S,33998,57000,22 city/27 hwy,4-cyl,Turbo Gas,All Wheel Drive,Automatic,Black/Gray,1 Owner,No flood or frame damage,No odometer problems,SADCJ2EX2MA668897,CUV - Compact Luxury,Clean,No Issue,No Issue,No Open Recalls,No Issue,No Issue,No CPO Info Available,No Issue,,,,
2015,Jaguar,XJ ,26998,15000,18 city/27 hwy,6-cyl,Supercharged Gas,Rear Wheel Drive,Automatic,White/Tan,1 Owner,No flood or frame damage,No odometer problems,SAJWA1CZ1F8V81477,Car - Midsize Luxury,Clean,No Issue,No Issue,1 Open Recall(s),No Issue,No Issue,No CPO Info Available,No Issue,,,,
2021,Jaguar,F-Pace S,35998,41000,22 city/27 hwy,4-cyl,Turbo Gas,All Wheel Drive,Automatic,Black/Black,1 Owner,No flood or frame damage,No odometer problems,SADCJ2EX6MA668059,CUV - Compact Luxury,Clean,No Issue,No Issue,2 Open Recall(s),No Issue,No Issue,No CPO Info Available,No Issue,,,,
2019,Jaguar,F-Pace S,31998,44000,18 city/23 hwy,6-cyl,Supercharged Gas,All Wheel Drive,Automatic,Blue/Black,3 Owners,No flood or frame damage,No odometer problems,SADCM2FV9KA604518,CUV - Compact Luxury,Clean,No Issue,No Issue,No Open Recalls,No Issue,No Issue,No CPO Info Available,No Issue,,,,
2020,Jaguar,XF 25t Premium,26998,15000,23 city/33 hwy,4-cyl,Turbo Gas,All Wheel Drive,Automatic,Gray/Black,2 Owners,No flood or frame damage,No odometer problems,SAJBJ4FX9LCY85840,Car - Midsize Luxury,Clean,No Issue,Minor,No Open Recalls,No Issue,No Issue,No CPO Info Available,No Issue,,,,
2020,Jaguar,F-Pace 25t Premium,27998,45000,22 city/27 hwy,4-cyl,Turbo Gas,All Wheel Drive,Automatic,Black/Black,2 Owners,No flood or frame damage,No odometer problems,SADCJ2FX5LA652660,CUV - Compact Luxury,Clean,No Issue,No Issue,No Open Recalls,No Issue,No Issue,No CPO Info Available,No Issue,,,,
2019,Jaguar,I-Pace S,27998,58000,,,,All Wheel Drive,,White/Black,1 Owner,No flood or frame damage,No odometer problems,SADHB2S14K1F76564,CUV - Midsize Luxury,Clean,No Issue,No Issue,1 Open Recall(s),No Issue,No Issue,No CPO Info Available,No Issue,80 city/72 hwy,Electric,234 miles,13 hours
2021,Jaguar,XF SE,36998,8000,25 city/33 hwy,4-cyl,Turbo Gas,Rear Wheel Drive,Automatic,White/Black,1 Owner,No flood or frame damage,No odometer problems,SAJBL4GX2MCY89271,Car - Midsize Luxury,Clean,No Issue,No Issue,No Open Recalls,No Issue,No Issue,No CPO Info Available,No Issue,,,,
2017,Jaguar,F-Type R,48998,34000,15 city/23 hwy,8-cyl,Supercharged Gas,All Wheel Drive,Automatic,Black/Red,2 Owners,No flood or frame damage,No odometer problems,SAJWJ6HL6HMK41785,Sport Car - Subcompact Luxury,Clean,No Issue,No Issue,No Open Recalls,No Issue,No Issue,No CPO Info Available,No Issue,,,,
2016,Jaguar,XF Premium,19998,41000,20 city/30 hwy,6-cyl,Supercharged Gas,Rear Wheel Drive,Automatic,Black/White,2 Owners,No flood or frame damage,No odometer problems,SAJBD4BV6GCY11860,Car - Midsize Luxury,Clean,No Issue,No Issue,No Open Recalls,No Issue,No Issue,No CPO Info Available,No Issue,,,,
2018,Jaguar,XE S,26998,40000,20 city/29 hwy,6-cyl,Supercharged Gas,All Wheel Drive,Automatic,Burgundy/Black,2 Owners,No flood or frame damage,No odometer problems,SAJAM4FV0JCP17079,Car - Compact Luxury,Clean,No Issue,Damage Reported,No Open Recalls,No Issue,No Issue,No CPO Info Available,No Issue,,,,
2021,Jaguar,F-Pace S,37998,25000,22 city/27 hwy,4-cyl,Turbo Gas,All Wheel Drive,Automatic,Blue/Brown,1 Owner,No flood or frame damage,No odometer problems,SADCJ2EX8MA671433,CUV - Compact Luxury,Clean,No Issue,No Issue,No Open Recalls,No Issue,No Issue,No CPO Info Available,No Issue,,,,
2015,Jaguar,XF Portfolio,19998,48000,17 city/27 hwy,6-cyl,Supercharged Gas,All Wheel Drive,Automatic,Red/Black,1 Owner,No flood or frame damage,No odometer problems,SAJWJ0FF9F8U60661,Car - Midsize Luxury,Clean,No Issue,No Issue,No Open Recalls,No Issue,No Issue,No CPO Info Available,No Issue,,,,
2018,Jaguar,F-Pace R-Sport,25998,58000,22 city/27 hwy,4-cyl,Turbo Gas,All Wheel Drive,Automatic,Black/Black,1 Owner,No flood or frame damage,No odometer problems,SADCL2GX0JA285642,CUV - Compact Luxury,Clean,No Issue,No Issue,1 Open Recall(s),No Issue,No Issue,No CPO Info Available,No Issue,,,,
2017,Jaguar,XJ R-Sport,30998,21000,17 city/26 hwy,6-cyl,Supercharged Gas,All Wheel Drive,Automatic,White/Tan,3 Owners,No flood or frame damage,No odometer problems,SAJWJ1CD1H8W11617,Car - Midsize Luxury,Clean,No Issue,Damage Reported,No Open Recalls,No Issue,No Issue,No CPO Info Available,No Issue,,,,
2019,Jaguar,F-Pace 25t Premium,23998,60000,22 city/27 hwy,4-cyl,Turbo Gas,All Wheel Drive,Automatic,White/Black,2 Owners,No flood or frame damage,No odometer problems,SADCJ2FX0KA602196,CUV - Compact Luxury,Clean,No Issue,No Issue,No Open Recalls,No Issue,No Issue,No CPO Info Available,No Issue,,,,
2021,Jaguar,F-Pace S,34998,36000,22 city/27 hwy,4-cyl,Turbo Gas,All Wheel Drive,Automatic,Gray/Black,1 Owner,No flood or frame damage,No odometer problems,SADCJ2EX2MA668995,CUV - Compact Luxury,Clean,No Issue,No Issue,No Open Recalls,No Issue,No Issue,No CPO Info Available,No Issue,,,,
2019,Jaguar,F-Pace 25t Premium,25998,60000,22 city/27 hwy,4-cyl,Turbo Gas,All Wheel Drive,Automatic,Black/Black,2 Owners,No flood or frame damage,No odometer problems,SADCJ2FX9KA611916,CUV - Compact Luxury,Clean,No Issue,No Issue,No Open Recalls,No Issue,No Issue,No CPO Info Available,No Issue,,,,
2021,Jaguar,F-Type P300,46998,6000,23 city/30 hwy,4-cyl,Turbo Gas,Rear Wheel Drive,Automatic,Gray/Black,1 Owner,No flood or frame damage,No odometer problems,SAJDD5GX1MCK71371,Sport Car - Subcompact Luxury,Clean,No Issue,No Issue,No Open Recalls,No Issue,No Issue,No CPO Info Available,No Issue,,,,
2021,Jaguar,F-Pace S,34998,35000,22 city/27 hwy,4-cyl,Turbo Gas,All Wheel Drive,Automatic,Red/Tan,1 Owner,No flood or frame damage,No odometer problems,SADCJ2EX6MA668448,CUV - Compact Luxury,Clean,No Issue,No Issue,No Open Recalls,No Issue,No Issue,No CPO Info Available,No Issue,,,,
2021,Jaguar,F-Pace S,33998,47000,22 city/27 hwy,4-cyl,Turbo Gas,All Wheel Drive,Automatic,Black/Tan,2 Owners,No flood or frame damage,No odometer problems,SADCJ2EXXMA669585,CUV - Compact Luxury,Clean,No Issue,No Issue,No Open Recalls,No Issue,No Issue,No CPO Info Available,No Issue,,,,
2023,Jaguar,F-Pace S,46998,10000,22 city/27 hwy,4-cyl,Turbo Gas,All Wheel Drive,Automatic,Blue/Brown,0 Owner,No flood or frame damage,No odometer problems,SADCJ2EX5PA710788,CUV - Compact Luxury,Clean,No Issue,No Issue,No Open Recalls,No Issue,No Issue,No CPO Info Available,No Issue,,,,
2021,Jaguar,F-Pace S,39998,18000,22 city/27 hwy,4-cyl,Turbo Gas,All Wheel Drive,Automatic,Green/Brown,1 Owner,No flood or frame damage,No odometer problems,SADCJ2EX8MA671075,CUV - Compact Luxury,Clean,No Issue,No Issue,No Open Recalls,No Issue,No Issue,No CPO Info Available,No Issue,,,,
2018,Jaguar,F-Pace Premium,24998,43000,18 city/23 hwy,6-cyl,Supercharged Gas,All Wheel Drive,Automatic,Black/Black,1 Owner,No flood or frame damage,No odometer problems,SADCJ2EV6JA260798,CUV - Compact Luxury,Clean,No Issue,No Issue,No Open Recalls,No Issue,No Issue,No CPO Info Available,No Issue,,,,
2019,Jaguar,XE 25t Prestige,24998,38000,25 city/34 hwy,,,,Automatic,Black/Tan,3 Owners,No flood or frame damage,No odometer problems,SAJAE4FX0KCP43827,Car - Compact Luxury,Clean,No Issue,No Issue,No Open Recalls,No Issue,No Issue,No CPO Info Available,No Issue,,,,
2021,Jaguar,F-Pace S,34998,43000,22 city/27 hwy,4-cyl,Turbo Gas,All Wheel Drive,Automatic,Black/Black,1 Owner,No flood or frame damage,No odometer problems,SADCJ2EX0MA669367,CUV - Compact Luxury,Clean,No Issue,Minor,No Open Recalls,No Issue,No Issue,No CPO Info Available,No Issue,,,,
2023,Jaguar,F-Pace S,46998,16000,22 city/27 hwy,4-cyl,Turbo Gas,All Wheel Drive,Automatic,Black/Black,1 Owner,No flood or frame damage,No odometer problems,SADCJ2EXXPA705571,CUV - Compact Luxury,Clean,No Issue,Damage Reported,No Open Recalls,No Issue,No Issue,No CPO Info Available,No Issue,,,,
2014,Jaguar,XF 3.0 Supercharged,20998,33000,17 city/28 hwy,6-cyl,Supercharged Gas,Rear Wheel Drive,Automatic,Gray/Tan,3 Owners,No flood or frame damage,No odometer problems,SAJWA0EX8E8U33671,Car - Midsize Luxury,Clean,No Issue,No Issue,No Open Recalls,No Issue,No Issue,No CPO Info Available,No Issue,,,,
2019,Jaguar,F-Pace 25t Premium,25998,55000,22 city/27 hwy,4-cyl,Turbo Gas,All Wheel Drive,Automatic,White/Tan,2 Owners,No flood or frame damage,No odometer problems,SADCJ2FXXKA364082,CUV - Compact Luxury,Clean,No Issue,No Issue,No Open Recalls,No Issue,No Issue,No CPO Info Available,No Issue,,,,
2020,Jaguar,F-Pace 30t Premium,26998,52000,22 city/27 hwy,4-cyl,Turbo Gas,All Wheel Drive,Automatic,White/Tan,1 Owner,No flood or frame damage,No odometer problems,SADCJ2GX9LA630465,CUV - Compact Luxury,Clean,No Issue,No Issue,No Open Recalls,No Issue,No Issue,No CPO Info Available,No Issue,,,,
2016,Jaguar,F-Type ,30998,53000,19 city/28 hwy,6-cyl,Supercharged Gas,Rear Wheel Drive,Automatic,Red/Red,3 Owners,No flood or frame damage,No odometer problems,SAJWA6AT3G8K24119,Sport Car - Subcompact Luxury,Clean,No Issue,No Issue,No Open Recalls,No Issue,No Issue,No CPO Info Available,No Issue,,,,
2020,Jaguar,E-Pace ,24998,54000,21 city/28 hwy,4-cyl,Turbo Gas,All Wheel Drive,Automatic,White/Cream,1 Owner,No flood or frame damage,No odometer problems,SADFK2FX8L1Z76440,CUV - Compact Luxury,Clean,No Issue,No Issue,No Open Recalls,No Issue,No Issue,No CPO Info Available,No Issue,,,,
2020,Jaguar,F-Pace 25t,28998,30000,22 city/27 hwy,4-cyl,Turbo Gas,All Wheel Drive,Automatic,Black/Black,1 Owner,No flood or frame damage,No odometer problems,SADCS2FX0LA656158,CUV - Compact Luxury,Clean,No Issue,Moderate,No Open Recalls,No Issue,No Issue,No CPO Info Available,No Issue,,,,
2021,Jaguar,F-Pace S,37998,20000,22 city/27 hwy,4-cyl,Turbo Gas,All Wheel Drive,Automatic,White/Brown,1 Owner,No flood or frame damage,No odometer problems,SADCJ2EX1MA675985,CUV - Compact Luxury,Clean,No Issue,No Issue,No Open Recalls,No Issue,No Issue,No CPO Info Available,No Issue,,,,
2020,Jaguar,E-Pace ,22998,68000,21 city/28 hwy,4-cyl,Turbo Gas,All Wheel Drive,Automatic,White/Tan,2 Owners,No flood or frame damage,No odometer problems,SADFK2FX0L1Z87075,CUV - Compact Luxury,Clean,No Issue,No Issue,No Open Recalls,No Issue,No Issue,No CPO Info Available,No Issue,,,,
2020,Jaguar,I-Pace HSE,34998,24000,,,,All Wheel Drive,,White/Black,3 Owners,No flood or frame damage,No odometer problems,SADHD2S18L1F87966,CUV - Midsize Luxury,Clean,No Issue,No Issue,No Open Recalls,No Issue,No Issue,OEM-Certified,No Issue,80 city/72 hwy,Electric,234 miles,13 hours
2018,Jaguar,XJ R-Sport,32998,42000,18 city/27 hwy,6-cyl,Supercharged Gas,Rear Wheel Drive,Automatic,Black/Black,3 Owners,No flood or frame damage,No odometer problems,SAJWA1C73J8W15636,Car - Midsize Luxury,Clean,No Issue,Damage Reported,No Open Recalls,No Issue,No Issue,No CPO Info Available,No Issue,,,,
2018,Jaguar,F-Pace Prestige,24998,45000,22 city/27 hwy,4-cyl,Turbo Gas,All Wheel Drive,Automatic,White/Tan,1 Owner,No flood or frame damage,No odometer problems,SADCK2FX8JA324577,CUV - Compact Luxury,Clean,No Issue,No Issue,2 Open Recall(s),No Issue,No Issue,No CPO Info Available,No Issue,,,,
2021,Jaguar,F-Pace S,35998,41000,22 city/27 hwy,4-cyl,Turbo Gas,All Wheel Drive,Automatic,Black/Brown,1 Owner,No flood or frame damage,No odometer problems,SADCJ2EX4MA684454,CUV - Compact Luxury,Clean,No Issue,No Issue,No Open Recalls,No Issue,No Issue,No CPO Info Available,No Issue,,,,
2021,Jaguar,F-Pace R-Dynamic S,44998,30000,20 city/26 hwy,6-cyl,Turbo Gas,All Wheel Drive,Automatic,Black/Red,1 Owner,No flood or frame damage,No odometer problems,SADCT2FU1MA666976,CUV - Compact Luxury,Clean,No Issue,No Issue,No Open Recalls,No Issue,No Issue,No CPO Info Available,No Issue,,,,
2022,Jaguar,F-Pace S,34998,41000,22 city/27 hwy,4-cyl,Turbo Gas,All Wheel Drive,Automatic,White/Black,2 Owners,No flood or frame damage,No odometer problems,SADCJ2EX8NA690811,CUV - Compact Luxury,Clean,No Issue,No Issue,No Open Recalls,No Issue,No Issue,OEM-Certified,No Issue,,,,
2018,Jaguar,E-Pace R-Dynamic HSE,21998,58000,21 city/27 hwy,4-cyl,Turbo Gas,All Wheel Drive,Automatic,White/Black,2 Owners,No flood or frame damage,No odometer problems,SADFM2GX8J1Z00304,CUV - Compact Luxury,Clean,No Issue,Moderate,1 Open Recall(s),No Issue,No Issue,No CPO Info Available,No Issue,,,,
2018,Jaguar,XF S,34998,36000,18 city/25 hwy,6-cyl,Supercharged Gas,All Wheel Drive,Automatic,White/Black,2 Owners,No flood or frame damage,No odometer problems,SAJBM2FVXJCY63109,Car - Midsize Luxury,Clean,No Issue,No Issue,No Open Recalls,No Issue,No Issue,No CPO Info Available,No Issue,,,,
2023,Jaguar,F-Pace S,44998,21000,22 city/27 hwy,4-cyl,Turbo Gas,All Wheel Drive,Automatic,Gray/Tan,2 Owners,No flood or frame damage,No odometer problems,SADCJ2EX2PA710960,CUV - Compact Luxury,Clean,No Issue,No Issue,No Open Recalls,No Issue,No Issue,No CPO Info Available,No Issue,,,,
2021,Jaguar,F-Pace S,36998,13000,22 city/27 hwy,4-cyl,Turbo Gas,All Wheel Drive,Automatic,Gray/Black,2 Owners,No flood or frame damage,No odometer problems,SADCJ2EX5MA675195,CUV - Compact Luxury,Clean,No Issue,No Issue,No Open Recalls,No Issue,No Issue,No CPO Info Available,No Issue,,,,
2019,Jaguar,F-Pace 25t Premium,24998,45000,22 city/27 hwy,4-cyl,Turbo Gas,All Wheel Drive,Automatic,Black/Black,3 Owners,No flood or frame damage,No odometer problems,SADCJ2FX8KA395301,CUV - Compact Luxury,Clean,No Issue,Minor,No Open Recalls,No Issue,No Issue,No CPO Info Available,No Issue,,,,
2021,Jaguar,F-Pace S,38998,20000,22 city/27 hwy,4-cyl,Turbo Gas,All Wheel Drive,Automatic,Black/Black,1 Owner,No flood or frame damage,No odometer problems,SADCJ2EX5MA677514,CUV - Compact Luxury,Clean,No Issue,Damage Reported,No Open Recalls,No Issue,No Issue,No CPO Info Available,No Issue,,,,
2019,Jaguar,F-Pace 30t R-Sport,28998,46000,22 city/27 hwy,4-cyl,Turbo Gas,All Wheel Drive,Automatic,White/Black,1 Owner,No flood or frame damage,No odometer problems,SADCL2GXXKA395258,CUV - Compact Luxury,Clean,No Issue,No Issue,1 Open Recall(s),No Issue,No Issue,No CPO Info Available,No Issue,,,,
2018,Jaguar,F-Pace Premium,22998,54000,22 city/27 hwy,4-cyl,Turbo Gas,All Wheel Drive,Automatic,White/Tan,3 Owners,No flood or frame damage,No odometer problems,SADCJ2FX7JA326064,CUV - Compact Luxury,Clean,No Issue,No Issue,1 Open Recall(s),No Issue,No Issue,No CPO Info Available,No Issue,,,,
2021,Jaguar,F-Pace R-Dynamic S,46998,17000,20 city/26 hwy,6-cyl,Turbo Gas,All Wheel Drive,Automatic,Green/Brown,1 Owner,No flood or frame damage,No odometer problems,SADCT2FU9MA684805,CUV - Compact Luxury,Clean,No Issue,No Issue,No Open Recalls,No Issue,No Issue,No CPO Info Available,No Issue,,,,
2021,Jaguar,F-Pace S,35998,24000,22 city/27 hwy,4-cyl,Turbo Gas,All Wheel Drive,Automatic,Gray/Black,1 Owner,No flood or frame damage,No odometer problems,SADCJ2EX0MA670762,CUV - Compact Luxury,Clean,No Issue,No Issue,No Open Recalls,No Issue,No Issue,No CPO Info Available,No Issue,,,,
2019,Jaguar,F-Pace 20d Premium,28998,52000,26 city/33 hwy,4-cyl,Turbo Diesel,All Wheel Drive,Automatic,Black/Black,2 Owners,No flood or frame damage,No odometer problems,SADCJ2FN5KA603827,CUV - Compact Luxury,Clean,No Issue,No Issue,No Open Recalls,No Issue,No Issue,No CPO Info Available,No Issue,,,,
2017,Jaguar,F-Pace Prestige,22998,72000,26 city/33 hwy,4-cyl,Turbo Diesel,All Wheel Drive,Automatic,Blue/Tan,4 Owners,No flood or frame damage,No odometer problems,SADCK2BN8HA087281,CUV - Compact Luxury,Clean,No Issue,No Issue,No Open Recalls,No Issue,No Issue,No CPO Info Available,No Issue,,,,
2020,Jaguar,E-Pace ,23998,40000,21 city/28 hwy,4-cyl,Turbo Gas,All Wheel Drive,Automatic,Silver/Black,1 Owner,No flood or frame damage,No odometer problems,SADFK2FX9L1004507,CUV - Compact Luxury,Clean,No Issue,No Issue,No Open Recalls,No Issue,No Issue,No CPO Info Available,No Issue,,,,
2013,Jaguar,XKR ,37998,30000,15 city/22 hwy,8-cyl,Supercharged Gas,Rear Wheel Drive,Automatic,Black/Tan,5 Owners,No flood or frame damage,No odometer problems,SAJWA4DCXDMB50610,Sport Car - Subcompact Luxury,Clean,No Issue,No Issue,No Open Recalls,No Issue,No Issue,No CPO Info Available,No Issue,,,,
2020,Jaguar,F-Pace 30t R-Sport,33998,44000,22 city/27 hwy,4-cyl,Turbo Gas,All Wheel Drive,Automatic,Silver/Black,2 Owners,No flood or frame damage,No odometer problems,SADCL2GX8LA651429,CUV - Compact Luxury,Clean,No Issue,No Issue,No Open Recalls,No Issue,No Issue,No CPO Info Available,No Issue,,,,
2014,Jaguar,XK Touring,28998,39000,16 city/24 hwy,8-cyl,Gas,Rear Wheel Drive,Automatic,Black/Black,2 Owners,No flood or frame damage,No odometer problems,SAJWA4DB5ELB54109,Sport Car - Subcompact Luxury,Clean,No Issue,No Issue,No Open Recalls,No Issue,No Issue,No CPO Info Available,No Issue,,,,
2022,Jaguar,F-Pace S,35998,31000,22 city/27 hwy,4-cyl,Turbo Gas,All Wheel Drive,Automatic,White/Black,2 Owners,No flood or frame damage,No odometer problems,SADCJ2EX4NA692166,CUV - Compact Luxury,Clean,No Issue,No Issue,No Open Recalls,No Issue,No Issue,No CPO Info Available,No Issue,,,,
2023,Jaguar,F-Pace S,45998,16000,22 city/27 hwy,4-cyl,Turbo Gas,All Wheel Drive,Automatic,White/Black,1 Owner,No flood or frame damage,No odometer problems,SADCJ2EX0PA711055,CUV - Compact Luxury,Clean,No Issue,Minor,No Open Recalls,No Issue,No Issue,No CPO Info Available,No Issue,,,,
2020,Jaguar,E-Pace SE,24998,57000,21 city/28 hwy,,,,Automatic,Gray/Black,1 Owner,No flood or frame damage,No odometer problems,SADFP2FX3L1Z89985,CUV - Compact Luxury,Clean,No Issue,No Issue,No Open Recalls,No Issue,No Issue,OEM-Certified,No Issue,,,,
2019,Jaguar,XE 25t,20998,69000,25 city/34 hwy,4-cyl,Turbo Gas,Rear Wheel Drive,Automatic,White/Black,3 Owners,No flood or frame damage,No odometer problems,SAJAR4FX7KCP52576,Car - Compact Luxury,Clean,No Issue,Minor,No Open Recalls,No Issue,No Issue,No CPO Info Available,No Issue,,,,
2021,Jaguar,F-Pace ,31998,43000,22 city/27 hwy,4-cyl,Turbo Gas,All Wheel Drive,Automatic,Silver/Black,1 Owner,No flood or frame damage,No odometer problems,SADCJ2EX4MA671252,CUV - Compact Luxury,Clean,No Issue,No Issue,No Open Recalls,No Issue,No Issue,No CPO Info Available,No Issue,,,,
2020,Jaguar,E-Pace ,24998,33000,21 city/28 hwy,4-cyl,Turbo Gas,All Wheel Drive,Automatic,Gray/Black,1 Owner,No flood or frame damage,No odometer problems,SADFK2FX9L1011750,CUV - Compact Luxury,Clean,No Issue,No Issue,No Open Recalls,No Issue,No Issue,No CPO Info Available,No Issue,,,,
2014,Jaguar,XK Touring,29998,15000,16 city/24 hwy,8-cyl,Gas,Rear Wheel Drive,Automatic,Blue/Tan,2 Owners,No flood or frame damage,No odometer problems,SAJWA4DB6ELB52451,Sport Car - Subcompact Luxury,Clean,No Issue,No Issue,No Open Recalls,No Issue,No Issue,No CPO Info Available,No Issue,,,,
2024,Jaguar,F-Pace R-Dynamic S,54998,5000,22 city/27 hwy,4-cyl,Turbo Gas,All Wheel Drive,Automatic,White/Tan,1 Owner,No flood or frame damage,No odometer problems,SADCT2EXXRA722366,CUV - Compact Luxury,Clean,No Issue,No Issue,No Open Recalls,No Issue,No Issue,No CPO Info Available,No Issue,,,,
2018,Jaguar,F-Pace Prestige,25998,38000,22 city/27 hwy,4-cyl,Turbo Gas,All Wheel Drive,Automatic,Black/Black,3 Owners,No flood or frame damage,No odometer problems,SADCK2FX8JA321906,CUV - Compact Luxury,Clean,No Issue,No Issue,No Open Recalls,No Issue,No Issue,No CPO Info Available,No Issue,,,,
2023,Jaguar,F-Pace S,45998,16000,22 city/27 hwy,4-cyl,Turbo Gas,All Wheel Drive,Automatic,White/Black,1 Owner,No flood or frame damage,No odometer problems,SADCJ2EX5PA712010,CUV - Compact Luxury,Clean,No Issue,No Issue,No Open Recalls,No Issue,No Issue,No CPO Info Available,No Issue,,,,
2017,Jaguar,XE Premium,19998,40000,21 city/30 hwy,4-cyl,Turbo Gas,Rear Wheel Drive,Automatic,Black/Gray,2 Owners,No flood or frame damage,No odometer problems,SAJAR4BG0HA951303,Car - Compact Luxury,Clean,No Issue,No Issue,No Open Recalls,No Issue,No Issue,No CPO Info Available,No Issue,,,,
2020,Jaguar,I-Pace HSE,35998,14000,,,,All Wheel Drive,,White/Brown,2 Owners,No flood or frame damage,No odometer problems,SADHD2S12L1F85646,CUV - Midsize Luxury,Clean,No Issue,No Issue,No Open Recalls,No Issue,No Issue,No CPO Info Available,No Issue,80 city/72 hwy,Electric,234 miles,13 hours
2018,Jaguar,F-Pace Prestige,24998,46000,22 city/27 hwy,4-cyl,Turbo Gas,All Wheel Drive,Automatic,Gray/Black,2 Owners,No flood or frame damage,No odometer problems,SADCK2FX9JA260677,CUV - Compact Luxury,Clean,No Issue,Moderate,No Open Recalls,No Issue,No Issue,No CPO Info Available,No Issue,,,,
2019,Jaguar,XE 25t,21998,49000,32 city/42 hwy,,,,Automatic,White/Black,2 Owners,No flood or frame damage,No odometer problems,SAJAD4FX0KCP44463,Car - Compact Luxury,Clean,No Issue,Moderate,No Open Recalls,No Issue,No Issue,No CPO Info Available,No Issue,,,,
2021,Jaguar,F-Pace R-Dynamic S,43998,29000,20 city/26 hwy,6-cyl,Turbo Gas,All Wheel Drive,Automatic,Black/Tan,1 Owner,No flood or frame damage,No odometer problems,SADCT2FUXMA669925,CUV - Compact Luxury,Clean,No Issue,No Issue,1 Open Recall(s),No Issue,No Issue,No CPO Info Available,No Issue,,,,
2020,Jaguar,F-Pace S,32998,45000,18 city/23 hwy,6-cyl,Supercharged Gas,All Wheel Drive,Automatic,Black/Black,2 Owners,No flood or frame damage,No odometer problems,SADCM2FV2LA634266,CUV - Compact Luxury,Clean,No Issue,No Issue,No Open Recalls,No Issue,No Issue,No CPO Info Available,No Issue,,,,
2020,Jaguar,F-Pace 25t Premium,30998,16000,22 city/27 hwy,4-cyl,Turbo Gas,All Wheel Drive,Automatic,White/Black,1 Owner,No flood or frame damage,No odometer problems,SADCS2FX8LA642976,CUV - Compact Luxury,Clean,No Issue,No Issue,No Open Recalls,No Issue,No Issue,No CPO Info Available,No Issue,,,,
2020,Jaguar,F-Type P300,42998,23000,23 city/30 hwy,,,,Automatic,Black/Black,2 Owners,No flood or frame damage,No odometer problems,SAJDD5GX0LCK64958,Sport Car - Subcompact Luxury,Clean,No Issue,No Issue,1 Open Recall(s),No Issue,No Issue,No CPO Info Available,No Issue,,,,
2023,Jaguar,F-Pace S,45998,18000,22 city/27 hwy,4-cyl,Turbo Gas,All Wheel Drive,Automatic,White/Tan,1 Owner,No flood or frame damage,No odometer problems,SADCJ2EX6PA710962,CUV - Compact Luxury,Clean,No Issue,No Issue,No Open Recalls,No Issue,No Issue,No CPO Info Available,No Issue,,,,
2019,Jaguar,F-Pace 25t Premium,26998,32000,22 city/27 hwy,4-cyl,Turbo Gas,All Wheel Drive,Automatic,Silver/Black,1 Owner,No flood or frame damage,No odometer problems,SADCJ2FX7KA390025,CUV - Compact Luxury,Clean,No Issue,Minor,No Open Recalls,No Issue,No Issue,No CPO Info Available,No Issue,,,,
2022,Jaguar,F-Type ,60998,4000,17 city/24 hwy,8-cyl,Supercharged Gas,Rear Wheel Drive,Automatic,Gray/Black,2 Owners,No flood or frame damage,No odometer problems,SAJDD1EE8NCK79107,Sport Car - Subcompact Luxury,Clean,No Issue,No Issue,No Open Recalls,No Issue,No Issue,No CPO Info Available,No Issue,,,,
2019,Jaguar,F-Pace 25t Premium,25998,54000,22 city/27 hwy,4-cyl,Turbo Gas,All Wheel Drive,Automatic,Blue/Black,3 Owners,No flood or frame damage,No odometer problems,SADCJ2FXXKA368441,CUV - Compact Luxury,Clean,No Issue,Damage Reported,No Open Recalls,No Issue,No Issue,No CPO Info Available,No Issue,,,,
2020,Jaguar,F-Pace 25t Premium,30998,44000,22 city/27 hwy,4-cyl,Turbo Gas,All Wheel Drive,Automatic,Black/Black,2 Owners,No flood or frame damage,No odometer problems,SADCJ2FXXLA618696,CUV - Compact Luxury,Clean,No Issue,No Issue,No Open Recalls,No Issue,No Issue,No CPO Info Available,No Issue,,,,
2017,Jaguar,XF Premium,21998,56000,20 city/29 hwy,6-cyl,Supercharged Gas,Rear Wheel Drive,Automatic,Green/Tan,3 Owners,No flood or frame damage,No odometer problems,SAJBD4BV3HCY43134,Car - Midsize Luxury,Clean,No Issue,No Issue,No Open Recalls,No Issue,No Issue,No CPO Info Available,No Issue,,,,
2022,Jaguar,F-Pace S,40998,28000,22 city/27 hwy,4-cyl,Turbo Gas,All Wheel Drive,Automatic,Blue/Brown,1 Owner,No flood or frame damage,No odometer problems,SADCJ2EX4NA691907,CUV - Compact Luxury,Clean,No Issue,No Issue,No Open Recalls,No Issue,No Issue,No CPO Info Available,No Issue,,,,
2019,Jaguar,F-Pace 25t Prestige,31998,9000,22 city/27 hwy,4-cyl,Turbo Gas,All Wheel Drive,Automatic,Black/Black,1 Owner,No flood or frame damage,No odometer problems,SADCK2FX7KA616349,CUV - Compact Luxury,Clean,No Issue,No Issue,No Open Recalls,No Issue,No Issue,No CPO Info Available,No Issue,,,,
2019,Jaguar,F-Pace 25t,24998,44000,22 city/27 hwy,4-cyl,Turbo Gas,All Wheel Drive,Automatic,White/Black,1 Owner,No flood or frame damage,No odometer problems,SADCJ2FX5KA365799,CUV - Compact Luxury,Clean,No Issue,No Issue,No Open Recalls,No Issue,No Issue,No CPO Info Available,No Issue,,,,
2023,Jaguar,F-Pace SVR,71998,11000,15 city/21 hwy,8-cyl,Supercharged Gas,All Wheel Drive,Automatic,Blue/Red,1 Owner,No flood or frame damage,No odometer problems,SADCZ2EEXPA711782,CUV - Compact Luxury,Clean,No Issue,No Issue,No Open Recalls,No Issue,No Issue,No CPO Info Available,No Issue,,,,
2023,Jaguar,F-Pace S,45998,16000,22 city/27 hwy,4-cyl,Turbo Gas,All Wheel Drive,Automatic,White/Tan,1 Owner,No flood or frame damage,No odometer problems,SADCJ2EX5PA714565,CUV - Compact Luxury,Clean,No Issue,No Issue,No Open Recalls,No Issue,No Issue,No CPO Info Available,No Issue,,,,
2020,Jaguar,F-Pace 25t Premium,26998,57000,22 city/27 hwy,4-cyl,Turbo Gas,All Wheel Drive,Automatic,White/Black,1 Owner,No flood or frame damage,No odometer problems,SADCJ2FX1LA650131,CUV - Compact Luxury,Clean,No Issue,No Issue,No Open Recalls,No Issue,No Issue,No CPO Info Available,No Issue,,,,
2021,Jaguar,F-Pace S,37998,23000,22 city/27 hwy,4-cyl,Turbo Gas,All Wheel Drive,Automatic,Blue/Brown,1 Owner,No flood or frame damage,No odometer problems,SADCJ2EX2MA668432,CUV - Compact Luxury,Clean,No Issue,No Issue,1 Open Recall(s),No Issue,No Issue,No CPO Info Available,No Issue,,,,
2020,Jaguar,XE S,25998,48000,25 city/34 hwy,4-cyl,Turbo Gas,Rear Wheel Drive,Automatic,Black/Black,1 Owner,No flood or frame damage,No odometer problems,SAJAE4FX4LCP64391,Car - Compact Luxury,Clean,No Issue,No Issue,No Open Recalls,No Issue,No Issue,No CPO Info Available,No Issue,,,,
2021,Jaguar,E-Pace 300 Sport,30998,41000,20 city/26 hwy,4-cyl,Turbo Gas,All Wheel Drive,Automatic,Gray/Black,1 Owner,No flood or frame damage,No odometer problems,SADF12GX5M1017242,CUV - Compact Luxury,Clean,No Issue,No Issue,No Open Recalls,No Issue,No Issue,No CPO Info Available,No Issue,,,,
2018,Jaguar,XE Prestige,22998,49000,20 city/29 hwy,6-cyl,Supercharged Gas,All Wheel Drive,Automatic,Blue/Black,2 Owners,No flood or frame damage,No odometer problems,SAJAK4EV3JCP24213,Car - Compact Luxury,Clean,No Issue,No Issue,No Open Recalls,No Issue,No Issue,No CPO Info Available,No Issue,,,,
2019,Jaguar,F-Pace 30t Portfolio,30998,28000,22 city/27 hwy,4-cyl,Turbo Gas,All Wheel Drive,Automatic,Black/Brown,1 Owner,No flood or frame damage,No odometer problems,SADCN2GX2KA397547,CUV - Compact Luxury,Clean,No Issue,No Issue,1 Open Recall(s),No Issue,No Issue,No CPO Info Available,No Issue,,,,
2021,Jaguar,F-Pace S,33998,44000,20 city/27 hwy,6-cyl,Turbo Gas,All Wheel Drive,Automatic,Gray/Black,1 Owner,No flood or frame damage,No odometer problems,SADCJ2EU0MA673067,CUV - Compact Luxury,Clean,No Issue,No Issue,No Open Recalls,No Issue,No Issue,No CPO Info Available,No Issue,,,,
2020,Jaguar,I-Pace SE,26998,52000,,,,All Wheel Drive,,Black/Black,2 Owners,No flood or frame damage,No odometer problems,SADHC2S13L1F83858,CUV - Midsize Luxury,Clean,No Issue,Minor,No Open Recalls,No Issue,No Issue,No CPO Info Available,No Issue,80 city/72 hwy,Electric,234 miles,13 hours
2020,Jaguar,E-Pace ,22998,53000,21 city/28 hwy,4-cyl,Turbo Gas,All Wheel Drive,Automatic,Gray/Black,1 Owner,No flood or frame damage,No odometer problems,SADFK2FX9L1Z76673,CUV - Compact Luxury,Clean,No Issue,No Issue,No Open Recalls,No Issue,No Issue,No CPO Info Available,No Issue,,,,
2019,Jaguar,F-Pace S,31998,39000,18 city/23 hwy,6-cyl,Supercharged Gas,All Wheel Drive,Automatic,Gray/Black,1 Owner,No flood or frame damage,No odometer problems,SADCM2FV3KA366990,CUV - Compact Luxury,Clean,No Issue,No Issue,No Open Recalls,No Issue,No Issue,No CPO Info Available,No Issue,,,,
2018,Jaguar,F-Pace Prestige,21998,64000,22 city/27 hwy,4-cyl,Turbo Gas,All Wheel Drive,Automatic,Green/Tan,1 Owner,No flood or frame damage,No odometer problems,SADCK2FX4JA292159,CUV - Compact Luxury,Clean,No Issue,No Issue,No Open Recalls,No Issue,No Issue,No CPO Info Available,No Issue,,,,
2019,Jaguar,I-Pace First Edition,28998,34000,,,,All Wheel Drive,,Gray/Cream,2 Owners,No flood or frame damage,No odometer problems,SADHD2S10K1F61893,CUV - Midsize Luxury,Clean,No Issue,No Issue,No Open Recalls,No Issue,No Issue,No CPO Info Available,No Issue,80 city/72 hwy,Electric,234 miles,
2018,Jaguar,XF 25t Premium,22998,35000,23 city/33 hwy,4-cyl,Turbo Gas,All Wheel Drive,Automatic,Blue/Black,2 Owners,No flood or frame damage,No odometer problems,SAJBJ4FX6JCY55207,Car - Midsize Luxury,Clean,No Issue,No Issue,No Open Recalls,No Issue,No Issue,No CPO Info Available,No Issue,,,,
2017,Jaguar,F-Type ,32998,48000,20 city/28 hwy,6-cyl,Supercharged Gas,Rear Wheel Drive,Automatic,Silver/Black,2 Owners,No flood or frame damage,No odometer problems,SAJWA6AT4H8K45627,Sport Car - Subcompact Luxury,Clean,No Issue,No Issue,No Open Recalls,No Issue,No Issue,No CPO Info Available,No Issue,,,,
2018,Jaguar,F-Pace R-Sport,24998,52000,26 city/33 hwy,4-cyl,Turbo Diesel,All Wheel Drive,Automatic,Red/Black,2 Owners,No flood or frame damage,No odometer problems,SADCL2FN9JA283226,CUV - Compact Luxury,Clean,No Issue,No Issue,No Open Recalls,No Issue,No Issue,No CPO Info Available,No Issue,,,,
2020,Jaguar,F-Pace 25t,28998,44000,22 city/27 hwy,4-cyl,Turbo Gas,All Wheel Drive,Automatic,Black/Black,2 Owners,No flood or frame damage,No odometer problems,SADCK2GX1LA635706,CUV - Compact Luxury,Clean,No Issue,No Issue,No Open Recalls,No Issue,No Issue,No CPO Info Available,No Issue,,,,
2019,Jaguar,XF 25t Premium,22998,45000,25 city/34 hwy,4-cyl,Turbo Gas,Rear Wheel Drive,Automatic,Black/Black,1 Owner,No flood or frame damage,No odometer problems,SAJBD4FX5KCY74226,Car - Midsize Luxury,Clean,No Issue,No Issue,No Open Recalls,No Issue,No Issue,No CPO Info Available,No Issue,,,,
2019,Jaguar,F-Pace S,29998,40000,18 city/23 hwy,6-cyl,Supercharged Gas,All Wheel Drive,Automatic,Blue/Brown,1 Owner,No flood or frame damage,No odometer problems,SADCM2FV8KA605756,CUV - Compact Luxury,Clean,No Issue,No Issue,No Open Recalls,No Issue,No Issue,No CPO Info Available,No Issue,,,,
2020,Jaguar,F-Pace 25t,24998,46000,22 city/27 hwy,4-cyl,Turbo Gas,All Wheel Drive,Automatic,White/Black,1 Owner,No flood or frame damage,No odometer problems,SADCS2FXXLA659178,CUV - Compact Luxury,Clean,No Issue,Minor,No Open Recalls,No Issue,No Issue,No CPO Info Available,No Issue,,,,
2018,Jaguar,E-Pace S,23998,30000,21 city/28 hwy,,,,Automatic,White/Black,2 Owners,No flood or frame damage,No odometer problems,SADFJ2FX2J1Z05279,CUV - Compact Luxury,Clean,No Issue,No Issue,No Open Recalls,No Issue,No Issue,No CPO Info Available,No Issue,,,,
2019,Jaguar,F-Pace 20d Premium,24998,62000,26 city/33 hwy,4-cyl,Turbo Diesel,All Wheel Drive,Automatic,Black/Tan,3 Owners,No flood or frame damage,No odometer problems,SADCJ2FN2KA606670,CUV - Compact Luxury,Clean,No Issue,No Issue,No Open Recalls,No Issue,No Issue,No CPO Info Available,No Issue,,,,
2019,Jaguar,I-Pace First Edition,33998,17000,,,,All Wheel Drive,,Black/Gray,1 Owner,No flood or frame damage,No odometer problems,SADHD2S18K1F63844,CUV - Midsize Luxury,Clean,No Issue,No Issue,No Open Recalls,No Issue,No Issue,No CPO Info Available,No Issue,80 city/72 hwy,Electric,234 miles,
2019,Jaguar,F-Pace 30t Prestige,25998,40000,22 city/27 hwy,4-cyl,Turbo Gas,All Wheel Drive,Automatic,Black/Black,4 Owners,No flood or frame damage,No odometer problems,SADCK2GX1KA390811,CUV - Compact Luxury,Clean,No Issue,Moderate,No Open Recalls,No Issue,No Issue,No CPO Info Available,No Issue,,,,
2017,Jaguar,F-Type Premium,32998,26000,20 city/28 hwy,6-cyl,Supercharged Gas,Rear Wheel Drive,Automatic,Gray/Gray,3 Owners,No flood or frame damage,No odometer problems,SAJWA6ET9H8K39669,Sport Car - Subcompact Luxury,Clean,No Issue,Moderate,No Open Recalls,No Issue,No Issue,No CPO Info Available,No Issue,,,,
2021,Jaguar,F-Type First Edition,47998,30000,23 city/30 hwy,4-cyl,Turbo Gas,Rear Wheel Drive,Automatic,Black/Red,1 Owner,No flood or frame damage,No odometer problems,SAJDF5GX5MCK76566,Sport Car - Subcompact Luxury,Clean,No Issue,No Issue,No Open Recalls,No Issue,No Issue,No CPO Info Available,No Issue,,,,
2019,Jaguar,I-Pace SE,25998,47000,,,,All Wheel Drive,,Black/Black,3 Owners,No flood or frame damage,No odometer problems,SADHC2S16K1F69029,CUV - Midsize Luxury,Clean,No Issue,No Issue,No Open Recalls,No Issue,No Issue,No CPO Info Available,No Issue,80 city/72 hwy,Electric,234 miles,13 hours
2020,Jaguar,F-Pace 25t Premium,23998,54000,22 city/27 hwy,4-cyl,Turbo Gas,All Wheel Drive,Automatic,White/Tan,2 Owners,No flood or frame damage,No odometer problems,SADCJ2FX3LA626378,CUV - Compact Luxury,Clean,No Issue,No Issue,No Open Recalls,No Issue,No Issue,No CPO Info Available,No Issue,,,,
2018,Jaguar,F-Pace R-Sport,26998,55000,18 city/23 hwy,4-cyl,Supercharged Gas,All Wheel Drive,Automatic,Black/Black,3 Owners,No flood or frame damage,No odometer problems,SADCL2GX6JA320779,CUV - Compact Luxury,Clean,No Issue,No Issue,1 Open Recall(s),No Issue,No Issue,No CPO Info Available,No Issue,,,,
2019,Jaguar,F-Pace 25t Premium,26998,44000,22 city/27 hwy,4-cyl,Turbo Gas,All Wheel Drive,Automatic,Blue/Black,1 Owner,No flood or frame damage,No odometer problems,SADCJ2FX1KA368179,CUV - Compact Luxury,Clean,No Issue,No Issue,No Open Recalls,No Issue,No Issue,No CPO Info Available,No Issue,,,,
2016,Jaguar,F-Type S,31998,41000,19 city/27 hwy,6-cyl,Supercharged Gas,Rear Wheel Drive,Automatic,Black/Black,2 Owners,No flood or frame damage,No odometer problems,SAJWA6BU2G8K34714,Sport Car - Subcompact Luxury,Clean,No Issue,No Issue,No Open Recalls,No Issue,No Issue,No CPO Info Available,No Issue,,,,
2024,Jaguar,F-Pace R-Dynamic S,52998,8000,22 city/27 hwy,4-cyl,Turbo Gas,All Wheel Drive,Automatic,Black/Black,1 Owner,No flood or frame damage,No odometer problems,SADCT2EX7RA723166,CUV - Compact Luxury,Clean,No Issue,No Issue,No Open Recalls,No Issue,No Issue,No CPO Info Available,No Issue,,,,
2022,Jaguar,F-Pace S,37998,22000,22 city/27 hwy,4-cyl,Turbo Gas,All Wheel Drive,Automatic,Black/Black,1 Owner,No flood or frame damage,No odometer problems,SADCJ2EX8NA700365,CUV - Compact Luxury,Clean,No Issue,Damage Reported,No Open Recalls,No Issue,No Issue,No CPO Info Available,No Issue,,,,
2018,Jaguar,F-Pace Premium,24998,64000,18 city/23 hwy,6-cyl,Supercharged Gas,All Wheel Drive,Automatic,Black/Black,3 Owners,No flood or frame damage,No odometer problems,SADCJ2EV7JA270563,CUV - Compact Luxury,Clean,No Issue,No Issue,No Open Recalls,No Issue,No Issue,No CPO Info Available,No Issue,,,,
2020,Jaguar,F-Pace 25t Premium,24998,49000,22 city/27 hwy,4-cyl,Turbo Gas,All Wheel Drive,Automatic,Black/Black,1 Owner,No flood or frame damage,No odometer problems,SADCJ2FX0LA618996,CUV - Compact Luxury,Clean,No Issue,No Issue,No Open Recalls,No Issue,No Issue,No CPO Info Available,No Issue,,,,
2020,Jaguar,F-Pace 25t,28998,32000,22 city/27 hwy,4-cyl,Turbo Gas,All Wheel Drive,Automatic,White/Black,1 Owner,No flood or frame damage,No odometer problems,SADCJ2FXXLA654887,CUV - Compact Luxury,Clean,No Issue,No Issue,No Open Recalls,No Issue,No Issue,No CPO Info Available,No Issue,,,,
2017,Jaguar,F-Pace Premium,23998,38000,26 city/33 hwy,4-cyl,Turbo Diesel,All Wheel Drive,Automatic,Gray/Black,2 Owners,No flood or frame damage,No odometer problems,SADCJ2BN8HA097196,CUV - Compact Luxury,Clean,No Issue,Minor,No Open Recalls,No Issue,No Issue,No CPO Info Available,No Issue,,,,
2017,Jaguar,XE Premium,18998,43000,21 city/30 hwy,6-cyl,Supercharged Gas,Rear Wheel Drive,Automatic,Red/Black,2 Owners,No flood or frame damage,No odometer problems,SAJAD4BV1HA974229,Car - Compact Luxury,Clean,No Issue,No Issue,No Open Recalls,No Issue,No Issue,No CPO Info Available,No Issue,,,,
2020,Jaguar,F-Pace 25t Prestige,28998,32000,22 city/27 hwy,4-cyl,Turbo Gas,All Wheel Drive,Automatic,White/Tan,1 Owner,No flood or frame damage,No odometer problems,SADCK2FX4LA636804,CUV - Compact Luxury,Clean,No Issue,No Issue,No Open Recalls,No Issue,No Issue,No CPO Info Available,No Issue,,,,
2021,Jaguar,F-Pace S,33998,37000,22 city/27 hwy,4-cyl,Turbo Gas,All Wheel Drive,Automatic,Gray/Black,1 Owner,No flood or frame damage,No odometer problems,SADCJ2EX6MA667526,CUV - Compact Luxury,Clean,No Issue,No Issue,1 Open Recall(s),No Issue,No Issue,No CPO Info Available,No Issue,,,,
2020,Jaguar,E-Pace SE,24998,30000,21 city/28 hwy,,,,Automatic,Black/Gray,1 Owner,No flood or frame damage,No odometer problems,SADFP2FX0L1011363,CUV - Compact Luxury,Clean,No Issue,No Issue,No Open Recalls,No Issue,No Issue,No CPO Info Available,No Issue,,,,
2020,Jaguar,F-Pace 25t Premium,25998,45000,22 city/27 hwy,4-cyl,Turbo Gas,All Wheel Drive,Automatic,Blue/Black,2 Owners,No flood or frame damage,No odometer problems,SADCJ2FX2LA656021,CUV - Compact Luxury,Clean,No Issue,No Issue,No Open Recalls,No Issue,No Issue,No CPO Info Available,No Issue,,,,
2016,Jaguar,XF Prestige,18998,55000,20 city/30 hwy,6-cyl,Supercharged Gas,Rear Wheel Drive,Automatic,White/Tan,1 Owner,No flood or frame damage,No odometer problems,SAJBE4BV3GCY16785,Car - Midsize Luxury,Clean,No Issue,Minor,No Open Recalls,No Issue,No Issue,No CPO Info Available,No Issue,,,,
2021,Jaguar,F-Pace S,36998,18000,22 city/27 hwy,4-cyl,Turbo Gas,All Wheel Drive,Automatic,White/Tan,1 Owner,No flood or frame damage,No odometer problems,SADCJ2EX7MA681452,CUV - Compact Luxury,Clean,No Issue,No Issue,No Open Recalls,No Issue,No Issue,No CPO Info Available,No Issue,,,,
2021,Jaguar,F-Pace S,35998,30000,22 city/27 hwy,4-cyl,Turbo Gas,All Wheel Drive,Automatic,Gray/Gray,1 Owner,No flood or frame damage,No odometer problems,SADCJ2EX2MA684484,CUV - Compact Luxury,Clean,No Issue,No Issue,No Open Recalls,No Issue,No Issue,No CPO Info Available,No Issue,,,,
2019,Jaguar,F-Pace 30t Portfolio,25998,52000,22 city/27 hwy,4-cyl,Turbo Gas,All Wheel Drive,Automatic,Gray/Gray,2 Owners,No flood or frame damage,No odometer problems,SADCN2GX4KA367711,CUV - Compact Luxury,Clean,No Issue,No Issue,1 Open Recall(s),No Issue,No Issue,No CPO Info Available,No Issue,,,,
2021,Jaguar,F-Pace R-Dynamic S,42998,32000,20 city/26 hwy,6-cyl,Turbo Gas,All Wheel Drive,Automatic,Black/Red,1 Owner,No flood or frame damage,No odometer problems,SADCT2FU8MA674296,CUV - Compact Luxury,Clean,No Issue,Damage Reported,No Open Recalls,No Issue,No Issue,No CPO Info Available,No Issue,,,,
2018,Jaguar,F-Type 340HP,34998,47000,20 city/28 hwy,6-cyl,Supercharged Gas,Rear Wheel Drive,Automatic,White/Black,2 Owners,No flood or frame damage,No odometer problems,SAJDD1EV8JCK49101,Sport Car - Subcompact Luxury,Clean,No Issue,No Issue,No Open Recalls,No Issue,No Issue,No CPO Info Available,No Issue,,,,
2017,Jaguar,XE Prestige,24998,42000,20 city/29 hwy,6-cyl,Supercharged Gas,All Wheel Drive,Automatic,Blue/Tan,2 Owners,No flood or frame damage,No odometer problems,SAJAK4BV7HA958882,Car - Compact Luxury,Clean,No Issue,No Issue,No Open Recalls,No Issue,No Issue,No CPO Info Available,No Issue,,,,
2021,Jaguar,F-Pace S,31998,53000,22 city/27 hwy,4-cyl,Turbo Gas,All Wheel Drive,Automatic,Silver/Gray,1 Owner,No flood or frame damage,No odometer problems,SADCJ2EX5MA672457,CUV - Compact Luxury,Clean,No Issue,No Issue,No Open Recalls,No Issue,No Issue,No CPO Info Available,No Issue,,,,
2020,Jaguar,F-Type P300,43998,10000,23 city/30 hwy,4-cyl,Turbo Gas,Rear Wheel Drive,Automatic,Black/Black,2 Owners,No flood or frame damage,No odometer problems,SAJDD1GX5LCK64186,Sport Car - Subcompact Luxury,Clean,No Issue,No Issue,1 Open Recall(s),No Issue,No Issue,No CPO Info Available,No Issue,,,,
2020,Jaguar,F-Pace 25t Premium,24998,51000,22 city/27 hwy,4-cyl,Turbo Gas,All Wheel Drive,Automatic,White/Black,2 Owners,No flood or frame damage,No odometer problems,SADCJ2FX5LA627760,CUV - Compact Luxury,Clean,No Issue,No Issue,No Open Recalls,No Issue,No Issue,No CPO Info Available,No Issue,,,,
2020,Jaguar,E-Pace SE,24998,44000,21 city/28 hwy,,,,Automatic,White/Black,2 Owners,No flood or frame damage,No odometer problems,SADFP2FX3L1Z80901,CUV - Compact Luxury,Clean,No Issue,No Issue,No Open Recalls,No Issue,No Issue,No CPO Info Available,No Issue,,,,
2018,Jaguar,F-Pace Prestige,24998,29000,22 city/27 hwy,4-cyl,Turbo Gas,All Wheel Drive,Automatic,Black/White,1 Owner,No flood or frame damage,No odometer problems,SADCK2FX0JA271096,CUV - Compact Luxury,Clean,No Issue,No Issue,No Open Recalls,No Issue,No Issue,No CPO Info Available,No Issue,,,,
2019,Jaguar,I-Pace First Edition,26998,52000,,,,All Wheel Drive,,Black/White,2 Owners,No flood or frame damage,No odometer problems,SADHD2S19K1F66011,CUV - Midsize Luxury,Clean,No Issue,No Issue,No Open Recalls,No Issue,No Issue,No CPO Info Available,No Issue,80 city/72 hwy,Electric,234 miles,
2017,Jaguar,F-Pace S,27998,34000,18 city/23 hwy,6-cyl,Supercharged Gas,All Wheel Drive,Automatic,Red/Red,1 Owner,No flood or frame damage,No odometer problems,SADCM2BV1HA068212,CUV - Compact Luxury,Clean,No Issue,No Issue,No Open Recalls,No Issue,No Issue,No CPO Info Available,No Issue,,,,
2021,Jaguar,F-Type P300,42998,13000,23 city/30 hwy,4-cyl,Turbo Gas,Rear Wheel Drive,Automatic,Blue/Taupe,1 Owner,No flood or frame damage,No odometer problems,SAJDD5GX0MCK73693,Sport Car - Subcompact Luxury,Clean,No Issue,No Issue,No Open Recalls,No Issue,No Issue,No CPO Info Available,No Issue,,,,
2020,Jaguar,F-Type P300,41998,25000,23 city/30 hwy,,,,Automatic,Black/Red,1 Owner,No flood or frame damage,No odometer problems,SAJDD5GX0LCK64894,Sport Car - Subcompact Luxury,Clean,No Issue,No Issue,1 Open Recall(s),No Issue,No Issue,No CPO Info Available,No Issue,,,,
2020,Jaguar,F-Pace 25t Premium,27998,30000,22 city/27 hwy,4-cyl,Turbo Gas,All Wheel Drive,Automatic,Blue/Black,1 Owner,No flood or frame damage,No odometer problems,SADCJ2FX6LA627251,CUV - Compact Luxury,Clean,No Issue,No Issue,No Open Recalls,No Issue,No Issue,No CPO Info Available,No Issue,,,,
2020,Jaguar,E-Pace ,22998,55000,21 city/28 hwy,4-cyl,Turbo Gas,All Wheel Drive,Automatic,Black/Black,2 Owners,No flood or frame damage,No odometer problems,SADFK2FX9L1Z81744,CUV - Compact Luxury,Clean,No Issue,No Issue,No Open Recalls,No Issue,No Issue,OEM-Certified,No Issue,,,,
2021,Jaguar,F-Pace R-Dynamic S,39998,36000,20 city/26 hwy,6-cyl,Turbo Gas,All Wheel Drive,Automatic,Gray/Black,1 Owner,No flood or frame damage,No odometer problems,SADCT2FU4MA664736,CUV - Compact Luxury,Clean,No Issue,No Issue,1 Open Recall(s),No Issue,No Issue,No CPO Info Available,No Issue,,,,
2021,Jaguar,F-Pace R-Dynamic S,42998,26000,20 city/26 hwy,6-cyl,Turbo Gas,All Wheel Drive,Automatic,White/Gray,1 Owner,No flood or frame damage,No odometer problems,SADCT2FU0MA669030,CUV - Compact Luxury,Clean,No Issue,No Issue,No Open Recalls,No Issue,No Issue,No CPO Info Available,No Issue,,,,
2024,Jaguar,F-Pace R-Dynamic S,58998,4000,,4-cyl,Turbo Gas,All Wheel Drive,Automatic,Silver/Black,1 Owner,No flood or frame damage,No odometer problems,SADCT2EXXRA728443,CUV - Compact Luxury,Clean,No Issue,No Issue,No Open Recalls,No Issue,No Issue,No CPO Info Available,No Issue,,,,
2021,Jaguar,F-Pace S,39998,15000,22 city/27 hwy,4-cyl,Turbo Gas,All Wheel Drive,Automatic,Black/Black,1 Owner,No flood or frame damage,No odometer problems,SADCJ2EX1MA667742,CUV - Compact Luxury,Clean,No Issue,No Issue,2 Open Recall(s),No Issue,No Issue,No CPO Info Available,No Issue,,,,
2021,Jaguar,F-Pace S,35998,29000,22 city/27 hwy,4-cyl,Turbo Gas,All Wheel Drive,Automatic,Black/Gray,1 Owner,No flood or frame damage,No odometer problems,SADCJ2EXXMA668369,CUV - Compact Luxury,Clean,No Issue,No Issue,1 Open Recall(s),No Issue,No Issue,No CPO Info Available,No Issue,,,,
2020,Jaguar,F-Pace 25t Premium,24998,58000,22 city/27 hwy,4-cyl,Turbo Gas,All Wheel Drive,Automatic,White/Black,2 Owners,No flood or frame damage,No odometer problems,SADCJ2FX6LA644499,CUV - Compact Luxury,Clean,No Issue,No Issue,No Open Recalls,No Issue,No Issue,No CPO Info Available,No Issue,,,,
2017,Jaguar,F-Pace Prestige,21998,67000,18 city/23 hwy,6-cyl,Supercharged Gas,All Wheel Drive,Automatic,White/Black,1 Owner,No flood or frame damage,No odometer problems,SADCK2BV1HA491295,CUV - Compact Luxury,Clean,No Issue,No Issue,No Open Recalls,No Issue,No Issue,No CPO Info Available,No Issue,,,,
2018,Jaguar,XF 35t Premium,20998,46000,20 city/29 hwy,6-cyl,Supercharged Gas,Rear Wheel Drive,Automatic,Red/Black,1 Owner,No flood or frame damage,No odometer problems,SAJBD4EV4JCY57805,Car - Midsize Luxury,Clean,No Issue,Minor,No Open Recalls,No Issue,No Issue,No CPO Info Available,No Issue,,,,
2018,Jaguar,F-Type 340HP,36998,34000,20 city/28 hwy,6-cyl,Supercharged Gas,Rear Wheel Drive,Automatic,Black/Black,2 Owners,No flood or frame damage,No odometer problems,SAJDD1EV7JCK50742,Sport Car - Subcompact Luxury,Clean,No Issue,No Issue,No Open Recalls,No Issue,No Issue,No CPO Info Available,No Issue,,,,
2019,Jaguar,F-Type 340HP,36998,30000,20 city/28 hwy,6-cyl,Supercharged Gas,Rear Wheel Drive,Automatic,Blue/Gray,2 Owners,No flood or frame damage,No odometer problems,SAJDD1EV9KCK55846,Sport Car - Subcompact Luxury,Clean,No Issue,No Issue,No Open Recalls,No Issue,No Issue,OEM-Certified,No Issue,,,,
2016,Jaguar,XJ R-Sport,25998,42000,18 city/27 hwy,6-cyl,Supercharged Gas,Rear Wheel Drive,Automatic,White/Black,3 Owners,No flood or frame damage,No odometer problems,SAJWA1C75G8V93938,Car - Midsize Luxury,Clean,No Issue,No Issue,No Open Recalls,No Issue,No Issue,No CPO Info Available,No Issue,,,,
2021,Jaguar,E-Pace ,26998,24000,20 city/26 hwy,,,,Automatic,Blue/Black,1 Owner,No flood or frame damage,No odometer problems,SADFK2FX7M1022229,CUV - Compact Luxury,Clean,No Issue,No Issue,No Open Recalls,No Issue,No Issue,No CPO Info Available,No Issue,,,,
2019,Jaguar,I-Pace SE,29998,23000,,,,All Wheel Drive,,Black/Black,2 Owners,No flood or frame damage,No odometer problems,SADHC2S14K1F68817,CUV - Midsize Luxury,Clean,No Issue,No Issue,No Open Recalls,No Issue,No Issue,OEM-Certified,No Issue,80 city/72 hwy,Electric,234 miles,13 hours
2019,Jaguar,F-Pace 25t Premium,25998,64000,22 city/27 hwy,4-cyl,Turbo Gas,All Wheel Drive,Automatic,White/Black,3 Owners,No flood or frame damage,No odometer problems,SADCJ2FXXKA399446,CUV - Compact Luxury,Clean,No Issue,Minor,No Open Recalls,No Issue,No Issue,No CPO Info Available,No Issue,,,,
2020,Jaguar,E-Pace Checkered Flag,27998,25000,21 city/28 hwy,4-cyl,Turbo Gas,All Wheel Drive,Automatic,White/Gray,1 Owner,No flood or frame damage,No odometer problems,SADF12FX0L1011655,CUV - Compact Luxury,Clean,No Issue,No Issue,No Open Recalls,No Issue,No Issue,No CPO Info Available,No Issue,,,,
2015,Jaguar,F-Type R,42998,19000,16 city/23 hwy,8-cyl,Supercharged Gas,Rear Wheel Drive,Automatic,Red/Black,2 Owners,No flood or frame damage,No odometer problems,SAJWA6DA2FMK21762,Sport Car - Subcompact Luxury,Clean,No Issue,No Issue,No Open Recalls,No Issue,No Issue,No CPO Info Available,No Issue,,,,
2020,Jaguar,I-Pace S,32998,27000,,,,All Wheel Drive,,White/Brown,2 Owners,No flood or frame damage,No odometer problems,SADHB2S14L1F79563,CUV - Midsize Luxury,Clean,No Issue,No Issue,1 Open Recall(s),No Issue,No Issue,No CPO Info Available,No Issue,80 city/72 hwy,Electric,234 miles,13 hours
2020,Jaguar,XE S,23998,53000,24 city/34 hwy,,,,Automatic,Black/Black,3 Owners,No flood or frame damage,No odometer problems,SAJAJ4FX4LCP55511,Car - Compact Luxury,Clean,No Issue,Damage Reported,No Open Recalls,No Issue,No Issue,No CPO Info Available,No Issue,,,,
2017,Jaguar,XE Prestige,21998,51000,21 city/30 hwy,6-cyl,Supercharged Gas,Rear Wheel Drive,Automatic,Blue/Cream,2 Owners,No flood or frame damage,No odometer problems,SAJAE4BV0HA967947,Car - Compact Luxury,Clean,No Issue,Moderate,No Open Recalls,No Issue,No Issue,No CPO Info Available,No Issue,,,,
2019,Jaguar,I-Pace S,29998,21000,,,,All Wheel Drive,,White/Black,3 Owners,No flood or frame damage,No odometer problems,SADHB2S19K1F75765,CUV - Midsize Luxury,Clean,No Issue,No Issue,No Open Recalls,No Issue,No Issue,No CPO Info Available,No Issue,80 city/72 hwy,Electric,234 miles,13 hours
2020,Jaguar,F-Pace 30t Prestige,25998,62000,22 city/27 hwy,,,,Automatic,Black/Black,2 Owners,No flood or frame damage,No odometer problems,SADCK2GXXLA640418,CUV - Compact Luxury,Clean,No Issue,Damage Reported,No Open Recalls,No Issue,No Issue,No CPO Info Available,No Issue,,,,
2019,Jaguar,I-Pace First Edition,28998,32000,,,,All Wheel Drive,,Black/Black,2 Owners,No flood or frame damage,No odometer problems,SADHD2S14K1F73819,CUV - Midsize Luxury,Clean,No Issue,No Issue,No Open Recalls,No Issue,No Issue,No CPO Info Available,No Issue,80 city/72 hwy,Electric,234 miles,
