year,make,model,price,mileage,Miles per gallon,Transmission,Color,owner,frame_damage,Odometer_problem,VIN,class,State Title Brand,Auction Brand / Issues,Accident / Damage,Open Recall Check,Insurance Loss / Transfer,Odometer Check,Certified Pre-Owned,Service / Repair,cylinders,fuel,Drive type,Miles per gallon equivalent (MPGe),Range (when new),Time to fully charge battery (240V)
2019,Kia,Sportage LX,16998,54000,21 city/25 hwy,Automatic,Black/Black,2 Owners,No flood or frame damage,No odometer problems,KNDPMCAC5K7514837,CUV - Compact,Clean,No Issue,No Issue,No Open Recalls,No Issue,No Issue,No CPO Info Available,No Issue,,,,,,
2023,Kia,Telluride SX,45998,8000,20 city/26 hwy,Automatic,Black/Brown,1 Owner,No flood or frame damage,No odometer problems,5XYP54GCXPG388463,CUV - Large,Clean,No Issue,No Issue,1 Open Recall(s),No Issue,No Issue,No CPO Info Available,No Issue,,,,,,
2018,Kia,Sorento LX,13998,105000,21 city/28 hwy,Automatic,Blue/Tan,1 Owner,No flood or frame damage,No odometer problems,5XYPG4A34JG404876,CUV - Large,Clean,No Issue,No Issue,No Open Recalls,No Issue,No Issue,No CPO Info Available,No Issue,4-cyl,Gas,Front Wheel Drive,,,
2018,Kia,Sedona Limited,24998,49000,17 city/22 hwy,Automatic,Brown/Gray,1 Owner,No flood or frame damage,No odometer problems,KNDME5C19J6351301,Van - Mini,Clean,No Issue,No Issue,No Open Recalls,No Issue,No Issue,No CPO Info Available,No Issue,6-cyl,Gas,Front Wheel Drive,,,
2022,Kia,Sportage EX,23998,15000,22 city/26 hwy,Automatic,Gray/Black,1 Owner,No flood or frame damage,No odometer problems,KNDPNCAC3N7985483,CUV - Compact,Clean,No Issue,No Issue,No Open Recalls,No Issue,No Issue,No CPO Info Available,No Issue,4-cyl,Gas,All Wheel Drive,,,
2019,Kia,Forte LXS,16998,39000,25 city/34 hwy,Automatic,Red/Black,2 Owners,No flood or frame damage,No odometer problems,3KPF24AD0KE099488,Car - Compact,Clean,No Issue,Minor,No Open Recalls,No Issue,No Issue,No CPO Info Available,No Issue,,,,,,
2019,Kia,Sorento Limited,21998,79000,19 city/24 hwy,Automatic,Gray/Brown,2 Owners,No flood or frame damage,No odometer problems,5XYPKDA5XKG546876,CUV - Large,Clean,No Issue,Minor,No Open Recalls,No Issue,No Issue,No CPO Info Available,No Issue,6-cyl,Gas,All Wheel Drive,,,
2022,Kia,Forte GT-Line,21998,26000,29 city/39 hwy,Automatic,Black/Black,1 Owner,No flood or frame damage,No odometer problems,3KPF54AD7NE453096,Car - Compact,Clean,No Issue,No Issue,No Open Recalls,No Issue,No Issue,No CPO Info Available,No Issue,4-cyl,Gas,Front Wheel Drive,,,
2018,Kia,Sorento LX,18998,68000,21 city/25 hwy,Automatic,White/Tan,2 Owners,No flood or frame damage,No odometer problems,5XYPGDA36JG430623,CUV - Large,Clean,No Issue,Damage Reported,No Open Recalls,No Issue,No Issue,No CPO Info Available,No Issue,,,,,,
2023,Kia,Soul LX,19998,14000,29 city/35 hwy,Automatic,Red/Gray,1 Owner,No flood or frame damage,No odometer problems,KNDJ23AU9P7207893,CUV - Compact,Clean,No Issue,No Issue,No Open Recalls,No Issue,No Issue,No CPO Info Available,No Issue,4-cyl,Gas,Front Wheel Drive,,,
2021,Kia,Forte GT-Line,19998,31000,29 city/40 hwy,Automatic,Black/Black,1 Owner,No flood or frame damage,No odometer problems,3KPF34AD4ME398790,Car - Compact,Clean,No Issue,No Issue,No Open Recalls,No Issue,No Issue,No CPO Info Available,No Issue,4-cyl,Gas,Front Wheel Drive,,,
2016,Kia,Soul +,15998,53000,24 city/31 hwy,Automatic,White/Black,2 Owners,No flood or frame damage,No odometer problems,KNDJP3A56G7334496,CUV - Compact,Clean,No Issue,Minor,No Open Recalls,No Issue,No Issue,No CPO Info Available,No Issue,4-cyl,Gas,Front Wheel Drive,,,
2017,Kia,Sportage SX,15998,94000,20 city/23 hwy,Automatic,Silver/Gray,2 Owners,No flood or frame damage,No odometer problems,KNDPRCA65H7172858,CUV - Compact,Clean,No Issue,No Issue,2 Open Recall(s),No Issue,No Issue,No CPO Info Available,No Issue,4-cyl,Turbo Gas,All Wheel Drive,,,
2020,Kia,Sportage LX,17998,37000,23 city/30 hwy,Automatic,Gray/Black,1 Owner,No flood or frame damage,No odometer problems,KNDPM3AC6L7824903,CUV - Compact,Clean,No Issue,Damage Reported,No Open Recalls,No Issue,No Issue,No CPO Info Available,No Issue,4-cyl,Gas,Front Wheel Drive,,,
2021,Kia,Telluride EX,24998,108000,19 city/24 hwy,Automatic,Green/Black,1 Owner,No flood or frame damage,No odometer problems,5XYP3DHC7MG105579,CUV - Large,Clean,No Issue,Damage Reported,1 Open Recall(s),No Issue,No Issue,No CPO Info Available,No Issue,6-cyl,Gas,All Wheel Drive,,,
2021,Kia,Seltos SX,19998,74000,25 city/30 hwy,Automatic,Gray/Black,2 Owners,No flood or frame damage,No odometer problems,KNDETCA28M7220952,CUV - Compact,Clean,No Issue,No Issue,No Open Recalls,No Issue,No Issue,No CPO Info Available,No Issue,4-cyl,Turbo Gas,All Wheel Drive,,,
2017,Kia,Forte LX,11998,103000,29 city/38 hwy,Automatic,Blue/Black,1 Owner,No flood or frame damage,No odometer problems,3KPFK4A75HE054470,Car - Compact,Clean,No Issue,No Issue,No Open Recalls,No Issue,No Issue,No CPO Info Available,No Issue,4-cyl,Gas,Front Wheel Drive,,,
2015,Kia,Optima SX,14599,94000,20 city/31 hwy,Automatic,Black/Black,1 Owner,No flood or frame damage,No odometer problems,5XXGR4A69FG494901,Car - Midsize,Clean,No Issue,Minor,No Open Recalls,No Issue,No Issue,No CPO Info Available,No Issue,4-cyl,Turbo Gas,Front Wheel Drive,,,
2023,Kia,Soul LX,18998,24000,29 city/35 hwy,Automatic,Red/Black,1 Owner,No flood or frame damage,No odometer problems,KNDJ23AU8P7869190,CUV - Compact,Clean,No Issue,No Issue,No Open Recalls,No Issue,No Issue,No CPO Info Available,No Issue,4-cyl,Gas,Front Wheel Drive,,,
2023,Kia,Sportage EX,27998,13000,25 city/32 hwy,Automatic,Black/Black,1 Owner,No flood or frame damage,No odometer problems,5XYK33AF0PG075905,CUV - Compact,Clean,No Issue,No Issue,No Open Recalls,No Issue,No Issue,No CPO Info Available,No Issue,4-cyl,Gas,Front Wheel Drive,,,
2018,Kia,Sorento LX,18998,42000,21 city/25 hwy,Automatic,Burgundy/Black,1 Owner,No flood or frame damage,No odometer problems,5XYPGDA3XJG431872,CUV - Large,Clean,No Issue,No Issue,No Open Recalls,No Issue,No Issue,No CPO Info Available,No Issue,4-cyl,Gas,All Wheel Drive,,,
2020,Kia,Soul LX,16998,22000,29 city/35 hwy,Automatic,Black/Black,2 Owners,No flood or frame damage,No odometer problems,KNDJ23AU6L7724837,CUV - Compact,Clean,No Issue,No Issue,No Open Recalls,No Issue,No Issue,No CPO Info Available,No Issue,4-cyl,Gas,Front Wheel Drive,,,
2024,Kia,Sorento S,33998,6000,23 city/31 hwy,Automatic,Gray/Black,1 Owner,No flood or frame damage,No odometer problems,5XYRL4JC2RG256288,CUV - Large,Clean,No Issue,No Issue,No Open Recalls,No Issue,No Issue,No CPO Info Available,No Issue,4-cyl,Gas,,,,
2018,Kia,Optima LX,12998,116000,25 city/36 hwy,Automatic,Black/Black,3 Owners,No flood or frame damage,No odometer problems,5XXGT4L31JG272009,Car - Midsize,Clean,No Issue,Minor,No Open Recalls,No Issue,No Issue,No CPO Info Available,No Issue,4-cyl,Gas,Front Wheel Drive,,,
2024,Kia,K5 GT-Line,31998,13000,27 city/37 hwy,Automatic,Gray/Black,1 Owner,No flood or frame damage,No odometer problems,5XXG64J28RG233026,Car - Large,Clean,No Issue,No Issue,1 Open Recall(s),No Issue,No Issue,No CPO Info Available,No Issue,4-cyl,Turbo Gas,All Wheel Drive,,,
2020,Kia,Soul LX,16998,34000,29 city/35 hwy,Automatic,Red/Black,2 Owners,No flood or frame damage,No odometer problems,KNDJ23AU2L7731560,CUV - Compact,Clean,No Issue,No Issue,3 Open Recall(s),No Issue,No Issue,No CPO Info Available,No Issue,4-cyl,Gas,Front Wheel Drive,,,
2013,Kia,Sorento LX,11998,106000,21 city/30 hwy,Automatic,Green/Tan,3 Owners,No flood or frame damage,No odometer problems,5XYKT4A12DG318765,CUV - Midsize,Clean,No Issue,No Issue,No Open Recalls,No Issue,No Issue,No CPO Info Available,No Issue,4-cyl,Gas,Front Wheel Drive,,,
2023,Kia,Sportage EX,26998,28000,25 city/32 hwy,Automatic,White/Black,1 Owner,No flood or frame damage,No odometer problems,5XYK33AF6PG058249,CUV - Compact,Clean,No Issue,No Issue,No Open Recalls,No Issue,No Issue,No CPO Info Available,No Issue,4-cyl,Gas,Front Wheel Drive,,,
2021,Kia,Telluride S,30998,40000,19 city/24 hwy,Automatic,Black/Black,1 Owner,No flood or frame damage,No odometer problems,5XYP6DHC4MG125537,CUV - Large,Clean,No Issue,No Issue,3 Open Recall(s),No Issue,No Issue,No CPO Info Available,No Issue,6-cyl,Gas,All Wheel Drive,,,
2020,Kia,Telluride S,29998,48000,19 city/24 hwy,Automatic,Black/Black,1 Owner,No flood or frame damage,No odometer problems,5XYP6DHC4LG042950,CUV - Large,Clean,No Issue,No Issue,2 Open Recall(s),No Issue,No Issue,No CPO Info Available,No Issue,6-cyl,Gas,All Wheel Drive,,,
2020,Kia,Forte GT-Line,17998,44000,27 city/37 hwy,Automatic,Blue/Black,2 Owners,No flood or frame damage,No odometer problems,3KPF34AD8LE159841,Car - Compact,Clean,No Issue,No Issue,No Open Recalls,No Issue,No Issue,No CPO Info Available,No Issue,4-cyl,Gas,Front Wheel Drive,,,
2020,Kia,Sportage LX,18998,39000,22 city/26 hwy,Automatic,Blue/Black,1 Owner,No flood or frame damage,No odometer problems,KNDPMCAC5L7811706,CUV - Compact,Clean,No Issue,No Issue,No Open Recalls,No Issue,No Issue,No CPO Info Available,No Issue,4-cyl,Gas,All Wheel Drive,,,
2013,Kia,Sorento LX,12998,88000,21 city/30 hwy,Automatic,Black/Gray,1 Owner,No flood or frame damage,No odometer problems,5XYKT3A69DG380685,CUV - Midsize,Clean,No Issue,Minor,No Open Recalls,No Issue,No Issue,No CPO Info Available,No Issue,4-cyl,Gas,Front Wheel Drive,,,
2019,Kia,Stinger GT2,30998,59000,17 city/25 hwy,Automatic,Gray/Red,2 Owners,No flood or frame damage,No odometer problems,KNAE55LC7K6062308,Car - Midsize,Clean,No Issue,No Issue,2 Open Recall(s),No Issue,No Issue,No CPO Info Available,No Issue,6-cyl,Turbo Gas,All Wheel Drive,,,
2023,Kia,Stinger GT2,38998,30000,18 city/25 hwy,Automatic,Black/Black,2 Owners,No flood or frame damage,No odometer problems,KNAE55LC8P6122796,Car - Midsize,Clean,No Issue,No Issue,No Open Recalls,No Issue,No Issue,OEM-Certified,No Issue,6-cyl,Turbo Gas,All Wheel Drive,,,
2020,Kia,Rio5 S,16998,37000,33 city/41 hwy,Automatic,Gray/Black,2 Owners,No flood or frame damage,No odometer problems,3KPA25AD8LE333524,Car - Compact,Clean,No Issue,No Issue,No Open Recalls,No Issue,No Issue,No CPO Info Available,No Issue,4-cyl,Gas,Front Wheel Drive,,,
2023,Kia,Carnival LX Seat Package,32998,37000,19 city/26 hwy,Automatic,White/Black,1 Owner,No flood or frame damage,No odometer problems,KNDNB4H33P6262009,Van - Mini,Clean,No Issue,No Issue,1 Open Recall(s),No Issue,No Issue,No CPO Info Available,No Issue,6-cyl,Gas,Front Wheel Drive,,,
2019,Kia,Forte S,16998,48000,30 city/40 hwy,Automatic,Red/Black,1 Owner,No flood or frame damage,No odometer problems,3KPF34AD4KE073599,Car - Compact,Clean,No Issue,Damage Reported,No Open Recalls,No Issue,No Issue,No CPO Info Available,No Issue,4-cyl,Gas,Front Wheel Drive,,,
2024,Kia,Soul LX,20998,4000,27 city/33 hwy,Automatic,Gray/Gray,1 Owner,No flood or frame damage,No odometer problems,KNDJ23AU5R7917473,CUV - Compact,Clean,No Issue,No Issue,No Open Recalls,No Issue,No Issue,No CPO Info Available,No Issue,4-cyl,Gas,Front Wheel Drive,,,
2021,Kia,Sorento S,26998,35000,23 city/25 hwy,Automatic,White/Black,2 Owners,No flood or frame damage,No odometer problems,5XYRLDLC3MG055537,CUV - Large,Clean,No Issue,No Issue,No Open Recalls,No Issue,No Issue,No CPO Info Available,No Issue,4-cyl,Gas,All Wheel Drive,,,
2020,Kia,Stinger GT2,28998,83000,17 city/25 hwy,Automatic,Gray/Black,1 Owner,No flood or frame damage,No odometer problems,KNAE55LC2L6081107,Car - Midsize,Clean,No Issue,Damage Reported,1 Open Recall(s),No Issue,No Issue,No CPO Info Available,No Issue,6-cyl,Turbo Gas,All Wheel Drive,,,
2023,Kia,Sportage SX Prestige,30998,40000,23 city/28 hwy,Automatic,Black/Red,1 Owner,No flood or frame damage,No odometer problems,5XYK5CAF3PG016101,CUV - Compact,Clean,No Issue,No Issue,No Open Recalls,No Issue,No Issue,No CPO Info Available,No Issue,4-cyl,Gas,All Wheel Drive,,,
2023,Kia,Carnival LX Seat Package,29998,44000,19 city/26 hwy,Automatic,Red/Black,1 Owner,No flood or frame damage,No odometer problems,KNDNB4H36P6287955,Van - Mini,Clean,No Issue,No Issue,1 Open Recall(s),No Issue,No Issue,No CPO Info Available,No Issue,6-cyl,Gas,Front Wheel Drive,,,
2023,Kia,Soul EX,21998,17000,28 city/33 hwy,Automatic,Black/Black,1 Owner,No flood or frame damage,No odometer problems,KNDJ33AU1P7855290,CUV - Compact,Clean,No Issue,No Issue,No Open Recalls,No Issue,No Issue,No CPO Info Available,No Issue,4-cyl,Gas,Front Wheel Drive,,,
2018,Kia,Forte LX,12998,88000,29 city/37 hwy,Automatic,Blue/Black,2 Owners,No flood or frame damage,No odometer problems,3KPFK4A76JE196252,Car - Compact,Clean,No Issue,No Issue,No Open Recalls,No Issue,No Issue,No CPO Info Available,No Issue,4-cyl,Gas,Front Wheel Drive,,,
2022,Kia,Seltos S,22998,34000,27 city/31 hwy,Automatic,White/Black,1 Owner,No flood or frame damage,No odometer problems,KNDEUCAA9N7271804,CUV - Compact,Clean,No Issue,No Issue,1 Open Recall(s),No Issue,No Issue,No CPO Info Available,No Issue,4-cyl,Gas,All Wheel Drive,,,
2015,Kia,Sorento LX,13998,98000,18 city/24 hwy,Automatic,Silver/Black,5 Owners,No flood or frame damage,No odometer problems,5XYKTDA78FG575016,CUV - Midsize,Clean,No Issue,No Issue,No Open Recalls,No Issue,No Issue,No CPO Info Available,No Issue,6-cyl,Gas,All Wheel Drive,,,
2018,Kia,Forte LX,13599,88000,29 city/37 hwy,Automatic,Blue/Black,2 Owners,No flood or frame damage,No odometer problems,3KPFL4A79JE168779,Car - Compact,Clean,No Issue,No Issue,No Open Recalls,No Issue,No Issue,No CPO Info Available,No Issue,4-cyl,Gas,Front Wheel Drive,,,
2022,Kia,Sorento Plug-In Hybrid SX,33998,30000,,,Silver/Black,1 Owner,No flood or frame damage,No odometer problems,KNDRJDLH7N5116738,CUV - Large,Clean,No Issue,No Issue,No Open Recalls,No Issue,No Issue,No CPO Info Available,No Issue,4-cyl,Plug-in Hybrid,All Wheel Drive,83 city/75 hwy,32 miles,3.4 hours
2017,Kia,Sportage LX,15998,53000,21 city/25 hwy,Automatic,Brown/Black,2 Owners,No flood or frame damage,No odometer problems,KNDPMCAC5H7122482,CUV - Compact,Clean,No Issue,No Issue,No Open Recalls,No Issue,No Issue,No CPO Info Available,No Issue,,,,,,
2019,Kia,Soul +,15998,52000,25 city/30 hwy,Automatic,Gray/Black,2 Owners,No flood or frame damage,No odometer problems,KNDJP3A52K7690453,CUV - Compact,Clean,No Issue,No Issue,1 Open Recall(s),No Issue,No Issue,No CPO Info Available,No Issue,4-cyl,Gas,Front Wheel Drive,,,
2017,Kia,Sportage LX,14998,75000,23 city/30 hwy,Automatic,Blue/Black,1 Owner,No flood or frame damage,No odometer problems,KNDPM3AC2H7043139,CUV - Compact,Clean,No Issue,Minor,No Open Recalls,No Issue,No Issue,No CPO Info Available,No Issue,4-cyl,Gas,Front Wheel Drive,,,
2018,Kia,Sportage LX,14599,90000,21 city/25 hwy,Automatic,White/Black,3 Owners,No flood or frame damage,No odometer problems,KNDPMCAC9J7453751,CUV - Compact,Clean,No Issue,No Issue,3 Open Recall(s),No Issue,No Issue,No CPO Info Available,No Issue,4-cyl,Gas,All Wheel Drive,,,
2021,Kia,Soul LX,19998,2000,28 city/33 hwy,Automatic,White/Black,1 Owner,No flood or frame damage,No odometer problems,KNDJ23AU3M7746327,CUV - Compact,Clean,No Issue,No Issue,No Open Recalls,No Issue,No Issue,No CPO Info Available,No Issue,4-cyl,Gas,Front Wheel Drive,,,
2020,Kia,Optima S,19998,17000,24 city/32 hwy,Automatic,Blue/Black,1 Owner,No flood or frame damage,No odometer problems,5XXGT4L31LG419626,Car - Midsize,Clean,No Issue,No Issue,No Open Recalls,No Issue,No Issue,No CPO Info Available,No Issue,4-cyl,Gas,Front Wheel Drive,,,
2018,Kia,Soul ,14599,55000,25 city/30 hwy,Automatic,White/Black,2 Owners,No flood or frame damage,No odometer problems,KNDJN2A29J7523043,CUV - Compact,Clean,No Issue,No Issue,No Open Recalls,No Issue,No Issue,No CPO Info Available,No Issue,4-cyl,Gas,Front Wheel Drive,,,
2020,Kia,Sportage LX,19998,26000,22 city/26 hwy,Automatic,White/Black,1 Owner,No flood or frame damage,No odometer problems,KNDPMCAC6L7687753,CUV - Compact,Clean,No Issue,No Issue,No Open Recalls,No Issue,No Issue,No CPO Info Available,No Issue,4-cyl,Gas,All Wheel Drive,,,
2022,Kia,K5 GT-Line,26998,23000,27 city/37 hwy,Automatic,Gray/Black,1 Owner,No flood or frame damage,No odometer problems,5XXG64J27NG150293,Car - Midsize,Clean,No Issue,No Issue,No Open Recalls,No Issue,No Issue,No CPO Info Available,No Issue,4-cyl,Turbo Gas,Front Wheel Drive,,,
2023,Kia,Sorento Plug-In Hybrid SX Prestige,38998,36000,,,Red/Gray,1 Owner,No flood or frame damage,No odometer problems,KNDRMDLH5P5169559,CUV - Large,Clean,No Issue,No Issue,No Open Recalls,No Issue,No Issue,No CPO Info Available,No Issue,4-cyl,Plug-in Hybrid,All Wheel Drive,83 city/75 hwy,32 miles,3.4 hours
2023,Kia,Sportage LX,23998,38000,23 city/28 hwy,Automatic,Gray/Black,1 Owner,No flood or frame damage,No odometer problems,KNDPUCAFXP7041051,CUV - Compact,Clean,No Issue,No Issue,No Open Recalls,No Issue,No Issue,No CPO Info Available,No Issue,4-cyl,Gas,All Wheel Drive,,,
2022,Kia,Telluride S,32998,31000,20 city/26 hwy,Automatic,Gray/Black,1 Owner,No flood or frame damage,No odometer problems,5XYP64HC4NG280770,CUV - Large,Clean,No Issue,Damage Reported,3 Open Recall(s),No Issue,No Issue,No CPO Info Available,No Issue,6-cyl,Gas,Front Wheel Drive,,,
2021,Kia,Sorento S,27998,28000,23 city/25 hwy,Automatic,White/Black,1 Owner,No flood or frame damage,No odometer problems,5XYRL4LC2MG067095,CUV - Large,Clean,No Issue,No Issue,2 Open Recall(s),No Issue,No Issue,No CPO Info Available,No Issue,4-cyl,Gas,All Wheel Drive,,,
2019,Kia,Optima LX,14998,109000,24 city/33 hwy,Automatic,Black/Black,1 Owner,No flood or frame damage,No odometer problems,5XXGT4L37KG294310,Car - Midsize,Clean,No Issue,No Issue,No Open Recalls,No Issue,No Issue,No CPO Info Available,No Issue,4-cyl,Gas,Front Wheel Drive,,,
2020,Kia,Sportage S,22998,7000,22 city/26 hwy,Automatic,Gray/Black,1 Owner,No flood or frame damage,No odometer problems,KNDP6CAC6L7682403,CUV - Compact,Clean,No Issue,No Issue,No Open Recalls,No Issue,No Issue,No CPO Info Available,No Issue,4-cyl,Gas,All Wheel Drive,,,
2023,Kia,Rio LX,19998,2000,32 city/41 hwy,Automatic,White/Black,1 Owner,No flood or frame damage,No odometer problems,3KPA24AD8PE536736,Car - Compact,Clean,No Issue,No Issue,No Open Recalls,No Issue,No Issue,No CPO Info Available,No Issue,4-cyl,Gas,Front Wheel Drive,,,
2017,Kia,Sportage SX,16998,84000,20 city/23 hwy,Automatic,Gray/Black,3 Owners,No flood or frame damage,No odometer problems,KNDPRCA66H7265937,CUV - Compact,Clean,No Issue,No Issue,No Open Recalls,No Issue,No Issue,No CPO Info Available,No Issue,4-cyl,Turbo Gas,All Wheel Drive,,,
2018,Kia,Forte LX,12998,102000,29 city/37 hwy,Automatic,Burgundy/Black,3 Owners,No flood or frame damage,No odometer problems,3KPFL4A74JE196652,Car - Compact,Clean,No Issue,Minor,No Open Recalls,No Issue,No Issue,No CPO Info Available,No Issue,4-cyl,Gas,Front Wheel Drive,,,
2022,Kia,Sorento X-Line SX Prestige,32998,51000,22 city/27 hwy,Automatic,Green/Tan,1 Owner,No flood or frame damage,No odometer problems,5XYRKDLF3NG109479,CUV - Large,Clean,No Issue,No Issue,No Open Recalls,No Issue,No Issue,No CPO Info Available,No Issue,4-cyl,Turbo Gas,All Wheel Drive,,,
2023,Kia,Sportage X-Line,29998,20000,23 city/28 hwy,Automatic,Gray/Black,1 Owner,No flood or frame damage,No odometer problems,5XYK6CAF7PG049308,CUV - Compact,Clean,No Issue,No Issue,No Open Recalls,No Issue,No Issue,No CPO Info Available,No Issue,4-cyl,Gas,All Wheel Drive,,,
2020,Kia,Telluride EX,22998,125000,19 city/24 hwy,Automatic,Burgundy/Black,1 Owner,No flood or frame damage,No odometer problems,5XYP3DHC3LG087533,CUV - Large,Clean,No Issue,No Issue,3 Open Recall(s),No Issue,No Issue,No CPO Info Available,No Issue,6-cyl,Gas,All Wheel Drive,,,
2018,Kia,Optima LX,16998,28000,25 city/36 hwy,Automatic,Blue/Black,1 Owner,No flood or frame damage,No odometer problems,5XXGT4L38JG274257,Car - Midsize,Clean,No Issue,Moderate,No Open Recalls,No Issue,No Issue,No CPO Info Available,No Issue,4-cyl,Gas,Front Wheel Drive,,,
2016,Kia,Soul +,12998,86000,24 city/31 hwy,Automatic,Blue/Black,2 Owners,No flood or frame damage,No odometer problems,KNDJP3A58G7252740,CUV - Compact,Clean,No Issue,No Issue,No Open Recalls,No Issue,No Issue,No CPO Info Available,No Issue,4-cyl,Gas,Front Wheel Drive,,,
2020,Kia,Rio LX,16998,14000,33 city/41 hwy,Automatic,White/Black,1 Owner,No flood or frame damage,No odometer problems,3KPA24AD9LE357261,Car - Compact,Clean,No Issue,No Issue,No Open Recalls,No Issue,No Issue,No CPO Info Available,No Issue,4-cyl,Gas,Front Wheel Drive,,,
2019,Kia,Sorento LX,19998,59000,21 city/26 hwy,Automatic,Gray/Black,1 Owner,No flood or frame damage,No odometer problems,5XYPGDA37KG437002,CUV - Large,Clean,No Issue,No Issue,No Open Recalls,No Issue,No Issue,No CPO Info Available,No Issue,4-cyl,Gas,All Wheel Drive,,,
2022,Kia,Telluride SX,40998,37000,19 city/24 hwy,Automatic,Brown/Brown,1 Owner,No flood or frame damage,No odometer problems,5XYP5DHC0NG213621,CUV - Large,Clean,No Issue,Damage Reported,No Open Recalls,No Issue,No Issue,No CPO Info Available,No Issue,6-cyl,Gas,All Wheel Drive,,,
2022,Kia,Stinger GT1,30998,57000,17 city/24 hwy,Automatic,Pearl/Tan,1 Owner,No flood or frame damage,No odometer problems,KNAE45LC9N6108261,Car - Midsize,Clean,No Issue,No Issue,1 Open Recall(s),No Issue,No Issue,No CPO Info Available,No Issue,6-cyl,Turbo Gas,All Wheel Drive,,,
2021,Kia,Telluride S,32998,30000,20 city/26 hwy,Automatic,Burgundy/Gray,2 Owners,No flood or frame damage,No odometer problems,5XYP64HCXMG173205,CUV - Large,Clean,No Issue,No Issue,3 Open Recall(s),No Issue,No Issue,No CPO Info Available,No Issue,6-cyl,Gas,Front Wheel Drive,,,
2017,Kia,Niro EX,17998,60000,51 city/46 hwy,Automatic,White/Black,2 Owners,No flood or frame damage,No odometer problems,KNDCC3LC7H5054356,CUV - Compact,Clean,No Issue,No Issue,No Open Recalls,No Issue,No Issue,No CPO Info Available,No Issue,4-cyl,Hybrid,Front Wheel Drive,,,
2024,Kia,Carnival SX,44998,24000,19 city/26 hwy,Automatic,Gray/Black,1 Owner,No flood or frame damage,No odometer problems,KNDNE5H34R6373765,Van - Mini,Clean,No Issue,No Issue,1 Open Recall(s),No Issue,No Issue,No CPO Info Available,No Issue,6-cyl,Gas,Front Wheel Drive,,,
2020,Kia,Telluride LX,22998,107000,19 city/24 hwy,Automatic,Black/Black,2 Owners,No flood or frame damage,No odometer problems,5XYP2DHC3LG007635,CUV - Large,Clean,No Issue,No Issue,5 Open Recall(s),No Issue,No Issue,No CPO Info Available,No Issue,6-cyl,Gas,All Wheel Drive,,,
2020,Kia,Optima LX,17998,43000,25 city/35 hwy,Automatic,White/Black,2 Owners,No flood or frame damage,No odometer problems,5XXGT4L30LG395495,Car - Midsize,Clean,No Issue,No Issue,No Open Recalls,No Issue,No Issue,No CPO Info Available,No Issue,4-cyl,Gas,Front Wheel Drive,,,
2023,Kia,K5 GT-Line,27998,36000,29 city/31 hwy,Automatic,Gray/Red,1 Owner,No flood or frame damage,No odometer problems,5XXG64J27PG181367,Car - Midsize,Clean,No Issue,No Issue,2 Open Recall(s),No Issue,No Issue,No CPO Info Available,No Issue,4-cyl,Turbo Gas,Front Wheel Drive,,,
2021,Kia,Forte LXS,17998,32000,29 city/40 hwy,Automatic,Gray/Black,2 Owners,No flood or frame damage,No odometer problems,3KPF24AD6ME387941,Car - Compact,Clean,No Issue,No Issue,No Open Recalls,No Issue,No Issue,No CPO Info Available,No Issue,4-cyl,Gas,Front Wheel Drive,,,
2022,Kia,Sorento X-Line EX,30998,36000,22 city/27 hwy,Automatic,Red/Black,1 Owner,No flood or frame damage,No odometer problems,5XYRHDLF4NG098183,CUV - Large,Clean,No Issue,No Issue,1 Open Recall(s),No Issue,No Issue,No CPO Info Available,No Issue,4-cyl,Turbo Gas,All Wheel Drive,,,
2016,Kia,Optima LX,13998,84000,24 city/35 hwy,Automatic,Black/Black,3 Owners,No flood or frame damage,No odometer problems,5XXGT4L36GG108067,Car - Midsize,Clean,No Issue,No Issue,1 Open Recall(s),No Issue,No Issue,No CPO Info Available,No Issue,4-cyl,Gas,Front Wheel Drive,,,
2022,Kia,Forte GT-Line,21998,43000,29 city/39 hwy,Automatic,Black/Black,1 Owner,No flood or frame damage,No odometer problems,3KPF54AD1NE427531,Car - Compact,Clean,No Issue,No Issue,No Open Recalls,No Issue,No Issue,No CPO Info Available,No Issue,4-cyl,Gas,Front Wheel Drive,,,
2020,Kia,Soul LX,16998,52000,29 city/35 hwy,Automatic,Gray/Cream,1 Owner,No flood or frame damage,No odometer problems,KNDJ23AU4L7092775,CUV - Compact,Clean,No Issue,No Issue,No Open Recalls,No Issue,No Issue,No CPO Info Available,No Issue,4-cyl,Gas,Front Wheel Drive,,,
2019,Kia,Stinger GTS,29998,63000,17 city/25 hwy,Automatic,Orange/Black,1 Owner,No flood or frame damage,No odometer problems,KNAE35LC9K6070965,Car - Midsize,Clean,No Issue,Moderate,1 Open Recall(s),No Issue,No Issue,No CPO Info Available,No Issue,6-cyl,Turbo Gas,All Wheel Drive,,,
2019,Kia,Stinger GT1,29998,38000,17 city/25 hwy,Automatic,Gray/Black,2 Owners,No flood or frame damage,No odometer problems,KNAE45LC8K6050980,Car - Midsize,Clean,No Issue,No Issue,1 Open Recall(s),No Issue,No Issue,No CPO Info Available,No Issue,6-cyl,Turbo Gas,All Wheel Drive,,,
2023,Kia,Sportage Hybrid EX,32998,13000,,Automatic,White/Black,1 Owner,No flood or frame damage,No odometer problems,KNDPVCAG1P7109940,CUV - Compact,Clean,No Issue,No Issue,No Open Recalls,No Issue,No Issue,No CPO Info Available,No Issue,,,,,,
2019,Kia,Rio S,14599,73000,28 city/37 hwy,Automatic,White/Black,4 Owners,No flood or frame damage,No odometer problems,3KPA24AB5KE196856,Car - Compact,Clean,No Issue,No Issue,No Open Recalls,No Issue,No Issue,No CPO Info Available,No Issue,4-cyl,Gas,Front Wheel Drive,,,
2023,Kia,Sportage Hybrid LX,30998,12000,38 city/38 hwy,Automatic,White/Black,1 Owner,No flood or frame damage,No odometer problems,KNDPUCAG9P7106514,CUV - Compact,Clean,No Issue,No Issue,No Open Recalls,No Issue,No Issue,No CPO Info Available,No Issue,4-cyl,Turbo Hybrid,All Wheel Drive,,,
2021,Kia,Telluride EX,32998,54000,19 city/24 hwy,Automatic,Black/Black,1 Owner,No flood or frame damage,No odometer problems,5XYP3DHC1MG183159,CUV - Large,Clean,No Issue,Damage Reported,No Open Recalls,No Issue,No Issue,No CPO Info Available,No Issue,6-cyl,Gas,All Wheel Drive,,,
2021,Kia,Sorento S,27998,31000,23 city/25 hwy,Automatic,Gray/Black,1 Owner,No flood or frame damage,No odometer problems,5XYRLDLC8MG018144,CUV - Large,Clean,No Issue,No Issue,No Open Recalls,No Issue,No Issue,No CPO Info Available,No Issue,4-cyl,Gas,All Wheel Drive,,,
2022,Kia,Sorento X-Line SX Prestige,35998,31000,22 city/27 hwy,Automatic,Green/Black,1 Owner,No flood or frame damage,No odometer problems,5XYRKDLF8NG075989,CUV - Large,Clean,No Issue,No Issue,No Open Recalls,No Issue,No Issue,No CPO Info Available,No Issue,4-cyl,Turbo Gas,All Wheel Drive,,,
2025,Kia,Carnival EX,46998,6000,18 city/26 hwy,Automatic,White/Gray,1 Owner,No flood or frame damage,No odometer problems,KNDNC5K3XS6460560,Van - Mini,Clean,No Issue,No Issue,No Open Recalls,No Issue,No Issue,No CPO Info Available,No Issue,6-cyl,Gas,Front Wheel Drive,,,
2019,Kia,Sorento LX,18998,62000,19 city/26 hwy,Automatic,White/Black,2 Owners,No flood or frame damage,No odometer problems,5XYPG4A5XKG576834,CUV - Large,Clean,No Issue,No Issue,1 Open Recall(s),No Issue,No Issue,No CPO Info Available,No Issue,6-cyl,Gas,Front Wheel Drive,,,
2018,Kia,Forte LX,12998,84000,29 city/37 hwy,Automatic,Silver/Gray,1 Owner,No flood or frame damage,No odometer problems,3KPFL4A78JE193124,Car - Compact,Clean,No Issue,No Issue,2 Open Recall(s),No Issue,No Issue,No CPO Info Available,No Issue,4-cyl,Gas,Front Wheel Drive,,,
2016,Kia,Sedona EX,16998,79000,18 city/24 hwy,Automatic,Silver/Gray,2 Owners,No flood or frame damage,No odometer problems,KNDMC5C1XG6114525,Van - Mini,Clean,No Issue,Damage Reported,No Open Recalls,No Issue,No Issue,No CPO Info Available,No Issue,6-cyl,Gas,Front Wheel Drive,,,
2022,Kia,Sorento SX,32998,30000,22 city/27 hwy,Automatic,White/Tan,1 Owner,No flood or frame damage,No odometer problems,5XYRKDLF3NG109689,CUV - Large,Clean,No Issue,No Issue,No Open Recalls,No Issue,No Issue,No CPO Info Available,No Issue,4-cyl,Turbo Gas,All Wheel Drive,,,
2022,Kia,K5 GT-Line,27998,29000,27 city/37 hwy,Automatic,Black/Red,1 Owner,No flood or frame damage,No odometer problems,5XXG64J28NG158807,Car - Midsize,Clean,No Issue,No Issue,1 Open Recall(s),No Issue,No Issue,No CPO Info Available,No Issue,,,,,,
2018,Kia,Optima LX,13998,108000,25 city/36 hwy,Automatic,Blue/Black,2 Owners,No flood or frame damage,No odometer problems,5XXGT4L35JG255648,Car - Midsize,Clean,No Issue,No Issue,No Open Recalls,No Issue,No Issue,No CPO Info Available,No Issue,4-cyl,Gas,Front Wheel Drive,,,
2021,Kia,Sorento EX,27998,39000,21 city/28 hwy,Automatic,Silver/Black,1 Owner,No flood or frame damage,No odometer problems,5XYRHDLF9MG018570,CUV - Large,Clean,No Issue,No Issue,No Open Recalls,No Issue,No Issue,No CPO Info Available,No Issue,4-cyl,Turbo Gas,All Wheel Drive,,,
2018,Kia,Sorento LX,15998,88000,21 city/28 hwy,Automatic,Black/Black,2 Owners,No flood or frame damage,No odometer problems,5XYPG4A38JG340602,CUV - Large,Clean,No Issue,No Issue,No Open Recalls,No Issue,No Issue,No CPO Info Available,No Issue,4-cyl,Gas,Front Wheel Drive,,,
2017,Kia,Sorento EX,17998,85000,18 city/25 hwy,Automatic,Pearl/Gray,1 Owner,No flood or frame damage,No odometer problems,5XYPHDA57HG247367,CUV - Large,Clean,No Issue,Damage Reported,No Open Recalls,No Issue,No Issue,No CPO Info Available,No Issue,6-cyl,Gas,All Wheel Drive,,,
2021,Kia,Forte GT,19998,33000,27 city/35 hwy,Automatic,Red/Black,2 Owners,No flood or frame damage,No odometer problems,3KPF44AC2ME288440,Car - Compact,Clean,No Issue,No Issue,No Open Recalls,No Issue,No Issue,No CPO Info Available,No Issue,4-cyl,Turbo Gas,Front Wheel Drive,,,
2017,Kia,Forte EX,14599,98000,25 city/33 hwy,Automatic,Black/Gray,1 Owner,No flood or frame damage,No odometer problems,3KPFN4A89HE106960,Car - Compact,Clean,No Issue,No Issue,1 Open Recall(s),No Issue,No Issue,No CPO Info Available,No Issue,4-cyl,Gas,Front Wheel Drive,,,
2022,Kia,K5 GT-Line,23998,56000,27 city/37 hwy,Automatic,Blue/Black,1 Owner,No flood or frame damage,No odometer problems,5XXG64J26NG096873,Car - Midsize,Clean,No Issue,Minor,1 Open Recall(s),No Issue,No Issue,No CPO Info Available,No Issue,4-cyl,Turbo Gas,Front Wheel Drive,,,
2020,Kia,Telluride S,29998,50000,19 city/24 hwy,Automatic,Black/Black,1 Owner,No flood or frame damage,No odometer problems,5XYP6DHC5LG048935,CUV - Large,Clean,No Issue,No Issue,No Open Recalls,No Issue,No Issue,No CPO Info Available,No Issue,6-cyl,Gas,All Wheel Drive,,,
2018,Kia,Optima EX,15998,72000,24 city/34 hwy,Automatic,Gray/Gray,2 Owners,No flood or frame damage,No odometer problems,5XXGU4L36JG200400,Car - Midsize,Clean,No Issue,No Issue,1 Open Recall(s),No Issue,No Issue,No CPO Info Available,No Issue,4-cyl,Gas,Front Wheel Drive,,,
2022,Kia,Sorento Hybrid S,29998,42000,39 city/36 hwy,Automatic,White/Black,1 Owner,No flood or frame damage,No odometer problems,KNDRG4LG9N5102149,CUV - Large,Clean,No Issue,No Issue,No Open Recalls,No Issue,No Issue,No CPO Info Available,No Issue,4-cyl,Turbo Hybrid,Front Wheel Drive,,,
2021,Kia,Sorento SX Prestige X-Line,31998,31000,21 city/28 hwy,Automatic,Tan/Black,2 Owners,No flood or frame damage,No odometer problems,5XYRKDLF4MG036282,CUV - Large,Clean,No Issue,No Issue,No Open Recalls,No Issue,No Issue,OEM-Certified,No Issue,4-cyl,Turbo Gas,All Wheel Drive,,,
2017,Kia,Sportage EX,16998,85000,22 city/29 hwy,Automatic,Gray/Black,1 Owner,No flood or frame damage,No odometer problems,KNDPN3AC0H7033075,CUV - Compact,Clean,No Issue,No Issue,No Open Recalls,No Issue,No Issue,No CPO Info Available,No Issue,4-cyl,Gas,Front Wheel Drive,,,
2020,Kia,Sorento L,16998,85000,22 city/29 hwy,Automatic,Brown/Black,1 Owner,No flood or frame damage,No odometer problems,5XYPG4A30LG631114,CUV - Large,Clean,No Issue,Damage Reported,No Open Recalls,No Issue,No Issue,No CPO Info Available,No Issue,4-cyl,Gas,Front Wheel Drive,,,
2022,Kia,Telluride LX,32998,25000,20 city/26 hwy,Automatic,Black/Black,1 Owner,No flood or frame damage,No odometer problems,5XYP24HC7NG247855,CUV - Large,Clean,No Issue,Minor,2 Open Recall(s),No Issue,No Issue,No CPO Info Available,No Issue,6-cyl,Gas,Front Wheel Drive,,,
2022,Kia,Carnival SX Prestige,44998,23000,19 city/26 hwy,Automatic,Black/Black,1 Owner,No flood or frame damage,No odometer problems,KNDNE5H30N6167739,Van - Mini,Clean,No Issue,No Issue,1 Open Recall(s),No Issue,No Issue,No CPO Info Available,No Issue,6-cyl,Gas,Front Wheel Drive,,,
2023,Kia,Telluride SX Prestige X-Pro,45998,24000,18 city/24 hwy,Automatic,Green/Black,1 Owner,No flood or frame damage,No odometer problems,5XYP5DGC4PG357015,CUV - Large,Clean,No Issue,No Issue,No Open Recalls,No Issue,No Issue,No CPO Info Available,No Issue,6-cyl,Gas,All Wheel Drive,,,
2020,Kia,Sportage LX,17998,62000,23 city/30 hwy,Automatic,Silver/Black,1 Owner,No flood or frame damage,No odometer problems,KNDPM3AC4L7725514,CUV - Compact,Clean,No Issue,No Issue,No Open Recalls,No Issue,No Issue,No CPO Info Available,No Issue,4-cyl,Gas,Front Wheel Drive,,,
2016,Kia,Optima LX,14998,79000,24 city/35 hwy,Automatic,Pearl/Black,2 Owners,No flood or frame damage,No odometer problems,KNAGT4L36G5073564,Car - Midsize,Clean,No Issue,No Issue,No Open Recalls,No Issue,No Issue,No CPO Info Available,No Issue,4-cyl,Gas,Front Wheel Drive,,,
2023,Kia,Forte GT-Line,21998,17000,28 city/39 hwy,Automatic,Gray/Black,1 Owner,No flood or frame damage,No odometer problems,3KPF54AD5PE621515,Car - Compact,Clean,No Issue,No Issue,No Open Recalls,No Issue,No Issue,No CPO Info Available,No Issue,4-cyl,Gas,Front Wheel Drive,,,
2020,Kia,Niro LX,20998,42000,51 city/46 hwy,Automatic,White/Black,1 Owner,No flood or frame damage,No odometer problems,KNDCB3LC8L5436021,CUV - Compact,Clean,No Issue,No Issue,1 Open Recall(s),No Issue,No Issue,No CPO Info Available,No Issue,4-cyl,Hybrid,Front Wheel Drive,,,
2019,Kia,Sedona EX,21998,67000,18 city/24 hwy,Automatic,Blue/Gray,2 Owners,No flood or frame damage,No odometer problems,KNDMB5C18K6535025,Van - Mini,Clean,No Issue,Moderate,1 Open Recall(s),No Issue,No Issue,No CPO Info Available,No Issue,6-cyl,Gas,Front Wheel Drive,,,
2021,Kia,Rio S,16998,33000,33 city/41 hwy,Automatic,White/Black,1 Owner,No flood or frame damage,No odometer problems,3KPA24ADXME397818,Car - Compact,Clean,No Issue,No Issue,No Open Recalls,No Issue,No Issue,No CPO Info Available,No Issue,4-cyl,Gas,Front Wheel Drive,,,
2022,Kia,Telluride EX,34998,46000,20 city/26 hwy,Automatic,Black/Black,1 Owner,No flood or frame damage,No odometer problems,5XYP34HC3NG213151,CUV - Large,Clean,No Issue,Moderate,1 Open Recall(s),No Issue,No Issue,No CPO Info Available,No Issue,6-cyl,Gas,Front Wheel Drive,,,
2023,Kia,K5 GT-Line,30998,10000,29 city/31 hwy,Automatic,Gray/Red,1 Owner,No flood or frame damage,No odometer problems,5XXG64J28PG198789,Car - Midsize,Clean,No Issue,No Issue,1 Open Recall(s),No Issue,No Issue,No CPO Info Available,No Issue,4-cyl,Turbo Gas,Front Wheel Drive,,,
2024,Kia,K5 GT-Line,27998,8000,27 city/37 hwy,Automatic,Red/Black,1 Owner,No flood or frame damage,No odometer problems,5XXG64J21RG250380,Car - Large,Clean,No Issue,No Issue,1 Open Recall(s),No Issue,No Issue,No CPO Info Available,No Issue,4-cyl,Turbo Gas,All Wheel Drive,,,
2023,Kia,Sportage Hybrid LX,28998,17000,38 city/38 hwy,Automatic,Black/Black,1 Owner,No flood or frame damage,No odometer problems,KNDPUCAG6P7087985,CUV - Compact,Clean,No Issue,No Issue,No Open Recalls,No Issue,No Issue,No CPO Info Available,No Issue,4-cyl,Turbo Hybrid,All Wheel Drive,,,
2019,Kia,Soul +,13998,78000,25 city/30 hwy,Automatic,Gray/Black,2 Owners,No flood or frame damage,No odometer problems,KNDJP3A59K7666893,CUV - Compact,Clean,No Issue,Moderate,1 Open Recall(s),No Issue,No Issue,No CPO Info Available,No Issue,4-cyl,Gas,Front Wheel Drive,,,
2017,Kia,Optima Hybrid Premium,16998,70000,39 city/46 hwy,Automatic,White/Black,2 Owners,No flood or frame damage,No odometer problems,KNAGT4LC8H5005171,Car - Midsize,Clean,No Issue,No Issue,1 Open Recall(s),No Issue,No Issue,No CPO Info Available,No Issue,4-cyl,Hybrid,Front Wheel Drive,,,
2020,Kia,Sportage LX,15998,74000,23 city/30 hwy,Automatic,Blue/Black,2 Owners,No flood or frame damage,No odometer problems,KNDPM3AC4L7767018,CUV - Compact,Clean,No Issue,No Issue,No Open Recalls,No Issue,No Issue,No CPO Info Available,No Issue,4-cyl,Gas,Front Wheel Drive,,,
2020,Kia,Optima S,15998,92000,24 city/32 hwy,Automatic,Blue/Black,1 Owner,No flood or frame damage,No odometer problems,5XXGT4L3XLG418166,Car - Midsize,Clean,No Issue,No Issue,No Open Recalls,No Issue,No Issue,No CPO Info Available,No Issue,4-cyl,Gas,Front Wheel Drive,,,
2022,Kia,Carnival LX,28998,49000,19 city/26 hwy,Automatic,White/Black,1 Owner,No flood or frame damage,No odometer problems,KNDNB4H38N6167667,Van - Mini,Clean,No Issue,No Issue,2 Open Recall(s),No Issue,No Issue,No CPO Info Available,No Issue,6-cyl,Gas,Front Wheel Drive,,,
2021,Kia,Sorento S,24998,52000,24 city/29 hwy,Automatic,White/Black,1 Owner,No flood or frame damage,No odometer problems,5XYRL4LC1MG057352,CUV - Large,Clean,No Issue,No Issue,No Open Recalls,No Issue,No Issue,No CPO Info Available,No Issue,4-cyl,Gas,Front Wheel Drive,,,
2024,Kia,K5 GT-Line,32998,8000,27 city/37 hwy,Automatic,Gray/Red,1 Owner,No flood or frame damage,No odometer problems,5XXG64J26RG239777,Car - Large,Clean,No Issue,No Issue,No Open Recalls,No Issue,No Issue,No CPO Info Available,No Issue,4-cyl,Turbo Gas,Front Wheel Drive,,,
2022,Kia,Forte LXS,19998,28000,29 city/39 hwy,Automatic,White/Black,1 Owner,No flood or frame damage,No odometer problems,3KPF24AD0NE448783,Car - Compact,Clean,No Issue,No Issue,No Open Recalls,No Issue,No Issue,No CPO Info Available,No Issue,4-cyl,Gas,Front Wheel Drive,,,
2016,Kia,Optima LX,14599,77000,24 city/35 hwy,Automatic,Gray/Black,2 Owners,No flood or frame damage,No odometer problems,5XXGT4L32GG077707,Car - Midsize,Clean,No Issue,No Issue,1 Open Recall(s),No Issue,No Issue,No CPO Info Available,No Issue,4-cyl,Gas,Front Wheel Drive,,,
2022,Kia,K5 GT-Line,26998,11000,27 city/37 hwy,Automatic,White/Black,1 Owner,No flood or frame damage,No odometer problems,5XXG64J20NG091684,Car - Midsize,Clean,No Issue,No Issue,No Open Recalls,No Issue,No Issue,No CPO Info Available,No Issue,4-cyl,Turbo Gas,Front Wheel Drive,,,
2015,Kia,Soul !,12998,86000,23 city/30 hwy,Automatic,Silver/Black,2 Owners,No flood or frame damage,No odometer problems,KNDJX3A57F7772121,CUV - Compact,Clean,No Issue,No Issue,No Open Recalls,No Issue,No Issue,No CPO Info Available,No Issue,,,,,,
2022,Kia,Soul Turbo,22998,24000,27 city/32 hwy,Automatic,Black/Black,1 Owner,No flood or frame damage,No odometer problems,KNDJ53AF0N7185434,CUV - Compact,Clean,No Issue,No Issue,No Open Recalls,No Issue,No Issue,No CPO Info Available,No Issue,4-cyl,Turbo Gas,Front Wheel Drive,,,
2021,Kia,Forte GT-Line,18998,32000,29 city/40 hwy,Automatic,Orange/Black,1 Owner,No flood or frame damage,No odometer problems,3KPF34AD2ME366386,Car - Compact,Clean,No Issue,No Issue,No Open Recalls,No Issue,No Issue,No CPO Info Available,No Issue,4-cyl,Gas,Front Wheel Drive,,,
2021,Kia,Forte GT-Line,20998,12000,29 city/40 hwy,Automatic,Black/Black,2 Owners,No flood or frame damage,No odometer problems,3KPF34AD6ME381747,Car - Compact,Clean,No Issue,No Issue,No Open Recalls,No Issue,No Issue,OEM-Certified,No Issue,4-cyl,Gas,Front Wheel Drive,,,
2022,Kia,Seltos S,19998,29000,27 city/31 hwy,Automatic,Black/Gray,1 Owner,No flood or frame damage,No odometer problems,KNDEUCAA8N7317140,CUV - Compact,Clean,No Issue,No Issue,No Open Recalls,No Issue,No Issue,No CPO Info Available,No Issue,4-cyl,Gas,All Wheel Drive,,,
2024,Kia,Telluride SX X-Pro,48998,5000,18 city/24 hwy,Automatic,Black/Gray,0 Owner,No flood or frame damage,No odometer problems,5XYP5DGC3RG442477,CUV - Large,Clean,No Issue,No Issue,1 Open Recall(s),No Issue,No Issue,No CPO Info Available,No Issue,6-cyl,Gas,All Wheel Drive,,,
2023,Kia,Forte LXS,20998,7000,28 city/39 hwy,Automatic,Blue/Black,2 Owners,No flood or frame damage,No odometer problems,3KPF24AD6PE519701,Car - Compact,Clean,No Issue,No Issue,No Open Recalls,No Issue,No Issue,OEM-Certified,No Issue,4-cyl,Gas,Front Wheel Drive,,,
2022,Kia,Forte GT-Line,20998,27000,29 city/39 hwy,Automatic,Orange/Black,1 Owner,No flood or frame damage,No odometer problems,3KPF54AD0NE421199,Car - Compact,Clean,No Issue,No Issue,No Open Recalls,No Issue,No Issue,No CPO Info Available,No Issue,4-cyl,Gas,Front Wheel Drive,,,
2015,Kia,Forte LX,11599,110000,26 city/39 hwy,Automatic,Tan/Gray,3 Owners,No flood or frame damage,No odometer problems,KNAFK4A60F5372607,Car - Compact,Clean,No Issue,Moderate,No Open Recalls,No Issue,No Issue,No CPO Info Available,No Issue,4-cyl,Gas,Front Wheel Drive,,,
2019,Kia,Stinger GT2,32998,39000,17 city/25 hwy,Automatic,Gray/Black,1 Owner,No flood or frame damage,No odometer problems,KNAE55LC5K6042767,Car - Midsize,Clean,No Issue,No Issue,1 Open Recall(s),No Issue,No Issue,No CPO Info Available,No Issue,6-cyl,Turbo Gas,All Wheel Drive,,,
2023,Kia,Sportage SX,30998,29000,23 city/28 hwy,Automatic,Black/Red,1 Owner,No flood or frame damage,No odometer problems,5XYK4CAF9PG031253,CUV - Compact,Clean,No Issue,No Issue,No Open Recalls,No Issue,No Issue,No CPO Info Available,No Issue,4-cyl,Gas,All Wheel Drive,,,
2022,Kia,Telluride EX,37998,30000,19 city/24 hwy,Automatic,Black/Black,1 Owner,No flood or frame damage,No odometer problems,5XYP3DHC2NG209706,CUV - Large,Clean,No Issue,No Issue,No Open Recalls,No Issue,No Issue,No CPO Info Available,No Issue,6-cyl,Gas,All Wheel Drive,,,
2020,Kia,Optima LX,17998,34000,25 city/35 hwy,Automatic,Blue/Black,1 Owner,No flood or frame damage,No odometer problems,5XXGT4L33LG397905,Car - Midsize,Clean,No Issue,No Issue,No Open Recalls,No Issue,No Issue,No CPO Info Available,No Issue,4-cyl,Gas,Front Wheel Drive,,,
2022,Kia,Soul GT-Line,20998,19000,28 city/33 hwy,Automatic,Black/Black,1 Owner,No flood or frame damage,No odometer problems,KNDJ63AUXN7166725,CUV - Compact,Clean,No Issue,No Issue,No Open Recalls,No Issue,No Issue,No CPO Info Available,No Issue,4-cyl,Gas,Front Wheel Drive,,,
2023,Kia,Carnival LX Seat Package,30998,39000,19 city/26 hwy,Automatic,Red/Black,1 Owner,No flood or frame damage,No odometer problems,KNDNB4H35P6287946,Van - Mini,Clean,No Issue,No Issue,1 Open Recall(s),No Issue,No Issue,No CPO Info Available,No Issue,6-cyl,Gas,Front Wheel Drive,,,
2022,Kia,Sorento Plug-In Hybrid SX Prestige,38998,27000,,,Black/Blue,1 Owner,No flood or frame damage,No odometer problems,KNDRMDLH4N5073466,CUV - Large,Clean,No Issue,No Issue,1 Open Recall(s),No Issue,No Issue,No CPO Info Available,No Issue,4-cyl,Plug-in Hybrid,All Wheel Drive,83 city/75 hwy,32 miles,3.4 hours
2016,Kia,Optima SX,17998,78000,22 city/32 hwy,Automatic,White/Red,3 Owners,No flood or frame damage,No odometer problems,5XXGW4L26GG002345,Car - Midsize,Clean,No Issue,No Issue,No Open Recalls,No Issue,No Issue,No CPO Info Available,No Issue,4-cyl,Turbo Gas,Front Wheel Drive,,,
2017,Kia,Sportage LX,12998,102000,23 city/30 hwy,Automatic,White/Black,2 Owners,No flood or frame damage,No odometer problems,KNDPM3ACXH7101448,CUV - Compact,Clean,No Issue,Damage Reported,No Open Recalls,No Issue,No Issue,No CPO Info Available,No Issue,4-cyl,Gas,Front Wheel Drive,,,
2023,Kia,Forte GT-Line,21998,20000,28 city/39 hwy,Automatic,Black/Black,1 Owner,No flood or frame damage,No odometer problems,3KPF54AD7PE540838,Car - Compact,Clean,No Issue,No Issue,No Open Recalls,No Issue,No Issue,No CPO Info Available,No Issue,4-cyl,Gas,Front Wheel Drive,,,
2024,Kia,Forte LXS,21998,2000,28 city/39 hwy,Automatic,Gray/Black,1 Owner,No flood or frame damage,No odometer problems,3KPF24AD8RE807562,Car - Compact,Clean,No Issue,No Issue,No Open Recalls,No Issue,No Issue,No CPO Info Available,No Issue,4-cyl,Gas,Front Wheel Drive,,,
2023,Kia,Soul LX,19998,25000,29 city/35 hwy,Automatic,Black/Gray,1 Owner,No flood or frame damage,No odometer problems,KNDJ23AU6P7855577,CUV - Compact,Clean,No Issue,No Issue,No Open Recalls,No Issue,No Issue,No CPO Info Available,No Issue,4-cyl,Gas,Front Wheel Drive,,,
2024,Kia,Telluride S,40998,4000,18 city/24 hwy,Automatic,Gray/Black,1 Owner,No flood or frame damage,No odometer problems,5XYP6DGC4RG422400,CUV - Large,Clean,No Issue,No Issue,No Open Recalls,No Issue,No Issue,No CPO Info Available,No Issue,6-cyl,Gas,All Wheel Drive,,,
2021,Kia,Telluride EX,33998,32000,20 city/26 hwy,Automatic,Green/Black,2 Owners,No flood or frame damage,No odometer problems,5XYP34HC1MG121938,CUV - Large,Clean,No Issue,Moderate,No Open Recalls,No Issue,No Issue,No CPO Info Available,No Issue,6-cyl,Gas,Front Wheel Drive,,,
2015,Kia,Sportage EX,17998,36000,19 city/26 hwy,Automatic,Black/Black,1 Owner,No flood or frame damage,No odometer problems,KNDPCCAC9F7793945,CUV - Compact,Clean,No Issue,Minor,No Open Recalls,No Issue,No Issue,No CPO Info Available,No Issue,4-cyl,Gas,All Wheel Drive,,,
2022,Kia,Telluride SX,39998,44000,19 city/24 hwy,Automatic,Gray/Black,1 Owner,No flood or frame damage,No odometer problems,5XYP5DHC0NG309815,CUV - Large,Clean,No Issue,No Issue,1 Open Recall(s),No Issue,No Issue,No CPO Info Available,No Issue,6-cyl,Gas,All Wheel Drive,,,
2021,Kia,Seltos LX,21998,27000,27 city/31 hwy,Automatic,Gray/Black,2 Owners,No flood or frame damage,No odometer problems,KNDEPCAA1M7101362,CUV - Compact,Clean,No Issue,No Issue,1 Open Recall(s),No Issue,No Issue,OEM-Certified,No Issue,4-cyl,Gas,All Wheel Drive,,,
2020,Kia,Forte LXS,16998,42000,31 city/41 hwy,Automatic,Blue/Black,1 Owner,No flood or frame damage,No odometer problems,3KPF24AD6LE174079,Car - Compact,Clean,No Issue,Minor,No Open Recalls,No Issue,No Issue,No CPO Info Available,No Issue,4-cyl,Gas,Front Wheel Drive,,,
2017,Kia,Sorento LX,18998,32000,21 city/25 hwy,Automatic,White/Black,2 Owners,No flood or frame damage,No odometer problems,5XYPGDA39HG328226,CUV - Large,Clean,No Issue,No Issue,2 Open Recall(s),No Issue,No Issue,No CPO Info Available,No Issue,4-cyl,Gas,All Wheel Drive,,,
2021,Kia,Soul LX,17998,18000,28 city/33 hwy,Automatic,Black/Black,1 Owner,No flood or frame damage,No odometer problems,KNDJ23AU6M7759007,CUV - Compact,Clean,No Issue,Minor,No Open Recalls,No Issue,No Issue,No CPO Info Available,No Issue,4-cyl,Gas,Front Wheel Drive,,,
2022,Kia,Sorento SX,31998,23000,22 city/27 hwy,Automatic,Red/Black,1 Owner,No flood or frame damage,No odometer problems,5XYRKDLF8NG079301,CUV - Large,Clean,No Issue,No Issue,No Open Recalls,No Issue,No Issue,No CPO Info Available,No Issue,4-cyl,Turbo Gas,All Wheel Drive,,,
2023,Kia,Sportage Hybrid EX,33998,5000,38 city/38 hwy,Automatic,Blue/Black,1 Owner,No flood or frame damage,No odometer problems,KNDPVCAG0P7070063,CUV - Compact,Clean,No Issue,No Issue,No Open Recalls,No Issue,No Issue,No CPO Info Available,No Issue,4-cyl,Turbo Hybrid,All Wheel Drive,,,
2019,Kia,Forte LXS,13998,104000,25 city/34 hwy,Automatic,Red/Black,1 Owner,No flood or frame damage,No odometer problems,3KPF24AD0KE099703,Car - Compact,Clean,No Issue,Damage Reported,No Open Recalls,No Issue,No Issue,No CPO Info Available,No Issue,,,,,,
2016,Kia,Soul ,10998,116000,24 city/30 hwy,Automatic,Green/Black,2 Owners,No flood or frame damage,No odometer problems,KNDJN2A24G7832265,CUV - Compact,Clean,No Issue,No Issue,1 Open Recall(s),No Issue,No Issue,No Recent CPO Reported,No Issue,,,,,,
2018,Kia,Optima LX,14998,86000,28 city/37 hwy,Automatic,White/Black,3 Owners,No flood or frame damage,No odometer problems,5XXGT4L32JG232392,Car - Midsize,Clean,No Issue,No Issue,1 Open Recall(s),No Issue,No Issue,No CPO Info Available,No Issue,4-cyl,Turbo Gas,Front Wheel Drive,,,
2023,Kia,Sportage X-Line,29998,11000,23 city/28 hwy,Automatic,White/Black,1 Owner,No flood or frame damage,No odometer problems,5XYK6CAF9PG096467,CUV - Compact,Clean,No Issue,No Issue,No Open Recalls,No Issue,No Issue,No CPO Info Available,No Issue,4-cyl,Gas,All Wheel Drive,,,
2021,Kia,Forte LXS,17998,48000,29 city/40 hwy,Automatic,White/Black,1 Owner,No flood or frame damage,No odometer problems,3KPF24ADXME284831,Car - Compact,Clean,No Issue,No Issue,No Open Recalls,No Issue,No Issue,OEM-Certified,No Issue,4-cyl,Gas,Front Wheel Drive,,,
2017,Kia,Sportage LX,16998,37000,21 city/25 hwy,Automatic,Blue/Black,1 Owner,No flood or frame damage,No odometer problems,KNDPMCAC6H7120398,CUV - Compact,Clean,No Issue,Minor,No Open Recalls,No Issue,No Issue,No CPO Info Available,No Issue,4-cyl,Gas,All Wheel Drive,,,
2022,Kia,Telluride SX,44998,17000,19 city/24 hwy,Automatic,White/White,1 Owner,No flood or frame damage,No odometer problems,5XYP5DHC5NG310314,CUV - Large,Clean,No Issue,No Issue,No Open Recalls,No Issue,No Issue,No CPO Info Available,No Issue,6-cyl,Gas,All Wheel Drive,,,
2020,Kia,Sportage LX,17998,63000,22 city/30 hwy,Automatic,White/Black,2 Owners,No flood or frame damage,No odometer problems,KNDPM3AC5L7630573,CUV - Compact,Clean,No Issue,Moderate,No Open Recalls,No Issue,No Issue,OEM-Certified,No Issue,4-cyl,Gas,All Wheel Drive,,,
2019,Kia,Sportage EX,20998,33000,21 city/25 hwy,Automatic,Silver/Black,1 Owner,No flood or frame damage,No odometer problems,KNDPNCACXK7535888,CUV - Compact,Clean,No Issue,Moderate,No Open Recalls,No Issue,No Issue,No CPO Info Available,No Issue,4-cyl,Gas,All Wheel Drive,,,
2020,Kia,Forte GT,20998,31000,25 city/35 hwy,Automatic,Gray/Black,1 Owner,No flood or frame damage,No odometer problems,3KPF44AC5LE203444,Car - Compact,Clean,No Issue,No Issue,No Open Recalls,No Issue,No Issue,No CPO Info Available,No Issue,4-cyl,Turbo Gas,Front Wheel Drive,,,
2022,Kia,Sorento SX,29998,50000,22 city/27 hwy,Automatic,White/Black,1 Owner,No flood or frame damage,No odometer problems,5XYRKDLF0NG077560,CUV - Large,Clean,No Issue,No Issue,No Open Recalls,No Issue,No Issue,No CPO Info Available,No Issue,4-cyl,Turbo Gas,All Wheel Drive,,,
2023,Kia,Forte GT-Line,19998,22000,28 city/39 hwy,Automatic,Orange/Black,1 Owner,No flood or frame damage,No odometer problems,3KPF54AD7PE592745,Car - Compact,Clean,No Issue,No Issue,No Open Recalls,No Issue,No Issue,No CPO Info Available,No Issue,4-cyl,Gas,Front Wheel Drive,,,
2019,Kia,Optima LX,15998,90000,24 city/33 hwy,Automatic,Black/Black,2 Owners,No flood or frame damage,No odometer problems,5XXGT4L33KG300636,Car - Midsize,Clean,No Issue,No Issue,No Open Recalls,No Issue,No Issue,No CPO Info Available,No Issue,4-cyl,Gas,Front Wheel Drive,,,
2022,Kia,K5 GT-Line,26998,23000,27 city/37 hwy,Automatic,Gray/Black,1 Owner,No flood or frame damage,No odometer problems,5XXG64J29NG106750,Car - Midsize,Clean,No Issue,No Issue,2 Open Recall(s),No Issue,No Issue,No CPO Info Available,No Issue,4-cyl,Turbo Gas,Front Wheel Drive,,,
2022,Kia,K5 LXS,23998,14000,27 city/37 hwy,Automatic,White/Black,1 Owner,No flood or frame damage,No odometer problems,5XXG14J21NG093779,Car - Midsize,Clean,No Issue,No Issue,2 Open Recall(s),No Issue,No Issue,No CPO Info Available,No Issue,4-cyl,Turbo Gas,All Wheel Drive,,,
2022,Kia,Telluride SX,40998,30000,19 city/24 hwy,Automatic,White/Black,1 Owner,No flood or frame damage,No odometer problems,5XYP5DHC8NG235317,CUV - Large,Clean,No Issue,Moderate,No Open Recalls,No Issue,No Issue,No CPO Info Available,No Issue,,,,,,
2023,Kia,Sportage Hybrid LX,29998,13000,38 city/38 hwy,Automatic,Silver/Black,1 Owner,No flood or frame damage,No odometer problems,KNDPUCAG2P7063988,CUV - Compact,Clean,No Issue,No Issue,No Open Recalls,No Issue,No Issue,No CPO Info Available,No Issue,4-cyl,Turbo Hybrid,All Wheel Drive,,,
2022,Kia,Carnival SX,41998,27000,19 city/26 hwy,Automatic,Black/Black,1 Owner,No flood or frame damage,No odometer problems,KNDNE5H36N6138603,Van - Mini,Clean,No Issue,No Issue,1 Open Recall(s),No Issue,No Issue,No CPO Info Available,No Issue,6-cyl,Gas,Front Wheel Drive,,,
2021,Kia,Soul LX,18998,17000,28 city/33 hwy,Automatic,Orange/Black,1 Owner,No flood or frame damage,No odometer problems,KNDJ23AU9M7741715,CUV - Compact,Clean,No Issue,No Issue,4 Open Recall(s),No Issue,No Issue,No CPO Info Available,No Issue,4-cyl,Gas,Front Wheel Drive,,,
2021,Kia,K5 LX,20998,28000,29 city/38 hwy,Automatic,Red/Black,1 Owner,No flood or frame damage,No odometer problems,5XXG24J24MG001320,Car - Midsize,Clean,No Issue,No Issue,1 Open Recall(s),No Issue,No Issue,No CPO Info Available,No Issue,4-cyl,Turbo Gas,Front Wheel Drive,,,
2014,Kia,Soul ,11599,93000,24 city/30 hwy,Automatic,Green/Black,1 Owner,No flood or frame damage,No odometer problems,KNDJN2A29E7717738,CUV - Compact,Clean,No Issue,No Issue,1 Open Recall(s),No Issue,No Issue,No CPO Info Available,No Issue,4-cyl,Gas,Front Wheel Drive,,,
2021,Kia,Rio LX,16998,29000,33 city/41 hwy,Automatic,Black/Black,1 Owner,No flood or frame damage,No odometer problems,3KPA24AD2ME381452,Car - Compact,Clean,No Issue,No Issue,No Open Recalls,No Issue,No Issue,No CPO Info Available,No Issue,4-cyl,Gas,Front Wheel Drive,,,
2023,Kia,Sorento X-Line EX,34998,25000,22 city/27 hwy,Automatic,White/Black,1 Owner,No flood or frame damage,No odometer problems,5XYRHDLF4PG176187,CUV - Large,Clean,No Issue,No Issue,No Open Recalls,No Issue,No Issue,No CPO Info Available,No Issue,4-cyl,Turbo Gas,All Wheel Drive,,,
2017,Kia,Niro Touring,15998,88000,46 city/40 hwy,Automatic,Silver/Black,4 Owners,No flood or frame damage,No odometer problems,KNDCE3LC4H5058200,CUV - Compact,Clean,No Issue,No Issue,1 Open Recall(s),No Issue,No Issue,No CPO Info Available,No Issue,4-cyl,Hybrid,Front Wheel Drive,,,
2021,Kia,Sorento SX,25998,74000,21 city/28 hwy,Automatic,Green/Brown,1 Owner,No flood or frame damage,No odometer problems,5XYRKDLF0MG021021,CUV - Large,Clean,No Issue,Damage Reported,No Open Recalls,No Issue,No Issue,No CPO Info Available,No Issue,4-cyl,Turbo Gas,All Wheel Drive,,,
2020,Kia,Soul LX,15998,42000,29 city/35 hwy,Automatic,Gray/Black,2 Owners,No flood or frame damage,No odometer problems,KNDJ23AU2L7029366,CUV - Compact,Clean,No Issue,Minor,No Open Recalls,No Issue,No Issue,No CPO Info Available,No Issue,4-cyl,Gas,Front Wheel Drive,,,
2021,Kia,Forte EX,19998,26000,29 city/40 hwy,Automatic,Black/Black,1 Owner,No flood or frame damage,No odometer problems,3KPF54AD0ME405938,Car - Compact,Clean,No Issue,No Issue,No Open Recalls,No Issue,No Issue,No CPO Info Available,No Issue,4-cyl,Gas,Front Wheel Drive,,,
2024,Kia,Telluride SX Prestige,52998,3000,18 city/24 hwy,Automatic,White/Gray,1 Owner,No flood or frame damage,No odometer problems,5XYP5DGCXRG411520,CUV - Large,Clean,No Issue,No Issue,No Open Recalls,No Issue,No Issue,No CPO Info Available,No Issue,6-cyl,Gas,All Wheel Drive,,,
2020,Kia,Soul GT-Line Turbo,20998,16000,27 city/32 hwy,Automatic,Gray/Black,2 Owners,No flood or frame damage,No odometer problems,KNDJ53AF7L7049590,CUV - Compact,Clean,No Issue,Damage Reported,No Open Recalls,No Issue,No Issue,No CPO Info Available,No Issue,4-cyl,Turbo Gas,Front Wheel Drive,,,
2024,Kia,Telluride SX Prestige,49998,5000,18 city/24 hwy,Automatic,Black/Black,2 Owners,No flood or frame damage,No odometer problems,5XYP5DGC7RG463154,CUV - Large,Clean,No Issue,No Issue,No Open Recalls,No Issue,No Issue,No CPO Info Available,No Issue,6-cyl,Gas,All Wheel Drive,,,
2021,Kia,Forte LXS,19998,7000,29 city/40 hwy,Automatic,Silver/Black,1 Owner,No flood or frame damage,No odometer problems,3KPF24ADXME296087,Car - Compact,Clean,No Issue,No Issue,No Open Recalls,No Issue,No Issue,No CPO Info Available,No Issue,4-cyl,Gas,Front Wheel Drive,,,
2018,Kia,Optima SX,18998,50000,22 city/31 hwy,Automatic,Blue/Black,1 Owner,No flood or frame damage,No odometer problems,5XXGW4L28JG226689,Car - Midsize,Clean,No Issue,No Issue,No Open Recalls,No Issue,No Issue,No CPO Info Available,No Issue,4-cyl,Turbo Gas,Front Wheel Drive,,,
2022,Kia,K5 GT-Line,27998,10000,27 city/37 hwy,Automatic,Burgundy/Black,1 Owner,No flood or frame damage,No odometer problems,5XXG64J27NG085042,Car - Midsize,Clean,No Issue,No Issue,No Open Recalls,No Issue,No Issue,No CPO Info Available,No Issue,4-cyl,Turbo Gas,All Wheel Drive,,,
2021,Kia,K5 EX,24998,33000,27 city/37 hwy,Automatic,Gray/Gray,1 Owner,No flood or frame damage,No odometer problems,5XXG34J21MG040329,Car - Midsize,Clean,No Issue,No Issue,1 Open Recall(s),No Issue,No Issue,No CPO Info Available,No Issue,4-cyl,Turbo Gas,Front Wheel Drive,,,
2016,Kia,Forte LX,12998,64000,26 city/39 hwy,Automatic,Red/Black,3 Owners,No flood or frame damage,No odometer problems,KNAFK4A64G5614123,Car - Compact,Clean,No Issue,Minor,No Open Recalls,No Issue,No Issue,No CPO Info Available,No Issue,4-cyl,Gas,Front Wheel Drive,,,
2017,Kia,Forte LX,13998,55000,29 city/38 hwy,Automatic,White/Black,3 Owners,No flood or frame damage,No odometer problems,3KPFK4A78HE097779,Car - Compact,Clean,No Issue,Damage Reported,1 Open Recall(s),No Issue,No Issue,No CPO Info Available,No Issue,4-cyl,Gas,Front Wheel Drive,,,
2023,Kia,Forte LXS,18998,25000,28 city/39 hwy,Automatic,Blue/Black,1 Owner,No flood or frame damage,No odometer problems,3KPF24AD0PE613833,Car - Compact,Clean,No Issue,No Issue,No Open Recalls,No Issue,No Issue,No CPO Info Available,No Issue,4-cyl,Gas,Front Wheel Drive,,,
2015,Kia,Optima EX,12998,127000,23 city/34 hwy,Automatic,White/Gray,4 Owners,No flood or frame damage,No odometer problems,5XXGN4A77FG422535,Car - Midsize,Clean,No Issue,No Issue,No Open Recalls,No Issue,No Issue,No CPO Info Available,No Issue,4-cyl,Gas,Front Wheel Drive,,,
2020,Kia,Forte GT,16998,70000,25 city/32 hwy,Manual 6 Speed,Black/Black,2 Owners,No flood or frame damage,No odometer problems,3KPF44AC0LE190330,Car - Compact,Clean,No Issue,No Issue,No Open Recalls,No Issue,No Issue,No CPO Info Available,No Issue,4-cyl,Turbo Gas,Front Wheel Drive,,,
2015,Kia,Cadenza Premium,14998,79000,19 city/28 hwy,Automatic,White/Tan,3 Owners,No flood or frame damage,No odometer problems,KNALN4D78F5191205,Car - Large,Clean,No Issue,Damage Reported,No Open Recalls,No Issue,No Issue,No CPO Info Available,No Issue,6-cyl,Gas,Front Wheel Drive,,,
2021,Kia,Soul LX,18998,11000,28 city/33 hwy,Automatic,Red/Black,1 Owner,No flood or frame damage,No odometer problems,KNDJ23AU9M7760152,CUV - Compact,Clean,No Issue,No Issue,No Open Recalls,No Issue,No Issue,No CPO Info Available,No Issue,4-cyl,Gas,Front Wheel Drive,,,
2020,Kia,Sorento LX,21998,40000,18 city/24 hwy,Automatic,Burgundy/Gray,2 Owners,No flood or frame damage,No odometer problems,5XYPGDA5XLG680760,CUV - Large,Clean,No Issue,Moderate,No Open Recalls,No Issue,No Issue,No CPO Info Available,No Issue,6-cyl,Gas,All Wheel Drive,,,
2017,Kia,Sorento LX,16998,43000,21 city/28 hwy,Automatic,Red/Tan,1 Owner,No flood or frame damage,No odometer problems,5XYPG4A30HG284956,CUV - Large,Clean,No Issue,No Issue,2 Open Recall(s),No Issue,No Issue,No CPO Info Available,No Issue,4-cyl,Gas,Front Wheel Drive,,,
2019,Kia,Optima LX,14998,88000,24 city/33 hwy,Automatic,Silver/Black,4 Owners,No flood or frame damage,No odometer problems,5XXGT4L34KG309653,Car - Midsize,Clean,No Issue,Damage Reported,No Open Recalls,No Issue,No Issue,No CPO Info Available,No Issue,,,,,,
2016,Kia,Sorento EX,17998,68000,17 city/23 hwy,Automatic,Black/Gray,1 Owner,No flood or frame damage,No odometer problems,5XYPHDA5XGG181072,CUV - Large,Clean,No Issue,No Issue,2 Open Recall(s),No Issue,No Issue,No CPO Info Available,No Issue,6-cyl,Gas,All Wheel Drive,,,
2021,Kia,Seltos S,20998,34000,27 city/31 hwy,Automatic,Gray/Gray,1 Owner,No flood or frame damage,No odometer problems,KNDEUCAA6M7105609,CUV - Compact,Clean,No Issue,No Issue,1 Open Recall(s),No Issue,No Issue,OEM-Certified,No Issue,4-cyl,Gas,All Wheel Drive,,,
2022,Kia,K5 LXS,22998,33000,27 city/37 hwy,Automatic,Gray/Black,1 Owner,No flood or frame damage,No odometer problems,5XXG14J23NG088406,Car - Midsize,Clean,No Issue,No Issue,2 Open Recall(s),No Issue,No Issue,No CPO Info Available,No Issue,4-cyl,Turbo Gas,Front Wheel Drive,,,
2023,Kia,Sportage Hybrid EX,32998,14000,38 city/38 hwy,Automatic,Black/Black,1 Owner,No flood or frame damage,No odometer problems,KNDPVCAG4P7113657,CUV - Compact,Clean,No Issue,No Issue,No Open Recalls,No Issue,No Issue,No CPO Info Available,No Issue,4-cyl,Turbo Hybrid,All Wheel Drive,,,
2019,Kia,Sorento LX,19998,56000,22 city/29 hwy,Automatic,Silver/Black,1 Owner,No flood or frame damage,No odometer problems,5XYPG4A34KG573958,CUV - Large,Clean,No Issue,Minor,1 Open Recall(s),No Issue,No Issue,No CPO Info Available,No Issue,4-cyl,Gas,Front Wheel Drive,,,
2022,Kia,Niro Plug in Hybrid EX,25998,24000,,,Gray/Black,1 Owner,No flood or frame damage,No odometer problems,KNDCD3LD1N5547967,CUV - Compact,Clean,No Issue,Minor,1 Open Recall(s),No Issue,No Issue,No CPO Info Available,No Issue,4-cyl,Plug-in Hybrid,Front Wheel Drive,110 city/99 hwy,26 miles,2.3 hours
2018,Kia,Sportage EX,18998,39000,21 city/25 hwy,Automatic,White/Black,3 Owners,No flood or frame damage,No odometer problems,KNDPNCAC0J7397051,CUV - Compact,Clean,No Issue,No Issue,2 Open Recall(s),No Issue,No Issue,No CPO Info Available,No Issue,,,,,,
2020,Kia,Sorento EX,17998,126000,18 city/24 hwy,Automatic,White/Black,1 Owner,No flood or frame damage,No odometer problems,5XYPHDA59LG669391,CUV - Large,Clean,No Issue,No Issue,2 Open Recall(s),No Issue,No Issue,No CPO Info Available,No Issue,6-cyl,Gas,All Wheel Drive,,,
2020,Kia,Sportage S,19998,44000,22 city/26 hwy,Automatic,Red/Black,1 Owner,No flood or frame damage,No odometer problems,KNDP6CAC2L7732763,CUV - Compact,Clean,No Issue,No Issue,No Open Recalls,No Issue,No Issue,No CPO Info Available,No Issue,4-cyl,Gas,All Wheel Drive,,,
2023,Kia,Sorento S,32998,12000,24 city/29 hwy,Automatic,Silver/Black,1 Owner,No flood or frame damage,No odometer problems,5XYRL4LC0PG211067,CUV - Large,Clean,No Issue,No Issue,1 Open Recall(s),No Issue,No Issue,No CPO Info Available,No Issue,4-cyl,Gas,Front Wheel Drive,,,
2021,Kia,Sorento SX Prestige X-Line,32998,26000,21 city/28 hwy,Automatic,Silver/Black,2 Owners,No flood or frame damage,No odometer problems,5XYRKDLF9MG014195,CUV - Large,Clean,No Issue,No Issue,No Open Recalls,No Issue,No Issue,No CPO Info Available,No Issue,4-cyl,Turbo Gas,All Wheel Drive,,,
2023,Kia,Sportage Hybrid LX,28998,26000,38 city/38 hwy,Automatic,Gray/Black,1 Owner,No flood or frame damage,No odometer problems,KNDPUCAG5P7066030,CUV - Compact,Clean,No Issue,No Issue,No Open Recalls,No Issue,No Issue,No CPO Info Available,No Issue,4-cyl,Turbo Hybrid,All Wheel Drive,,,
2019,Kia,Sorento LX,20998,48000,21 city/26 hwy,Automatic,Gray/Gray,1 Owner,No flood or frame damage,No odometer problems,5XYPGDA31KG604051,CUV - Large,Clean,No Issue,No Issue,1 Open Recall(s),No Issue,No Issue,No CPO Info Available,No Issue,4-cyl,Gas,All Wheel Drive,,,
2023,Kia,Sportage Hybrid LX,29998,9000,38 city/38 hwy,Automatic,White/Black,1 Owner,No flood or frame damage,No odometer problems,KNDPUCAG4P7063037,CUV - Compact,Clean,No Issue,No Issue,No Open Recalls,No Issue,No Issue,OEM-Certified,No Issue,4-cyl,Turbo Hybrid,All Wheel Drive,,,
2021,Kia,Telluride S,33998,38000,19 city/24 hwy,Automatic,White/Gray,1 Owner,No flood or frame damage,No odometer problems,5XYP6DHC2MG136861,CUV - Large,Clean,No Issue,No Issue,1 Open Recall(s),No Issue,No Issue,No CPO Info Available,No Issue,6-cyl,Gas,All Wheel Drive,,,
2019,Kia,Optima S,19998,13000,24 city/33 hwy,Automatic,Burgundy/Black,1 Owner,No flood or frame damage,No odometer problems,5XXGT4L3XKG298724,Car - Midsize,Clean,No Issue,No Issue,No Open Recalls,No Issue,No Issue,No CPO Info Available,No Issue,4-cyl,Gas,Front Wheel Drive,,,
2021,Kia,Rio S,16998,30000,33 city/41 hwy,Automatic,Silver/Black,1 Owner,No flood or frame damage,No odometer problems,3KPA24AD1ME373066,Car - Compact,Clean,No Issue,Minor,No Open Recalls,No Issue,No Issue,No CPO Info Available,No Issue,4-cyl,Gas,Front Wheel Drive,,,
2019,Kia,Stinger ,22998,6000,21 city/29 hwy,Automatic,White/Black,1 Owner,No flood or frame damage,No odometer problems,KNAE15LA9K6054446,Car - Midsize,Clean,No Issue,Damage Reported,2 Open Recall(s),No Issue,No Issue,No CPO Info Available,No Issue,4-cyl,Turbo Gas,All Wheel Drive,,,
2023,Kia,Seltos S,23998,22000,29 city/35 hwy,Automatic,Gray/Black,1 Owner,No flood or frame damage,No odometer problems,KNDEUCAA4P7423331,CUV - Compact,Clean,No Issue,No Issue,No Open Recalls,No Issue,No Issue,OEM-Certified,No Issue,4-cyl,Gas,All Wheel Drive,,,
2023,Kia,Telluride SX X-Line,44998,15000,18 city/24 hwy,Automatic,Gray/Black,1 Owner,No flood or frame damage,No odometer problems,5XYP5DGC0PG329857,CUV - Large,Clean,No Issue,No Issue,3 Open Recall(s),No Issue,No Issue,No CPO Info Available,No Issue,6-cyl,Gas,All Wheel Drive,,,
2018,Kia,Sportage EX,18998,48000,21 city/25 hwy,Automatic,Silver/Black,2 Owners,No flood or frame damage,No odometer problems,KNDPNCAC2J7383393,CUV - Compact,Clean,No Issue,No Issue,No Open Recalls,No Issue,No Issue,No CPO Info Available,No Issue,4-cyl,Gas,All Wheel Drive,,,
2022,Kia,K5 LXS,23998,30000,27 city/37 hwy,Automatic,Gray/Black,1 Owner,No flood or frame damage,No odometer problems,5XXG14J20NG103850,Car - Midsize,Clean,No Issue,Moderate,2 Open Recall(s),No Issue,No Issue,No CPO Info Available,No Issue,4-cyl,Turbo Gas,Front Wheel Drive,,,
2024,Kia,Carnival SX Prestige,45998,17000,19 city/26 hwy,Automatic,White/Black,1 Owner,No flood or frame damage,No odometer problems,KNDNE5H37R6389538,Van - Mini,Clean,No Issue,No Issue,1 Open Recall(s),No Issue,No Issue,No CPO Info Available,No Issue,6-cyl,Gas,Front Wheel Drive,,,
2022,Kia,Sorento Plug-In Hybrid SX Prestige,39998,27000,,,Black/Black,1 Owner,No flood or frame damage,No odometer problems,KNDRMDLH3N5123175,CUV - Large,Clean,No Issue,No Issue,No Open Recalls,No Issue,No Issue,No CPO Info Available,No Issue,4-cyl,Plug-in Hybrid,All Wheel Drive,83 city/75 hwy,32 miles,3.4 hours
2020,Kia,Sportage EX,16998,99000,22 city/26 hwy,Automatic,Green/Black,1 Owner,No flood or frame damage,No odometer problems,KNDPNCAC9L7632369,CUV - Compact,Clean,No Issue,Minor,No Open Recalls,No Issue,No Issue,No CPO Info Available,No Issue,4-cyl,Gas,All Wheel Drive,,,
2013,Kia,Soul ,11998,76000,25 city/30 hwy,Automatic,Red/Black,4 Owners,No flood or frame damage,No odometer problems,KNDJT2A59D7606413,CUV - Compact,Clean,No Issue,No Issue,No Open Recalls,No Issue,No Issue,No CPO Info Available,No Issue,4-cyl,Gas,Front Wheel Drive,,,
2021,Kia,Sorento LX,24998,31000,23 city/25 hwy,Automatic,Red/Black,1 Owner,No flood or frame damage,No odometer problems,5XYRGDLC2MG003255,CUV - Large,Clean,No Issue,No Issue,No Open Recalls,No Issue,No Issue,No CPO Info Available,No Issue,,,,,,
2016,Kia,Soul +,11599,100000,24 city/31 hwy,Automatic,Black/Black,5 Owners,No flood or frame damage,No odometer problems,KNDJP3A5XG7251167,CUV - Compact,Clean,No Issue,Minor,No Open Recalls,No Issue,No Issue,No CPO Info Available,No Issue,4-cyl,Gas,Front Wheel Drive,,,
2023,Kia,Sportage LX,23998,41000,25 city/32 hwy,Automatic,White/Black,2 Owners,No flood or frame damage,No odometer problems,KNDPU3AF6P7080008,CUV - Compact,Clean,No Issue,No Issue,No Open Recalls,No Issue,No Issue,No CPO Info Available,No Issue,4-cyl,Gas,Front Wheel Drive,,,
2019,Kia,Sedona LX,21998,60000,18 city/24 hwy,Automatic,Blue/Tan,0 Owner,No flood or frame damage,No odometer problems,KNDMB5C17K6564998,Van - Mini,Clean,No Issue,No Issue,No Open Recalls,No Issue,No Issue,No CPO Info Available,No Issue,6-cyl,Gas,Front Wheel Drive,,,
2018,Kia,Optima SX,16998,98000,22 city/31 hwy,Automatic,Black/Black,2 Owners,No flood or frame damage,No odometer problems,5XXGW4L29JG205298,Car - Midsize,Clean,No Issue,Minor,No Open Recalls,No Issue,No Issue,No CPO Info Available,No Issue,4-cyl,Turbo Gas,Front Wheel Drive,,,
2022,Kia,K5 GT-Line,24998,33000,27 city/37 hwy,Automatic,White/Black,3 Owners,No flood or frame damage,No odometer problems,5XXG64J27NG148902,Car - Midsize,Clean,No Issue,No Issue,2 Open Recall(s),No Issue,No Issue,No CPO Info Available,No Issue,4-cyl,Turbo Gas,Front Wheel Drive,,,
2020,Kia,Optima LX,18998,36000,25 city/35 hwy,Automatic,Black/Black,1 Owner,No flood or frame damage,No odometer problems,5XXGT4L36LG436633,Car - Midsize,Clean,No Issue,Minor,No Open Recalls,No Issue,No Issue,No CPO Info Available,No Issue,4-cyl,Gas,Front Wheel Drive,,,
2019,Kia,Sportage LX,17998,29000,21 city/25 hwy,Automatic,Blue/Gray,1 Owner,No flood or frame damage,No odometer problems,KNDPMCAC9K7597639,CUV - Compact,Clean,No Issue,Damage Reported,No Open Recalls,No Issue,No Issue,No CPO Info Available,No Issue,4-cyl,Gas,All Wheel Drive,,,
2023,Kia,Telluride S,36998,15000,20 city/26 hwy,Automatic,Blue/Black,1 Owner,No flood or frame damage,No odometer problems,5XYP64GC6PG338799,CUV - Large,Clean,No Issue,Damage Reported,3 Open Recall(s),No Issue,No Issue,No CPO Info Available,No Issue,6-cyl,Gas,Front Wheel Drive,,,
2020,Kia,Sorento SX,26998,33000,18 city/24 hwy,Automatic,White/Black,1 Owner,No flood or frame damage,No odometer problems,5XYPKDA5XLG675024,CUV - Large,Clean,No Issue,No Issue,No Open Recalls,No Issue,No Issue,No CPO Info Available,No Issue,6-cyl,Gas,All Wheel Drive,,,
2016,Kia,Soul +,13998,76000,24 city/31 hwy,Automatic,Black/Black,1 Owner,No flood or frame damage,No odometer problems,KNDJP3A53G7346301,CUV - Compact,Clean,No Issue,No Issue,No Open Recalls,No Issue,No Issue,No CPO Info Available,No Issue,4-cyl,Gas,Front Wheel Drive,,,
2021,Kia,Sedona LX,27998,23000,18 city/24 hwy,Automatic,Black/Tan,1 Owner,No flood or frame damage,No odometer problems,KNDMB5C19M6675622,Van - Mini,Clean,No Issue,No Issue,No Open Recalls,No Issue,No Issue,No CPO Info Available,No Issue,6-cyl,Gas,Front Wheel Drive,,,
2020,Kia,Sedona L,24998,16000,18 city/24 hwy,Automatic,Silver/Black,1 Owner,No flood or frame damage,No odometer problems,KNDMA5C13L6654685,Van - Mini,Clean,No Issue,No Issue,No Open Recalls,No Issue,No Issue,No CPO Info Available,No Issue,6-cyl,Gas,Front Wheel Drive,,,
2022,Kia,Forte GT,22998,16000,27 city/35 hwy,Automatic,Gray/Black,2 Owners,No flood or frame damage,No odometer problems,3KPF44AC2NE473329,Car - Compact,Clean,No Issue,No Issue,No Open Recalls,No Issue,No Issue,No CPO Info Available,No Issue,4-cyl,Turbo Gas,Front Wheel Drive,,,
2019,Kia,Sorento SX,22998,50000,19 city/26 hwy,Automatic,Purple/Gray,4 Owners,No flood or frame damage,No odometer problems,5XYPK4A50KG526197,CUV - Large,Clean,No Issue,No Issue,1 Open Recall(s),No Issue,No Issue,OEM-Certified,No Issue,6-cyl,Gas,Front Wheel Drive,,,
2022,Kia,Soul LX,18998,15000,29 city/35 hwy,Automatic,Red/Black,3 Owners,No flood or frame damage,No odometer problems,KNDJ23AU1N7172389,CUV - Compact,Clean,No Issue,No Issue,No Open Recalls,No Issue,No Issue,No CPO Info Available,No Issue,4-cyl,Gas,Front Wheel Drive,,,
2021,Kia,Stinger GT1,32998,41000,17 city/25 hwy,Automatic,Gray/Black,1 Owner,No flood or frame damage,No odometer problems,KNAE45LCXM6094529,Car - Midsize,Clean,No Issue,No Issue,No Open Recalls,No Issue,No Issue,No CPO Info Available,No Issue,,,,,,
2020,Kia,Sportage EX,21998,45000,22 city/26 hwy,Automatic,Gray/Black,1 Owner,No flood or frame damage,No odometer problems,KNDPNCAC2L7793128,CUV - Compact,Clean,No Issue,No Issue,No Open Recalls,No Issue,No Issue,No CPO Info Available,No Issue,4-cyl,Gas,All Wheel Drive,,,
