year,make,model,price,mileage,Miles per gallon,cylinders,fuel,Drive type,Transmission,Color,owner,frame_damage,Odometer_problem,VIN,class,State Title Brand,Auction Brand / Issues,Accident / Damage,Open Recall Check,Insurance Loss / Transfer,Odometer Check,Certified Pre-Owned,Service / Repair
2020,Land,Rover Range Rover Evoque S,31998,24000,20 city/27 hwy,4-cyl,Turbo Gas,All Wheel Drive,Automatic,Gray/Black,2 Owners,No flood or frame damage,No odometer problems,SALZJ2FX4LH079966,CUV - Compact Luxury,Clean,No Issue,No Issue,No Open Recalls,No Issue,No Issue,No CPO Info Available,No Issue
2019,Land,Rover Range Rover Evoque SE,25998,54000,22 city/29 hwy,4-cyl,Turbo Gas,Four Wheel Drive,Automatic,Black/Black,3 Owners,No flood or frame damage,No odometer problems,SALVP2RX5KH347950,CUV - Compact Luxury,Clean,No Issue,No Issue,No Open Recalls,No Issue,No Issue,No CPO Info Available,No Issue
2022,Land,Rover Range Rover Velar R-Dynamic S,44998,45000,20 city/26 hwy,4-cyl,Turbo Gas,Four Wheel Drive,Automatic,White/Black,1 Owner,No flood or frame damage,No odometer problems,SALYT2EX8NA333908,SUV - Midsize Luxury,Clean,No Issue,No Issue,No Open Recalls,No Issue,No Issue,No CPO Info Available,No Issue
2022,Land,Rover Defender 110 SE,59998,22000,17 city/19 hwy,6-cyl,Turbo Gas,Four Wheel Drive,Automatic,Black/Black,1 Owner,No flood or frame damage,No odometer problems,SALEP7RU9N2107200,SUV - Midsize Luxury,Clean,No Issue,No Issue,1 Open Recall(s),No Issue,No Issue,No CPO Info Available,No Issue
2022,Land,Rover Defender 90,45998,24000,18 city/19 hwy,4-cyl,Turbo Gas,Four Wheel Drive,Automatic,Silver/Black,1 Owner,No flood or frame damage,No odometer problems,SALEK6RX9N2062827,SUV - Midsize Luxury,Clean,No Issue,Damage Reported,No Open Recalls,No Issue,No Issue,No CPO Info Available,No Issue
2019,Land,Rover Discovery Sport HSE,30998,28000,16 city/21 hwy,4-cyl,Supercharged Gas,Four Wheel Drive,Automatic,Gray/Black,2 Owners,No flood or frame damage,No odometer problems,SALCR2FX1KH803481,SUV - Midsize Luxury,Clean,No Issue,No Issue,No Open Recalls,No Issue,No Issue,No CPO Info Available,No Issue
2020,Land,Rover Defender HSE,55998,31000,17 city/22 hwy,6-cyl,Turbo Gas,Four Wheel Drive,Automatic,White/Black,2 Owners,No flood or frame damage,No odometer problems,SALE9EEU5L2027605,SUV - Midsize Luxury,Clean,No Issue,No Issue,No Open Recalls,No Issue,No Issue,OEM-Certified,No Issue
2020,Land,Rover Defender First Edition,44998,50000,17 city/22 hwy,6-cyl,Turbo Gas,Four Wheel Drive,Automatic,Brown/Black,1 Owner,No flood or frame damage,No odometer problems,SALE17EUXL2025853,SUV - Midsize Luxury,Clean,No Issue,Damage Reported,No Open Recalls,No Issue,No Issue,No CPO Info Available,No Issue
2019,Land,Rover Range Rover Sport Autobiography,55998,32000,17 city/22 hwy,8-cyl,Supercharged Gas,Four Wheel Drive,Automatic,White/Black,3 Owners,No flood or frame damage,No odometer problems,SALWV2RE8KA861647,SUV - Midsize Luxury,Clean,No Issue,No Issue,No Open Recalls,No Issue,No Issue,No CPO Info Available,No Issue
2023,Land,Rover Range Rover Evoque R-Dynamic SE,41998,8000,20 city/27 hwy,4-cyl,Turbo Gas,All Wheel Drive,Automatic,Black/Black,2 Owners,No flood or frame damage,No odometer problems,SALZL2FX6PH223176,CUV - Compact Luxury,Clean,No Issue,No Issue,No Open Recalls,No Issue,No Issue,No CPO Info Available,No Issue
2020,Land,Rover Discovery Sport SE,28998,27000,20 city/27 hwy,4-cyl,Turbo Gas,Four Wheel Drive,Automatic,White/Black,2 Owners,No flood or frame damage,No odometer problems,SALCP2FX9LH877335,SUV - Midsize Luxury,Clean,No Issue,No Issue,No Open Recalls,No Issue,No Issue,No CPO Info Available,No Issue
2017,Land,Rover Discovery Sport HSE,21998,35000,20 city/25 hwy,4-cyl,Turbo Gas,Four Wheel Drive,Automatic,Green/Tan,3 Owners,No flood or frame damage,No odometer problems,SALCR2BG3HH648172,SUV - Midsize Luxury,Clean,No Issue,No Issue,No Open Recalls,No Issue,No Issue,No CPO Info Available,No Issue
2023,Land,Rover Defender 110,50998,29000,17 city/20 hwy,4-cyl,Turbo Gas,Four Wheel Drive,Automatic,Gray/Black,1 Owner,No flood or frame damage,No odometer problems,SALEK7EX4P2120552,SUV - Midsize Luxury,Clean,No Issue,No Issue,No Open Recalls,No Issue,No Issue,No CPO Info Available,No Issue
2020,Land,Rover Discovery Sport Standard,22998,52000,20 city/27 hwy,4-cyl,Turbo Gas,Four Wheel Drive,Automatic,Black/Black,2 Owners,No flood or frame damage,No odometer problems,SALCK2FX7LH854585,SUV - Midsize Luxury,Clean,No Issue,No Issue,No Open Recalls,No Issue,No Issue,No CPO Info Available,No Issue
2017,Land,Rover Range Rover ,37998,57000,17 city/23 hwy,6-cyl,Supercharged Gas,Four Wheel Drive,Automatic,Blue/Tan,2 Owners,No flood or frame damage,No odometer problems,SALGR2FV6HA357619,SUV - Large Luxury,Clean,No Issue,Damage Reported,No Open Recalls,No Issue,No Issue,No CPO Info Available,No Issue
2021,Land,Rover Defender 110 X-Dynamic HSE,56998,39000,17 city/22 hwy,6-cyl,Turbo Gas,Four Wheel Drive,Automatic,Brown/Black,1 Owner,No flood or frame damage,No odometer problems,SALEPERU4M2043652,SUV - Midsize Luxury,Clean,No Issue,No Issue,1 Open Recall(s),No Issue,No Issue,OEM-Certified,No Issue
2021,Land,Rover Discovery Sport SE,28998,38000,19 city/23 hwy,4-cyl,Turbo Gas,Four Wheel Drive,Automatic,White/Black,1 Owner,No flood or frame damage,No odometer problems,SALCP2FXXMH891178,SUV - Midsize Luxury,Clean,No Issue,No Issue,No Open Recalls,No Issue,No Issue,No CPO Info Available,No Issue
2023,Land,Rover Discovery Sport R-Dynamic SE,33998,40000,19 city/23 hwy,4-cyl,Turbo Gas,Four Wheel Drive,Automatic,Black/Gray,3 Owners,No flood or frame damage,No odometer problems,SALCL2FX7PH920233,SUV - Midsize Luxury,Clean,No Issue,No Issue,No Open Recalls,No Issue,No Issue,OEM-Certified,No Issue
2018,Land,Rover Discovery Sport SE,20998,52000,21 city/25 hwy,4-cyl,Turbo Gas,Four Wheel Drive,Automatic,White/Black,2 Owners,No flood or frame damage,No odometer problems,SALCP2RX1JH727843,SUV - Midsize Luxury,Clean,No Issue,Minor,No Open Recalls,No Issue,No Issue,No CPO Info Available,No Issue
2023,Land,Rover Defender 90 S,50998,14000,18 city/21 hwy,4-cyl,Turbo Gas,Four Wheel Drive,Automatic,Blue/Black,1 Owner,No flood or frame damage,No odometer problems,SALEJ6EX3P2113122,SUV - Midsize Luxury,Clean,No Issue,No Issue,No Open Recalls,No Issue,No Issue,No CPO Info Available,No Issue
2018,Land,Rover Range Rover Evoque SE,23998,60000,22 city/29 hwy,4-cyl,Turbo Gas,Four Wheel Drive,Automatic,Black/Black,2 Owners,No flood or frame damage,No odometer problems,SALVP2RX2JH292436,CUV - Compact Luxury,Clean,No Issue,No Issue,No Open Recalls,No Issue,No Issue,No CPO Info Available,No Issue
2020,Land,Rover Discovery Sport Standard,25998,24000,20 city/27 hwy,4-cyl,Turbo Gas,Four Wheel Drive,Automatic,Black/Black,1 Owner,No flood or frame damage,No odometer problems,SALCK2FX5LH866525,SUV - Midsize Luxury,Clean,No Issue,No Issue,No Open Recalls,No Issue,No Issue,No CPO Info Available,No Issue
2021,Land,Rover Range Rover Sport HSE Dynamic,65998,11000,17 city/22 hwy,8-cyl,Supercharged Gas,Four Wheel Drive,Automatic,Blue/Blue,1 Owner,No flood or frame damage,No odometer problems,SALWR2SE2MA791919,SUV - Midsize Luxury,Clean,No Issue,No Issue,No Open Recalls,No Issue,No Issue,No CPO Info Available,No Issue
2020,Land,Rover Discovery Sport R-Dynamic SE,29998,35000,20 city/27 hwy,4-cyl,Turbo Gas,Four Wheel Drive,Automatic,Black/Cream,1 Owner,No flood or frame damage,No odometer problems,SALCL2FX9LH856691,SUV - Midsize Luxury,Clean,No Issue,No Issue,No Open Recalls,No Issue,No Issue,No CPO Info Available,No Issue
2019,Land,Rover Range Rover Velar R-Dynamic SE,39998,50000,18 city/24 hwy,6-cyl,Supercharged Gas,Four Wheel Drive,Automatic,Red/Tan,2 Owners,No flood or frame damage,No odometer problems,SALYL2FVXKA213536,SUV - Midsize Luxury,Clean,No Issue,No Issue,No Open Recalls,No Issue,No Issue,No CPO Info Available,No Issue
2019,Land,Rover Range Rover Evoque SE Premium,29998,31000,22 city/29 hwy,4-cyl,Turbo Gas,Four Wheel Drive,Automatic,Black/Black,1 Owner,No flood or frame damage,No odometer problems,SALVP2RX5KH331294,CUV - Compact Luxury,Clean,No Issue,Minor,No Open Recalls,No Issue,No Issue,No CPO Info Available,No Issue
2021,Land,Rover Range Rover Evoque R-Dynamic S,34998,32000,20 city/27 hwy,4-cyl,Turbo Gas,All Wheel Drive,Automatic,Black/Black,1 Owner,No flood or frame damage,No odometer problems,SALZT2FX4MH135299,CUV - Compact Luxury,Clean,No Issue,No Issue,No Open Recalls,No Issue,No Issue,No CPO Info Available,No Issue
2022,Land,Rover Defender 110 S,51998,39000,17 city/18 hwy,4-cyl,Turbo Gas,Four Wheel Drive,Automatic,Black/Black,1 Owner,No flood or frame damage,No odometer problems,SALEJ7RX6N2084485,SUV - Midsize Luxury,Clean,No Issue,No Issue,No Open Recalls,No Issue,No Issue,No CPO Info Available,No Issue
2018,Land,Rover Discovery Sport HSE,19998,49000,20 city/25 hwy,4-cyl,Turbo Gas,Four Wheel Drive,Automatic,Blue/Black,3 Owners,No flood or frame damage,No odometer problems,SALCP2RX6JH752513,SUV - Midsize Luxury,Clean,No Issue,Damage Reported,2 Open Recall(s),No Issue,No Issue,No CPO Info Available,No Issue
2019,Land,Rover Range Rover Sport HST,51998,26000,19 city/25 hwy,6-cyl,Turbo Gas,Four Wheel Drive,Automatic,Black/Tan,2 Owners,No flood or frame damage,No odometer problems,SALWS2SU4KA870131,SUV - Midsize Luxury,Clean,No Issue,No Issue,No Open Recalls,No Issue,No Issue,No CPO Info Available,No Issue
2019,Land,Rover Discovery Sport SE,25998,28000,21 city/25 hwy,4-cyl,Turbo Gas,Four Wheel Drive,Automatic,White/Black,1 Owner,No flood or frame damage,No odometer problems,SALCP2FXXKH791028,SUV - Midsize Luxury,Clean,No Issue,No Issue,No Open Recalls,No Issue,No Issue,No CPO Info Available,No Issue
2020,Land,Rover Range Rover Evoque SE,30998,43000,20 city/27 hwy,4-cyl,Turbo Gas,All Wheel Drive,Automatic,Silver/Blue,2 Owners,No flood or frame damage,No odometer problems,SALZP2FX3LH045810,CUV - Compact Luxury,Clean,No Issue,No Issue,No Open Recalls,No Issue,No Issue,No CPO Info Available,No Issue
2018,Land,Rover Range Rover Sport SE Diesel,32998,55000,22 city/28 hwy,,,,Automatic,Black/Black,1 Owner,No flood or frame damage,No odometer problems,SALWG2RK1JA405259,SUV - Midsize Luxury,Clean,No Issue,No Issue,No Open Recalls,No Issue,No Issue,No CPO Info Available,No Issue
2021,Land,Rover Defender 90 X-Dynamic S,51998,27000,17 city/22 hwy,6-cyl,Turbo Gas,Four Wheel Drive,Automatic,Black/Black,1 Owner,No flood or frame damage,No odometer problems,SALEY6RU6M2056583,SUV - Midsize Luxury,Clean,No Issue,Damage Reported,No Open Recalls,No Issue,No Issue,No CPO Info Available,No Issue
2022,Land,Rover Range Rover Evoque S,36998,33000,20 city/27 hwy,4-cyl,Turbo Gas,All Wheel Drive,Automatic,White/Black,1 Owner,No flood or frame damage,No odometer problems,SALZJ2FX4NH174417,CUV - Compact Luxury,Clean,No Issue,No Issue,No Open Recalls,No Issue,No Issue,No CPO Info Available,No Issue
2018,Land,Rover Discovery Sport HSE,20998,58000,20 city/25 hwy,4-cyl,Turbo Gas,Four Wheel Drive,Automatic,Black/Tan,3 Owners,No flood or frame damage,No odometer problems,SALCR2RX4JH743870,SUV - Midsize Luxury,Clean,No Issue,No Issue,1 Open Recall(s),No Issue,No Issue,No CPO Info Available,No Issue
2021,Land,Rover Discovery Sport SE,31998,29000,19 city/23 hwy,4-cyl,Turbo Gas,Four Wheel Drive,Automatic,White/Black,1 Owner,No flood or frame damage,No odometer problems,SALCP2FX2MH890672,SUV - Midsize Luxury,Clean,No Issue,No Issue,1 Open Recall(s),No Issue,No Issue,No CPO Info Available,No Issue
2020,Land,Rover Range Rover Evoque SE,31998,25000,20 city/27 hwy,4-cyl,Turbo Gas,All Wheel Drive,Automatic,Brown/Black,1 Owner,No flood or frame damage,No odometer problems,SALZP2FX0LH017852,CUV - Compact Luxury,Clean,No Issue,No Issue,No Open Recalls,No Issue,No Issue,No CPO Info Available,No Issue
2020,Land,Rover Discovery Sport S,24998,34000,20 city/27 hwy,4-cyl,Turbo Gas,Four Wheel Drive,Automatic,Blue/Black,2 Owners,No flood or frame damage,No odometer problems,SALCJ2FX9LH839539,SUV - Midsize Luxury,Clean,No Issue,No Issue,No Open Recalls,No Issue,No Issue,No CPO Info Available,No Issue
2022,Land,Rover Defender 110 X-Dynamic HSE,60998,32000,17 city/22 hwy,6-cyl,Turbo Gas,Four Wheel Drive,Automatic,Gray/Black,1 Owner,No flood or frame damage,No odometer problems,SALE37RU9N2064991,SUV - Midsize Luxury,Clean,No Issue,Damage Reported,No Open Recalls,No Issue,No Issue,No CPO Info Available,No Issue
2019,Land,Rover Discovery Sport HSE,22998,46000,21 city/25 hwy,4-cyl,Turbo Gas,Four Wheel Drive,Automatic,White/Black,2 Owners,No flood or frame damage,No odometer problems,SALCP2FX4KH830096,SUV - Midsize Luxury,Clean,No Issue,No Issue,No Open Recalls,No Issue,No Issue,No CPO Info Available,No Issue
2016,Land,Rover Range Rover Evoque Premium,24998,36000,21 city/30 hwy,4-cyl,Turbo Gas,Four Wheel Drive,Automatic,Black/Black,2 Owners,No flood or frame damage,No odometer problems,SALVP2BG7GH083986,CUV - Compact Luxury,Clean,No Issue,No Issue,No Open Recalls,No Issue,No Issue,No CPO Info Available,No Issue
2020,Land,Rover Defender 110 S,49998,38000,17 city/20 hwy,4-cyl,Turbo Gas,Four Wheel Drive,Automatic,Green/Tan,1 Owner,No flood or frame damage,No odometer problems,SALEJEEXXL2018738,SUV - Midsize Luxury,Clean,No Issue,No Issue,No Open Recalls,No Issue,No Issue,No CPO Info Available,No Issue
2019,Land,Rover Discovery Sport HSE,26998,33000,21 city/25 hwy,4-cyl,Turbo Gas,Four Wheel Drive,Automatic,Blue/Tan,1 Owner,No flood or frame damage,No odometer problems,SALCR2FX6KH815108,SUV - Midsize Luxury,Clean,No Issue,Damage Reported,No Open Recalls,No Issue,No Issue,No CPO Info Available,No Issue
2020,Land,Rover Range Rover Evoque SE,34998,15000,20 city/27 hwy,4-cyl,Turbo Gas,All Wheel Drive,Automatic,Red/Black,2 Owners,No flood or frame damage,No odometer problems,SALZP2FX7LH059094,CUV - Compact Luxury,Clean,No Issue,No Issue,No Open Recalls,No Issue,No Issue,No CPO Info Available,No Issue
2020,Land,Rover Discovery Sport SE,26998,32000,20 city/27 hwy,4-cyl,Turbo Gas,Four Wheel Drive,Automatic,Black/Black,2 Owners,No flood or frame damage,No odometer problems,SALCP2FX1LH834916,SUV - Midsize Luxury,Clean,No Issue,Damage Reported,No Open Recalls,No Issue,No Issue,No CPO Info Available,No Issue
2015,Land,Rover Range Rover Evoque Pure Plus,22998,37000,21 city/30 hwy,4-cyl,Turbo Gas,Four Wheel Drive,Automatic,Gray/Black,2 Owners,No flood or frame damage,No odometer problems,SALVP2BG6FH076364,CUV - Compact Luxury,Clean,No Issue,No Issue,No Open Recalls,No Issue,No Issue,No CPO Info Available,No Issue
2023,Land,Rover Defender 110 S,55998,7000,17 city/20 hwy,4-cyl,Turbo Gas,Four Wheel Drive,Automatic,Black/Black,1 Owner,No flood or frame damage,No odometer problems,SALEJ7EX6P2230540,SUV - Midsize Luxury,Clean,No Issue,Moderate,No Open Recalls,No Issue,No Issue,No CPO Info Available,No Issue
2022,Land,Rover Defender 110 S,50998,28000,17 city/18 hwy,4-cyl,Turbo Gas,Four Wheel Drive,Automatic,Green/Gray,2 Owners,No flood or frame damage,No odometer problems,SALEJ7RXXN2085493,SUV - Midsize Luxury,Clean,No Issue,No Issue,No Open Recalls,No Issue,No Issue,No CPO Info Available,No Issue
2018,Land,Rover Range Rover HSE,39998,43000,17 city/23 hwy,,,,Automatic,Blue/Tan,1 Owner,No flood or frame damage,No odometer problems,SALGS2SV9JA500983,SUV - Large Luxury,Clean,No Issue,Damage Reported,No Open Recalls,No Issue,No Issue,No CPO Info Available,No Issue
2015,Land,Rover Range Rover Evoque Pure Plus,21998,51000,21 city/30 hwy,4-cyl,Turbo Gas,Four Wheel Drive,Automatic,Black/Black,2 Owners,No flood or frame damage,No odometer problems,SALVP2BG5FH963910,CUV - Compact Luxury,Clean,No Issue,No Issue,No Open Recalls,No Issue,No Issue,No CPO Info Available,No Issue
2020,Land,Rover Discovery Sport SE,27998,32000,20 city/27 hwy,4-cyl,Turbo Gas,Four Wheel Drive,Automatic,Blue/Cream,1 Owner,No flood or frame damage,No odometer problems,SALCP2FX5LH854800,SUV - Midsize Luxury,Clean,No Issue,No Issue,No Open Recalls,No Issue,No Issue,No CPO Info Available,No Issue
2020,Land,Rover Defender 110 SE,54998,21000,17 city/22 hwy,6-cyl,Turbo Gas,Four Wheel Drive,Automatic,Green/Black,2 Owners,No flood or frame damage,No odometer problems,SALEP7EU7L2021046,SUV - Midsize Luxury,Clean,No Issue,No Issue,No Open Recalls,No Issue,No Issue,No CPO Info Available,No Issue
2018,Land,Rover Range Rover Evoque SE,24998,33000,22 city/29 hwy,4-cyl,Turbo Gas,Four Wheel Drive,Automatic,Black/Black,1 Owner,No flood or frame damage,No odometer problems,SALVP2RXXJH321374,CUV - Compact Luxury,Clean,No Issue,No Issue,No Open Recalls,No Issue,No Issue,No CPO Info Available,No Issue
2021,Land,Rover Range Rover Velar R-Dynamic HSE,53998,29000,19 city/25 hwy,6-cyl,Turbo Gas,Four Wheel Drive,Automatic,Black/Black,3 Owners,No flood or frame damage,No odometer problems,SALYM2FU8MA314081,SUV - Midsize Luxury,Clean,No Issue,No Issue,No Open Recalls,No Issue,No Issue,No CPO Info Available,No Issue
2020,Land,Rover Range Rover Evoque S,31998,17000,20 city/27 hwy,4-cyl,Turbo Gas,All Wheel Drive,Automatic,White/Gray,1 Owner,No flood or frame damage,No odometer problems,SALZJ2FX7LH107890,CUV - Compact Luxury,Clean,No Issue,No Issue,No Open Recalls,No Issue,No Issue,No CPO Info Available,No Issue
2020,Land,Rover Discovery Sport R-Dynamic SE,28998,42000,20 city/27 hwy,4-cyl,Turbo Gas,Four Wheel Drive,Automatic,Gray/Tan,1 Owner,No flood or frame damage,No odometer problems,SALCL2FX0LH835115,SUV - Midsize Luxury,Clean,No Issue,No Issue,No Open Recalls,No Issue,No Issue,No CPO Info Available,No Issue
2019,Land,Rover Range Rover Velar R-Dynamic SE,38998,32000,21 city/27 hwy,4-cyl,Turbo Gas,Four Wheel Drive,Automatic,White/Gray,2 Owners,No flood or frame damage,No odometer problems,SALYL2EX2KA206762,SUV - Midsize Luxury,Clean,No Issue,Minor,No Open Recalls,No Issue,No Issue,No CPO Info Available,No Issue
2019,Land,Rover Range Rover Sport Supercharged Dynamic,51998,37000,17 city/22 hwy,,,,Automatic,Orange/Black,2 Owners,No flood or frame damage,No odometer problems,SALWR2RE7KA848621,SUV - Midsize Luxury,Clean,No Issue,No Issue,No Open Recalls,No Issue,No Issue,No CPO Info Available,No Issue
2013,Land,Rover Range Rover Evoque Pure Plus,18998,59000,20 city/28 hwy,4-cyl,Turbo Gas,All Wheel Drive,Automatic,Gray/Black,1 Owner,No flood or frame damage,No odometer problems,SALVP2BG6DH811020,CUV - Compact Luxury,Clean,No Issue,No Issue,No Open Recalls,No Issue,No Issue,No CPO Info Available,No Issue
2022,Land,Rover Discovery Sport S,28998,35000,19 city/23 hwy,4-cyl,Turbo Gas,Four Wheel Drive,Automatic,White/Black,1 Owner,No flood or frame damage,No odometer problems,SALCJ2FX4NH910102,SUV - Midsize Luxury,Clean,No Issue,Minor,No Open Recalls,No Issue,No Issue,No CPO Info Available,No Issue
2023,Land,Rover Defender 130 First Edition,73998,36000,18 city/23 hwy,6-cyl,Turbo Gas,Four Wheel Drive,Automatic,White/Gray,1 Owner,No flood or frame damage,No odometer problems,SALEVFEU3P2185111,SUV - Midsize Luxury,Clean,No Issue,No Issue,No Open Recalls,No Issue,No Issue,No CPO Info Available,No Issue
2020,Land,Rover Range Rover Evoque S,26998,45000,20 city/27 hwy,4-cyl,Turbo Gas,All Wheel Drive,Automatic,Silver/Gray,2 Owners,No flood or frame damage,No odometer problems,SALZJ2FX4LH043145,CUV - Compact Luxury,Clean,No Issue,No Issue,No Open Recalls,No Issue,No Issue,No CPO Info Available,No Issue
2019,Land,Rover Range Rover Velar R-Dynamic SE,32998,55000,21 city/27 hwy,4-cyl,Turbo Gas,Four Wheel Drive,Automatic,White/Black,2 Owners,No flood or frame damage,No odometer problems,SALYL2EX7KA200682,SUV - Midsize Luxury,Clean,No Issue,No Issue,No Open Recalls,No Issue,No Issue,No CPO Info Available,No Issue
2021,Land,Rover Discovery Sport R-Dynamic SE,30998,23000,19 city/23 hwy,4-cyl,Turbo Gas,Four Wheel Drive,Automatic,White/Black,1 Owner,No flood or frame damage,No odometer problems,SALCL2FXXMH900537,SUV - Midsize Luxury,Clean,No Issue,No Issue,No Open Recalls,No Issue,No Issue,No CPO Info Available,No Issue
2022,Land,Rover Defender 110 SE,58998,18000,17 city/19 hwy,6-cyl,Turbo Gas,Four Wheel Drive,Automatic,White/Black,1 Owner,No flood or frame damage,No odometer problems,SALEP7RU3N2083248,SUV - Midsize Luxury,Clean,No Issue,No Issue,No Open Recalls,No Issue,No Issue,No CPO Info Available,No Issue
2020,Land,Rover Range Rover Evoque S,29998,22000,20 city/27 hwy,4-cyl,Turbo Gas,All Wheel Drive,Automatic,Red/Black,1 Owner,No flood or frame damage,No odometer problems,SALZJ2FX4LH088229,CUV - Compact Luxury,Clean,No Issue,No Issue,1 Open Recall(s),No Issue,No Issue,No CPO Info Available,No Issue
2020,Land,Rover Discovery Sport S,27998,18000,20 city/27 hwy,4-cyl,Turbo Gas,Four Wheel Drive,Automatic,Blue/Black,1 Owner,No flood or frame damage,No odometer problems,SALCJ2FX4LH877891,SUV - Midsize Luxury,Clean,No Issue,No Issue,No Open Recalls,No Issue,No Issue,No CPO Info Available,No Issue
2020,Land,Rover Discovery Sport S,25998,40000,20 city/27 hwy,4-cyl,Turbo Gas,Four Wheel Drive,Automatic,White/Black,2 Owners,No flood or frame damage,No odometer problems,SALCJ2FX5LH858976,SUV - Midsize Luxury,Clean,No Issue,No Issue,No Open Recalls,No Issue,No Issue,No CPO Info Available,No Issue
2017,Land,Rover Discovery Sport HSE,22998,41000,20 city/25 hwy,4-cyl,Turbo Gas,Four Wheel Drive,Automatic,Black/Black,1 Owner,No flood or frame damage,No odometer problems,SALCR2BG0HH698298,SUV - Midsize Luxury,Clean,No Issue,No Issue,No Open Recalls,No Issue,No Issue,No CPO Info Available,No Issue
2020,Land,Rover Discovery Sport SE,26998,44000,20 city/27 hwy,4-cyl,Turbo Gas,Four Wheel Drive,Automatic,Black/Black,2 Owners,No flood or frame damage,No odometer problems,SALCP2FX6LH845541,SUV - Midsize Luxury,Clean,No Issue,No Issue,No Open Recalls,No Issue,No Issue,No CPO Info Available,No Issue
2019,Land,Rover Range Rover Velar R-Dynamic SE,37998,42000,18 city/24 hwy,6-cyl,Supercharged Gas,Four Wheel Drive,Automatic,White/Black,1 Owner,No flood or frame damage,No odometer problems,SALYL2FV9KA207520,SUV - Midsize Luxury,Clean,No Issue,No Issue,No Open Recalls,No Issue,No Issue,No CPO Info Available,No Issue
2018,Land,Rover Range Rover Velar S,29998,42000,21 city/27 hwy,4-cyl,Turbo Gas,Four Wheel Drive,Automatic,Silver/Gray,2 Owners,No flood or frame damage,No odometer problems,SALYB2RX5JA739085,SUV - Midsize Luxury,Clean,No Issue,Damage Reported,No Open Recalls,No Issue,No Issue,No CPO Info Available,No Issue
2018,Land,Rover Range Rover Evoque SE,28998,35000,22 city/29 hwy,4-cyl,Turbo Gas,Four Wheel Drive,Automatic,White/Gray,1 Owner,No flood or frame damage,No odometer problems,SALVP2RX7JH294120,CUV - Compact Luxury,Clean,No Issue,No Issue,No Open Recalls,No Issue,No Issue,No CPO Info Available,No Issue
2019,Land,Rover Range Rover Evoque SE,24998,52000,22 city/29 hwy,4-cyl,Turbo Gas,Four Wheel Drive,Automatic,White/Black,2 Owners,No flood or frame damage,No odometer problems,SALVP2RX6KH339744,CUV - Compact Luxury,Clean,No Issue,No Issue,No Open Recalls,No Issue,No Issue,No CPO Info Available,No Issue
2018,Land,Rover Discovery Sport HSE,20998,57000,20 city/25 hwy,4-cyl,Turbo Gas,Four Wheel Drive,Automatic,Blue/Black,3 Owners,No flood or frame damage,No odometer problems,SALCR2RX6JH769547,SUV - Midsize Luxury,Clean,No Issue,No Issue,1 Open Recall(s),No Issue,No Issue,No CPO Info Available,No Issue
2019,Land,Rover Range Rover Sport HSE,38998,54000,19 city/25 hwy,6-cyl,Turbo Gas,Four Wheel Drive,Automatic,Black/Black,3 Owners,No flood or frame damage,No odometer problems,SALWR2RVXKA819274,SUV - Midsize Luxury,Clean,No Issue,No Issue,No Open Recalls,No Issue,No Issue,No CPO Info Available,No Issue
2020,Land,Rover Range Rover Evoque First Edition,35998,27000,20 city/27 hwy,4-cyl,Turbo Gas,All Wheel Drive,Automatic,White/Gray,1 Owner,No flood or frame damage,No odometer problems,SALZL2FXXLH088939,CUV - Compact Luxury,Clean,No Issue,No Issue,No Open Recalls,No Issue,No Issue,No CPO Info Available,No Issue
2019,Land,Rover Range Rover Evoque SE,23998,43000,22 city/29 hwy,4-cyl,Turbo Gas,Four Wheel Drive,Automatic,Silver/Black,4 Owners,No flood or frame damage,No odometer problems,SALVP2RX5KH329030,CUV - Compact Luxury,Clean,No Issue,No Issue,No Open Recalls,No Issue,No Issue,No CPO Info Available,No Issue
2023,Land,Rover Defender 90 SE,57998,12000,18 city/23 hwy,6-cyl,Turbo Gas,Four Wheel Drive,Automatic,Gray/Black,1 Owner,No flood or frame damage,No odometer problems,SALEP6EU3P2212267,SUV - Midsize Luxury,Clean,No Issue,No Issue,No Open Recalls,No Issue,No Issue,No CPO Info Available,No Issue
2020,Land,Rover Range Rover Evoque S,26998,39000,20 city/27 hwy,4-cyl,Turbo Gas,All Wheel Drive,Automatic,Black/Black,4 Owners,No flood or frame damage,No odometer problems,SALZJ2FX0LH008506,CUV - Compact Luxury,Clean,No Issue,No Issue,No Open Recalls,No Issue,No Issue,OEM-Certified,No Issue
2020,Land,Rover Range Rover Evoque SE,32998,25000,20 city/27 hwy,4-cyl,Turbo Gas,All Wheel Drive,Automatic,Red/Black,0 Owner,No flood or frame damage,No odometer problems,SALZP2FX2LH105818,CUV - Compact Luxury,Clean,No Issue,No Issue,No Open Recalls,No Issue,No Issue,No CPO Info Available,No Issue
2021,Land,Rover Defender 110,46998,26000,17 city/20 hwy,4-cyl,Turbo Gas,Four Wheel Drive,Automatic,Blue/Black,1 Owner,No flood or frame damage,No odometer problems,SALEK7RX8M2048163,SUV - Midsize Luxury,Clean,No Issue,No Issue,No Open Recalls,No Issue,No Issue,No CPO Info Available,No Issue
2021,Land,Rover Range Rover Velar S,39998,35000,21 city/26 hwy,4-cyl,Turbo Gas,Four Wheel Drive,Automatic,Blue/Gray,1 Owner,No flood or frame damage,No odometer problems,SALYJ2EX6MA328274,SUV - Midsize Luxury,Clean,No Issue,No Issue,No Open Recalls,No Issue,No Issue,No CPO Info Available,No Issue
2021,Land,Rover Defender 110 S,47998,49000,17 city/20 hwy,4-cyl,Turbo Gas,Four Wheel Drive,Automatic,Brown/Black,1 Owner,No flood or frame damage,No odometer problems,SALEJ7RX9M2035960,SUV - Midsize Luxury,Clean,No Issue,Moderate,1 Open Recall(s),No Issue,No Issue,No CPO Info Available,No Issue
2023,Land,Rover Discovery Sport R-Dynamic S,37998,13000,19 city/23 hwy,4-cyl,Turbo Gas,Four Wheel Drive,Automatic,Blue/White,1 Owner,No flood or frame damage,No odometer problems,SALCT2FX6PH328600,SUV - Midsize Luxury,Clean,No Issue,No Issue,No Open Recalls,No Issue,No Issue,No CPO Info Available,No Issue
2019,Land,Rover Discovery Sport HSE,26998,37000,21 city/25 hwy,4-cyl,Turbo Gas,Four Wheel Drive,Automatic,Red/Tan,2 Owners,No flood or frame damage,No odometer problems,SALCR2FXXKH828654,SUV - Midsize Luxury,Clean,No Issue,No Issue,No Open Recalls,No Issue,No Issue,No CPO Info Available,No Issue
2016,Land,Rover Discovery Sport HSE,18998,56000,20 city/26 hwy,4-cyl,Turbo Gas,Four Wheel Drive,Automatic,Blue/Black,2 Owners,No flood or frame damage,No odometer problems,SALCR2BG6GH545889,SUV - Midsize Luxury,Clean,No Issue,No Issue,No Open Recalls,No Issue,No Issue,No CPO Info Available,No Issue
2022,Land,Rover Defender 110 SE,59998,19000,17 city/19 hwy,6-cyl,Turbo Gas,Four Wheel Drive,Automatic,Silver/Taupe,1 Owner,No flood or frame damage,No odometer problems,SALEP7RU5N2089438,SUV - Midsize Luxury,Clean,No Issue,No Issue,No Open Recalls,No Issue,No Issue,No CPO Info Available,No Issue
2021,Land,Rover Range Rover Evoque R-Dynamic S,31998,31000,20 city/27 hwy,4-cyl,Turbo Gas,All Wheel Drive,Automatic,Gray/Black,1 Owner,No flood or frame damage,No odometer problems,SALZT2FX3MH156337,CUV - Compact Luxury,Clean,No Issue,No Issue,No Open Recalls,No Issue,No Issue,No CPO Info Available,No Issue
2022,Land,Rover Range Rover Sport HSE Silver Edition,61998,29000,19 city/24 hwy,6-cyl,Turbo Gas,Four Wheel Drive,Automatic,White/Black,1 Owner,No flood or frame damage,No odometer problems,SALWR2SU9NA218170,SUV - Midsize Luxury,Clean,No Issue,No Issue,No Open Recalls,No Issue,No Issue,No CPO Info Available,No Issue
2013,Land,Rover Range Rover Evoque Dynamic,19998,56000,20 city/28 hwy,4-cyl,Turbo Gas,All Wheel Drive,Automatic,Gray/Tan,2 Owners,No flood or frame damage,No odometer problems,SALVT1BG3DH725802,CUV - Compact Luxury,Clean,No Issue,No Issue,No Open Recalls,No Issue,No Issue,No CPO Info Available,No Issue
2018,Land,Rover Range Rover HSE,45998,29000,17 city/23 hwy,,,,Automatic,Black/Black,1 Owner,No flood or frame damage,No odometer problems,SALGS2SV8JA383168,SUV - Large Luxury,Clean,No Issue,No Issue,No Open Recalls,No Issue,No Issue,No CPO Info Available,No Issue
2021,Land,Rover Discovery Sport S,27998,34000,19 city/23 hwy,4-cyl,Turbo Gas,Four Wheel Drive,Automatic,Silver/Black,1 Owner,No flood or frame damage,No odometer problems,SALCJ2FX4MH887127,SUV - Midsize Luxury,Clean,No Issue,No Issue,2 Open Recall(s),No Issue,No Issue,No CPO Info Available,No Issue
2016,Land,Rover Discovery Sport SE,17998,58000,20 city/26 hwy,,,,Automatic,Silver/Tan,4 Owners,No flood or frame damage,No odometer problems,SALCP2BG0GH548227,SUV - Midsize Luxury,Clean,No Issue,No Issue,No Open Recalls,No Issue,No Issue,No CPO Info Available,No Issue
2020,Land,Rover Range Rover Evoque SE,29998,33000,20 city/27 hwy,4-cyl,Turbo Gas,All Wheel Drive,Automatic,White/Black,2 Owners,No flood or frame damage,No odometer problems,SALZP2FX7LH077577,CUV - Compact Luxury,Clean,No Issue,No Issue,No Open Recalls,No Issue,No Issue,No CPO Info Available,No Issue
2021,Land,Rover Range Rover Velar S,43998,21000,20 city/26 hwy,6-cyl,Turbo Gas,Four Wheel Drive,Automatic,Silver/Black,2 Owners,No flood or frame damage,No odometer problems,SALYJ2EUXMA309412,SUV - Midsize Luxury,Clean,No Issue,No Issue,1 Open Recall(s),No Issue,No Issue,No CPO Info Available,No Issue
2021,Land,Rover Defender 90 X,56998,25000,17 city/22 hwy,6-cyl,Turbo Gas,Four Wheel Drive,Automatic,Green/Brown,2 Owners,No flood or frame damage,No odometer problems,SALEX6RU0M2054167,SUV - Midsize Luxury,Clean,No Issue,No Issue,No Open Recalls,No Issue,No Issue,No CPO Info Available,No Issue
2021,Land,Rover Defender 110 S,52998,28000,17 city/20 hwy,4-cyl,Turbo Gas,Four Wheel Drive,Automatic,Blue/Black,1 Owner,No flood or frame damage,No odometer problems,SALEJERX8M2058571,SUV - Midsize Luxury,Clean,No Issue,No Issue,No Open Recalls,No Issue,No Issue,No CPO Info Available,No Issue
2021,Land,Rover Range Rover Evoque R-Dynamic S,33998,46000,20 city/27 hwy,4-cyl,Turbo Gas,All Wheel Drive,Automatic,Black/Black,1 Owner,No flood or frame damage,No odometer problems,SALZT2FX3MH143233,CUV - Compact Luxury,Clean,No Issue,No Issue,No Open Recalls,No Issue,No Issue,No CPO Info Available,No Issue
2022,Land,Rover Range Rover Velar S,44998,24000,20 city/26 hwy,4-cyl,Turbo Gas,Four Wheel Drive,Automatic,White/Gray,1 Owner,No flood or frame damage,No odometer problems,SALYJ2EX8NA329041,SUV - Midsize Luxury,Clean,No Issue,No Issue,No Open Recalls,No Issue,No Issue,No CPO Info Available,No Issue
2020,Land,Rover Discovery Sport S,27998,30000,20 city/27 hwy,4-cyl,Turbo Gas,Four Wheel Drive,Automatic,White/Tan,1 Owner,No flood or frame damage,No odometer problems,SALCJ2FX4LH859911,SUV - Midsize Luxury,Clean,No Issue,No Issue,No Open Recalls,No Issue,No Issue,No CPO Info Available,No Issue
2023,Land,Rover Defender 130 X,82998,27000,18 city/23 hwy,6-cyl,Turbo Gas,Four Wheel Drive,Automatic,Black/Black,1 Owner,No flood or frame damage,No odometer problems,SALEXFEU2P2170951,SUV - Midsize Luxury,Clean,No Issue,No Issue,No Open Recalls,No Issue,No Issue,No CPO Info Available,No Issue
2019,Land,Rover Range Rover Velar R-Dynamic HSE,44998,18000,18 city/24 hwy,6-cyl,Supercharged Gas,Four Wheel Drive,Automatic,White/Black,1 Owner,No flood or frame damage,No odometer problems,SALYM2EV4KA211246,SUV - Midsize Luxury,Clean,No Issue,No Issue,No Open Recalls,No Issue,No Issue,No CPO Info Available,No Issue
2023,Land,Rover Defender 130 X-Dynamic SE,78998,15000,18 city/23 hwy,6-cyl,Turbo Gas,Four Wheel Drive,Automatic,Black/Tan,1 Owner,No flood or frame damage,No odometer problems,SALE2FEU0P2159218,SUV - Midsize Luxury,Clean,No Issue,No Issue,No Open Recalls,No Issue,No Issue,No CPO Info Available,No Issue
2019,Land,Rover Range Rover Velar ,29998,54000,21 city/27 hwy,4-cyl,Turbo Gas,Four Wheel Drive,Automatic,Black/Black,4 Owners,No flood or frame damage,No odometer problems,SALYA2EX0KA782906,SUV - Midsize Luxury,Clean,No Issue,No Issue,No Open Recalls,No Issue,No Issue,No CPO Info Available,No Issue
2020,Land,Rover Range Rover Evoque S,25998,58000,20 city/27 hwy,4-cyl,Turbo Gas,All Wheel Drive,Automatic,Red/Black,1 Owner,No flood or frame damage,No odometer problems,SALZJ2FX4LH040830,CUV - Compact Luxury,Clean,No Issue,No Issue,No Open Recalls,No Issue,No Issue,No CPO Info Available,No Issue
2020,Land,Rover Discovery Sport S,25998,43000,20 city/27 hwy,4-cyl,Turbo Gas,Four Wheel Drive,Automatic,Gray/Black,1 Owner,No flood or frame damage,No odometer problems,SALCJ2FX6LH849994,SUV - Midsize Luxury,Clean,No Issue,Damage Reported,No Open Recalls,No Issue,No Issue,No CPO Info Available,No Issue
2022,Land,Rover Range Rover Sport SVR,81998,29000,15 city/20 hwy,8-cyl,Supercharged Gas,Four Wheel Drive,Automatic,White/Red,1 Owner,No flood or frame damage,No odometer problems,SALWZ2RE7NA214861,SUV - Midsize Luxury,Clean,No Issue,No Issue,No Open Recalls,No Issue,No Issue,No CPO Info Available,No Issue
2022,Land,Rover Defender 110 SE,60998,15000,,6-cyl,Turbo Gas,Four Wheel Drive,Automatic,White/Taupe,1 Owner,No flood or frame damage,No odometer problems,SALEP7RU8N2083603,SUV - Midsize Luxury,Clean,No Issue,No Issue,No Open Recalls,No Issue,No Issue,No CPO Info Available,No Issue
2020,Land,Rover Range Rover Evoque S,31998,28000,20 city/27 hwy,4-cyl,Turbo Gas,All Wheel Drive,Automatic,White/Black,2 Owners,No flood or frame damage,No odometer problems,SALZJ2FX4LH070989,CUV - Compact Luxury,Clean,No Issue,No Issue,No Open Recalls,No Issue,No Issue,No CPO Info Available,No Issue
2016,Land,Rover Range Rover Sport Autobiography,33998,59000,14 city/19 hwy,8-cyl,Supercharged Gas,Four Wheel Drive,Automatic,Black/Tan,2 Owners,No flood or frame damage,No odometer problems,SALWV2EF1GA556867,SUV - Midsize Luxury,Clean,No Issue,No Issue,No Open Recalls,No Issue,No Issue,No CPO Info Available,No Issue
2023,Land,Rover Defender 90 V8,76998,20000,15 city/19 hwy,8-cyl,Supercharged Gas,Four Wheel Drive,Automatic,Black/Black,1 Owner,No flood or frame damage,No odometer problems,SALEW6EE1P2199305,SUV - Midsize Luxury,Clean,No Issue,No Issue,No Open Recalls,No Issue,No Issue,No CPO Info Available,No Issue
2022,Land,Rover Defender 110 X-Dynamic SE,57998,41000,17 city/19 hwy,6-cyl,Turbo Gas,Four Wheel Drive,Automatic,Silver/Black,1 Owner,No flood or frame damage,No odometer problems,SALE27RUXN2081219,SUV - Midsize Luxury,Clean,No Issue,No Issue,No Open Recalls,No Issue,No Issue,No CPO Info Available,No Issue
2020,Land,Rover Discovery Sport R-Dynamic S,28998,27000,20 city/27 hwy,4-cyl,Turbo Gas,Four Wheel Drive,Automatic,White/Tan,2 Owners,No flood or frame damage,No odometer problems,SALCT2FX0LH865666,SUV - Midsize Luxury,Clean,No Issue,No Issue,No Open Recalls,No Issue,No Issue,No CPO Info Available,No Issue
2019,Land,Rover Range Rover Evoque SE,25998,50000,22 city/29 hwy,4-cyl,Turbo Gas,Four Wheel Drive,Automatic,White/Black,4 Owners,No flood or frame damage,No odometer problems,SALVP2RX3KH332573,CUV - Compact Luxury,Clean,No Issue,No Issue,No Open Recalls,No Issue,No Issue,No CPO Info Available,No Issue
2024,Land,Rover Defender 110 SE,79998,4000,14 city/19 hwy,8-cyl,Supercharged Gas,Four Wheel Drive,Automatic,Gray/Black,1 Owner,No flood or frame damage,No odometer problems,SALEPEFE5R2316358,SUV - Midsize Luxury,Clean,No Issue,No Issue,No Open Recalls,No Issue,No Issue,No CPO Info Available,No Issue
2019,Land,Rover Range Rover Velar S,30998,51000,21 city/27 hwy,4-cyl,Turbo Gas,Four Wheel Drive,Automatic,White/Tan,4 Owners,No flood or frame damage,No odometer problems,SALYB2EX9KA781685,SUV - Midsize Luxury,Clean,No Issue,No Issue,No Open Recalls,No Issue,No Issue,No Recent CPO Reported,No Issue
2023,Land,Rover Defender 90 S,49998,22000,18 city/21 hwy,4-cyl,Turbo Gas,Four Wheel Drive,Automatic,White/Black,1 Owner,No flood or frame damage,No odometer problems,SALEJ6EX1P2122269,SUV - Midsize Luxury,Clean,No Issue,No Issue,No Open Recalls,No Issue,No Issue,No CPO Info Available,No Issue
2020,Land,Rover Discovery Sport S,22998,53000,20 city/27 hwy,4-cyl,Turbo Gas,Four Wheel Drive,Automatic,White/Black,2 Owners,No flood or frame damage,No odometer problems,SALCJ2FX8LH865906,SUV - Midsize Luxury,Clean,No Issue,No Issue,No Open Recalls,No Issue,No Issue,No CPO Info Available,No Issue
2016,Land,Rover Discovery Sport HSE,20998,41000,20 city/26 hwy,4-cyl,Turbo Gas,Four Wheel Drive,Automatic,Silver/Black,1 Owner,No flood or frame damage,No odometer problems,SALCR2BG8GH625971,SUV - Midsize Luxury,Clean,No Issue,No Issue,No Open Recalls,No Issue,No Issue,No CPO Info Available,No Issue
2020,Land,Rover Range Rover Velar R-Dynamic S,38998,37000,18 city/24 hwy,6-cyl,Supercharged Gas,Four Wheel Drive,Automatic,Gray/Black,1 Owner,No flood or frame damage,No odometer problems,SALYK2FV1LA290493,SUV - Midsize Luxury,Clean,No Issue,No Issue,No Open Recalls,No Issue,No Issue,No CPO Info Available,No Issue
2024,Land,Rover Range Rover Velar S,50998,29000,22 city/26 hwy,,,,Automatic,Black/Black,1 Owner,No flood or frame damage,No odometer problems,SALYJ2EX9RA373863,SUV - Midsize Luxury,Clean,No Issue,No Issue,No Open Recalls,No Issue,No Issue,No CPO Info Available,No Issue
2021,Land,Rover Defender 90 X-Dynamic S,53998,16000,17 city/22 hwy,6-cyl,Turbo Gas,Four Wheel Drive,Automatic,Gray/Black,1 Owner,No flood or frame damage,No odometer problems,SALEY6RU2M2059089,SUV - Midsize Luxury,Clean,No Issue,No Issue,No Open Recalls,No Issue,No Issue,No CPO Info Available,No Issue
2022,Land,Rover Range Rover Westminster,59998,50000,19 city/24 hwy,6-cyl,Turbo Gas,Four Wheel Drive,Automatic,Black/Tan,1 Owner,No flood or frame damage,No odometer problems,SALGS2RU0NA466046,SUV - Large Luxury,Clean,No Issue,No Issue,No Open Recalls,No Issue,No Issue,No CPO Info Available,No Issue
2018,Land,Rover Range Rover Evoque SE,22998,43000,22 city/29 hwy,4-cyl,Turbo Gas,Four Wheel Drive,Automatic,White/Black,3 Owners,No flood or frame damage,No odometer problems,SALVP2RX7JH324264,CUV - Compact Luxury,Clean,No Issue,No Issue,No Open Recalls,No Issue,No Issue,No CPO Info Available,No Issue
2023,Land,Rover Defender 110 X-Dynamic SE,67998,25000,18 city/23 hwy,6-cyl,Turbo Gas,Four Wheel Drive,Automatic,White/Black,1 Owner,No flood or frame damage,No odometer problems,SALE27EU8P2141345,SUV - Midsize Luxury,Clean,No Issue,Minor,No Open Recalls,No Issue,No Issue,No CPO Info Available,No Issue
2017,Land,Rover Range Rover Evoque SE,22998,56000,21 city/29 hwy,4-cyl,Turbo Gas,Four Wheel Drive,Automatic,Red/Tan,3 Owners,No flood or frame damage,No odometer problems,SALVP2BG3HH248045,CUV - Compact Luxury,Clean,No Issue,Minor,No Open Recalls,No Issue,No Issue,No CPO Info Available,No Issue
2018,Land,Rover Discovery Sport HSE,25998,25000,20 city/25 hwy,4-cyl,Turbo Gas,Four Wheel Drive,Automatic,White/Black,1 Owner,No flood or frame damage,No odometer problems,SALCR2RX5JH746745,SUV - Midsize Luxury,Clean,No Issue,Moderate,No Open Recalls,No Issue,No Issue,No CPO Info Available,No Issue
2018,Land,Rover Range Rover Evoque SE Premium,22998,56000,22 city/29 hwy,4-cyl,Turbo Gas,Four Wheel Drive,Automatic,Gray/Black,2 Owners,No flood or frame damage,No odometer problems,SALVP2RXXJH314568,CUV - Compact Luxury,Clean,No Issue,No Issue,1 Open Recall(s),No Issue,No Issue,No CPO Info Available,No Issue
2023,Land,Rover Defender 90 S,48998,20000,18 city/21 hwy,4-cyl,Turbo Gas,Four Wheel Drive,Automatic,Silver/Gray,1 Owner,No flood or frame damage,No odometer problems,SALEJ6EX5P2219149,SUV - Midsize Luxury,Clean,No Issue,No Issue,No Open Recalls,No Issue,No Issue,No CPO Info Available,No Issue
2017,Land,Rover Range Rover Sport HSE,25998,50000,17 city/23 hwy,6-cyl,Supercharged Gas,Four Wheel Drive,Automatic,Gray/Black,2 Owners,No flood or frame damage,No odometer problems,SALWR2FV8HA153738,SUV - Midsize Luxury,Clean,No Issue,Minor,No Open Recalls,No Issue,No Issue,No CPO Info Available,No Issue
2020,Land,Rover Range Rover Velar S,38998,39000,18 city/24 hwy,6-cyl,Supercharged Gas,Four Wheel Drive,Automatic,Silver/Black,2 Owners,No flood or frame damage,No odometer problems,SALYB2FV2LA272049,SUV - Midsize Luxury,Clean,No Issue,No Issue,No Open Recalls,No Issue,No Issue,No CPO Info Available,No Issue
2021,Land,Rover Range Rover Velar R-Dynamic S,38998,36000,21 city/27 hwy,4-cyl,Turbo Gas,Four Wheel Drive,Automatic,Gray/Black,1 Owner,No flood or frame damage,No odometer problems,SALYT2EX0MA317037,SUV - Midsize Luxury,Clean,No Issue,No Issue,No Open Recalls,No Issue,No Issue,No CPO Info Available,No Issue
2020,Land,Rover Range Rover Evoque S,29998,27000,20 city/27 hwy,4-cyl,Turbo Gas,All Wheel Drive,Automatic,White/Black,1 Owner,No flood or frame damage,No odometer problems,SALZJ2FX6LH106147,CUV - Compact Luxury,Clean,No Issue,No Issue,No Open Recalls,No Issue,No Issue,No CPO Info Available,No Issue
2020,Land,Rover Range Rover Sport HSE,45998,51000,19 city/25 hwy,,,,Automatic,Red/Black,2 Owners,No flood or frame damage,No odometer problems,SALWR2SU1LA880662,SUV - Midsize Luxury,Clean,No Issue,No Issue,1 Open Recall(s),No Issue,No Issue,No CPO Info Available,No Issue
2015,Land,Rover Range Rover Sport HSE,27998,50000,17 city/22 hwy,6-cyl,Supercharged Gas,Four Wheel Drive,Automatic,White/Tan,1 Owner,No flood or frame damage,No odometer problems,SALWR2VF3FA618871,SUV - Midsize Luxury,Clean,No Issue,Moderate,No Open Recalls,No Issue,No Issue,No CPO Info Available,No Issue
2021,Land,Rover Discovery Sport R-Dynamic S,24998,56000,19 city/23 hwy,4-cyl,Turbo Gas,Four Wheel Drive,Automatic,Blue/Tan,1 Owner,No flood or frame damage,No odometer problems,SALCT2FX3MH900122,SUV - Midsize Luxury,Clean,No Issue,No Issue,No Open Recalls,No Issue,No Issue,No CPO Info Available,No Issue
2017,Land,Rover Range Rover Sport HSE Dynamic,42998,38000,17 city/23 hwy,6-cyl,Supercharged Gas,Four Wheel Drive,Automatic,White/Black,1 Owner,No flood or frame damage,No odometer problems,SALWV2FV2HA175035,SUV - Midsize Luxury,Clean,No Issue,No Issue,No Open Recalls,No Issue,No Issue,No CPO Info Available,No Issue
2021,Land,Rover Range Rover Velar R-Dynamic S,51998,17000,21 city/27 hwy,4-cyl,Turbo Gas,Four Wheel Drive,Automatic,Gray/Black,1 Owner,No flood or frame damage,No odometer problems,SALYT2EXXMA312279,SUV - Midsize Luxury,Clean,No Issue,No Issue,No Open Recalls,No Issue,No Issue,No CPO Info Available,No Issue
2019,Land,Rover Range Rover Velar S,33998,25000,21 city/27 hwy,4-cyl,Turbo Gas,Four Wheel Drive,Automatic,Black/Black,2 Owners,No flood or frame damage,No odometer problems,SALYB2EX6KA234177,SUV - Midsize Luxury,Clean,No Issue,No Issue,No Open Recalls,No Issue,No Issue,OEM-Certified,No Issue
2021,Land,Rover Range Rover Velar R-Dynamic S,41998,21000,21 city/27 hwy,4-cyl,Turbo Gas,Four Wheel Drive,Automatic,Gray/Black,1 Owner,No flood or frame damage,No odometer problems,SALYT2EXXMA315005,SUV - Midsize Luxury,Clean,No Issue,No Issue,No Open Recalls,No Issue,No Issue,No CPO Info Available,No Issue
2023,Land,Rover Defender 130 X,91998,21000,18 city/23 hwy,6-cyl,Turbo Gas,Four Wheel Drive,Automatic,Black/Black,1 Owner,No flood or frame damage,No odometer problems,SALEXFEU7P2197272,SUV - Midsize Luxury,Clean,No Issue,No Issue,No Open Recalls,No Issue,No Issue,No CPO Info Available,No Issue
2020,Land,Rover Discovery Sport S,24998,37000,20 city/27 hwy,4-cyl,Turbo Gas,Four Wheel Drive,Automatic,Black/Black,1 Owner,No flood or frame damage,No odometer problems,SALCJ2FX0LH863311,SUV - Midsize Luxury,Clean,No Issue,No Issue,No Open Recalls,No Issue,No Issue,No CPO Info Available,No Issue
2022,Land,Rover Defender 110 X-Dynamic SE,55998,37000,17 city/19 hwy,6-cyl,Turbo Gas,Four Wheel Drive,Automatic,Gray/Black,1 Owner,No flood or frame damage,No odometer problems,SALE27RU5N2098963,SUV - Midsize Luxury,Clean,No Issue,No Issue,No Open Recalls,No Issue,No Issue,No CPO Info Available,No Issue
2020,Land,Rover Defender SE,50998,19000,17 city/22 hwy,6-cyl,Turbo Gas,Four Wheel Drive,Automatic,Blue/Gray,1 Owner,No flood or frame damage,No odometer problems,SALEP7EU6L2030207,SUV - Midsize Luxury,Clean,No Issue,No Issue,No Open Recalls,No Issue,No Issue,No CPO Info Available,No Issue
2016,Land,Rover Range Rover Sport HSE,27998,57000,17 city/23 hwy,6-cyl,Supercharged Gas,Four Wheel Drive,Automatic,Burgundy/Tan,2 Owners,No flood or frame damage,No odometer problems,SALWR2PF0GA657531,SUV - Midsize Luxury,Clean,No Issue,No Issue,No Open Recalls,No Issue,No Issue,No CPO Info Available,No Issue
2023,Land,Rover Defender 110 SE,66998,9000,18 city/23 hwy,6-cyl,Turbo Gas,Four Wheel Drive,Automatic,Blue/Cream,1 Owner,No flood or frame damage,No odometer problems,SALEP7EUXP2113872,SUV - Midsize Luxury,Clean,No Issue,No Issue,No Open Recalls,No Issue,No Issue,No CPO Info Available,No Issue
2015,Land,Rover Range Rover Evoque Pure Plus,20998,53000,21 city/30 hwy,4-cyl,Turbo Gas,Four Wheel Drive,Automatic,Silver/Black,3 Owners,No flood or frame damage,No odometer problems,SALVP2BG7FH990171,CUV - Compact Luxury,Clean,No Issue,Moderate,No Open Recalls,No Issue,No Issue,No CPO Info Available,No Issue
2018,Land,Rover Range Rover Velar S,30998,41000,21 city/27 hwy,4-cyl,Turbo Gas,Four Wheel Drive,Automatic,White/Gray,1 Owner,No flood or frame damage,No odometer problems,SALYB2RXXJA742998,SUV - Midsize Luxury,Clean,No Issue,No Issue,No Open Recalls,No Issue,No Issue,No CPO Info Available,No Issue
2022,Land,Rover Range Rover Velar R-Dynamic HSE,57998,7000,18 city/24 hwy,6-cyl,Turbo Gas,Four Wheel Drive,Automatic,White/Black,2 Owners,No flood or frame damage,No odometer problems,SALYM2FU4NA344499,SUV - Midsize Luxury,Clean,No Issue,Damage Reported,No Open Recalls,No Issue,No Issue,OEM-Certified,No Issue
2020,Land,Rover Defender HSE,48998,51000,17 city/22 hwy,6-cyl,Turbo Gas,Four Wheel Drive,Automatic,Green/Black,1 Owner,No flood or frame damage,No odometer problems,SALE97EU0L2030746,SUV - Midsize Luxury,Clean,No Issue,Damage Reported,No Open Recalls,No Issue,No Issue,No CPO Info Available,No Issue
2017,Land,Rover Range Rover Autobiography,43998,47000,14 city/19 hwy,8-cyl,Supercharged Gas,Four Wheel Drive,Automatic,White/Black,3 Owners,No flood or frame damage,No odometer problems,SALWV2FE4HA124166,SUV - Midsize Luxury,Clean,No Issue,No Issue,No Open Recalls,No Issue,No Issue,No CPO Info Available,No Issue
2022,Land,Rover Range Rover Velar R-Dynamic S,35998,53000,20 city/26 hwy,4-cyl,Turbo Gas,Four Wheel Drive,Automatic,White/Black,2 Owners,No flood or frame damage,No odometer problems,SALYT2EX7NA330126,SUV - Midsize Luxury,Clean,No Issue,No Issue,No Open Recalls,No Issue,No Issue,No CPO Info Available,No Issue
2022,Land,Rover Discovery Sport R-Dynamic SE,32998,28000,19 city/23 hwy,4-cyl,Turbo Gas,Four Wheel Drive,Automatic,Gray/Tan,1 Owner,No flood or frame damage,No odometer problems,SALCL2FX5NH912869,SUV - Midsize Luxury,Clean,No Issue,No Issue,No Open Recalls,No Issue,No Issue,No CPO Info Available,No Issue
2015,Land,Rover Discovery Sport HSE,19998,47000,20 city/26 hwy,4-cyl,Turbo Gas,Four Wheel Drive,Automatic,White/Black,3 Owners,No flood or frame damage,No odometer problems,SALCR2BGXFH512554,SUV - Midsize Luxury,Clean,No Issue,No Issue,No Open Recalls,No Issue,No Issue,No CPO Info Available,No Issue
2019,Land,Rover Range Rover Evoque SE Premium,26998,45000,22 city/29 hwy,4-cyl,Turbo Gas,Four Wheel Drive,Automatic,Black/Taupe,2 Owners,No flood or frame damage,No odometer problems,SALVP2RX6KH348489,CUV - Compact Luxury,Clean,No Issue,No Issue,No Open Recalls,No Issue,No Issue,No CPO Info Available,No Issue
2019,Land,Rover Range Rover Sport HSE,44998,32000,19 city/25 hwy,6-cyl,Turbo Gas,Four Wheel Drive,Automatic,Blue/Gray,1 Owner,No flood or frame damage,No odometer problems,SALWR2RVXKA416752,SUV - Midsize Luxury,Clean,No Issue,No Issue,No Open Recalls,No Issue,No Issue,No CPO Info Available,No Issue
2020,Land,Rover Range Rover HSE,53998,50000,16 city/21 hwy,,,,Automatic,Blue/Black,3 Owners,No flood or frame damage,No odometer problems,SALGS2SE3LA569218,SUV - Large Luxury,Clean,No Issue,No Issue,No Open Recalls,No Issue,No Issue,OEM-Certified,No Issue
2022,Land,Rover Range Rover Velar R-Dynamic S,49998,12000,20 city/26 hwy,4-cyl,Turbo Gas,Four Wheel Drive,Automatic,Gray/Black,1 Owner,No flood or frame damage,No odometer problems,SALYT2EX4NA332805,SUV - Midsize Luxury,Clean,No Issue,No Issue,No Open Recalls,No Issue,No Issue,No CPO Info Available,No Issue
2017,Land,Rover Discovery Sport SE,20998,34000,20 city/25 hwy,4-cyl,Turbo Gas,Four Wheel Drive,Automatic,White/Gray,3 Owners,No flood or frame damage,No odometer problems,SALCP2BG0HH690367,SUV - Midsize Luxury,Clean,No Issue,No Issue,No Open Recalls,No Issue,No Issue,No CPO Info Available,No Issue
2020,Land,Rover Range Rover Evoque R-Dynamic SE,29998,50000,21 city/26 hwy,4-cyl,Turbo Gas,All Wheel Drive,Automatic,Red/Black,1 Owner,No flood or frame damage,No odometer problems,SALZL2GX1LH027042,CUV - Compact Luxury,Clean,No Issue,No Issue,1 Open Recall(s),No Issue,No Issue,No CPO Info Available,No Issue
2019,Land,Rover Range Rover Velar S,31998,48000,21 city/27 hwy,4-cyl,Turbo Gas,Four Wheel Drive,Automatic,Gray/Black,2 Owners,No flood or frame damage,No odometer problems,SALYB2EX9KA216207,SUV - Midsize Luxury,Clean,No Issue,No Issue,No Open Recalls,No Issue,No Issue,No CPO Info Available,No Issue
2020,Land,Rover Range Rover Velar R-Dynamic S,35998,54000,21 city/27 hwy,4-cyl,Turbo Gas,Four Wheel Drive,Automatic,Blue/Cream,1 Owner,No flood or frame damage,No odometer problems,SALYK2EX7LA266041,SUV - Midsize Luxury,Clean,No Issue,No Issue,No Open Recalls,No Issue,No Issue,No CPO Info Available,No Issue
2020,Land,Rover Range Rover Velar S,32998,38000,21 city/27 hwy,4-cyl,Turbo Gas,Four Wheel Drive,Automatic,Gray/Black,2 Owners,No flood or frame damage,No odometer problems,SALYB2EX8LA242587,SUV - Midsize Luxury,Clean,No Issue,No Issue,No Open Recalls,No Issue,No Issue,No CPO Info Available,No Issue
2023,Land,Rover Defender 90 SE,57998,8000,18 city/23 hwy,6-cyl,Turbo Gas,Four Wheel Drive,Automatic,Silver/Brown,1 Owner,No flood or frame damage,No odometer problems,SALEP6EU7P2212112,SUV - Midsize Luxury,Clean,No Issue,No Issue,No Open Recalls,No Issue,No Issue,No CPO Info Available,No Issue
2021,Land,Rover Range Rover Evoque R-Dynamic S,35998,19000,20 city/27 hwy,4-cyl,Turbo Gas,All Wheel Drive,Automatic,Gray/Black,1 Owner,No flood or frame damage,No odometer problems,SALZT2FX2MH138119,CUV - Compact Luxury,Clean,No Issue,No Issue,No Open Recalls,No Issue,No Issue,No CPO Info Available,No Issue
2020,Land,Rover Range Rover Sport HSE,41998,43000,19 city/25 hwy,,,,Automatic,Gray/Cream,1 Owner,No flood or frame damage,No odometer problems,SALWR2SU2LA735159,SUV - Midsize Luxury,Clean,No Issue,Damage Reported,No Open Recalls,No Issue,No Issue,No CPO Info Available,No Issue
2021,Land,Rover Range Rover Velar R-Dynamic S,48998,12000,21 city/27 hwy,,,,Automatic,Black/Black,1 Owner,No flood or frame damage,No odometer problems,SALYT2EX5MA314067,SUV - Midsize Luxury,Clean,No Issue,No Issue,No Open Recalls,No Issue,No Issue,No CPO Info Available,No Issue
2019,Land,Rover Discovery Sport SE,23998,51000,21 city/25 hwy,4-cyl,Turbo Gas,Four Wheel Drive,Automatic,Silver/Black,1 Owner,No flood or frame damage,No odometer problems,SALCP2FX9KH828392,SUV - Midsize Luxury,Clean,No Issue,Damage Reported,No Open Recalls,No Issue,No Issue,No CPO Info Available,No Issue
2020,Land,Rover Range Rover Evoque S,29998,48000,20 city/27 hwy,4-cyl,Turbo Gas,All Wheel Drive,Automatic,Gray/Black,2 Owners,No flood or frame damage,No odometer problems,SALZJ2FX0LH118326,CUV - Compact Luxury,Clean,No Issue,No Issue,No Open Recalls,No Issue,No Issue,No CPO Info Available,No Issue
2018,Land,Rover Range Rover Velar R-Dynamic SE,34998,46000,18 city/24 hwy,,,,Automatic,Black/Black,3 Owners,No flood or frame damage,No odometer problems,SALYL2RV5JA755721,SUV - Midsize Luxury,Clean,No Issue,Damage Reported,No Open Recalls,No Issue,No Issue,No CPO Info Available,No Issue
2020,Land,Rover Discovery Sport S,24998,46000,20 city/27 hwy,4-cyl,Turbo Gas,Four Wheel Drive,Automatic,White/Tan,2 Owners,No flood or frame damage,No odometer problems,SALCJ2FX7LH842178,SUV - Midsize Luxury,Clean,No Issue,No Issue,No Open Recalls,No Issue,No Issue,No CPO Info Available,No Issue
2019,Land,Rover Range Rover Evoque SE,25998,52000,22 city/29 hwy,4-cyl,Turbo Gas,Four Wheel Drive,Automatic,Black/Black,3 Owners,No flood or frame damage,No odometer problems,SALVP2RX1KH345709,CUV - Compact Luxury,Clean,No Issue,No Issue,No Open Recalls,No Issue,No Issue,No CPO Info Available,No Issue
2016,Land,Rover Range Rover Evoque HSE,22998,42000,21 city/30 hwy,4-cyl,Turbo Gas,Four Wheel Drive,Automatic,White/Black,3 Owners,No flood or frame damage,No odometer problems,SALVR2BG7GH093282,CUV - Compact Luxury,Clean,No Issue,No Issue,No Open Recalls,No Issue,No Issue,No CPO Info Available,No Issue
2020,Land,Rover Range Rover Velar R-Dynamic S,38998,49000,21 city/27 hwy,4-cyl,Turbo Gas,Four Wheel Drive,Automatic,White/Black,1 Owner,No flood or frame damage,No odometer problems,SALYK2EX5LA285428,SUV - Midsize Luxury,Clean,No Issue,No Issue,No Open Recalls,No Issue,No Issue,No CPO Info Available,No Issue
