year,make,model,price,mileage,Miles per gallon,cylinders,fuel,Drive type,Transmission,Color,owner,frame_damage,Odometer_problem,VIN,class,State Title Brand,Auction Brand / Issues,Accident / Damage,Open Recall Check,Insurance Loss / Transfer,Odometer Check,Certified Pre-Owned,Service / Repair,Miles per gallon equivalent (MPGe),Range (when new),Time to fully charge battery (240V)
2017,Lincoln,MKX Reserve,24998,36000,16 city/23 hwy,6-cyl,Gas,All Wheel Drive,Automatic,White/Black,2 Owners,No flood or frame damage,No odometer problems,2LMPJ8LR3HBL34764,CUV - Midsize Luxury,Clean,No Issue,No Issue,No Open Recalls,No Issue,No Issue,No CPO Info Available,No Issue,,,
2016,Lincoln,MKZ ,12998,127000,22 city/33 hwy,4-cyl,Turbo Gas,Front Wheel Drive,Automatic,White/Tan,3 Owners,No flood or frame damage,No odometer problems,3LN6L2G95GR625162,Car - Midsize Luxury,Clean,No Issue,Moderate,1 Open Recall(s),No Issue,No Issue,No Recent CPO Reported,No Issue,,,
2018,Lincoln,MKZ Black Label,25998,68000,20 city/28 hwy,6-cyl,Turbo Gas,All Wheel Drive,Automatic,Black/Red,1 Owner,No flood or frame damage,No odometer problems,3LN6L5H90JR618031,Car - Midsize Luxury,Clean,No Issue,No Issue,No Open Recalls,No Issue,No Issue,No CPO Info Available,No Issue,,,
2017,Lincoln,MKC Reserve,22998,29000,19 city/25 hwy,4-cyl,Turbo Gas,All Wheel Drive,Automatic,Gold/Cream,1 Owner,No flood or frame damage,No odometer problems,5LMTJ3DH7HUL12700,CUV - Compact Luxury,Clean,No Issue,No Issue,No Open Recalls,No Issue,No Issue,No CPO Info Available,No Issue,,,
2019,Lincoln,Nautilus Reserve,32998,16000,20 city/25 hwy,4-cyl,Turbo Gas,All Wheel Drive,Automatic,Blue/Tan,1 Owner,No flood or frame damage,No odometer problems,2LMPJ8LP8KBL27976,CUV - Midsize Luxury,Clean,No Issue,No Issue,No Open Recalls,No Issue,No Issue,No CPO Info Available,No Issue,,,
2020,Lincoln,Corsair Reserve,28998,24000,22 city/29 hwy,4-cyl,Turbo Gas,Front Wheel Drive,Automatic,Silver/Tan,2 Owners,No flood or frame damage,No odometer problems,5LMCJ2C98LUL23217,CUV - Midsize Luxury,Clean,No Issue,No Issue,No Open Recalls,No Issue,No Issue,No CPO Info Available,No Issue,,,
2020,Lincoln,Aviator Reserve,42998,38000,17 city/24 hwy,6-cyl,Turbo Gas,All Wheel Drive,Automatic,Blue/Brown,1 Owner,No flood or frame damage,No odometer problems,5LM5J7XC4LGL18994,SUV - Large Luxury,Clean,No Issue,No Issue,1 Open Recall(s),No Issue,No Issue,No CPO Info Available,No Issue,,,
2021,Lincoln,Corsair Reserve,32998,18000,21 city/28 hwy,4-cyl,Turbo Gas,All Wheel Drive,Automatic,Black/Black,2 Owners,No flood or frame damage,No odometer problems,5LMCJ2DH7MUL04102,CUV - Midsize Luxury,Clean,No Issue,No Issue,No Open Recalls,No Issue,No Issue,No CPO Info Available,No Issue,,,
2019,Lincoln,MKZ Reserve,23998,50000,20 city/29 hwy,4-cyl,Turbo Gas,All Wheel Drive,Automatic,Silver/Black,2 Owners,No flood or frame damage,No odometer problems,3LN6L5D9XKR604015,Car - Midsize Luxury,Clean,No Issue,No Issue,No Open Recalls,No Issue,No Issue,No CPO Info Available,No Issue,,,
2019,Lincoln,Navigator L Reserve,42998,74000,16 city/21 hwy,6-cyl,Turbo Gas,Four Wheel Drive,Automatic,Black/Gray,1 Owner,No flood or frame damage,No odometer problems,5LMJJ3LT5KEL15366,SUV - Large Luxury,Clean,No Issue,No Issue,No Open Recalls,No Issue,No Issue,No CPO Info Available,No Issue,,,
2020,Lincoln,MKZ Reserve,27998,19000,20 city/29 hwy,4-cyl,Turbo Gas,All Wheel Drive,Automatic,Blue/Black,3 Owners,No flood or frame damage,No odometer problems,3LN6L5F99LR608362,Car - Midsize Luxury,Clean,No Issue,Minor,No Open Recalls,No Issue,No Issue,OEM-Certified,No Issue,,,
2017,Lincoln,MKZ Select,24998,15000,20 city/28 hwy,4-cyl,Turbo Gas,All Wheel Drive,Automatic,White/Tan,1 Owner,No flood or frame damage,No odometer problems,3LN6L5D99HR644224,Car - Midsize Luxury,Clean,No Issue,Minor,No Open Recalls,No Issue,No Issue,No CPO Info Available,No Issue,,,
2021,Lincoln,Aviator Black Label Grand Touring,44998,53000,,6-cyl,Plug-in Hybrid,All Wheel Drive,,Black/Tan,1 Owner,No flood or frame damage,No odometer problems,5LMYJ9YY5MNL01198,SUV - Large Luxury,Clean,No Issue,No Issue,1 Open Recall(s),No Issue,No Issue,No CPO Info Available,No Issue,54 city/58 hwy,21 miles,3.5 hours
2017,Lincoln,MKZ Hybrid Reserve,18998,75000,,,,,Automatic,White/Black,2 Owners,No flood or frame damage,No odometer problems,3LN6L5MU3HR656843,Car - Midsize Luxury,Clean,No Issue,Damage Reported,No Open Recalls,No Issue,No Issue,No CPO Info Available,No Issue,,,
2017,Lincoln,MKC Reserve,17998,95000,19 city/25 hwy,4-cyl,Turbo Gas,All Wheel Drive,Automatic,White/Tan,4 Owners,No flood or frame damage,No odometer problems,5LMTJ3DH8HUL51649,CUV - Compact Luxury,Clean,No Issue,No Issue,No Open Recalls,No Issue,No Issue,No CPO Info Available,No Issue,,,
2017,Lincoln,MKZ Reserve,16998,82000,20 city/28 hwy,4-cyl,Turbo Gas,All Wheel Drive,Automatic,Burgundy/Tan,2 Owners,No flood or frame damage,No odometer problems,3LN6L5F99HR643877,Car - Midsize Luxury,Clean,No Issue,No Issue,No Open Recalls,No Issue,No Issue,No CPO Info Available,No Issue,,,
2019,Lincoln,MKC Reserve,21998,53000,19 city/25 hwy,,,,Automatic,Red/Tan,1 Owner,No flood or frame damage,No odometer problems,5LMCJ3D92KUL00244,CUV - Compact Luxury,Clean,No Issue,Minor,No Open Recalls,No Issue,No Issue,No CPO Info Available,No Issue,,,
2021,Lincoln,Corsair Reserve,27998,62000,21 city/28 hwy,4-cyl,Turbo Gas,All Wheel Drive,Automatic,Gray/Black,2 Owners,No flood or frame damage,No odometer problems,5LMCJ2DH8MUL10684,CUV - Midsize Luxury,Clean,No Issue,No Issue,No Open Recalls,No Issue,No Issue,No CPO Info Available,No Issue,,,
2020,Lincoln,Aviator Black Label Grand Touring,43998,57000,,,,,Automatic,White/Tan,1 Owner,No flood or frame damage,No odometer problems,5LMYJ9YYXLGL26181,SUV - Large Luxury,Clean,No Issue,No Issue,1 Open Recall(s),No Issue,No Issue,No CPO Info Available,No Issue,,,
2024,Lincoln,Aviator Reserve,58998,11000,17 city/24 hwy,,,,Automatic,Black/Black,1 Owner,No flood or frame damage,No odometer problems,5LM5J7XC4RGL04506,SUV - Large Luxury,Clean,No Issue,No Issue,1 Open Recall(s),No Issue,No Issue,No CPO Info Available,No Issue,,,
2014,Lincoln,MKS ,19998,27000,17 city/25 hwy,6-cyl,Turbo Gas,All Wheel Drive,Automatic,Black/Black,2 Owners,No flood or frame damage,No odometer problems,1LNHL9FT7EG610391,Car - Large Luxury,Clean,No Issue,No Issue,No Open Recalls,No Issue,No Issue,No CPO Info Available,No Issue,,,
2019,Lincoln,MKC ,25998,6000,19 city/25 hwy,4-cyl,Turbo Gas,All Wheel Drive,Automatic,White/Black,1 Owner,No flood or frame damage,No odometer problems,5LMCJ1D94KUL01691,CUV - Compact Luxury,Clean,No Issue,No Issue,No Open Recalls,No Issue,No Issue,No CPO Info Available,No Issue,,,
2020,Lincoln,Corsair Standard,23998,51000,21 city/29 hwy,4-cyl,Turbo Gas,All Wheel Drive,Automatic,White/Black,2 Owners,No flood or frame damage,No odometer problems,5LMCJ1D94LUL01711,CUV - Midsize Luxury,Clean,No Issue,No Issue,No Open Recalls,No Issue,No Issue,No CPO Info Available,No Issue,,,
2022,Lincoln,Corsair Grand Touring,33998,49000,,4-cyl,Plug-in Hybrid,All Wheel Drive,,Black/Black,1 Owner,No flood or frame damage,No odometer problems,5LMTJ5DZ9NUL03724,CUV - Midsize Luxury,Clean,No Issue,No Issue,No Open Recalls,No Issue,No Issue,No CPO Info Available,No Issue,83 city/72 hwy,28 miles,3.5 hours
2017,Lincoln,MKZ Select,18998,51000,21 city/31 hwy,4-cyl,Turbo Gas,Front Wheel Drive,Automatic,White/Tan,2 Owners,No flood or frame damage,No odometer problems,3LN6L5C99HR659260,Car - Midsize Luxury,Clean,No Issue,Moderate,No Open Recalls,No Issue,No Issue,No CPO Info Available,No Issue,,,
2015,Lincoln,MKZ ,17998,53000,22 city/31 hwy,4-cyl,Turbo Gas,All Wheel Drive,Automatic,Gray/Tan,2 Owners,No flood or frame damage,No odometer problems,3LN6L2J96FR616672,Car - Midsize Luxury,Clean,No Issue,No Issue,1 Open Recall(s),No Issue,No Issue,No CPO Info Available,No Issue,,,
2018,Lincoln,MKC Select,17998,80000,19 city/25 hwy,4-cyl,Turbo Gas,All Wheel Drive,Automatic,White/Black,3 Owners,No flood or frame damage,No odometer problems,5LMCJ2D93JUL30099,CUV - Compact Luxury,Clean,No Issue,No Issue,No Open Recalls,No Issue,No Issue,No CPO Info Available,No Issue,,,
2018,Lincoln,MKZ Select,17998,92000,20 city/28 hwy,4-cyl,Turbo Gas,All Wheel Drive,Automatic,Blue/Tan,2 Owners,No flood or frame damage,No odometer problems,3LN6L5D93JR629224,Car - Midsize Luxury,Clean,No Issue,No Issue,No Open Recalls,No Issue,No Issue,No CPO Info Available,No Issue,,,
2020,Lincoln,MKZ Reserve,23998,56000,20 city/31 hwy,4-cyl,Turbo Gas,Front Wheel Drive,Automatic,Black/Gray,1 Owner,No flood or frame damage,No odometer problems,3LN6L5E91LR622841,Car - Midsize Luxury,Clean,No Issue,No Issue,No Open Recalls,No Issue,No Issue,No CPO Info Available,No Issue,,,
2019,Lincoln,Nautilus Reserve,25998,61000,20 city/25 hwy,4-cyl,Turbo Gas,All Wheel Drive,Automatic,Black/Black,1 Owner,No flood or frame damage,No odometer problems,2LMPJ8L91KBL65437,CUV - Midsize Luxury,Clean,No Issue,No Issue,No Open Recalls,No Issue,No Issue,No CPO Info Available,No Issue,,,
2017,Lincoln,MKX Select,17998,73000,16 city/23 hwy,6-cyl,Gas,All Wheel Drive,Automatic,Gray/Black,2 Owners,No flood or frame damage,No odometer problems,2LMPJ8KR3HBL37973,CUV - Midsize Luxury,Clean,No Issue,Minor,No Open Recalls,No Issue,No Issue,No CPO Info Available,No Issue,,,
2019,Lincoln,Nautilus Reserve,28998,45000,20 city/25 hwy,6-cyl,Turbo Gas,All Wheel Drive,Automatic,Black/Black,3 Owners,No flood or frame damage,No odometer problems,2LMPJ8LP8KBL61626,CUV - Midsize Luxury,Clean,No Issue,Moderate,No Open Recalls,No Issue,No Issue,No CPO Info Available,No Issue,,,
2014,Lincoln,MKZ ,14998,95000,22 city/31 hwy,4-cyl,Turbo Gas,All Wheel Drive,Automatic,Black/Black,3 Owners,No flood or frame damage,No odometer problems,3LN6L2J92ER819122,Car - Midsize Luxury,Clean,No Issue,No Issue,1 Open Recall(s),No Issue,No Issue,No CPO Info Available,No Issue,,,
2019,Lincoln,MKC Reserve,24998,31000,19 city/25 hwy,4-cyl,Turbo Gas,All Wheel Drive,Automatic,White/Black,1 Owner,No flood or frame damage,No odometer problems,5LMCJ3D93KUL01368,CUV - Compact Luxury,Clean,No Issue,Damage Reported,No Open Recalls,No Issue,No Issue,No CPO Info Available,No Issue,,,
2022,Lincoln,Aviator Reserve,42998,54000,17 city/24 hwy,6-cyl,Turbo Gas,All Wheel Drive,Automatic,White/Tan,1 Owner,No flood or frame damage,No odometer problems,5LM5J7XC1NGL02934,SUV - Large Luxury,Clean,No Issue,No Issue,2 Open Recall(s),No Issue,No Issue,No CPO Info Available,No Issue,,,
2016,Lincoln,MKZ ,14998,109000,22 city/31 hwy,4-cyl,Turbo Gas,All Wheel Drive,Automatic,Pearl/Tan,3 Owners,No flood or frame damage,No odometer problems,3LN6L2J92GR618467,Car - Midsize Luxury,Clean,No Issue,Damage Reported,No Open Recalls,No Issue,No Issue,No Recent CPO Reported,No Issue,,,
2020,Lincoln,Aviator Standard,36998,27000,17 city/24 hwy,6-cyl,Turbo Gas,All Wheel Drive,Automatic,Gold/Gray,2 Owners,No flood or frame damage,No odometer problems,5LM5J6XC8LGL37865,SUV - Large Luxury,Clean,No Issue,Moderate,1 Open Recall(s),No Issue,No Issue,No CPO Info Available,No Issue,,,
2019,Lincoln,Nautilus Reserve,26998,53000,20 city/25 hwy,4-cyl,Turbo Gas,All Wheel Drive,Automatic,Brown/Black,2 Owners,No flood or frame damage,No odometer problems,2LMPJ8L96KBL35429,CUV - Midsize Luxury,Clean,No Issue,No Issue,No Open Recalls,No Issue,No Issue,No CPO Info Available,No Issue,,,
2020,Lincoln,Corsair Reserve,28998,40000,21 city/29 hwy,4-cyl,Turbo Gas,All Wheel Drive,Automatic,Black/Tan,1 Owner,No flood or frame damage,No odometer problems,5LMCJ2D90LUL21203,CUV - Midsize Luxury,Clean,No Issue,No Issue,No Open Recalls,No Issue,No Issue,No CPO Info Available,No Issue,,,
2020,Lincoln,Aviator Reserve,37998,43000,17 city/24 hwy,6-cyl,Turbo Gas,All Wheel Drive,Automatic,Tan/Tan,2 Owners,No flood or frame damage,No odometer problems,5LM5J7XC2LGL12580,SUV - Large Luxury,Clean,No Issue,Damage Reported,1 Open Recall(s),No Issue,No Issue,OEM-Certified,No Issue,,,
2020,Lincoln,MKZ Standard,19998,72000,20 city/31 hwy,4-cyl,Turbo Gas,Front Wheel Drive,Automatic,Silver/Black,2 Owners,No flood or frame damage,No odometer problems,3LN6L5A97LR614037,Car - Midsize Luxury,Clean,No Issue,Damage Reported,No Open Recalls,No Issue,No Issue,No CPO Info Available,No Issue,,,
2020,Lincoln,Corsair Reserve,29998,30000,21 city/29 hwy,4-cyl,Turbo Gas,All Wheel Drive,Automatic,Gray/Black,1 Owner,No flood or frame damage,No odometer problems,5LMCJ2D91LUL14440,CUV - Midsize Luxury,Clean,No Issue,No Issue,1 Open Recall(s),No Issue,No Issue,No CPO Info Available,No Issue,,,
2021,Lincoln,Aviator Standard,39998,27000,17 city/24 hwy,6-cyl,Turbo Gas,All Wheel Drive,Automatic,White/Black,1 Owner,No flood or frame damage,No odometer problems,5LM5J6XC9MGL07257,SUV - Large Luxury,Clean,No Issue,No Issue,1 Open Recall(s),No Issue,No Issue,No CPO Info Available,No Issue,,,
2021,Lincoln,Corsair Standard,28998,22000,21 city/29 hwy,4-cyl,Turbo Gas,All Wheel Drive,Automatic,Tan/Cream,1 Owner,No flood or frame damage,No odometer problems,5LMCJ1D91MUL21156,CUV - Midsize Luxury,Clean,No Issue,No Issue,No Open Recalls,No Issue,No Issue,No CPO Info Available,No Issue,,,
2021,Lincoln,Nautilus Standard,27998,34000,20 city/25 hwy,4-cyl,Turbo Gas,All Wheel Drive,Automatic,Gray/Black,1 Owner,No flood or frame damage,No odometer problems,2LMPJ8J97MBL09069,CUV - Midsize Luxury,Clean,No Issue,Minor,No Open Recalls,No Issue,No Issue,No CPO Info Available,No Issue,,,
2020,Lincoln,Corsair Standard,27998,39000,21 city/29 hwy,4-cyl,Turbo Gas,All Wheel Drive,Automatic,Tan/Tan,2 Owners,No flood or frame damage,No odometer problems,5LMCJ1D98LUL18172,CUV - Midsize Luxury,Clean,No Issue,No Issue,1 Open Recall(s),No Issue,No Issue,No CPO Info Available,No Issue,,,
2016,Lincoln,MKZ ,17998,79000,22 city/31 hwy,4-cyl,Turbo Gas,All Wheel Drive,Automatic,Black/Brown,2 Owners,No flood or frame damage,No odometer problems,3LN6L2J98GR614794,Car - Midsize Luxury,Clean,No Issue,No Issue,No Open Recalls,No Issue,No Issue,No CPO Info Available,No Issue,,,
2019,Lincoln,Nautilus Reserve,27998,42000,20 city/25 hwy,6-cyl,Turbo Gas,All Wheel Drive,Automatic,Blue/Tan,2 Owners,No flood or frame damage,No odometer problems,2LMPJ8LP2KBL15791,CUV - Midsize Luxury,Clean,No Issue,No Issue,No Open Recalls,No Issue,No Issue,No CPO Info Available,No Issue,,,
2020,Lincoln,Corsair Reserve,30998,28000,21 city/29 hwy,4-cyl,Turbo Gas,All Wheel Drive,Automatic,Gray/Black,2 Owners,No flood or frame damage,No odometer problems,5LMCJ2DH9LUL09509,CUV - Midsize Luxury,Clean,No Issue,No Issue,1 Open Recall(s),No Issue,No Issue,No CPO Info Available,No Issue,,,
2015,Lincoln,MKS ,17998,63000,18 city/26 hwy,,,,Automatic,White/Champagne,2 Owners,No flood or frame damage,No odometer problems,1LNHL9EK5FG608858,Car - Large Luxury,Clean,No Issue,No Issue,No Open Recalls,No Issue,No Issue,No CPO Info Available,No Issue,,,
2019,Lincoln,Nautilus Select,26998,35000,20 city/25 hwy,4-cyl,Turbo Gas,All Wheel Drive,Automatic,Burgundy/Tan,1 Owner,No flood or frame damage,No odometer problems,2LMPJ8K99KBL13538,CUV - Midsize Luxury,Clean,No Issue,No Issue,No Open Recalls,No Issue,No Issue,No CPO Info Available,No Issue,,,
2022,Lincoln,Corsair Standard,24998,61000,22 city/29 hwy,4-cyl,Turbo Gas,Front Wheel Drive,Automatic,Gray/Black,1 Owner,No flood or frame damage,No odometer problems,5LMCJ1C91NUL10435,CUV - Midsize Luxury,Clean,No Issue,No Issue,No Open Recalls,No Issue,No Issue,No CPO Info Available,No Issue,,,
2020,Lincoln,Corsair Reserve,26998,61000,21 city/29 hwy,4-cyl,Turbo Gas,All Wheel Drive,Automatic,White/Black,1 Owner,No flood or frame damage,No odometer problems,5LMCJ2DH1LUL09133,CUV - Midsize Luxury,Clean,No Issue,Damage Reported,No Open Recalls,No Issue,No Issue,No CPO Info Available,No Issue,,,
2017,Lincoln,MKZ Select,17998,91000,21 city/31 hwy,4-cyl,Turbo Gas,Front Wheel Drive,Automatic,Black/Black,2 Owners,No flood or frame damage,No odometer problems,3LN6L5C98HR615069,Car - Midsize Luxury,Clean,No Issue,No Issue,No Open Recalls,No Issue,No Issue,No CPO Info Available,No Issue,,,
2015,Lincoln,MKZ Hybrid ,14998,103000,41 city/39 hwy,4-cyl,Hybrid,Front Wheel Drive,Automatic,Red/Tan,1 Owner,No flood or frame damage,No odometer problems,3LN6L2LU5FR607124,Car - Midsize Luxury,Clean,No Issue,No Issue,No Open Recalls,No Issue,No Issue,No CPO Info Available,No Issue,,,
2021,Lincoln,Corsair Standard,27998,38000,22 city/29 hwy,4-cyl,Turbo Gas,Front Wheel Drive,Automatic,Black/Tan,1 Owner,No flood or frame damage,No odometer problems,5LMCJ1C92MUL01130,CUV - Midsize Luxury,Clean,No Issue,No Issue,No Open Recalls,No Issue,No Issue,No CPO Info Available,No Issue,,,
2020,Lincoln,Nautilus Reserve,32998,37000,20 city/25 hwy,6-cyl,Turbo Gas,All Wheel Drive,Automatic,Pearl/Brown,1 Owner,No flood or frame damage,No odometer problems,2LMPJ8KP4LBL29646,CUV - Midsize Luxury,Clean,No Issue,No Issue,No Open Recalls,No Issue,No Issue,No CPO Info Available,No Issue,,,
2022,Lincoln,Aviator Reserve,50998,21000,17 city/24 hwy,6-cyl,Turbo Gas,All Wheel Drive,Automatic,Silver/Brown,1 Owner,No flood or frame damage,No odometer problems,5LM5J7XC6NGL08860,SUV - Large Luxury,Clean,No Issue,No Issue,2 Open Recall(s),No Issue,No Issue,No CPO Info Available,No Issue,,,
2021,Lincoln,Corsair Reserve,34998,16000,21 city/29 hwy,4-cyl,Turbo Gas,All Wheel Drive,Automatic,Burgundy/Black,1 Owner,No flood or frame damage,No odometer problems,5LMCJ2D92MUL17154,CUV - Midsize Luxury,Clean,No Issue,No Issue,2 Open Recall(s),No Issue,No Issue,No CPO Info Available,No Issue,,,
2017,Lincoln,MKC Select,19998,41000,21 city/28 hwy,4-cyl,Turbo Gas,Front Wheel Drive,Automatic,Gray/Black,2 Owners,No flood or frame damage,No odometer problems,5LMCJ2C93HUL33452,CUV - Compact Luxury,Clean,No Issue,Minor,No Open Recalls,No Issue,No Issue,No CPO Info Available,No Issue,,,
2020,Lincoln,Aviator Reserve,36998,64000,17 city/24 hwy,6-cyl,Turbo Gas,All Wheel Drive,Automatic,Black/Black,1 Owner,No flood or frame damage,No odometer problems,5LM5J7XC5LGL32435,SUV - Large Luxury,Clean,No Issue,No Issue,1 Open Recall(s),No Issue,No Issue,No CPO Info Available,No Issue,,,
2023,Lincoln,Corsair Reserve,38998,10000,22 city/30 hwy,4-cyl,Turbo Gas,Front Wheel Drive,Automatic,White/Red,1 Owner,No flood or frame damage,No odometer problems,5LMCJ2CA8PUL01427,CUV - Midsize Luxury,Clean,No Issue,Minor-Moderate,No Open Recalls,No Issue,No Issue,No CPO Info Available,No Issue,,,
2022,Lincoln,Corsair Reserve,28998,38000,22 city/29 hwy,4-cyl,Turbo Gas,Front Wheel Drive,Automatic,Gray/Tan,1 Owner,No flood or frame damage,No odometer problems,5LMCJ1C98NUL00758,CUV - Midsize Luxury,Clean,No Issue,No Issue,No Open Recalls,No Issue,No Issue,No CPO Info Available,No Issue,,,
2022,Lincoln,Corsair Standard,33998,5000,22 city/29 hwy,4-cyl,Turbo Gas,Front Wheel Drive,Automatic,Blue/Cream,1 Owner,No flood or frame damage,No odometer problems,5LMCJ1C9XNUL03712,CUV - Midsize Luxury,Clean,No Issue,Moderate,No Open Recalls,No Issue,No Issue,No CPO Info Available,No Issue,,,
2014,Lincoln,MKZ Hybrid ,13998,117000,38 city/37 hwy,4-cyl,Hybrid,Front Wheel Drive,Automatic,Blue/Cream,1 Owner,No flood or frame damage,No odometer problems,3LN6L2LU0ER805110,Car - Midsize Luxury,Clean,No Issue,No Issue,No Open Recalls,No Issue,No Issue,No CPO Info Available,No Issue,,,
2017,Lincoln,MKC Select,17998,64000,21 city/28 hwy,4-cyl,Turbo Gas,Front Wheel Drive,Automatic,Burgundy/Tan,1 Owner,No flood or frame damage,No odometer problems,5LMCJ2C9XHUL02246,CUV - Compact Luxury,Clean,No Issue,Minor-Moderate,No Open Recalls,No Issue,No Issue,No CPO Info Available,No Issue,,,
2019,Lincoln,MKC Select,21998,50000,19 city/25 hwy,4-cyl,Turbo Gas,All Wheel Drive,Automatic,Red/Brown,4 Owners,No flood or frame damage,No odometer problems,5LMCJ2D97KUL34139,CUV - Compact Luxury,Clean,No Issue,Minor,No Open Recalls,No Issue,No Issue,No Recent CPO Reported,No Issue,,,
2019,Lincoln,MKZ Reserve,21998,64000,20 city/29 hwy,4-cyl,Turbo Gas,All Wheel Drive,Automatic,Silver/Black,1 Owner,No flood or frame damage,No odometer problems,3LN6L5D94KR627189,Car - Midsize Luxury,Clean,No Issue,Minor,No Open Recalls,No Issue,No Issue,No CPO Info Available,No Issue,,,
2020,Lincoln,Aviator Reserve,38998,48000,17 city/24 hwy,6-cyl,Turbo Gas,All Wheel Drive,Automatic,Tan/Cream,2 Owners,No flood or frame damage,No odometer problems,5LM5J7XC7LGL37183,SUV - Large Luxury,Clean,No Issue,No Issue,1 Open Recall(s),No Issue,No Issue,No CPO Info Available,No Issue,,,
2021,Lincoln,Aviator Grand Touring,45998,29000,,6-cyl,Plug-in Hybrid,All Wheel Drive,,White/Black,1 Owner,No flood or frame damage,No odometer problems,5LMYJ8XY5MNL00693,SUV - Large Luxury,Clean,No Issue,No Issue,1 Open Recall(s),No Issue,No Issue,No CPO Info Available,No Issue,54 city/58 hwy,21 miles,3.5 hours
2020,Lincoln,Corsair Reserve,27998,39000,22 city/29 hwy,4-cyl,Turbo Gas,Front Wheel Drive,Automatic,Gold/Tan,2 Owners,No flood or frame damage,No odometer problems,5LMCJ2C90LUL12633,CUV - Midsize Luxury,Clean,No Issue,No Issue,No Open Recalls,No Issue,No Issue,No CPO Info Available,No Issue,,,
2020,Lincoln,Corsair Standard,27998,25000,21 city/29 hwy,4-cyl,Turbo Gas,All Wheel Drive,Automatic,Brown/Black,1 Owner,No flood or frame damage,No odometer problems,5LMCJ1D91LUL04307,CUV - Midsize Luxury,Clean,No Issue,No Issue,No Open Recalls,No Issue,No Issue,No CPO Info Available,No Issue,,,
2020,Lincoln,Aviator Reserve,38998,49000,17 city/24 hwy,6-cyl,Turbo Gas,All Wheel Drive,Automatic,Black/Black,2 Owners,No flood or frame damage,No odometer problems,5LM5J7XC3LGL34488,SUV - Large Luxury,Clean,No Issue,No Issue,1 Open Recall(s),No Issue,No Issue,No CPO Info Available,No Issue,,,
2021,Lincoln,Aviator Standard,36998,37000,17 city/24 hwy,6-cyl,Turbo Gas,All Wheel Drive,Automatic,Gray/Black,1 Owner,No flood or frame damage,No odometer problems,5LM5J6XC9MGL18176,SUV - Large Luxury,Clean,No Issue,No Issue,2 Open Recall(s),No Issue,No Issue,No CPO Info Available,No Issue,,,
2019,Lincoln,Nautilus Select,27998,38000,20 city/25 hwy,4-cyl,Turbo Gas,All Wheel Drive,Automatic,Brown/Tan,3 Owners,No flood or frame damage,No odometer problems,2LMPJ8K90KBL57511,CUV - Midsize Luxury,Clean,No Issue,Damage Reported,No Open Recalls,No Issue,No Issue,No CPO Info Available,No Issue,,,
2019,Lincoln,Navigator Reserve,50998,30000,16 city/21 hwy,6-cyl,Turbo Gas,Four Wheel Drive,Automatic,Black/Brown,1 Owner,No flood or frame damage,No odometer problems,5LMJJ2LT1KEL22535,SUV - Large Luxury,Clean,No Issue,No Issue,1 Open Recall(s),No Issue,No Issue,No CPO Info Available,No Issue,,,
2019,Lincoln,MKC Reserve,23998,35000,20 city/27 hwy,4-cyl,Turbo Gas,Front Wheel Drive,Automatic,Blue/Cream,1 Owner,No flood or frame damage,No odometer problems,5LMCJ3C92KUL31561,CUV - Compact Luxury,Clean,No Issue,No Issue,No Open Recalls,No Issue,No Issue,No CPO Info Available,No Issue,,,
2023,Lincoln,Aviator Reserve,44998,50000,18 city/26 hwy,6-cyl,Turbo Gas,Rear Wheel Drive,Automatic,Blue/Tan,1 Owner,No flood or frame damage,No odometer problems,5LM5J7WC9PGL05049,SUV - Large Luxury,Clean,No Issue,No Issue,2 Open Recall(s),No Issue,No Issue,No CPO Info Available,No Issue,,,
2017,Lincoln,MKX Reserve,21998,60000,16 city/23 hwy,6-cyl,Gas,All Wheel Drive,Automatic,Gold/Cream,2 Owners,No flood or frame damage,No odometer problems,2LMPJ8LR7HBL37943,CUV - Midsize Luxury,Clean,No Issue,No Issue,1 Open Recall(s),No Issue,No Issue,No CPO Info Available,No Issue,,,
2016,Lincoln,MKX Reserve,18998,83000,16 city/23 hwy,6-cyl,Gas,All Wheel Drive,Automatic,Red/Tan,4 Owners,No flood or frame damage,No odometer problems,2LMTJ8LR5GBL43849,CUV - Midsize Luxury,Clean,No Issue,Moderate,No Open Recalls,No Issue,No Issue,No Recent CPO Reported,No Issue,,,
2022,Lincoln,Nautilus Reserve,33998,46000,21 city/29 hwy,4-cyl,Turbo Gas,All Wheel Drive,Automatic,Black/Black,1 Owner,No flood or frame damage,No odometer problems,2LMPJ8K92NBL09402,CUV - Midsize Luxury,Clean,No Issue,No Issue,1 Open Recall(s),No Issue,No Issue,No CPO Info Available,No Issue,,,
2022,Lincoln,Nautilus Reserve,36998,30000,22 city/29 hwy,4-cyl,Turbo Gas,Front Wheel Drive,Automatic,Tan/Brown,1 Owner,No flood or frame damage,No odometer problems,2LMPJ6K99NBL13564,CUV - Midsize Luxury,Clean,No Issue,Moderate,1 Open Recall(s),No Issue,No Issue,No CPO Info Available,No Issue,,,
2016,Lincoln,MKZ ,13998,106000,22 city/33 hwy,,,,Automatic,Silver/Black,2 Owners,No flood or frame damage,No odometer problems,3LN6L2G97GR622067,Car - Midsize Luxury,Clean,No Issue,No Issue,2 Open Recall(s),No Issue,No Issue,No CPO Info Available,No Issue,,,
2022,Lincoln,Aviator Reserve,40998,41000,17 city/24 hwy,6-cyl,Turbo Gas,All Wheel Drive,Automatic,Tan/Black,1 Owner,No flood or frame damage,No odometer problems,5LM5J7XC0NGL07395,SUV - Large Luxury,Clean,No Issue,No Issue,2 Open Recall(s),No Issue,No Issue,No CPO Info Available,No Issue,,,
2022,Lincoln,Corsair Standard,32998,13000,21 city/28 hwy,4-cyl,Turbo Gas,All Wheel Drive,Automatic,Silver/Black,1 Owner,No flood or frame damage,No odometer problems,5LMCJ1D91NUL24348,CUV - Midsize Luxury,Clean,No Issue,Damage Reported,No Open Recalls,No Issue,No Issue,No CPO Info Available,No Issue,,,
2016,Lincoln,MKX Reserve,17998,83000,17 city/26 hwy,6-cyl,Gas,Front Wheel Drive,Automatic,Silver/Black,4 Owners,No flood or frame damage,No odometer problems,2LMTJ6LR1GBL48504,CUV - Midsize Luxury,Clean,No Issue,No Issue,No Open Recalls,No Issue,No Issue,No CPO Info Available,No Issue,,,
2013,Lincoln,MKZ ,14998,89000,22 city/33 hwy,4-cyl,Turbo Gas,Front Wheel Drive,Automatic,Red/Black,1 Owner,No flood or frame damage,No odometer problems,3LN6L2G95DR821601,Car - Midsize Luxury,Clean,No Issue,No Issue,2 Open Recall(s),No Issue,No Issue,No CPO Info Available,No Issue,,,
2016,Lincoln,MKX Reserve,19998,68000,16 city/23 hwy,6-cyl,Turbo Gas,All Wheel Drive,Automatic,Red/Tan,2 Owners,No flood or frame damage,No odometer problems,2LMPJ8LP4GBL38903,CUV - Midsize Luxury,Clean,No Issue,No Issue,1 Open Recall(s),No Issue,No Issue,No CPO Info Available,No Issue,,,
2016,Lincoln,MKX Reserve,23998,35000,16 city/23 hwy,6-cyl,Gas,All Wheel Drive,Automatic,Black/Black,3 Owners,No flood or frame damage,No odometer problems,2LMTJ8LR2GBL71284,CUV - Midsize Luxury,Clean,No Issue,No Issue,2 Open Recall(s),No Issue,No Issue,No CPO Info Available,No Issue,,,
2019,Lincoln,MKC Reserve,21998,56000,20 city/27 hwy,4-cyl,Turbo Gas,Front Wheel Drive,Automatic,White/Tan,2 Owners,No flood or frame damage,No odometer problems,5LMCJ3C98KUL33816,CUV - Compact Luxury,Clean,No Issue,No Issue,No Open Recalls,No Issue,No Issue,No CPO Info Available,No Issue,,,
2020,Lincoln,Nautilus Standard,27998,27000,20 city/25 hwy,4-cyl,Turbo Gas,All Wheel Drive,Automatic,Brown/Cream,1 Owner,No flood or frame damage,No odometer problems,2LMPJ8J91LBL12385,CUV - Midsize Luxury,Clean,No Issue,No Issue,No Open Recalls,No Issue,No Issue,No CPO Info Available,No Issue,,,
2021,Lincoln,Corsair Standard,26998,40000,21 city/29 hwy,4-cyl,Turbo Gas,All Wheel Drive,Automatic,Black/Gray,1 Owner,No flood or frame damage,No odometer problems,5LMCJ1D92MUL11395,CUV - Midsize Luxury,Clean,No Issue,No Issue,No Open Recalls,No Issue,No Issue,No CPO Info Available,No Issue,,,
2020,Lincoln,Aviator Reserve,32998,79000,18 city/26 hwy,6-cyl,Turbo Gas,Rear Wheel Drive,Automatic,Red/Tan,3 Owners,No flood or frame damage,No odometer problems,5LM5J7WC8LGL16571,SUV - Large Luxury,Clean,No Issue,No Issue,3 Open Recall(s),No Issue,No Issue,No CPO Info Available,No Issue,,,
2023,Lincoln,Corsair Standard,32998,9000,22 city/30 hwy,4-cyl,Turbo Gas,Front Wheel Drive,Automatic,Black/Gray,1 Owner,No flood or frame damage,No odometer problems,5LMCJ1CA1PUL19066,CUV - Midsize Luxury,Clean,No Issue,No Issue,No Open Recalls,No Issue,No Issue,No CPO Info Available,No Issue,,,
2019,Lincoln,Nautilus Reserve,27998,39000,20 city/25 hwy,6-cyl,Turbo Gas,All Wheel Drive,Automatic,Silver/Black,1 Owner,No flood or frame damage,No odometer problems,2LMPJ8LP8KBL12393,CUV - Midsize Luxury,Clean,No Issue,No Issue,No Open Recalls,No Issue,No Issue,No CPO Info Available,No Issue,,,
2020,Lincoln,Corsair Reserve,27998,28000,22 city/29 hwy,4-cyl,Turbo Gas,Front Wheel Drive,Automatic,Black/Tan,2 Owners,No flood or frame damage,No odometer problems,5LMCJ2C95LUL09081,CUV - Midsize Luxury,Clean,No Issue,Minor,1 Open Recall(s),No Issue,No Issue,OEM-Certified,No Issue,,,
2021,Lincoln,Corsair Standard,30998,15000,21 city/29 hwy,4-cyl,Turbo Gas,All Wheel Drive,Automatic,White/Tan,1 Owner,No flood or frame damage,No odometer problems,5LMCJ1D90MUL28311,CUV - Midsize Luxury,Clean,No Issue,No Issue,No Open Recalls,No Issue,No Issue,No CPO Info Available,No Issue,,,
2020,Lincoln,Aviator Reserve,40998,28000,18 city/26 hwy,6-cyl,Turbo Gas,Rear Wheel Drive,Automatic,White/Tan,2 Owners,No flood or frame damage,No odometer problems,5LM5J7WC0LGL30304,SUV - Large Luxury,Clean,No Issue,No Issue,3 Open Recall(s),No Issue,No Issue,No CPO Info Available,No Issue,,,
2018,Lincoln,MKX Reserve,18998,86000,17 city/25 hwy,6-cyl,Gas,Front Wheel Drive,Automatic,Blue/Gray,2 Owners,No flood or frame damage,No odometer problems,2LMPJ6LRXJBL43228,CUV - Midsize Luxury,Clean,No Issue,No Issue,No Open Recalls,No Issue,No Issue,No CPO Info Available,No Issue,,,
2021,Lincoln,Corsair Standard,28998,39000,22 city/29 hwy,4-cyl,Turbo Gas,Front Wheel Drive,Automatic,White/Tan,1 Owner,No flood or frame damage,No odometer problems,5LMCJ1C99MUL00847,CUV - Midsize Luxury,Clean,No Issue,No Issue,No Open Recalls,No Issue,No Issue,No CPO Info Available,No Issue,,,
2018,Lincoln,MKX Reserve,20998,60000,17 city/25 hwy,6-cyl,Gas,Front Wheel Drive,Automatic,Black/Black,2 Owners,No flood or frame damage,No odometer problems,2LMPJ6LR8JBL23446,CUV - Midsize Luxury,Clean,No Issue,Minor,No Open Recalls,No Issue,No Issue,No CPO Info Available,No Issue,,,
2022,Lincoln,Corsair Standard,29998,13000,22 city/29 hwy,4-cyl,Turbo Gas,Front Wheel Drive,Automatic,Gray/Black,2 Owners,No flood or frame damage,No odometer problems,5LMCJ1C95NUL07912,CUV - Midsize Luxury,Clean,No Issue,No Issue,No Open Recalls,No Issue,No Issue,OEM-Certified,No Issue,,,
2017,Lincoln,MKC Reserve,18998,80000,19 city/25 hwy,4-cyl,Turbo Gas,All Wheel Drive,Automatic,Gray/Tan,3 Owners,No flood or frame damage,No odometer problems,5LMCJ3D9XHUL19066,CUV - Compact Luxury,Clean,No Issue,No Issue,No Open Recalls,No Issue,No Issue,No CPO Info Available,No Issue,,,
2019,Lincoln,Nautilus Reserve,29998,23000,21 city/26 hwy,4-cyl,Turbo Gas,Front Wheel Drive,Automatic,White/Tan,2 Owners,No flood or frame damage,No odometer problems,2LMPJ6L94KBL35157,CUV - Midsize Luxury,Clean,No Issue,No Issue,No Open Recalls,No Issue,No Issue,No CPO Info Available,No Issue,,,
2020,Lincoln,Aviator Reserve,40998,35000,18 city/26 hwy,6-cyl,Turbo Gas,Rear Wheel Drive,Automatic,Silver/Gray,1 Owner,No flood or frame damage,No odometer problems,5LM5J7WC9LGL35131,SUV - Large Luxury,Clean,No Issue,No Issue,2 Open Recall(s),No Issue,No Issue,No CPO Info Available,No Issue,,,
2021,Lincoln,Aviator Reserve,42998,44000,17 city/24 hwy,6-cyl,Turbo Gas,All Wheel Drive,Automatic,Black/Black,1 Owner,No flood or frame damage,No odometer problems,5LM5J7XC2MGL08319,SUV - Large Luxury,Clean,No Issue,No Issue,2 Open Recall(s),No Issue,No Issue,No CPO Info Available,No Issue,,,
2021,Lincoln,Nautilus Reserve,33998,39000,21 city/26 hwy,4-cyl,Turbo Gas,Front Wheel Drive,Automatic,Pearl/Cream,1 Owner,No flood or frame damage,No odometer problems,2LMPJ6K97MBL07356,CUV - Midsize Luxury,Clean,No Issue,Damage Reported,No Open Recalls,No Issue,No Issue,No CPO Info Available,No Issue,,,
2015,Lincoln,MKZ ,16998,75000,22 city/31 hwy,4-cyl,Turbo Gas,All Wheel Drive,Automatic,Black/Black,2 Owners,No flood or frame damage,No odometer problems,3LN6L2J94FR601779,Car - Midsize Luxury,Clean,No Issue,No Issue,1 Open Recall(s),No Issue,No Issue,No CPO Info Available,No Issue,,,
2020,Lincoln,Corsair Reserve,24998,50000,22 city/29 hwy,4-cyl,Turbo Gas,Front Wheel Drive,Automatic,Gray/Black,1 Owner,No flood or frame damage,No odometer problems,5LMCJ1C90LUL23528,CUV - Midsize Luxury,Clean,No Issue,No Issue,No Open Recalls,No Issue,No Issue,No CPO Info Available,No Issue,,,
2023,Lincoln,Aviator Reserve,52998,26000,18 city/26 hwy,6-cyl,Turbo Gas,Rear Wheel Drive,Automatic,White/Brown,2 Owners,No flood or frame damage,No odometer problems,5LM5J7WC3PGL08657,SUV - Large Luxury,Clean,No Issue,No Issue,1 Open Recall(s),No Issue,No Issue,No CPO Info Available,No Issue,,,
2022,Lincoln,Aviator Reserve,39998,40000,18 city/26 hwy,6-cyl,Turbo Gas,Rear Wheel Drive,Automatic,Blue/Brown,3 Owners,No flood or frame damage,No odometer problems,5LM5J7WC5NGL09029,SUV - Large Luxury,Clean,No Issue,No Issue,3 Open Recall(s),No Issue,No Issue,No CPO Info Available,No Issue,,,
2022,Lincoln,Corsair Standard,30998,16000,22 city/29 hwy,4-cyl,Turbo Gas,Front Wheel Drive,Automatic,Gray/Champagne,1 Owner,No flood or frame damage,No odometer problems,5LMCJ1C99NUL06164,CUV - Midsize Luxury,Clean,No Issue,No Issue,No Open Recalls,No Issue,No Issue,No CPO Info Available,No Issue,,,
2020,Lincoln,Aviator Black Label,45998,32000,17 city/24 hwy,6-cyl,Turbo Gas,All Wheel Drive,Automatic,Gray/Brown,1 Owner,No flood or frame damage,No odometer problems,5LM5J9XC0LGL09009,SUV - Large Luxury,Clean,No Issue,Damage Reported,1 Open Recall(s),No Issue,No Issue,No CPO Info Available,No Issue,,,
2020,Lincoln,Corsair Standard,27998,36000,21 city/29 hwy,4-cyl,Turbo Gas,All Wheel Drive,Automatic,Black/Black,2 Owners,No flood or frame damage,No odometer problems,5LMCJ1D91LUL27568,CUV - Midsize Luxury,Clean,No Issue,Moderate,No Open Recalls,No Issue,No Issue,No CPO Info Available,No Issue,,,
2018,Lincoln,Navigator L Black Label,46998,62000,16 city/21 hwy,6-cyl,Turbo Gas,Four Wheel Drive,Automatic,Blue/Gray,2 Owners,No flood or frame damage,No odometer problems,5LMJJ3TT8JEL12640,SUV - Large Luxury,Clean,No Issue,No Issue,1 Open Recall(s),No Issue,No Issue,No CPO Info Available,No Issue,,,
2019,Lincoln,Nautilus Reserve,24998,69000,20 city/25 hwy,6-cyl,Turbo Gas,All Wheel Drive,Automatic,Gray/Black,2 Owners,No flood or frame damage,No odometer problems,2LMPJ8LP3KBL37525,CUV - Midsize Luxury,Clean,No Issue,Moderate,No Open Recalls,No Issue,No Issue,No CPO Info Available,No Issue,,,
2020,Lincoln,Nautilus Reserve,31998,28000,21 city/26 hwy,4-cyl,Turbo Gas,Front Wheel Drive,Automatic,Tan/Champagne,2 Owners,No flood or frame damage,No odometer problems,2LMPJ6K93LBL10074,CUV - Midsize Luxury,Clean,No Issue,No Issue,No Open Recalls,No Issue,No Issue,No CPO Info Available,No Issue,,,
2014,Lincoln,MKX ,15998,88000,18 city/26 hwy,6-cyl,Gas,Front Wheel Drive,Automatic,Silver/Black,2 Owners,No flood or frame damage,No odometer problems,2LMDJ6JK9EBL19601,CUV - Midsize Luxury,Clean,No Issue,No Issue,No Open Recalls,No Issue,No Issue,No CPO Info Available,No Issue,,,
2018,Lincoln,MKX Reserve,25998,35000,17 city/25 hwy,6-cyl,Gas,Front Wheel Drive,Automatic,Black/Black,1 Owner,No flood or frame damage,No odometer problems,2LMPJ6LR2JBL47757,CUV - Midsize Luxury,Clean,No Issue,No Issue,No Open Recalls,No Issue,No Issue,No CPO Info Available,No Issue,,,
2020,Lincoln,Nautilus Reserve,34998,18000,20 city/25 hwy,4-cyl,Turbo Gas,All Wheel Drive,Automatic,White/Tan,1 Owner,No flood or frame damage,No odometer problems,2LMPJ8K98LBL27321,CUV - Midsize Luxury,Clean,No Issue,No Issue,No Open Recalls,No Issue,No Issue,No CPO Info Available,No Issue,,,
2015,Lincoln,MKZ ,15998,77000,22 city/31 hwy,6-cyl,Gas,All Wheel Drive,Automatic,Black/Brown,1 Owner,No flood or frame damage,No odometer problems,3LN6L2JK4FR615376,Car - Midsize Luxury,Clean,No Issue,No Issue,1 Open Recall(s),No Issue,No Issue,No CPO Info Available,No Issue,,,
2020,Lincoln,Nautilus Reserve,35998,15000,20 city/25 hwy,4-cyl,Turbo Gas,All Wheel Drive,Automatic,White/Tan,3 Owners,No flood or frame damage,No odometer problems,2LMPJ8K92LBL09557,CUV - Midsize Luxury,Clean,No Issue,No Issue,No Open Recalls,No Issue,No Issue,OEM-Certified,No Issue,,,
2020,Lincoln,Aviator Reserve,35998,36000,18 city/26 hwy,6-cyl,Turbo Gas,Rear Wheel Drive,Automatic,White/Black,2 Owners,No flood or frame damage,No odometer problems,5LM5J7WC0LGL01689,SUV - Large Luxury,Clean,No Issue,No Issue,1 Open Recall(s),No Issue,No Issue,No CPO Info Available,No Issue,,,
2015,Lincoln,MKC ,19998,58000,19 city/26 hwy,4-cyl,Turbo Gas,All Wheel Drive,Automatic,Red/Brown,1 Owner,No flood or frame damage,No odometer problems,5LMTJ2AH2FUJ25411,CUV - Compact Luxury,Clean,No Issue,Moderate,No Open Recalls,No Issue,No Issue,No CPO Info Available,No Issue,,,
2019,Lincoln,MKZ Hybrid ,18998,82000,42 city/39 hwy,4-cyl,Hybrid,Front Wheel Drive,Automatic,Black/Black,2 Owners,No flood or frame damage,No odometer problems,3LN6L5KU6KR623510,Car - Midsize Luxury,Clean,No Issue,Damage Reported,No Open Recalls,No Issue,No Issue,No CPO Info Available,No Issue,,,
2022,Lincoln,Corsair Reserve,29998,30000,22 city/29 hwy,4-cyl,Turbo Gas,Front Wheel Drive,Automatic,Black/Black,2 Owners,No flood or frame damage,No odometer problems,5LMCJ2C96NUL30069,CUV - Midsize Luxury,Clean,No Issue,No Issue,No Open Recalls,No Issue,No Issue,No CPO Info Available,No Issue,,,
2018,Lincoln,Navigator Black Label,46998,62000,16 city/21 hwy,6-cyl,Turbo Gas,Four Wheel Drive,Automatic,Burgundy/Burgundy,2 Owners,No flood or frame damage,No odometer problems,5LMJJ2TT9JEL12611,SUV - Large Luxury,Clean,No Issue,Damage Reported,1 Open Recall(s),No Issue,No Issue,No Recent CPO Reported,No Issue,,,
2020,Lincoln,Corsair Reserve,26998,48000,22 city/29 hwy,4-cyl,Turbo Gas,Front Wheel Drive,Automatic,Burgundy/Tan,2 Owners,No flood or frame damage,No odometer problems,5LMCJ2C94LUL07516,CUV - Midsize Luxury,Clean,No Issue,No Issue,No Open Recalls,No Issue,No Issue,OEM-Certified,No Issue,,,
2018,Lincoln,MKX Reserve,25998,15000,17 city/25 hwy,6-cyl,Gas,Front Wheel Drive,Automatic,Tan/Brown,1 Owner,No flood or frame damage,No odometer problems,2LMPJ6LR7JBL40366,CUV - Midsize Luxury,Clean,No Issue,Minor,No Open Recalls,No Issue,No Issue,No CPO Info Available,No Issue,,,
2022,Lincoln,Corsair Standard,27998,28000,22 city/29 hwy,4-cyl,Turbo Gas,Front Wheel Drive,Automatic,Red/Cream,1 Owner,No flood or frame damage,No odometer problems,5LMCJ1C9XNUL09400,CUV - Midsize Luxury,Clean,No Issue,No Issue,No Open Recalls,No Issue,No Issue,No CPO Info Available,No Issue,,,
2020,Lincoln,Aviator Reserve,34998,36000,18 city/26 hwy,6-cyl,Turbo Gas,Rear Wheel Drive,Automatic,Burgundy/Tan,1 Owner,No flood or frame damage,No odometer problems,5LM5J7WC4LGL09066,SUV - Large Luxury,Clean,No Issue,Moderate,1 Open Recall(s),No Issue,No Issue,No CPO Info Available,No Issue,,,
2020,Lincoln,Navigator Reserve,48998,55000,16 city/21 hwy,6-cyl,Turbo Gas,Four Wheel Drive,Automatic,White/Black,1 Owner,No flood or frame damage,No odometer problems,5LMJJ2LT3LEL17483,SUV - Large Luxury,Clean,No Issue,No Issue,2 Open Recall(s),No Issue,No Issue,No CPO Info Available,No Issue,,,
2017,Lincoln,MKZ Select,19998,47000,21 city/31 hwy,4-cyl,Turbo Gas,Front Wheel Drive,Automatic,White/Tan,2 Owners,No flood or frame damage,No odometer problems,3LN6L5C96HR610047,Car - Midsize Luxury,Clean,No Issue,No Issue,1 Open Recall(s),No Issue,No Issue,No CPO Info Available,No Issue,,,
2019,Lincoln,MKZ Hybrid Reserve II,26998,27000,42 city/39 hwy,4-cyl,Hybrid,Front Wheel Drive,Automatic,Blue/Tan,2 Owners,No flood or frame damage,No odometer problems,3LN6L5MU1KR607325,Car - Midsize Luxury,Clean,No Issue,Moderate,No Open Recalls,No Issue,No Issue,No CPO Info Available,No Issue,,,
2017,Lincoln,MKX Select,19998,76000,17 city/25 hwy,6-cyl,Gas,Front Wheel Drive,Automatic,Silver/Black,2 Owners,No flood or frame damage,No odometer problems,2LMPJ6KR0HBL16146,CUV - Midsize Luxury,Clean,No Issue,No Issue,No Open Recalls,No Issue,No Issue,No CPO Info Available,No Issue,,,
2021,Lincoln,Corsair Reserve,31998,37000,21 city/28 hwy,4-cyl,Turbo Gas,All Wheel Drive,Automatic,White/Blue,2 Owners,No flood or frame damage,No odometer problems,5LMCJ2DH6MUL17987,CUV - Midsize Luxury,Clean,No Issue,No Issue,No Open Recalls,No Issue,No Issue,No CPO Info Available,No Issue,,,
2018,Lincoln,Navigator Reserve,52998,26000,16 city/21 hwy,6-cyl,Turbo Gas,Four Wheel Drive,Automatic,Pearl/Tan,1 Owner,No flood or frame damage,No odometer problems,5LMJJ2LTXJEL10270,SUV - Large Luxury,Clean,No Issue,No Issue,1 Open Recall(s),No Issue,No Issue,No CPO Info Available,No Issue,,,
2019,Lincoln,Nautilus ,25998,21000,21 city/26 hwy,4-cyl,Turbo Gas,Front Wheel Drive,Automatic,Brown/Tan,1 Owner,No flood or frame damage,No odometer problems,2LMPJ6J92KBL53305,CUV - Midsize Luxury,Clean,No Issue,No Issue,No Open Recalls,No Issue,No Issue,No CPO Info Available,No Issue,,,
2016,Lincoln,MKX Select,16998,81000,16 city/23 hwy,6-cyl,Gas,All Wheel Drive,Automatic,Tan/Tan,2 Owners,No flood or frame damage,No odometer problems,2LMTJ8KRXGBL60213,CUV - Midsize Luxury,Clean,No Issue,Moderate,No Open Recalls,No Issue,No Issue,No CPO Info Available,No Issue,,,
2015,Lincoln,MKX ,18998,38000,18 city/26 hwy,6-cyl,Gas,Front Wheel Drive,Automatic,White/Black,2 Owners,No flood or frame damage,No odometer problems,2LMDJ6JK3FBL30711,CUV - Midsize Luxury,Clean,No Issue,No Issue,No Open Recalls,No Issue,No Issue,No CPO Info Available,No Issue,,,
2022,Lincoln,Nautilus Reserve,34998,32000,22 city/29 hwy,4-cyl,Turbo Gas,Front Wheel Drive,Automatic,Pearl/Taupe,1 Owner,No flood or frame damage,No odometer problems,2LMPJ6K97NBL13448,CUV - Midsize Luxury,Clean,No Issue,No Issue,No Open Recalls,No Issue,No Issue,No CPO Info Available,No Issue,,,
2019,Lincoln,Navigator Reserve,47998,52000,16 city/21 hwy,6-cyl,Turbo Gas,Four Wheel Drive,Automatic,Black/Black,1 Owner,No flood or frame damage,No odometer problems,5LMJJ2LT0KEL12482,SUV - Large Luxury,Clean,No Issue,No Issue,No Open Recalls,No Issue,No Issue,No CPO Info Available,No Issue,,,
2020,Lincoln,Corsair Standard,23998,60000,22 city/29 hwy,4-cyl,Turbo Gas,Front Wheel Drive,Automatic,Tan/Tan,1 Owner,No flood or frame damage,No odometer problems,5LMCJ1C95LUL16168,CUV - Midsize Luxury,Clean,No Issue,No Issue,No Open Recalls,No Issue,No Issue,No CPO Info Available,No Issue,,,
2023,Lincoln,Aviator Reserve,54998,25000,17 city/24 hwy,6-cyl,Turbo Gas,All Wheel Drive,Automatic,Pearl/Brown,1 Owner,No flood or frame damage,No odometer problems,5LM5J7XCXPGL11229,SUV - Large Luxury,Clean,No Issue,No Issue,2 Open Recall(s),No Issue,No Issue,No CPO Info Available,No Issue,,,
2019,Lincoln,Nautilus ,23998,51000,21 city/26 hwy,4-cyl,Turbo Gas,Front Wheel Drive,Automatic,Silver/Black,2 Owners,No flood or frame damage,No odometer problems,2LMPJ6J96KBL58930,CUV - Midsize Luxury,Clean,No Issue,No Issue,No Open Recalls,No Issue,No Issue,No CPO Info Available,No Issue,,,
2022,Lincoln,Nautilus Standard,25998,59000,22 city/29 hwy,4-cyl,Turbo Gas,Front Wheel Drive,Automatic,White/Cream,1 Owner,No flood or frame damage,No odometer problems,2LMPJ6J93NBL03114,CUV - Midsize Luxury,Clean,No Issue,No Issue,1 Open Recall(s),No Issue,No Issue,No CPO Info Available,No Issue,,,
2020,Lincoln,MKZ Hybrid ,23998,49000,42 city/39 hwy,4-cyl,Hybrid,Front Wheel Drive,Automatic,Black/Black,3 Owners,No flood or frame damage,No odometer problems,3LN6L5KUXLR614407,Car - Midsize Luxury,Clean,No Issue,No Issue,No Open Recalls,No Issue,No Issue,No CPO Info Available,No Issue,,,
2020,Lincoln,Nautilus Standard,25998,38000,20 city/25 hwy,4-cyl,Turbo Gas,All Wheel Drive,Automatic,Silver/Black,2 Owners,No flood or frame damage,No odometer problems,2LMPJ6J98LBL11724,CUV - Midsize Luxury,Clean,No Issue,Moderate,No Open Recalls,No Issue,No Issue,OEM-Certified,No Issue,,,
2017,Lincoln,MKZ Select,16998,104000,21 city/31 hwy,4-cyl,Turbo Gas,Front Wheel Drive,Automatic,Black/Black,1 Owner,No flood or frame damage,No odometer problems,3LN6L5C95HR654721,Car - Midsize Luxury,Clean,No Issue,Damage Reported,No Open Recalls,No Issue,No Issue,No CPO Info Available,No Issue,,,
2022,Lincoln,Aviator Reserve,44998,35000,18 city/26 hwy,6-cyl,Turbo Gas,Rear Wheel Drive,Automatic,Black/Tan,1 Owner,No flood or frame damage,No odometer problems,5LM5J7WC4NGL03139,SUV - Large Luxury,Clean,No Issue,No Issue,2 Open Recall(s),No Issue,No Issue,No CPO Info Available,No Issue,,,
2021,Lincoln,Nautilus Standard,28998,33000,21 city/26 hwy,4-cyl,Turbo Gas,Front Wheel Drive,Automatic,Tan/Tan,1 Owner,No flood or frame damage,No odometer problems,2LMPJ6J9XMBL03836,CUV - Midsize Luxury,Clean,No Issue,Moderate,No Open Recalls,No Issue,No Issue,No CPO Info Available,No Issue,,,
2021,Lincoln,Nautilus Standard,30998,23000,21 city/26 hwy,4-cyl,Turbo Gas,Front Wheel Drive,Automatic,White/Gray,1 Owner,No flood or frame damage,No odometer problems,2LMPJ6J95MBL01346,CUV - Midsize Luxury,Clean,No Issue,No Issue,No Open Recalls,No Issue,No Issue,No CPO Info Available,No Issue,,,
2019,Lincoln,Navigator Reserve,49998,51000,16 city/21 hwy,6-cyl,Turbo Gas,Four Wheel Drive,Automatic,Black/Gray,1 Owner,No flood or frame damage,No odometer problems,5LMJJ2LT6KEL16813,SUV - Large Luxury,Clean,No Issue,No Issue,No Open Recalls,No Issue,No Issue,No CPO Info Available,No Issue,,,
2023,Lincoln,Nautilus Standard,36998,4000,21 city/26 hwy,4-cyl,Turbo Gas,Front Wheel Drive,Automatic,Black/Black,1 Owner,No flood or frame damage,No odometer problems,2LMPJ6J93PBL04007,CUV - Midsize Luxury,Clean,No Issue,No Issue,1 Open Recall(s),No Issue,No Issue,OEM-Certified,No Issue,,,
2019,Lincoln,MKC Reserve,22998,50000,20 city/27 hwy,4-cyl,Turbo Gas,Front Wheel Drive,Automatic,Black/Black,2 Owners,No flood or frame damage,No odometer problems,5LMCJ3C90KUL01913,CUV - Compact Luxury,Clean,No Issue,No Issue,No Open Recalls,No Issue,No Issue,No CPO Info Available,No Issue,,,
2022,Lincoln,Nautilus Reserve,38998,12000,22 city/29 hwy,4-cyl,Turbo Gas,Front Wheel Drive,Automatic,White/Brown,1 Owner,No flood or frame damage,No odometer problems,2LMPJ6K93NBL15441,CUV - Midsize Luxury,Clean,No Issue,Damage Reported,1 Open Recall(s),No Issue,No Issue,No CPO Info Available,No Issue,,,
2019,Lincoln,Nautilus Reserve,26998,43000,20 city/25 hwy,6-cyl,Turbo Gas,All Wheel Drive,Automatic,White/Gray,1 Owner,No flood or frame damage,No odometer problems,2LMPJ8LP6KBL33629,CUV - Midsize Luxury,Clean,No Issue,No Issue,No Open Recalls,No Issue,No Issue,No CPO Info Available,No Issue,,,
2019,Lincoln,MKZ Reserve II,25998,23000,20 city/29 hwy,4-cyl,Turbo Gas,All Wheel Drive,Automatic,Gray/Gray,1 Owner,No flood or frame damage,No odometer problems,3LN6L5F9XKR632295,Car - Midsize Luxury,Clean,No Issue,No Issue,No Open Recalls,No Issue,No Issue,No CPO Info Available,No Issue,,,
2019,Lincoln,MKC Reserve,22998,44000,20 city/27 hwy,4-cyl,Turbo Gas,Front Wheel Drive,Automatic,White/Tan,1 Owner,No flood or frame damage,No odometer problems,5LMCJ3C96KUL07876,CUV - Compact Luxury,Clean,No Issue,Minor,No Open Recalls,No Issue,No Issue,No CPO Info Available,No Issue,,,
2013,Lincoln,MKZ ,13599,88000,22 city/33 hwy,4-cyl,Turbo Gas,Front Wheel Drive,Automatic,Black/Black,2 Owners,No flood or frame damage,No odometer problems,3LN6L2G94DR811772,Car - Midsize Luxury,Clean,No Issue,Minor,No Open Recalls,No Issue,No Issue,No CPO Info Available,No Issue,,,
2019,Lincoln,Navigator Reserve,45998,59000,16 city/21 hwy,6-cyl,Turbo Gas,Four Wheel Drive,Automatic,White/Tan,1 Owner,No flood or frame damage,No odometer problems,5LMJJ2LT4KEL01369,SUV - Large Luxury,Clean,No Issue,Damage Reported,3 Open Recall(s),No Issue,No Issue,No CPO Info Available,No Issue,,,
2017,Lincoln,MKC Reserve,19998,56000,19 city/25 hwy,,,,Automatic,Gold/Tan,3 Owners,No flood or frame damage,No odometer problems,5LMCJ3D97HUL56074,CUV - Compact Luxury,Clean,No Issue,No Issue,No Open Recalls,No Issue,No Issue,No CPO Info Available,No Issue,,,
2018,Lincoln,MKX Premier,18998,64000,17 city/25 hwy,6-cyl,Gas,Front Wheel Drive,Automatic,White/Cream,1 Owner,No flood or frame damage,No odometer problems,2LMPJ6JRXJBL43216,CUV - Midsize Luxury,Clean,No Issue,No Issue,No Open Recalls,No Issue,No Issue,No CPO Info Available,No Issue,,,
2020,Lincoln,Aviator Reserve,40998,35000,17 city/24 hwy,6-cyl,Turbo Gas,All Wheel Drive,Automatic,White/Gray,1 Owner,No flood or frame damage,No odometer problems,5LM5J7XC0LGL24453,SUV - Large Luxury,Clean,No Issue,Damage Reported,1 Open Recall(s),No Issue,No Issue,No CPO Info Available,No Issue,,,
2019,Lincoln,Nautilus Select,26998,32000,21 city/26 hwy,4-cyl,Turbo Gas,Front Wheel Drive,Automatic,White/Tan,1 Owner,No flood or frame damage,No odometer problems,2LMPJ6K97KBL28768,CUV - Midsize Luxury,Clean,No Issue,No Issue,No Open Recalls,No Issue,No Issue,No CPO Info Available,No Issue,,,
2020,Lincoln,Nautilus Standard,26998,39000,20 city/25 hwy,4-cyl,Turbo Gas,All Wheel Drive,Automatic,Red/Black,1 Owner,No flood or frame damage,No odometer problems,2LMPJ8J93LBL03834,CUV - Midsize Luxury,Clean,No Issue,No Issue,No Open Recalls,No Issue,No Issue,No CPO Info Available,No Issue,,,
2020,Lincoln,Nautilus Standard,27998,19000,21 city/26 hwy,4-cyl,Turbo Gas,Front Wheel Drive,Automatic,Silver/Black,1 Owner,No flood or frame damage,No odometer problems,2LMPJ6J90LBL31370,CUV - Midsize Luxury,Clean,No Issue,No Issue,No Open Recalls,No Issue,No Issue,No CPO Info Available,No Issue,,,
2016,Lincoln,MKZ ,15998,83000,18 city/27 hwy,,,,Automatic,Gray/Black,1 Owner,No flood or frame damage,No odometer problems,3LN6L2GK3GR608931,Car - Midsize Luxury,Clean,No Issue,Minor,3 Open Recall(s),No Issue,No Issue,No CPO Info Available,No Issue,,,
2020,Lincoln,Continental Standard,29998,16000,17 city/26 hwy,6-cyl,Gas,Front Wheel Drive,Automatic,Burgundy/Cream,2 Owners,No flood or frame damage,No odometer problems,1LN6L9PK4L5605378,Car - Large Luxury,Clean,No Issue,No Issue,No Open Recalls,No Issue,No Issue,No CPO Info Available,No Issue,,,
2014,Lincoln,MKX ,17998,72000,18 city/26 hwy,6-cyl,Gas,Front Wheel Drive,Automatic,Red/Tan,2 Owners,No flood or frame damage,No odometer problems,2LMDJ6JK6EBL15067,CUV - Midsize Luxury,Clean,No Issue,No Issue,No Open Recalls,No Issue,No Issue,No Recent CPO Reported,No Issue,,,
2020,Lincoln,MKZ Reserve,26998,41000,20 city/31 hwy,4-cyl,Turbo Gas,Front Wheel Drive,Automatic,Gray/Black,1 Owner,No flood or frame damage,No odometer problems,3LN6L5E99LR609416,Car - Midsize Luxury,Clean,No Issue,No Issue,No Open Recalls,No Issue,No Issue,No CPO Info Available,No Issue,,,
2019,Lincoln,Nautilus Select,30998,26000,21 city/26 hwy,4-cyl,Turbo Gas,Front Wheel Drive,Automatic,Blue/Tan,1 Owner,No flood or frame damage,No odometer problems,2LMPJ6K91KBL53309,CUV - Midsize Luxury,Clean,No Issue,No Issue,No Open Recalls,No Issue,No Issue,No CPO Info Available,No Issue,,,
2022,Lincoln,Nautilus Reserve,37998,17000,22 city/29 hwy,4-cyl,Turbo Gas,Front Wheel Drive,Automatic,White/Black,2 Owners,No flood or frame damage,No odometer problems,2LMPJ6K96NBL20469,CUV - Midsize Luxury,Clean,No Issue,No Issue,1 Open Recall(s),No Issue,No Issue,OEM-Certified,No Issue,,,
2021,Lincoln,Aviator Reserve,43998,29000,17 city/24 hwy,6-cyl,Turbo Gas,All Wheel Drive,Automatic,Gray/Black,1 Owner,No flood or frame damage,No odometer problems,5LM5J7XC4MGL04515,SUV - Large Luxury,Clean,No Issue,Minor-Moderate,1 Open Recall(s),No Issue,No Issue,OEM-Certified,No Issue,,,
2019,Lincoln,MKT Reserve,23998,47000,15 city/21 hwy,6-cyl,Turbo Gas,All Wheel Drive,Automatic,Silver/Black,5 Owners,No flood or frame damage,No odometer problems,2LMHJ5AT7KBL04174,CUV - Large Luxury,Clean,No Issue,Damage Reported,No Open Recalls,No Issue,No Issue,No CPO Info Available,No Issue,,,
2019,Lincoln,MKT Reserve,19998,62000,15 city/21 hwy,6-cyl,Turbo Gas,All Wheel Drive,Automatic,Silver/Tan,3 Owners,No flood or frame damage,No odometer problems,2LMHJ5AT3KBL03197,CUV - Large Luxury,Clean,No Issue,No Issue,No Open Recalls,No Issue,No Issue,No CPO Info Available,No Issue,,,
2022,Lincoln,Aviator Grand Touring,47998,40000,,6-cyl,Plug-in Hybrid,All Wheel Drive,,Black/Black,1 Owner,No flood or frame damage,No odometer problems,5LMYJ8XY9NNL02027,SUV - Large Luxury,Clean,No Issue,No Issue,2 Open Recall(s),No Issue,No Issue,No CPO Info Available,No Issue,54 city/58 hwy,21 miles,3.5 hours
2016,Lincoln,MKX Reserve,18998,81000,17 city/26 hwy,6-cyl,Gas,Front Wheel Drive,Automatic,Tan/Tan,3 Owners,No flood or frame damage,No odometer problems,2LMTJ6LR4GBL37464,CUV - Midsize Luxury,Clean,No Issue,No Issue,1 Open Recall(s),No Issue,No Issue,No CPO Info Available,No Issue,,,
2017,Lincoln,MKC Reserve,18998,86000,19 city/25 hwy,4-cyl,Turbo Gas,All Wheel Drive,Automatic,Black/Tan,2 Owners,No flood or frame damage,No odometer problems,5LMTJ3DH3HUL36363,CUV - Compact Luxury,Clean,No Issue,Moderate,No Open Recalls,No Issue,No Issue,No CPO Info Available,No Issue,,,
2021,Lincoln,Corsair Standard,29998,23000,21 city/28 hwy,4-cyl,Turbo Gas,All Wheel Drive,Automatic,White/Cream,1 Owner,No flood or frame damage,No odometer problems,5LMCJ1DH2MUL20895,CUV - Midsize Luxury,Clean,No Issue,No Issue,No Open Recalls,No Issue,No Issue,No CPO Info Available,No Issue,,,
2017,Lincoln,MKC Select,16998,79000,21 city/28 hwy,4-cyl,Turbo Gas,Front Wheel Drive,Automatic,Tan/Black,1 Owner,No flood or frame damage,No odometer problems,5LMCJ2C96HUL13096,CUV - Compact Luxury,Clean,No Issue,No Issue,No Open Recalls,No Issue,No Issue,No CPO Info Available,No Issue,,,
2018,Lincoln,MKC Select,19998,56000,19 city/25 hwy,4-cyl,Turbo Gas,All Wheel Drive,Automatic,Black/Black,2 Owners,No flood or frame damage,No odometer problems,5LMCJ2D94JUL23629,CUV - Compact Luxury,Clean,No Issue,Minor,No Open Recalls,No Issue,No Issue,No CPO Info Available,No Issue,,,
2023,Lincoln,Aviator Reserve,53998,4000,18 city/26 hwy,6-cyl,Turbo Gas,Rear Wheel Drive,Automatic,Blue/Tan,1 Owner,No flood or frame damage,No odometer problems,5LM5J7WCXPGL33314,SUV - Large Luxury,Clean,No Issue,No Issue,1 Open Recall(s),No Issue,No Issue,No CPO Info Available,No Issue,,,
2021,Lincoln,Aviator Reserve,40998,33000,17 city/24 hwy,6-cyl,Turbo Gas,All Wheel Drive,Automatic,Black/Black,1 Owner,No flood or frame damage,No odometer problems,5LM5J7XC0MGL05774,SUV - Large Luxury,Clean,No Issue,Moderate,2 Open Recall(s),No Issue,No Issue,No CPO Info Available,No Issue,,,
2015,Lincoln,MKX ,16998,53000,17 city/23 hwy,6-cyl,Gas,All Wheel Drive,Automatic,Black/Black,4 Owners,No flood or frame damage,No odometer problems,2LMDJ8JK5FBL22377,CUV - Midsize Luxury,Clean,No Issue,No Issue,No Open Recalls,No Issue,No Issue,No CPO Info Available,No Issue,,,
2022,Lincoln,Corsair Standard,31998,30000,21 city/28 hwy,4-cyl,Turbo Gas,All Wheel Drive,Automatic,White/Tan,1 Owner,No flood or frame damage,No odometer problems,5LMCJ1D92NUL12578,CUV - Midsize Luxury,Clean,No Issue,No Issue,No Open Recalls,No Issue,No Issue,OEM-Certified,No Issue,,,
2019,Lincoln,MKC ,19998,54000,20 city/27 hwy,4-cyl,Turbo Gas,Front Wheel Drive,Automatic,Red/Black,1 Owner,No flood or frame damage,No odometer problems,5LMCJ1C9XKUL35958,CUV - Compact Luxury,Clean,No Issue,No Issue,No Open Recalls,No Issue,No Issue,No CPO Info Available,No Issue,,,
2018,Lincoln,MKX Select,21998,51000,17 city/25 hwy,6-cyl,Gas,Front Wheel Drive,Automatic,Pearl/Black,1 Owner,No flood or frame damage,No odometer problems,2LMPJ6KR7JBL25545,CUV - Midsize Luxury,Clean,No Issue,No Issue,No Open Recalls,No Issue,No Issue,No CPO Info Available,No Issue,,,
2016,Lincoln,MKX Reserve,19998,79000,17 city/26 hwy,6-cyl,Gas,Front Wheel Drive,Automatic,Black/Brown,2 Owners,No flood or frame damage,No odometer problems,2LMTJ6LRXGBL40787,CUV - Midsize Luxury,Clean,No Issue,Moderate,No Open Recalls,No Issue,No Issue,No Recent CPO Reported,No Issue,,,
2017,Lincoln,MKC Reserve,16998,85000,21 city/28 hwy,4-cyl,Turbo Gas,Front Wheel Drive,Automatic,Gray/Brown,2 Owners,No flood or frame damage,No odometer problems,5LMCJ3C92HUL57201,CUV - Compact Luxury,Clean,No Issue,No Issue,1 Open Recall(s),No Issue,No Issue,No CPO Info Available,No Issue,,,
2020,Lincoln,Aviator Reserve,44998,11000,17 city/24 hwy,6-cyl,Turbo Gas,All Wheel Drive,Automatic,Burgundy/Gray,1 Owner,No flood or frame damage,No odometer problems,5LM5J7XC1LGL05359,SUV - Large Luxury,Clean,No Issue,No Issue,3 Open Recall(s),No Issue,No Issue,No CPO Info Available,No Issue,,,
2016,Lincoln,MKX Select,15998,82000,17 city/26 hwy,6-cyl,Gas,Front Wheel Drive,Automatic,White/Black,1 Owner,No flood or frame damage,No odometer problems,2LMTJ6KR1GBL55373,CUV - Midsize Luxury,Clean,No Issue,No Issue,No Open Recalls,No Issue,No Issue,No CPO Info Available,No Issue,,,
2019,Lincoln,MKC ,19998,42000,20 city/27 hwy,4-cyl,Turbo Gas,Front Wheel Drive,Automatic,Black/Black,1 Owner,No flood or frame damage,No odometer problems,5LMCJ1C94KUL02695,CUV - Compact Luxury,Clean,No Issue,Damage Reported,No Open Recalls,No Issue,No Issue,No CPO Info Available,No Issue,,,
2020,Lincoln,Nautilus Reserve,30998,31000,20 city/25 hwy,4-cyl,Turbo Gas,All Wheel Drive,Automatic,Black/Brown,1 Owner,No flood or frame damage,No odometer problems,2LMPJ8K94LBL34167,CUV - Midsize Luxury,Clean,No Issue,No Issue,No Open Recalls,No Issue,No Issue,No CPO Info Available,No Issue,,,
2019,Lincoln,Continental Reserve,24998,67000,17 city/25 hwy,6-cyl,Turbo Gas,All Wheel Drive,Automatic,Gray/Tan,2 Owners,No flood or frame damage,No odometer problems,1LN6L9NP2K5600435,Car - Large Luxury,Clean,No Issue,No Issue,No Open Recalls,No Issue,No Issue,No CPO Info Available,No Issue,,,
2019,Lincoln,Navigator Reserve,49998,51000,16 city/21 hwy,6-cyl,Turbo Gas,Four Wheel Drive,Automatic,White/Gray,3 Owners,No flood or frame damage,No odometer problems,5LMJJ2LT3KEL24027,SUV - Large Luxury,Clean,No Issue,No Issue,1 Open Recall(s),No Issue,No Issue,OEM-Certified,No Issue,,,
2022,Lincoln,Corsair Grand Touring,40998,10000,,4-cyl,Plug-in Hybrid,All Wheel Drive,,White/Tan,1 Owner,No flood or frame damage,No odometer problems,5LMTJ5DZ7NUL31120,CUV - Midsize Luxury,Clean,No Issue,No Issue,No Open Recalls,No Issue,No Issue,No CPO Info Available,No Issue,83 city/72 hwy,28 miles,3.5 hours
2020,Lincoln,Nautilus Reserve,31998,38000,19 city/26 hwy,,,,Automatic,Blue/Gray,2 Owners,No flood or frame damage,No odometer problems,2LMPJ8KP6LBL08295,CUV - Midsize Luxury,Clean,No Issue,No Issue,No Open Recalls,No Issue,No Issue,No Recent CPO Reported,No Issue,,,
2019,Lincoln,MKC Select,23998,25000,20 city/27 hwy,4-cyl,Turbo Gas,Front Wheel Drive,Automatic,White/Tan,5 Owners,No flood or frame damage,No odometer problems,5LMCJ2C9XKUL39496,CUV - Compact Luxury,Clean,No Issue,No Issue,No Open Recalls,No Issue,No Issue,No CPO Info Available,No Issue,,,
2019,Lincoln,MKC Reserve,24998,29000,20 city/27 hwy,4-cyl,Turbo Gas,Front Wheel Drive,Automatic,Black/Black,1 Owner,No flood or frame damage,No odometer problems,5LMCJ3C9XKUL27774,CUV - Compact Luxury,Clean,No Issue,No Issue,No Open Recalls,No Issue,No Issue,OEM-Certified,No Issue,,,
2019,Lincoln,MKC Reserve,18998,76000,20 city/27 hwy,4-cyl,Turbo Gas,Front Wheel Drive,Automatic,Burgundy/Black,2 Owners,No flood or frame damage,No odometer problems,5LMCJ3C99KUL44808,CUV - Compact Luxury,Clean,No Issue,Damage Reported,No Open Recalls,No Issue,No Issue,No CPO Info Available,No Issue,,,
2021,Lincoln,Aviator Reserve,47998,11000,17 city/24 hwy,6-cyl,Turbo Gas,All Wheel Drive,Automatic,White/Tan,2 Owners,No flood or frame damage,No odometer problems,5LM5J7XC6MGL11952,SUV - Large Luxury,Clean,No Issue,No Issue,2 Open Recall(s),No Issue,No Issue,No CPO Info Available,No Issue,,,
2019,Lincoln,MKC Select,23998,15000,20 city/27 hwy,4-cyl,Turbo Gas,Front Wheel Drive,Automatic,Burgundy/Tan,1 Owner,No flood or frame damage,No odometer problems,5LMCJ2C93KUL08512,CUV - Compact Luxury,Clean,No Issue,No Issue,No Open Recalls,No Issue,No Issue,No CPO Info Available,No Issue,,,
2014,Lincoln,MKZ ,12599,100000,22 city/33 hwy,6-cyl,Gas,Front Wheel Drive,Automatic,Burgundy/Tan,4 Owners,No flood or frame damage,No odometer problems,3LN6L2GK9ER802103,Car - Midsize Luxury,Clean,No Issue,Damage Reported,No Open Recalls,No Issue,No Issue,No CPO Info Available,No Issue,,,
2019,Lincoln,Nautilus Reserve,25998,58000,20 city/25 hwy,4-cyl,Turbo Gas,All Wheel Drive,Automatic,Black/Black,2 Owners,No flood or frame damage,No odometer problems,2LMPJ8L97KBL53485,CUV - Midsize Luxury,Clean,No Issue,No Issue,No Open Recalls,No Issue,No Issue,No CPO Info Available,No Issue,,,
2019,Lincoln,Navigator Black Label,50998,56000,16 city/21 hwy,6-cyl,Turbo Gas,Four Wheel Drive,Automatic,Pearl/Cream,1 Owner,No flood or frame damage,No odometer problems,5LMJJ2TT3KEL19989,SUV - Large Luxury,Clean,No Issue,No Issue,2 Open Recall(s),No Issue,No Issue,No CPO Info Available,No Issue,,,
2020,Lincoln,Navigator Reserve,51998,42000,16 city/21 hwy,,,,Automatic,Black/Black,1 Owner,No flood or frame damage,No odometer problems,5LMJJ2LT7LEL21780,SUV - Large Luxury,Clean,No Issue,No Issue,1 Open Recall(s),No Issue,No Issue,No CPO Info Available,No Issue,,,
2017,Lincoln,MKC Reserve,17998,76000,19 city/25 hwy,4-cyl,Turbo Gas,All Wheel Drive,Automatic,White/Brown,3 Owners,No flood or frame damage,No odometer problems,5LMCJ3D9XHUL15566,CUV - Compact Luxury,Clean,No Issue,No Issue,No Open Recalls,No Issue,No Issue,No CPO Info Available,No Issue,,,
2019,Lincoln,Navigator Reserve,50998,34000,16 city/21 hwy,6-cyl,Turbo Gas,Four Wheel Drive,Automatic,Black/Black,2 Owners,No flood or frame damage,No odometer problems,5LMJJ2LTXKEL03823,SUV - Large Luxury,Clean,No Issue,Damage Reported,1 Open Recall(s),No Issue,No Issue,No Recent CPO Reported,No Issue,,,
2014,Lincoln,MKX ,15998,79000,17 city/23 hwy,6-cyl,Gas,All Wheel Drive,Automatic,Blue/Black,2 Owners,No flood or frame damage,No odometer problems,2LMDJ8JK1EBL12542,CUV - Midsize Luxury,Clean,No Issue,No Issue,No Open Recalls,No Issue,No Issue,No CPO Info Available,No Issue,,,
2018,Lincoln,Navigator Reserve,41998,45000,16 city/21 hwy,,,,Automatic,Blue/Gray,3 Owners,No flood or frame damage,No odometer problems,5LMJJ2LT0JEL05661,SUV - Large Luxury,Clean,No Issue,No Issue,No Open Recalls,No Issue,No Issue,No Recent CPO Reported,No Issue,,,
2019,Lincoln,MKC Reserve,21998,46000,20 city/27 hwy,4-cyl,Turbo Gas,Front Wheel Drive,Automatic,White/Tan,1 Owner,No flood or frame damage,No odometer problems,5LMCJ3C99KUL17396,CUV - Compact Luxury,Clean,No Issue,No Issue,No Open Recalls,No Issue,No Issue,No CPO Info Available,No Issue,,,
2018,Lincoln,MKX Select,20998,39000,16 city/23 hwy,6-cyl,Gas,All Wheel Drive,Automatic,White/Gray,2 Owners,No flood or frame damage,No odometer problems,2LMPJ6KR0JBL38878,CUV - Midsize Luxury,Clean,No Issue,No Issue,No Open Recalls,No Issue,No Issue,No CPO Info Available,No Issue,,,
2020,Lincoln,MKZ Reserve,27998,24000,20 city/31 hwy,4-cyl,Turbo Gas,Front Wheel Drive,Automatic,Black/Black,3 Owners,No flood or frame damage,No odometer problems,3LN6L5E9XLR606041,Car - Midsize Luxury,Clean,No Issue,No Issue,No Open Recalls,No Issue,No Issue,No CPO Info Available,No Issue,,,
2018,Lincoln,MKC Reserve,21998,52000,19 city/25 hwy,4-cyl,Turbo Gas,All Wheel Drive,Automatic,Burgundy/Cream,1 Owner,No flood or frame damage,No odometer problems,5LMCJ3D90JUL31040,CUV - Compact Luxury,Clean,No Issue,No Issue,No Open Recalls,No Issue,No Issue,No CPO Info Available,No Issue,,,
2020,Lincoln,Aviator Reserve,46998,34000,17 city/24 hwy,6-cyl,Turbo Gas,All Wheel Drive,Automatic,White/Brown,2 Owners,No flood or frame damage,No odometer problems,5LM5J7XC1LGL08844,SUV - Large Luxury,Clean,No Issue,No Issue,3 Open Recall(s),No Issue,No Issue,No Recent CPO Reported,No Issue,,,
2022,Lincoln,Corsair Standard,31998,12000,21 city/28 hwy,4-cyl,Turbo Gas,All Wheel Drive,Automatic,Silver/Tan,2 Owners,No flood or frame damage,No odometer problems,5LMCJ1D92NUL11737,CUV - Midsize Luxury,Clean,No Issue,Minor,No Open Recalls,No Issue,No Issue,No CPO Info Available,No Issue,,,
2021,Lincoln,Corsair Standard,25998,40000,22 city/29 hwy,4-cyl,Turbo Gas,Front Wheel Drive,Automatic,Gold/Tan,1 Owner,No flood or frame damage,No odometer problems,5LMCJ1C91MUL11583,CUV - Midsize Luxury,Clean,No Issue,No Issue,No Open Recalls,No Issue,No Issue,No CPO Info Available,No Issue,,,
2020,Lincoln,Corsair Reserve,25998,42000,22 city/29 hwy,4-cyl,Turbo Gas,Front Wheel Drive,Automatic,Blue/Tan,1 Owner,No flood or frame damage,No odometer problems,5LMCJ2C98LUL21399,CUV - Midsize Luxury,Clean,No Issue,No Issue,No Open Recalls,No Issue,No Issue,No CPO Info Available,No Issue,,,
2021,Lincoln,Aviator Grand Touring,43998,66000,,6-cyl,Plug-in Hybrid,All Wheel Drive,,Black/Gray,1 Owner,No flood or frame damage,No odometer problems,5LMYJ8XY0MNL02559,SUV - Large Luxury,Clean,No Issue,No Issue,2 Open Recall(s),No Issue,No Issue,No CPO Info Available,No Issue,54 city/58 hwy,21 miles,3.5 hours
2023,Lincoln,Aviator Black Label Grand Touring,72998,7000,,,,,Automatic,Gray/Brown,2 Owners,No flood or frame damage,No odometer problems,5LMYJ9YY3PNL01110,SUV - Large Luxury,Clean,No Issue,No Issue,2 Open Recall(s),No Issue,No Issue,No CPO Info Available,No Issue,,,
2022,Lincoln,Aviator Livery,47998,17000,17 city/24 hwy,6-cyl,Turbo Gas,All Wheel Drive,Automatic,Black/Black,1 Owner,No flood or frame damage,No odometer problems,5LM5J0XC9NGL17334,SUV - Large Luxury,Clean,No Issue,No Issue,2 Open Recall(s),No Issue,No Issue,No CPO Info Available,No Issue,,,
2022,Lincoln,Aviator Reserve,42998,53000,17 city/24 hwy,,,,Automatic,White/Brown,2 Owners,No flood or frame damage,No odometer problems,5LM5J7XC8NGL20394,SUV - Large Luxury,Clean,No Issue,No Issue,3 Open Recall(s),No Issue,No Issue,No CPO Info Available,No Issue,,,
2020,Lincoln,Corsair Standard,23998,55000,22 city/29 hwy,4-cyl,Turbo Gas,Front Wheel Drive,Automatic,Blue/Tan,2 Owners,No flood or frame damage,No odometer problems,5LMCJ1C93LUL31090,CUV - Midsize Luxury,Clean,No Issue,No Issue,No Open Recalls,No Issue,No Issue,No Recent CPO Reported,No Issue,,,
2020,Lincoln,Navigator Black Label,54998,46000,16 city/21 hwy,6-cyl,Turbo Gas,Four Wheel Drive,Automatic,Silver/Gray,1 Owner,No flood or frame damage,No odometer problems,5LMJJ2TT9LEL23126,SUV - Large Luxury,Clean,No Issue,No Issue,No Open Recalls,No Issue,No Issue,No CPO Info Available,No Issue,,,
2020,Lincoln,Navigator Reserve,53998,33000,16 city/21 hwy,6-cyl,Turbo Gas,Four Wheel Drive,Automatic,Black/Gray,1 Owner,No flood or frame damage,No odometer problems,5LMJJ2LT7LEL13291,SUV - Large Luxury,Clean,No Issue,No Issue,No Open Recalls,No Issue,No Issue,No CPO Info Available,No Issue,,,
2019,Lincoln,MKT Reserve,22998,53000,15 city/21 hwy,6-cyl,Turbo Gas,All Wheel Drive,Automatic,Silver/Tan,4 Owners,No flood or frame damage,No odometer problems,2LMHJ5AT8KBL03597,CUV - Large Luxury,Clean,No Issue,Moderate,No Open Recalls,No Issue,No Issue,No Recent CPO Reported,No Issue,,,
2022,Lincoln,Corsair Grand Touring,32998,51000,,4-cyl,Plug-in Hybrid,All Wheel Drive,,Red/Tan,1 Owner,No flood or frame damage,No odometer problems,5LMTJ5DZ1NUL28858,CUV - Midsize Luxury,Clean,No Issue,No Issue,3 Open Recall(s),No Issue,No Issue,No CPO Info Available,No Issue,83 city/72 hwy,28 miles,3.5 hours
2021,Lincoln,Aviator Grand Touring,46998,41000,,6-cyl,Plug-in Hybrid,All Wheel Drive,,Blue/Black,1 Owner,No flood or frame damage,No odometer problems,5LMYJ8XY2MNL02210,SUV - Large Luxury,Clean,No Issue,No Issue,3 Open Recall(s),No Issue,No Issue,No CPO Info Available,No Issue,54 city/58 hwy,21 miles,3.5 hours
2020,Lincoln,MKZ Reserve,22998,60000,20 city/31 hwy,4-cyl,Turbo Gas,Front Wheel Drive,Automatic,Tan/Tan,2 Owners,No flood or frame damage,No odometer problems,3LN6L5E93LR611369,Car - Midsize Luxury,Clean,No Issue,No Issue,No Open Recalls,No Issue,No Issue,No CPO Info Available,No Issue,,,
2019,Lincoln,Navigator Select,42998,51000,16 city/23 hwy,6-cyl,Turbo Gas,Rear Wheel Drive,Automatic,Black/Gray,2 Owners,No flood or frame damage,No odometer problems,5LMJJ2HT6KEL16674,SUV - Large Luxury,Clean,No Issue,Damage Reported,2 Open Recall(s),No Issue,No Issue,OEM-Certified,No Issue,,,
2021,Lincoln,Navigator L Reserve,48998,67000,16 city/20 hwy,6-cyl,Turbo Gas,Four Wheel Drive,Automatic,Black/Tan,1 Owner,No flood or frame damage,No odometer problems,5LMJJ3LT7MEL00709,SUV - Large Luxury,Clean,No Issue,No Issue,2 Open Recall(s),No Issue,No Issue,No CPO Info Available,No Issue,,,
2021,Lincoln,Corsair Reserve,26998,56000,22 city/29 hwy,4-cyl,Turbo Gas,Front Wheel Drive,Automatic,Gold/Tan,1 Owner,No flood or frame damage,No odometer problems,5LMCJ2C95MUL08790,CUV - Midsize Luxury,Clean,No Issue,No Issue,No Open Recalls,No Issue,No Issue,No CPO Info Available,No Issue,,,
2019,Lincoln,Navigator Black Label,52998,50000,16 city/21 hwy,6-cyl,Turbo Gas,Four Wheel Drive,Automatic,Blue/Gray,1 Owner,No flood or frame damage,No odometer problems,5LMJJ2TT6KEL25298,SUV - Large Luxury,Clean,No Issue,No Issue,1 Open Recall(s),No Issue,No Issue,No CPO Info Available,No Issue,,,
2022,Lincoln,Aviator Standard,41998,19000,18 city/26 hwy,6-cyl,Turbo Gas,Rear Wheel Drive,Automatic,Gray/Black,1 Owner,No flood or frame damage,No odometer problems,5LM5J6WC5NGL20462,SUV - Large Luxury,Clean,No Issue,No Issue,2 Open Recall(s),No Issue,No Issue,No CPO Info Available,No Issue,,,
2022,Lincoln,Corsair Grand Touring,40998,16000,,4-cyl,Plug-in Hybrid,All Wheel Drive,,Black/Tan,1 Owner,No flood or frame damage,No odometer problems,5LMTJ5DZ9NUL35119,CUV - Midsize Luxury,Clean,No Issue,No Issue,3 Open Recall(s),No Issue,No Issue,No CPO Info Available,No Issue,83 city/72 hwy,28 miles,3.5 hours
2017,Lincoln,MKZ Hybrid Reserve,22998,39000,41 city/38 hwy,4-cyl,Hybrid,Front Wheel Drive,Automatic,Gray/Black,1 Owner,No flood or frame damage,No odometer problems,3LN6L5MU0HR653527,Car - Midsize Luxury,Clean,No Issue,No Issue,No Open Recalls,No Issue,No Issue,No CPO Info Available,No Issue,,,
2017,Lincoln,MKC Reserve,21998,33000,21 city/28 hwy,4-cyl,Turbo Gas,Front Wheel Drive,Automatic,Brown/Black,2 Owners,No flood or frame damage,No odometer problems,5LMCJ3C90HUL35780,CUV - Compact Luxury,Clean,No Issue,Minor,No Open Recalls,No Issue,No Issue,No CPO Info Available,No Issue,,,
2021,Lincoln,Aviator Black Label,49998,28000,17 city/24 hwy,6-cyl,Turbo Gas,All Wheel Drive,Automatic,Silver/Cream,1 Owner,No flood or frame damage,No odometer problems,5LM5J9XC1MGL12017,SUV - Large Luxury,Clean,No Issue,No Issue,1 Open Recall(s),No Issue,No Issue,No CPO Info Available,No Issue,,,
2019,Lincoln,MKZ Standard,16998,101000,20 city/31 hwy,4-cyl,Turbo Gas,Front Wheel Drive,Automatic,Black/Black,2 Owners,No flood or frame damage,No odometer problems,3LN6L5A95KR627402,Car - Midsize Luxury,Clean,No Issue,Moderate,No Open Recalls,No Issue,No Issue,No CPO Info Available,No Issue,,,
2017,Lincoln,MKZ Reserve,17998,87000,21 city/31 hwy,4-cyl,Turbo Gas,Front Wheel Drive,Automatic,Silver/Tan,2 Owners,No flood or frame damage,No odometer problems,3LN6L5E90HR613149,Car - Midsize Luxury,Clean,No Issue,No Issue,No Open Recalls,No Issue,No Issue,No Recent CPO Reported,No Issue,,,
2016,Lincoln,MKX Reserve,17998,80000,18 city/26 hwy,,,,Automatic,Black/Black,2 Owners,No flood or frame damage,No odometer problems,2LMTJ6LP5GBL57995,CUV - Midsize Luxury,Clean,No Issue,No Issue,No Open Recalls,No Issue,No Issue,No CPO Info Available,No Issue,,,
2018,Lincoln,MKX Premier,20998,44000,16 city/23 hwy,,,,Automatic,White/Tan,2 Owners,No flood or frame damage,No odometer problems,2LMPJ8KR9JBL13778,CUV - Midsize Luxury,Clean,No Issue,No Issue,No Open Recalls,No Issue,No Issue,No CPO Info Available,No Issue,,,
2018,Lincoln,Navigator L Black Label,41998,64000,16 city/21 hwy,6-cyl,Turbo Gas,Four Wheel Drive,Automatic,Gray/Gray,2 Owners,No flood or frame damage,No odometer problems,5LMJJ3TT8JEL21399,SUV - Large Luxury,Clean,No Issue,No Issue,No Open Recalls,No Issue,No Issue,No Recent CPO Reported,No Issue,,,
2019,Lincoln,MKC Select,23998,25000,20 city/27 hwy,4-cyl,Turbo Gas,Front Wheel Drive,Automatic,Burgundy/Tan,1 Owner,No flood or frame damage,No odometer problems,5LMCJ2C96KUL12442,CUV - Compact Luxury,Clean,No Issue,No Issue,No Open Recalls,No Issue,No Issue,No CPO Info Available,No Issue,,,
2022,Lincoln,Nautilus Reserve,32998,41000,22 city/29 hwy,4-cyl,Turbo Gas,Front Wheel Drive,Automatic,Black/Brown,1 Owner,No flood or frame damage,No odometer problems,2LMPJ6K96NBL04658,CUV - Midsize Luxury,Clean,No Issue,No Issue,1 Open Recall(s),No Issue,No Issue,No CPO Info Available,No Issue,,,
2015,Lincoln,MKZ Hybrid ,18998,37000,41 city/39 hwy,4-cyl,Hybrid,Front Wheel Drive,Automatic,Red/Tan,1 Owner,No flood or frame damage,No odometer problems,3LN6L2LU3FR627937,Car - Midsize Luxury,Clean,No Issue,No Issue,No Open Recalls,No Issue,No Issue,No CPO Info Available,No Issue,,,
2020,Lincoln,Corsair Reserve,27998,44000,22 city/29 hwy,4-cyl,Turbo Gas,Front Wheel Drive,Automatic,White/Tan,1 Owner,No flood or frame damage,No odometer problems,5LMCJ2C90LUL11806,CUV - Midsize Luxury,Clean,No Issue,No Issue,No Open Recalls,No Issue,No Issue,No CPO Info Available,No Issue,,,
