year,make,model,price,mileage,Miles per gallon,cylinders,fuel,Drive type,Transmission,Color,owner,frame_damage,Odometer_problem,VIN,class,State Title Brand,Auction Brand / Issues,Accident / Damage,Open Recall Check,Insurance Loss / Transfer,Odometer Check,Certified Pre-Owned,Service / Repair
2014,Mazda,CX-5 Sport,15998,65000,26 city/35 hwy,4-cyl,Gas,Front Wheel Drive,Manual 6 Speed,Gray/Black,1 Owner,No flood or frame damage,No odometer problems,JM3KE2BEXE0312355,CUV - Compact,Clean,No Issue,No Issue,No Open Recalls,No Issue,No Issue,No CPO Info Available,No Issue
2016,Mazda,CX-5 Grand Touring,18998,60000,24 city/30 hwy,4-cyl,Gas,All Wheel Drive,Automatic,Black/Black,2 Owners,No flood or frame damage,No odometer problems,JM3KE4DY7G0711603,CUV - Compact,Clean,No Issue,Damage Reported,No Open Recalls,No Issue,No Issue,No CPO Info Available,No Issue
2021,Mazda,CX-5 Grand Touring,24998,34000,24 city/30 hwy,4-cyl,Gas,All Wheel Drive,Automatic,Blue/Black,1 Owner,No flood or frame damage,No odometer problems,JM3KFBDM8M0340946,CUV - Midsize,Clean,No Issue,Minor,No Open Recalls,No Issue,No Issue,No CPO Info Available,No Issue
2016,Mazda,MX-5 Miata Grand Touring,22998,6000,27 city/36 hwy,4-cyl,Gas,Rear Wheel Drive,Automatic,Gray/Black,1 Owner,No flood or frame damage,No odometer problems,JM1NDAD73G0118867,Sport Car - Subcompact,Clean,No Issue,No Issue,1 Open Recall(s),No Issue,No Issue,No CPO Info Available,No Issue
2023,Mazda,CX-5 2.5 S Premium Package,28998,17000,24 city/30 hwy,4-cyl,Gas,All Wheel Drive,Automatic,White/Black,1 Owner,No flood or frame damage,No odometer problems,JM3KFBDM6P0277673,CUV - Midsize,Clean,No Issue,No Issue,No Open Recalls,No Issue,No Issue,No CPO Info Available,No Issue
2015,Mazda,CX-5 Sport,14599,90000,26 city/35 hwy,4-cyl,Gas,Front Wheel Drive,Manual 6 Speed,Silver/Black,3 Owners,No flood or frame damage,No odometer problems,JM3KE2BE8F0454771,CUV - Compact,Clean,No Issue,No Issue,No Open Recalls,No Issue,No Issue,No CPO Info Available,No Issue
2017,Mazda,CX-5 Grand Touring,16998,118000,23 city/29 hwy,4-cyl,Gas,All Wheel Drive,Automatic,Gray/Black,2 Owners,No flood or frame damage,No odometer problems,JM3KFBDL4H0157539,CUV - Compact,Clean,No Issue,Minor,No Open Recalls,No Issue,No Issue,No CPO Info Available,No Issue
2020,Mazda,CX-5 Touring,23998,42000,24 city/30 hwy,4-cyl,Gas,All Wheel Drive,Automatic,Blue/Black,2 Owners,No flood or frame damage,No odometer problems,JM3KFBCM7L1768128,CUV - Midsize,Clean,No Issue,No Issue,1 Open Recall(s),No Issue,No Issue,No CPO Info Available,No Issue
2020,Mazda,Mazda3 ,18998,67000,26 city/35 hwy,4-cyl,Gas,Front Wheel Drive,Automatic,Blue/Black,2 Owners,No flood or frame damage,No odometer problems,3MZBPABL6LM130252,Car - Compact,Clean,No Issue,No Issue,No Open Recalls,No Issue,No Issue,No CPO Info Available,No Issue
2022,Mazda,CX-30 Select,25998,8000,24 city/31 hwy,4-cyl,Gas,All Wheel Drive,Automatic,Black/Black,1 Owner,No flood or frame damage,No odometer problems,3MVDMBBL4NM451363,CUV - Compact,Clean,No Issue,No Issue,No Open Recalls,No Issue,No Issue,No CPO Info Available,No Issue
2021,Mazda,CX-5 Grand Touring,25998,22000,24 city/30 hwy,4-cyl,Gas,All Wheel Drive,Automatic,Black/White,1 Owner,No flood or frame damage,No odometer problems,JM3KFBDM6M0468988,CUV - Midsize,Clean,No Issue,Damage Reported,No Open Recalls,No Issue,No Issue,No CPO Info Available,No Issue
2021,Mazda,CX-5 Carbon Edition,24998,29000,24 city/30 hwy,4-cyl,Gas,All Wheel Drive,Automatic,Gray/Maroon,1 Owner,No flood or frame damage,No odometer problems,JM3KFBCM1M0331121,CUV - Midsize,Clean,No Issue,Moderate,No Open Recalls,No Issue,No Issue,No CPO Info Available,No Issue
2022,Mazda,CX-5 2.5 S Select Package,22998,36000,24 city/30 hwy,4-cyl,Gas,All Wheel Drive,Automatic,Red/Black,1 Owner,No flood or frame damage,No odometer problems,JM3KFBBM5N1592507,CUV - Midsize,Clean,No Issue,No Issue,No Open Recalls,No Issue,No Issue,No CPO Info Available,No Issue
2020,Mazda,CX-5 Touring,23998,37000,24 city/30 hwy,4-cyl,Gas,All Wheel Drive,Automatic,White/Black,3 Owners,No flood or frame damage,No odometer problems,JM3KFBCM6L1813947,CUV - Midsize,Clean,No Issue,No Issue,No Open Recalls,No Issue,No Issue,OEM-Certified,No Issue
2021,Mazda,CX-30 Premium,24998,24000,24 city/31 hwy,4-cyl,Gas,All Wheel Drive,Automatic,Blue/Black,1 Owner,No flood or frame damage,No odometer problems,3MVDMBDL7MM316289,CUV - Compact,Clean,No Issue,No Issue,No Open Recalls,No Issue,No Issue,OEM-Certified,No Issue
2023,Mazda,CX-50 2.5 S Select Package,24998,29000,24 city/30 hwy,4-cyl,Gas,All Wheel Drive,Automatic,Red/Black,1 Owner,No flood or frame damage,No odometer problems,7MMVABAM9PN109117,CUV - Midsize,Clean,No Issue,No Issue,No Open Recalls,No Issue,No Issue,No CPO Info Available,No Issue
2022,Mazda,CX-5 Carbon Edition,26998,24000,24 city/30 hwy,4-cyl,Gas,All Wheel Drive,Automatic,Gray/Black,1 Owner,No flood or frame damage,No odometer problems,JM3KFBCM4N1612678,CUV - Midsize,Clean,No Issue,No Issue,No Open Recalls,No Issue,No Issue,No CPO Info Available,No Issue
2021,Mazda,CX-9 Sport,25998,32000,20 city/26 hwy,4-cyl,Turbo Gas,All Wheel Drive,Automatic,Black/Black,1 Owner,No flood or frame damage,No odometer problems,JM3TCBBY3M0526171,CUV - Midsize,Clean,No Issue,No Issue,No Open Recalls,No Issue,No Issue,OEM-Certified,No Issue
2020,Mazda,CX-30 Preferred,22998,25000,24 city/31 hwy,4-cyl,Gas,All Wheel Drive,Automatic,Red/Black,1 Owner,No flood or frame damage,No odometer problems,3MVDMBDL0LM105269,CUV - Compact,Clean,No Issue,No Issue,No Open Recalls,No Issue,No Issue,No CPO Info Available,No Issue
2023,Mazda,CX-30 2.5 S Select Package,22998,27000,26 city/33 hwy,4-cyl,Gas,All Wheel Drive,Automatic,Pearl/Black,1 Owner,No flood or frame damage,No odometer problems,3MVDMBBM5PM502123,CUV - Compact,Clean,No Issue,No Issue,No Open Recalls,No Issue,No Issue,No CPO Info Available,No Issue
2022,Mazda,Mazda3 ,19998,41000,28 city/36 hwy,4-cyl,Gas,Front Wheel Drive,Automatic,Blue/Black,1 Owner,No flood or frame damage,No odometer problems,3MZBPAA70NM304808,Car - Compact,Clean,No Issue,No Issue,No Open Recalls,No Issue,No Issue,No CPO Info Available,No Issue
2015,Mazda,CX-5 Sport,13599,108000,24 city/30 hwy,4-cyl,Gas,All Wheel Drive,Automatic,Black/Black,4 Owners,No flood or frame damage,No odometer problems,JM3KE4BYXF0524518,CUV - Compact,Clean,No Issue,Minor,No Open Recalls,No Issue,No Issue,No CPO Info Available,No Issue
2019,Mazda,CX-9 Touring,23998,56000,20 city/26 hwy,4-cyl,Turbo Gas,All Wheel Drive,Automatic,White/Gray,2 Owners,No flood or frame damage,No odometer problems,JM3TCBCY6K0336506,CUV - Midsize,Clean,No Issue,Minor,No Open Recalls,No Issue,No Issue,OEM-Certified,No Issue
2020,Mazda,CX-5 Grand Touring Reserve,24998,54000,22 city/27 hwy,4-cyl,Turbo Gas,All Wheel Drive,Automatic,Gray/Black,2 Owners,No flood or frame damage,No odometer problems,JM3KFBAY3L0746932,CUV - Midsize,Clean,No Issue,No Issue,No Open Recalls,No Issue,No Issue,No CPO Info Available,No Issue
2016,Mazda,CX-5 Grand Touring,16998,94000,24 city/30 hwy,4-cyl,Gas,All Wheel Drive,Automatic,Red/Gray,2 Owners,No flood or frame damage,No odometer problems,JM3KE4DY9G0729987,CUV - Compact,Clean,No Issue,No Issue,No Open Recalls,No Issue,No Issue,No CPO Info Available,No Issue
2021,Mazda,CX-30 Premium,23998,35000,24 city/31 hwy,4-cyl,Gas,All Wheel Drive,Automatic,Red/Black,2 Owners,No flood or frame damage,No odometer problems,3MVDMBDM3MM220801,CUV - Compact,Clean,No Issue,No Issue,No Open Recalls,No Issue,No Issue,OEM-Certified,No Issue
2019,Mazda,CX-5 Grand Touring,23998,34000,24 city/30 hwy,4-cyl,Gas,All Wheel Drive,Automatic,Red/Black,2 Owners,No flood or frame damage,No odometer problems,JM3KFBDM4K0511186,CUV - Compact,Clean,No Issue,Damage Reported,No Open Recalls,No Issue,No Issue,No Recent CPO Reported,No Issue
2016,Mazda,CX-5 Touring,13599,123000,24 city/30 hwy,4-cyl,Gas,All Wheel Drive,Automatic,Blue/Cream,3 Owners,No flood or frame damage,No odometer problems,JM3KE4CY9G0604201,CUV - Compact,Clean,No Issue,Minor,No Open Recalls,No Issue,No Issue,No Recent CPO Reported,No Issue
2017,Mazda,Mazda3 Grand Touring,18998,66000,25 city/33 hwy,4-cyl,Gas,Front Wheel Drive,Manual 6 Speed,Black/Black,1 Owner,No flood or frame damage,No odometer problems,JM1BN1M33H1125908,Car - Midsize,Clean,No Issue,No Issue,1 Open Recall(s),No Issue,No Issue,No CPO Info Available,No Issue
2022,Mazda,CX-5 2.5 S Premium Package,28998,16000,24 city/30 hwy,,,,Automatic,Gray/Black,2 Owners,No flood or frame damage,No odometer problems,JM3KFBDM4N0538036,CUV - Midsize,Clean,No Issue,No Issue,No Open Recalls,No Issue,No Issue,OEM-Certified,No Issue
2021,Mazda,MX-5 Miata RF Grand Touring,29998,6000,26 city/34 hwy,4-cyl,Gas,Rear Wheel Drive,Manual 6 Speed,Red/Black,3 Owners,No flood or frame damage,No odometer problems,JM1NDAM76M0460390,Sport Car - Subcompact,Clean,No Issue,No Issue,1 Open Recall(s),No Issue,No Issue,OEM-Certified,No Issue
2021,Mazda,CX-30 S,21998,23000,25 city/33 hwy,4-cyl,Gas,Front Wheel Drive,Automatic,Black/Black,1 Owner,No flood or frame damage,No odometer problems,3MVDMAAL9MM244932,CUV - Compact,Clean,No Issue,No Issue,No Open Recalls,No Issue,No Issue,OEM-Certified,No Issue
2018,Mazda,Mazda3 Sport,19998,23000,28 city/37 hwy,4-cyl,Gas,Front Wheel Drive,Automatic,Blue/Black,2 Owners,No flood or frame damage,No odometer problems,3MZBN1U78JM190049,Car - Compact,Clean,No Issue,No Issue,No Open Recalls,No Issue,No Issue,No CPO Info Available,No Issue
2021,Mazda,CX-5 Touring,25998,19000,24 city/30 hwy,4-cyl,Gas,All Wheel Drive,Automatic,Black/Black,1 Owner,No flood or frame damage,No odometer problems,JM3KFBCM0M0455686,CUV - Midsize,Clean,No Issue,No Issue,No Open Recalls,No Issue,No Issue,No CPO Info Available,No Issue
2021,Mazda,Mazda3 Preferred,21998,40000,24 city/31 hwy,4-cyl,Gas,All Wheel Drive,Automatic,Blue/Black,2 Owners,No flood or frame damage,No odometer problems,JM1BPBLL5M1333946,Car - Midsize,Clean,No Issue,No Issue,No Open Recalls,No Issue,No Issue,OEM-Certified,No Issue
2017,Mazda,CX-5 Touring,14998,124000,23 city/29 hwy,4-cyl,Gas,All Wheel Drive,Automatic,Red/Black,2 Owners,No flood or frame damage,No odometer problems,JM3KFBCL2H0208554,CUV - Compact,Clean,No Issue,No Issue,No Open Recalls,No Issue,No Issue,No CPO Info Available,No Issue
2021,Mazda,CX-30 Select,22998,28000,24 city/31 hwy,4-cyl,Gas,All Wheel Drive,Automatic,Gray/Black,1 Owner,No flood or frame damage,No odometer problems,3MVDMBBL9MM261721,CUV - Compact,Clean,No Issue,No Issue,No Open Recalls,No Issue,No Issue,No CPO Info Available,No Issue
2021,Mazda,CX-30 Select,22998,24000,24 city/31 hwy,4-cyl,Gas,All Wheel Drive,Automatic,Red/Black,1 Owner,No flood or frame damage,No odometer problems,3MVDMBBL4MM312381,CUV - Compact,Clean,No Issue,No Issue,No Open Recalls,No Issue,No Issue,No CPO Info Available,No Issue
2016,Mazda,CX-5 2016.5 Touring,16998,89000,24 city/30 hwy,4-cyl,Gas,All Wheel Drive,Automatic,Red/Black,1 Owner,No flood or frame damage,No odometer problems,JM3KE4CY0G0868830,CUV - Compact,Clean,No Issue,No Issue,No Open Recalls,No Issue,No Issue,No CPO Info Available,No Issue
2021,Mazda,CX-5 Touring,23998,41000,24 city/30 hwy,4-cyl,Gas,All Wheel Drive,Automatic,Blue/Gray,1 Owner,No flood or frame damage,No odometer problems,JM3KFBCM5M0416057,CUV - Midsize,Clean,No Issue,Damage Reported,No Open Recalls,No Issue,No Issue,No CPO Info Available,No Issue
2021,Mazda,MX-5 Miata RF Grand Touring,29998,9000,26 city/34 hwy,4-cyl,Gas,Rear Wheel Drive,Automatic,Gray/White,1 Owner,No flood or frame damage,No odometer problems,JM1NDAM75M0454564,Sport Car - Subcompact,Clean,No Issue,No Issue,1 Open Recall(s),No Issue,No Issue,OEM-Certified,No Issue
2021,Mazda,CX-5 Grand Touring,24998,49000,24 city/30 hwy,4-cyl,Gas,All Wheel Drive,Automatic,White/Black,1 Owner,No flood or frame damage,No odometer problems,JM3KFBDM9M0312783,CUV - Midsize,Clean,No Issue,No Issue,No Open Recalls,No Issue,No Issue,No CPO Info Available,No Issue
2021,Mazda,CX-30 Preferred,23998,31000,24 city/31 hwy,4-cyl,Gas,All Wheel Drive,Automatic,Gray/Black,1 Owner,No flood or frame damage,No odometer problems,3MVDMBCL3MM302505,CUV - Compact,Clean,No Issue,No Issue,No Open Recalls,No Issue,No Issue,No CPO Info Available,No Issue
2021,Mazda,CX-30 Preferred,22998,49000,24 city/31 hwy,4-cyl,Gas,All Wheel Drive,Automatic,Black/Black,1 Owner,No flood or frame damage,No odometer problems,3MVDMBCL5MM251170,CUV - Compact,Clean,No Issue,No Issue,No Open Recalls,No Issue,No Issue,No CPO Info Available,No Issue
2019,Mazda,MX-5 Miata RF Grand Touring,28998,10000,26 city/34 hwy,4-cyl,Gas,Rear Wheel Drive,Manual 6 Speed,White/Brown,1 Owner,No flood or frame damage,No odometer problems,JM1NDAM76K0308087,Sport Car - Subcompact,Clean,No Issue,No Issue,1 Open Recall(s),No Issue,No Issue,No CPO Info Available,No Issue
2021,Mazda,CX-30 Select,21998,37000,24 city/31 hwy,4-cyl,Gas,All Wheel Drive,Automatic,Black/Black,1 Owner,No flood or frame damage,No odometer problems,3MVDMBBL3MM311089,CUV - Compact,Clean,No Issue,No Issue,No Open Recalls,No Issue,No Issue,No CPO Info Available,No Issue
2016,Mazda,Mazda3 I Touring,13599,118000,30 city/41 hwy,4-cyl,Gas,Front Wheel Drive,Automatic,White/Black,1 Owner,No flood or frame damage,No odometer problems,JM1BM1W79G1298351,Car - Compact,Clean,No Issue,No Issue,No Open Recalls,No Issue,No Issue,No CPO Info Available,No Issue
2019,Mazda,CX-5 Grand Touring,23998,59000,24 city/30 hwy,4-cyl,Gas,All Wheel Drive,Automatic,Black/Gray,1 Owner,No flood or frame damage,No odometer problems,JM3KFBDM0K0556383,CUV - Compact,Clean,No Issue,No Issue,No Open Recalls,No Issue,No Issue,No CPO Info Available,No Issue
2021,Mazda,CX-5 Grand Touring Reserve,25998,44000,22 city/27 hwy,4-cyl,Turbo Gas,All Wheel Drive,Automatic,Blue/Black,1 Owner,No flood or frame damage,No odometer problems,JM3KFBAY1M0420712,CUV - Midsize,Clean,No Issue,No Issue,No Open Recalls,No Issue,No Issue,No CPO Info Available,No Issue
2021,Mazda,CX-30 Select,21998,32000,24 city/31 hwy,4-cyl,Gas,All Wheel Drive,Automatic,Blue/Black,1 Owner,No flood or frame damage,No odometer problems,3MVDMBBL5MM271081,CUV - Compact,Clean,No Issue,No Issue,No Open Recalls,No Issue,No Issue,No CPO Info Available,No Issue
2023,Mazda,CX-5 2.5 S Preferred Package,26998,16000,24 city/30 hwy,4-cyl,Gas,All Wheel Drive,Automatic,Black/Black,1 Owner,No flood or frame damage,No odometer problems,JM3KFBCM6P0170155,CUV - Midsize,Clean,No Issue,No Issue,No Open Recalls,No Issue,No Issue,No CPO Info Available,No Issue
2016,Mazda,CX-5 Grand Touring,16998,106000,24 city/30 hwy,4-cyl,Gas,All Wheel Drive,Automatic,Gray/Black,1 Owner,No flood or frame damage,No odometer problems,JM3KE4DYXG0769771,CUV - Compact,Clean,No Issue,No Issue,No Open Recalls,No Issue,No Issue,No CPO Info Available,No Issue
2022,Mazda,CX-30 Carbon Edition,24998,23000,24 city/31 hwy,4-cyl,Gas,All Wheel Drive,Automatic,Gray/Black,1 Owner,No flood or frame damage,No odometer problems,3MVDMBCL2NM402080,CUV - Compact,Clean,No Issue,Moderate,No Open Recalls,No Issue,No Issue,No CPO Info Available,No Issue
2021,Mazda,CX-5 Grand Touring,25998,44000,24 city/30 hwy,4-cyl,Gas,All Wheel Drive,Automatic,White/Black,1 Owner,No flood or frame damage,No odometer problems,JM3KFBDM3M0441828,CUV - Midsize,Clean,No Issue,No Issue,No Open Recalls,No Issue,No Issue,No CPO Info Available,No Issue
2020,Mazda,Mazda3 ,20998,20000,26 city/35 hwy,4-cyl,Gas,Front Wheel Drive,Automatic,Blue/Black,2 Owners,No flood or frame damage,No odometer problems,3MZBPABL2LM130264,Car - Compact,Clean,No Issue,No Issue,No Open Recalls,No Issue,No Issue,No Recent CPO Reported,No Issue
2019,Mazda,CX-5 Sport,20998,54000,24 city/30 hwy,4-cyl,Gas,All Wheel Drive,Automatic,Blue/Black,1 Owner,No flood or frame damage,No odometer problems,JM3KFBBM5K0629735,CUV - Compact,Clean,No Issue,No Issue,No Open Recalls,No Issue,No Issue,No CPO Info Available,No Issue
2021,Mazda,CX-30 Preferred,23998,17000,24 city/31 hwy,4-cyl,Gas,All Wheel Drive,Automatic,Red/Black,1 Owner,No flood or frame damage,No odometer problems,3MVDMBCL4MM256537,CUV - Compact,Clean,No Issue,No Issue,No Open Recalls,No Issue,No Issue,No CPO Info Available,No Issue
2015,Mazda,CX-9 Touring,15998,106000,16 city/22 hwy,6-cyl,Gas,All Wheel Drive,Automatic,Gray/Black,2 Owners,No flood or frame damage,No odometer problems,JM3TB3CV4F0463825,CUV - Midsize,Clean,No Issue,No Issue,No Open Recalls,No Issue,No Issue,No CPO Info Available,No Issue
2018,Mazda,Mazda6 Signature,18998,96000,23 city/31 hwy,4-cyl,Turbo Gas,Front Wheel Drive,Automatic,Gray/Brown,2 Owners,No flood or frame damage,No odometer problems,JM1GL1XY3J1317029,Car - Midsize,Clean,No Issue,No Issue,No Open Recalls,No Issue,No Issue,No CPO Info Available,No Issue
2021,Mazda,Mazda3 2.5 Turbo Premium Plus,26998,45000,23 city/31 hwy,,,,Automatic,Black/Black,1 Owner,No flood or frame damage,No odometer problems,JM1BPBNY5M1348472,Car - Midsize,Clean,No Issue,No Issue,No Open Recalls,No Issue,No Issue,No CPO Info Available,No Issue
2015,Mazda,MX-5 Miata Grand Touring,17998,54000,21 city/28 hwy,4-cyl,Gas,Rear Wheel Drive,Automatic,Black/Brown,7 Owners,No flood or frame damage,No odometer problems,JM1NC2PF8F0240022,Sport Car - Subcompact,Clean,No Issue,Moderate,No Open Recalls,No Issue,No Issue,OEM-Certified,No Issue
2022,Mazda,CX-9 Touring,28998,27000,20 city/26 hwy,4-cyl,Turbo Gas,All Wheel Drive,Automatic,Blue/Black,1 Owner,No flood or frame damage,No odometer problems,JM3TCBCYXN0605837,CUV - Midsize,Clean,No Issue,No Issue,No Open Recalls,No Issue,No Issue,No CPO Info Available,No Issue
2016,Mazda,Mazda3 I Sport,13998,103000,30 city/40 hwy,,,,Automatic,Blue/Black,2 Owners,No flood or frame damage,No odometer problems,JM1BM1U73G1348468,Car - Compact,Clean,No Issue,Minor,No Open Recalls,No Issue,No Issue,No Recent CPO Reported,No Issue
2021,Mazda,CX-5 Grand Touring,25998,31000,24 city/30 hwy,,,,Automatic,White/Tan,1 Owner,No flood or frame damage,No odometer problems,JM3KFBDM6M0412209,CUV - Midsize,Clean,No Issue,No Issue,No Open Recalls,No Issue,No Issue,No CPO Info Available,No Issue
2018,Mazda,CX-9 Touring,24998,25000,20 city/26 hwy,,,,Automatic,Gray/Black,1 Owner,No flood or frame damage,No odometer problems,JM3TCBCY3J0230173,CUV - Midsize,Clean,No Issue,Minor,1 Open Recall(s),No Issue,No Issue,No CPO Info Available,No Issue
2019,Mazda,CX-5 Touring,21998,34000,25 city/31 hwy,,,,Automatic,Red/Black,2 Owners,No flood or frame damage,No odometer problems,JM3KFACM2K1510947,CUV - Compact,Clean,No Issue,Minor,No Open Recalls,No Issue,No Issue,No CPO Info Available,No Issue
2021,Mazda,Mazda3 Premium,26998,18000,24 city/32 hwy,4-cyl,Gas,All Wheel Drive,Automatic,Gray/Burgundy,1 Owner,No flood or frame damage,No odometer problems,JM1BPBML4M1309104,Car - Midsize,Clean,No Issue,No Issue,No Open Recalls,No Issue,No Issue,No CPO Info Available,No Issue
2022,Mazda,MX-5 Miata Grand Touring,27998,26000,26 city/34 hwy,,,,Manual 5 Speed,Gray/Burgundy,1 Owner,No flood or frame damage,No odometer problems,JM1NDAD76N0503224,Sport Car - Subcompact,Clean,No Issue,No Issue,1 Open Recall(s),No Issue,No Issue,No CPO Info Available,No Issue
2013,Mazda,CX-9 Grand Touring,15998,76000,16 city/22 hwy,6-cyl,Gas,All Wheel Drive,Automatic,Black/Black,1 Owner,No flood or frame damage,No odometer problems,JM3TB3DV9D0421467,CUV - Midsize,Clean,No Issue,Damage Reported,No Open Recalls,No Issue,No Issue,No CPO Info Available,No Issue
2021,Mazda,Mazda3 Preferred,22998,25000,25 city/33 hwy,,,,Automatic,Gray/Black,1 Owner,No flood or frame damage,No odometer problems,3MZBPBCL0MM251560,Car - Compact,Clean,No Issue,No Issue,No Open Recalls,No Issue,No Issue,No CPO Info Available,No Issue
2023,Mazda,CX-5 2.5 S Preferred Package,28998,9000,24 city/30 hwy,,,,Automatic,Gray/Black,1 Owner,No flood or frame damage,No odometer problems,JM3KFBCMXP0123355,CUV - Midsize,Clean,No Issue,No Issue,No Open Recalls,No Issue,No Issue,No CPO Info Available,No Issue
2019,Mazda,CX-5 Grand Touring Reserve,21998,58000,22 city/27 hwy,4-cyl,Turbo Gas,All Wheel Drive,Automatic,Red/Black,2 Owners,No flood or frame damage,No odometer problems,JM3KFBDY5K0555071,CUV - Compact,Clean,No Issue,Minor,No Open Recalls,No Issue,No Issue,No CPO Info Available,No Issue
2014,Mazda,CX-5 Grand Touring,15998,84000,24 city/30 hwy,,,,Automatic,Black/Black,2 Owners,No flood or frame damage,No odometer problems,JM3KE4DY8E0349861,CUV - Compact,Clean,No Issue,No Issue,No Open Recalls,No Issue,No Issue,No CPO Info Available,No Issue
2023,Mazda,Mazda3 2.5 S Select Package,21998,26000,28 city/37 hwy,4-cyl,Gas,Front Wheel Drive,Automatic,White/Black,1 Owner,No flood or frame damage,No odometer problems,3MZBPABM6PM371047,Car - Compact,Clean,No Issue,No Issue,No Open Recalls,No Issue,No Issue,No CPO Info Available,No Issue
2017,Mazda,CX-9 Grand Touring,18998,107000,20 city/26 hwy,4-cyl,Turbo Gas,All Wheel Drive,Automatic,Pearl/Black,2 Owners,No flood or frame damage,No odometer problems,JM3TCBDY4H0127286,CUV - Midsize,Clean,No Issue,Minor,No Open Recalls,No Issue,No Issue,No Recent CPO Reported,No Issue
2022,Mazda,CX-9 Signature,33998,30000,20 city/26 hwy,4-cyl,Turbo Gas,All Wheel Drive,Automatic,White/Black,1 Owner,No flood or frame damage,No odometer problems,JM3TCBDY4N0607193,CUV - Midsize,Clean,No Issue,No Issue,No Open Recalls,No Issue,No Issue,No CPO Info Available,No Issue
2018,Mazda,CX-5 Grand Touring,18998,99000,24 city/30 hwy,4-cyl,Gas,All Wheel Drive,Automatic,White/White,2 Owners,No flood or frame damage,No odometer problems,JM3KFBDM3J0371730,CUV - Compact,Clean,No Issue,No Issue,No Open Recalls,No Issue,No Issue,No CPO Info Available,No Issue
2021,Mazda,Mazda3 S,19998,34000,26 city/35 hwy,4-cyl,Gas,Front Wheel Drive,Automatic,Blue/Black,1 Owner,No flood or frame damage,No odometer problems,JM1BPAAL2M1338986,Car - Compact,Clean,No Issue,No Issue,No Open Recalls,No Issue,No Issue,No CPO Info Available,No Issue
2019,Mazda,CX-5 Grand Touring,18998,92000,24 city/30 hwy,4-cyl,Gas,All Wheel Drive,Automatic,Blue/Black,3 Owners,No flood or frame damage,No odometer problems,JM3KFBDMXK0548100,CUV - Compact,Clean,No Issue,Minor,No Open Recalls,No Issue,No Issue,No CPO Info Available,No Issue
2019,Mazda,CX-3 Touring,18998,52000,27 city/32 hwy,4-cyl,Gas,All Wheel Drive,Automatic,Gray/Gray,2 Owners,No flood or frame damage,No odometer problems,JM1DKFC71K1402226,CUV - Compact,Clean,No Issue,No Issue,1 Open Recall(s),No Issue,No Issue,No Recent CPO Reported,No Issue
2018,Mazda,CX-9 Sport,21998,49000,20 city/26 hwy,4-cyl,Turbo Gas,All Wheel Drive,Automatic,Blue/Black,1 Owner,No flood or frame damage,No odometer problems,JM3TCBBY7J0230937,CUV - Midsize,Clean,No Issue,No Issue,No Open Recalls,No Issue,No Issue,No CPO Info Available,No Issue
2021,Mazda,CX-5 Grand Touring Reserve,26998,34000,22 city/27 hwy,4-cyl,Turbo Gas,All Wheel Drive,Automatic,Gray/Black,1 Owner,No flood or frame damage,No odometer problems,JM3KFBAY0M0476799,CUV - Midsize,Clean,No Issue,Minor,No Open Recalls,No Issue,No Issue,OEM-Certified,No Issue
2022,Mazda,CX-30 Preferred,25998,9000,24 city/31 hwy,4-cyl,Gas,All Wheel Drive,Automatic,Black/Black,1 Owner,No flood or frame damage,No odometer problems,3MVDMBCL0NM446045,CUV - Compact,Clean,No Issue,No Issue,No Open Recalls,No Issue,No Issue,No CPO Info Available,No Issue
2019,Mazda,CX-5 Grand Touring,24998,40000,24 city/30 hwy,4-cyl,Gas,All Wheel Drive,Automatic,Black/White,2 Owners,No flood or frame damage,No odometer problems,JM3KFBDM3K1551964,CUV - Compact,Clean,No Issue,No Issue,No Open Recalls,No Issue,No Issue,No Recent CPO Reported,No Issue
2021,Mazda,CX-5 Grand Touring,27998,15000,24 city/30 hwy,4-cyl,Gas,All Wheel Drive,Automatic,Blue/Black,1 Owner,No flood or frame damage,No odometer problems,JM3KFBDMXM0376203,CUV - Midsize,Clean,No Issue,No Issue,No Open Recalls,No Issue,No Issue,No CPO Info Available,No Issue
2015,Mazda,Mazda3 I Touring,16998,58000,30 city/41 hwy,4-cyl,Gas,Front Wheel Drive,Automatic,Red/Black,1 Owner,No flood or frame damage,No odometer problems,3MZBM1V72FM160392,Car - Compact,Clean,No Issue,Minor,No Open Recalls,No Issue,No Issue,No CPO Info Available,No Issue
2019,Mazda,Mazda3 Preferred,21998,19000,26 city/35 hwy,4-cyl,Gas,Front Wheel Drive,Automatic,Blue/Black,1 Owner,No flood or frame damage,No odometer problems,3MZBPADLXKM108007,Car - Compact,Clean,No Issue,Minor,No Open Recalls,No Issue,No Issue,No CPO Info Available,No Issue
2021,Mazda,CX-5 Carbon Edition,26998,27000,24 city/30 hwy,4-cyl,Gas,All Wheel Drive,Automatic,Gray/Red,1 Owner,No flood or frame damage,No odometer problems,JM3KFBCM6M0335553,CUV - Midsize,Clean,No Issue,No Issue,No Open Recalls,No Issue,No Issue,No CPO Info Available,No Issue
2021,Mazda,CX-30 Select,21998,44000,24 city/31 hwy,4-cyl,Gas,All Wheel Drive,Automatic,Blue/Black,1 Owner,No flood or frame damage,No odometer problems,3MVDMBBL8MM305434,CUV - Compact,Clean,No Issue,Minor,No Open Recalls,No Issue,No Issue,No CPO Info Available,No Issue
2016,Mazda,CX-5 Touring,16998,94000,24 city/30 hwy,4-cyl,Gas,All Wheel Drive,Automatic,Brown/Tan,1 Owner,No flood or frame damage,No odometer problems,JM3KE4CY6G0838411,CUV - Compact,Clean,No Issue,No Issue,No Open Recalls,No Issue,No Issue,No CPO Info Available,No Issue
2020,Mazda,CX-5 Grand Touring,22998,49000,25 city/31 hwy,4-cyl,Gas,Front Wheel Drive,Automatic,Pearl/Black,2 Owners,No flood or frame damage,No odometer problems,JM3KFADM6L1780117,CUV - Midsize,Clean,No Issue,No Issue,No Open Recalls,No Issue,No Issue,No CPO Info Available,No Issue
2021,Mazda,CX-5 Touring,22998,45000,25 city/31 hwy,4-cyl,Gas,Front Wheel Drive,Automatic,Blue/Black,2 Owners,No flood or frame damage,No odometer problems,JM3KFACM9M1311784,CUV - Midsize,Clean,No Issue,No Issue,No Open Recalls,No Issue,No Issue,No CPO Info Available,No Issue
2016,Mazda,CX-3 Grand Touring,16998,84000,27 city/32 hwy,4-cyl,Gas,All Wheel Drive,Automatic,White/Black,2 Owners,No flood or frame damage,No odometer problems,JM1DKBD73G0126538,CUV - Compact,Clean,No Issue,No Issue,1 Open Recall(s),No Issue,No Issue,No Recent CPO Reported,No Issue
2021,Mazda,CX-5 Carbon Edition,27998,10000,24 city/30 hwy,4-cyl,Gas,All Wheel Drive,Automatic,Blue/Red,1 Owner,No flood or frame damage,No odometer problems,JM3KFBCM1M0459830,CUV - Midsize,Clean,No Issue,Minor,No Open Recalls,No Issue,No Issue,No CPO Info Available,No Issue
2024,Mazda,CX-90 Turbo Premium,40998,18000,24 city/28 hwy,6-cyl,Turbo Gas,All Wheel Drive,Automatic,Burgundy/Burgundy,1 Owner,No flood or frame damage,No odometer problems,JM3KKDHD7R1116571,SUV - Large,Clean,No Issue,No Issue,4 Open Recall(s),No Issue,No Issue,No CPO Info Available,No Issue
2016,Mazda,CX-5 Touring,15998,86000,24 city/30 hwy,4-cyl,Gas,All Wheel Drive,Automatic,Red/Black,3 Owners,No flood or frame damage,No odometer problems,JM3KE4CY5G0896204,CUV - Compact,Clean,No Issue,Minor,No Open Recalls,No Issue,No Issue,No Recent CPO Reported,No Issue
2016,Mazda,Mazda3 S Touring,17998,72000,27 city/37 hwy,4-cyl,Gas,Front Wheel Drive,Automatic,Gray/Black,1 Owner,No flood or frame damage,No odometer problems,JM1BM1M36G1293883,Car - Midsize,Clean,No Issue,No Issue,2 Open Recall(s),No Issue,No Issue,No CPO Info Available,No Issue
2016,Mazda,Mazda6 I Touring,19998,37000,26 city/38 hwy,4-cyl,Gas,Front Wheel Drive,Automatic,Blue/Black,2 Owners,No flood or frame damage,No odometer problems,JM1GJ1V51G1414477,Car - Midsize,Clean,No Issue,No Issue,No Open Recalls,No Issue,No Issue,No Recent CPO Reported,No Issue
2022,Mazda,CX-9 Sport,27998,30000,20 city/26 hwy,4-cyl,Turbo Gas,All Wheel Drive,Automatic,White/Black,1 Owner,No flood or frame damage,No odometer problems,JM3TCBBY0N0606447,CUV - Midsize,Clean,No Issue,No Issue,No Open Recalls,No Issue,No Issue,No CPO Info Available,No Issue
2023,Mazda,CX-30 2.5 S Preferred Package,22998,37000,26 city/33 hwy,4-cyl,Gas,All Wheel Drive,Automatic,Black/Black,1 Owner,No flood or frame damage,No odometer problems,3MVDMBCM4PM525004,CUV - Compact,Clean,No Issue,No Issue,No Open Recalls,No Issue,No Issue,No CPO Info Available,No Issue
2017,Mazda,CX-9 Touring,17998,111000,20 city/26 hwy,4-cyl,Turbo Gas,All Wheel Drive,Automatic,Black/Black,1 Owner,No flood or frame damage,No odometer problems,JM3TCBCY9H0133831,CUV - Midsize,Clean,No Issue,No Issue,No Open Recalls,No Issue,No Issue,No CPO Info Available,No Issue
2017,Mazda,CX-5 Touring,18998,81000,23 city/29 hwy,4-cyl,Gas,All Wheel Drive,Automatic,Red/Black,2 Owners,No flood or frame damage,No odometer problems,JM3KFBCLXH0189316,CUV - Compact,Clean,No Issue,No Issue,No Open Recalls,No Issue,No Issue,No Recent CPO Reported,No Issue
2017,Mazda,Mazda3 Sport,14998,89000,28 city/37 hwy,4-cyl,Gas,Front Wheel Drive,Automatic,Gray/Black,2 Owners,No flood or frame damage,No odometer problems,3MZBN1U77HM143086,Car - Compact,Clean,No Issue,Minor,No Open Recalls,No Issue,No Issue,No Recent CPO Reported,No Issue
2022,Mazda,CX-30 Select,24998,4000,24 city/31 hwy,,,,Automatic,Tan/Black,1 Owner,No flood or frame damage,No odometer problems,3MVDMBBL4NM401563,CUV - Compact,Clean,No Issue,No Issue,No Open Recalls,No Issue,No Issue,No CPO Info Available,No Issue
2022,Mazda,CX-9 Touring,27998,47000,20 city/26 hwy,,,,Automatic,Gray/Tan,1 Owner,No flood or frame damage,No odometer problems,JM3TCBCY3N0618476,CUV - Midsize,Clean,No Issue,Minor,No Open Recalls,No Issue,No Issue,No CPO Info Available,No Issue
2022,Mazda,CX-5 2.5 S Premium Package,25998,27000,24 city/30 hwy,4-cyl,Gas,All Wheel Drive,Automatic,White/Black,1 Owner,No flood or frame damage,No odometer problems,JM3KFBDM2N0618385,CUV - Midsize,Clean,No Issue,No Issue,No Open Recalls,No Issue,No Issue,No CPO Info Available,No Issue
2021,Mazda,CX-5 Grand Touring,25998,26000,24 city/30 hwy,4-cyl,Gas,All Wheel Drive,Automatic,Black/Black,1 Owner,No flood or frame damage,No odometer problems,JM3KFBDM9M1401960,CUV - Midsize,Clean,No Issue,No Issue,1 Open Recall(s),No Issue,No Issue,No CPO Info Available,No Issue
2014,Mazda,Mazda6 I Grand Touring,15998,82000,26 city/38 hwy,4-cyl,Gas,Front Wheel Drive,Automatic,Black/Black,2 Owners,No flood or frame damage,No odometer problems,JM1GJ1W5XE1100760,Car - Midsize,Clean,No Issue,No Issue,No Open Recalls,No Issue,No Issue,No CPO Info Available,No Issue
2021,Mazda,CX-5 Touring,24998,36000,24 city/30 hwy,,,,Automatic,White/Black,1 Owner,No flood or frame damage,No odometer problems,JM3KFBCM9M1443899,CUV - Midsize,Clean,No Issue,No Issue,No Open Recalls,No Issue,No Issue,No CPO Info Available,No Issue
2020,Mazda,CX-5 Sport,21998,40000,24 city/30 hwy,4-cyl,Gas,All Wheel Drive,Automatic,Blue/Black,2 Owners,No flood or frame damage,No odometer problems,JM3KFBBM9L0779591,CUV - Midsize,Clean,No Issue,No Issue,No Open Recalls,No Issue,No Issue,OEM-Certified,No Issue
2021,Mazda,CX-5 Touring,23998,30000,24 city/30 hwy,4-cyl,Gas,All Wheel Drive,Automatic,White/Black,2 Owners,No flood or frame damage,No odometer problems,JM3KFBCM7M0362647,CUV - Midsize,Clean,No Issue,No Issue,No Open Recalls,No Issue,No Issue,No CPO Info Available,No Issue
2021,Mazda,CX-5 Touring,23998,41000,24 city/30 hwy,4-cyl,Gas,All Wheel Drive,Automatic,Red/Black,1 Owner,No flood or frame damage,No odometer problems,JM3KFBCM7M1440581,CUV - Midsize,Clean,No Issue,No Issue,No Open Recalls,No Issue,No Issue,No CPO Info Available,No Issue
2023,Mazda,CX-30 2.5 Turbo Premium,29998,6000,26 city/33 hwy,,,,Automatic,Gray/Gray,1 Owner,No flood or frame damage,No odometer problems,3MVDMBDY8PM561294,CUV - Compact,Clean,No Issue,No Issue,No Open Recalls,No Issue,No Issue,No CPO Info Available,No Issue
2019,Mazda,MX-5 Miata RF Club,24998,29000,26 city/34 hwy,4-cyl,Gas,Rear Wheel Drive,Manual 6 Speed,Gray/Black,2 Owners,No flood or frame damage,No odometer problems,JM1NDAL71K0307950,Sport Car - Subcompact,Clean,No Issue,Damage Reported,1 Open Recall(s),No Issue,No Issue,No CPO Info Available,No Issue
2014,Mazda,CX-5 Sport,15998,62000,26 city/35 hwy,4-cyl,Gas,Front Wheel Drive,Automatic,White/Blue,2 Owners,No flood or frame damage,No odometer problems,JM3KE2BE3E0407081,CUV - Compact,Clean,No Issue,Moderate,3 Open Recall(s),No Issue,No Issue,No CPO Info Available,No Issue
2017,Mazda,CX-5 Grand Touring,19998,62000,23 city/29 hwy,4-cyl,Gas,All Wheel Drive,Automatic,Red/White,2 Owners,No flood or frame damage,No odometer problems,JM3KFBDL5H0151958,CUV - Compact,Clean,No Issue,Minor,No Open Recalls,No Issue,No Issue,No Recent CPO Reported,No Issue
2020,Mazda,CX-9 Touring,26998,25000,20 city/26 hwy,4-cyl,Turbo Gas,All Wheel Drive,Automatic,Blue/Cream,2 Owners,No flood or frame damage,No odometer problems,JM3TCBCY2L0408061,CUV - Midsize,Clean,No Issue,No Issue,No Open Recalls,No Issue,No Issue,No Recent CPO Reported,No Issue
2019,Mazda,CX-3 Sport,18998,48000,27 city/32 hwy,4-cyl,Gas,All Wheel Drive,Automatic,Pearl/Black,2 Owners,No flood or frame damage,No odometer problems,JM1DKFB79K1401522,CUV - Compact,Clean,No Issue,Moderate,1 Open Recall(s),No Issue,No Issue,No CPO Info Available,No Issue
2012,Mazda,Mazda3 I Touring,12998,73000,24 city/33 hwy,4-cyl,Gas,Front Wheel Drive,Automatic,Blue/Black,3 Owners,No flood or frame damage,No odometer problems,JM1BL1V84C1524755,Car - Compact,Clean,No Issue,No Issue,No Open Recalls,No Issue,No Issue,No CPO Info Available,No Issue
2019,Mazda,CX-3 Sport,17998,71000,27 city/32 hwy,4-cyl,Gas,All Wheel Drive,Automatic,White/Black,2 Owners,No flood or frame damage,No odometer problems,JM1DKFB7XK0439783,CUV - Compact,Clean,No Issue,No Issue,1 Open Recall(s),No Issue,No Issue,No Recent CPO Reported,No Issue
2022,Mazda,CX-5 2.5 S Select Package,23998,36000,24 city/30 hwy,4-cyl,Gas,All Wheel Drive,Automatic,Gray/Black,1 Owner,No flood or frame damage,No odometer problems,JM3KFBBM2N0558532,CUV - Midsize,Clean,No Issue,No Issue,No Open Recalls,No Issue,No Issue,No CPO Info Available,No Issue
2021,Mazda,CX-5 Touring,25998,20000,24 city/30 hwy,4-cyl,Gas,All Wheel Drive,Automatic,Gray/White,1 Owner,No flood or frame damage,No odometer problems,JM3KFBCM3M0493316,CUV - Midsize,Clean,No Issue,No Issue,No Open Recalls,No Issue,No Issue,No CPO Info Available,No Issue
2021,Mazda,CX-30 Select,20998,42000,24 city/31 hwy,4-cyl,Gas,All Wheel Drive,Automatic,Gray/Black,1 Owner,No flood or frame damage,No odometer problems,3MVDMBBL8MM318605,CUV - Compact,Clean,No Issue,Damage Reported,No Open Recalls,No Issue,No Issue,No CPO Info Available,No Issue
2019,Mazda,CX-5 Grand Touring,21998,65000,24 city/30 hwy,4-cyl,Gas,All Wheel Drive,Automatic,Gray/Gray,1 Owner,No flood or frame damage,No odometer problems,JM3KFBDM9K0596610,CUV - Compact,Clean,No Issue,No Issue,No Open Recalls,No Issue,No Issue,No CPO Info Available,No Issue
2016,Mazda,Mazda3 I Touring,15998,83000,30 city/41 hwy,4-cyl,Gas,Front Wheel Drive,Automatic,Gray/Black,4 Owners,No flood or frame damage,No odometer problems,JM1BM1W76G1341530,Car - Compact,Clean,No Issue,Minor,No Open Recalls,No Issue,No Issue,No Recent CPO Reported,No Issue
2018,Mazda,CX-5 Grand Touring,23998,27000,24 city/30 hwy,4-cyl,Gas,All Wheel Drive,Automatic,Blue/Cream,2 Owners,No flood or frame damage,No odometer problems,JM3KFBDM4J0395440,CUV - Compact,Clean,No Issue,Minor,No Open Recalls,No Issue,No Issue,No Recent CPO Reported,No Issue
2022,Mazda,CX-9 Grand Touring,33998,15000,20 city/26 hwy,4-cyl,Turbo Gas,All Wheel Drive,Automatic,Blue/Black,1 Owner,No flood or frame damage,No odometer problems,JM3TCBDY2N0613915,CUV - Midsize,Clean,No Issue,No Issue,No Open Recalls,No Issue,No Issue,No CPO Info Available,No Issue
2019,Mazda,CX-5 Touring,22998,33000,24 city/30 hwy,,,,Automatic,Black/Black,2 Owners,No flood or frame damage,No odometer problems,JM3KFBCMXK0602187,CUV - Compact,Clean,No Issue,Moderate,No Open Recalls,No Issue,No Issue,No CPO Info Available,No Issue
2022,Mazda,CX-5 2.5 S Premium Package,26998,21000,24 city/30 hwy,4-cyl,Gas,All Wheel Drive,Automatic,Blue/Gray,3 Owners,No flood or frame damage,No odometer problems,JM3KFBDM4N0533564,CUV - Midsize,Clean,No Issue,No Issue,No Open Recalls,No Issue,No Issue,OEM-Certified,No Issue
2021,Mazda,CX-5 Grand Touring Reserve,25998,32000,22 city/27 hwy,4-cyl,Turbo Gas,All Wheel Drive,Automatic,Red/Black,1 Owner,No flood or frame damage,No odometer problems,JM3KFBAY6M0355100,CUV - Midsize,Clean,No Issue,No Issue,No Open Recalls,No Issue,No Issue,No CPO Info Available,No Issue
2021,Mazda,CX-30 Select,23998,17000,24 city/31 hwy,4-cyl,Gas,All Wheel Drive,Automatic,Black/Black,1 Owner,No flood or frame damage,No odometer problems,3MVDMBBL6MM311197,CUV - Compact,Clean,No Issue,No Issue,No Open Recalls,No Issue,No Issue,No CPO Info Available,No Issue
2019,Mazda,CX-5 Touring,21998,63000,24 city/30 hwy,4-cyl,Gas,All Wheel Drive,Automatic,White/Black,3 Owners,No flood or frame damage,No odometer problems,JM3KFBCM9K0536800,CUV - Compact,Clean,No Issue,Minor,No Open Recalls,No Issue,No Issue,No Recent CPO Reported,No Issue
2019,Mazda,CX-9 Touring,23998,55000,20 city/26 hwy,,,,Automatic,Black/Cream,1 Owner,No flood or frame damage,No odometer problems,JM3TCBCY1K0312145,CUV - Midsize,Clean,No Issue,No Issue,No Open Recalls,No Issue,No Issue,No CPO Info Available,No Issue
2023,Mazda,CX-5 Carbon Edition,30998,7000,24 city/30 hwy,4-cyl,Gas,All Wheel Drive,Automatic,Gray/Red,1 Owner,No flood or frame damage,No odometer problems,JM3KFBCM5P0200472,CUV - Midsize,Clean,No Issue,No Issue,No Open Recalls,No Issue,No Issue,No CPO Info Available,No Issue
2018,Mazda,Mazda6 Sport,18998,48000,26 city/35 hwy,,,,Automatic,Red/Black,1 Owner,No flood or frame damage,No odometer problems,JM1GL1UMXJ1329096,Car - Midsize,Clean,No Issue,Minor,No Open Recalls,No Issue,No Issue,No CPO Info Available,No Issue
2021,Mazda,CX-5 Grand Touring Reserve,25998,36000,22 city/27 hwy,4-cyl,Turbo Gas,All Wheel Drive,Automatic,Gray/Black,1 Owner,No flood or frame damage,No odometer problems,JM3KFBAY6M0430913,CUV - Midsize,Clean,No Issue,No Issue,No Open Recalls,No Issue,No Issue,No CPO Info Available,No Issue
2021,Mazda,CX-5 Grand Touring,23998,49000,24 city/30 hwy,4-cyl,Gas,All Wheel Drive,Automatic,Black/Black,3 Owners,No flood or frame damage,No odometer problems,JM3KFBDM7M0429214,CUV - Midsize,Clean,No Issue,No Issue,No Open Recalls,No Issue,No Issue,No Recent CPO Reported,No Issue
2020,Mazda,CX-5 Touring,23998,24000,25 city/31 hwy,4-cyl,Gas,Front Wheel Drive,Automatic,Blue/Black,1 Owner,No flood or frame damage,No odometer problems,JM3KFACMXL1849036,CUV - Midsize,Clean,No Issue,Minor,No Open Recalls,No Issue,No Issue,No CPO Info Available,No Issue
2021,Mazda,CX-3 Sport,20998,29000,27 city/32 hwy,4-cyl,Gas,All Wheel Drive,Automatic,Blue/Black,1 Owner,No flood or frame damage,No odometer problems,JM1DKFB71M1506817,CUV - Compact,Clean,No Issue,No Issue,No Open Recalls,No Issue,No Issue,OEM-Certified,No Issue
2021,Mazda,CX-5 Touring,24998,34000,24 city/30 hwy,4-cyl,Gas,All Wheel Drive,Automatic,Blue/Black,1 Owner,No flood or frame damage,No odometer problems,JM3KFBCM4M1477118,CUV - Midsize,Clean,No Issue,No Issue,No Open Recalls,No Issue,No Issue,No CPO Info Available,No Issue
2022,Mazda,CX-5 2.5 S Premium Package,26998,28000,24 city/30 hwy,4-cyl,Gas,All Wheel Drive,Automatic,Red/Black,1 Owner,No flood or frame damage,No odometer problems,JM3KFBDM7N1531463,CUV - Midsize,Clean,No Issue,Damage Reported,No Open Recalls,No Issue,No Issue,No CPO Info Available,No Issue
2019,Mazda,CX-5 Grand Touring,23998,38000,24 city/30 hwy,4-cyl,Gas,All Wheel Drive,Automatic,Blue/Black,3 Owners,No flood or frame damage,No odometer problems,JM3KFBDM1K1601177,CUV - Compact,Clean,No Issue,No Issue,No Open Recalls,No Issue,No Issue,No CPO Info Available,No Issue
2021,Mazda,CX-5 Signature,27998,24000,22 city/27 hwy,4-cyl,Turbo Gas,All Wheel Drive,Automatic,Red/Black,1 Owner,No flood or frame damage,No odometer problems,JM3KFBEY7M0415086,CUV - Midsize,Clean,No Issue,Minor,No Open Recalls,No Issue,No Issue,No CPO Info Available,No Issue
2021,Mazda,Mazda3 Select,22998,5000,26 city/35 hwy,4-cyl,Gas,Front Wheel Drive,Automatic,Blue/Black,1 Owner,No flood or frame damage,No odometer problems,3MZBPABM7MM206149,Car - Compact,Clean,No Issue,No Issue,No Open Recalls,No Issue,No Issue,No CPO Info Available,No Issue
2021,Mazda,CX-5 Touring,22998,37000,24 city/30 hwy,,,,Automatic,Red/Cream,1 Owner,No flood or frame damage,No odometer problems,JM3KFBCMXM0447692,CUV - Midsize,Clean,No Issue,No Issue,No Open Recalls,No Issue,No Issue,No CPO Info Available,No Issue
2014,Mazda,CX-5 Grand Touring,14998,98000,24 city/30 hwy,,,,Automatic,Gray/Black,1 Owner,No flood or frame damage,No odometer problems,JM3KE4DY9E0412000,CUV - Compact,Clean,No Issue,Minor,No Open Recalls,No Issue,No Issue,No CPO Info Available,No Issue
2018,Mazda,CX-5 Grand Touring,19998,86000,24 city/30 hwy,4-cyl,Gas,All Wheel Drive,Automatic,Black/Black,2 Owners,No flood or frame damage,No odometer problems,JM3KFBDM3J0381593,CUV - Compact,Clean,No Issue,Minor,No Open Recalls,No Issue,No Issue,No CPO Info Available,No Issue
2023,Mazda,CX-9 Touring,31998,12000,20 city/26 hwy,4-cyl,Turbo Gas,All Wheel Drive,Automatic,Black/Tan,1 Owner,No flood or frame damage,No odometer problems,JM3TCBCY2P0650998,CUV - Midsize,Clean,No Issue,No Issue,No Open Recalls,No Issue,No Issue,No CPO Info Available,No Issue
2023,Mazda,CX-50 2.5 S Premium Plus Package,30998,15000,24 city/30 hwy,4-cyl,Gas,All Wheel Drive,Automatic,White/Black,2 Owners,No flood or frame damage,No odometer problems,7MMVABEM3PN120981,CUV - Midsize,Clean,No Issue,Damage Reported,No Open Recalls,No Issue,No Issue,OEM-Certified,No Issue
2019,Mazda,CX-5 Grand Touring,23998,43000,24 city/30 hwy,4-cyl,Gas,All Wheel Drive,Automatic,Pearl/Black,2 Owners,No flood or frame damage,No odometer problems,JM3KFBDM1K1568147,CUV - Compact,Clean,No Issue,No Issue,No Open Recalls,No Issue,No Issue,No Recent CPO Reported,No Issue
2021,Mazda,Mazda6 Carbon Edition,27998,10000,23 city/31 hwy,,,,Automatic,Gray/Red,1 Owner,No flood or frame damage,No odometer problems,JM1GL1WY6M1603768,Car - Midsize,Clean,No Issue,No Issue,No Open Recalls,No Issue,No Issue,No CPO Info Available,No Issue
2022,Mazda,CX-5 2.5 S Premium Package,28998,7000,24 city/30 hwy,4-cyl,Gas,All Wheel Drive,Automatic,Black/Black,1 Owner,No flood or frame damage,No odometer problems,JM3KFBDM3N1594124,CUV - Midsize,Clean,No Issue,No Issue,No Open Recalls,No Issue,No Issue,No CPO Info Available,No Issue
2019,Mazda,CX-5 Touring,20998,60000,25 city/31 hwy,4-cyl,Gas,Front Wheel Drive,Automatic,Black/Black,2 Owners,No flood or frame damage,No odometer problems,JM3KFACM5K1521134,CUV - Compact,Clean,No Issue,No Issue,No Open Recalls,No Issue,No Issue,No CPO Info Available,No Issue
2014,Mazda,CX-5 Touring,13599,117000,24 city/30 hwy,4-cyl,Gas,All Wheel Drive,Automatic,Gray/Black,1 Owner,No flood or frame damage,No odometer problems,JM3KE4CY3E0402208,CUV - Compact,Clean,No Issue,No Issue,No Open Recalls,No Issue,No Issue,No CPO Info Available,No Issue
2023,Mazda,CX-30 Carbon Edition,28998,8000,26 city/33 hwy,4-cyl,Gas,All Wheel Drive,Automatic,Gray/Burgundy,1 Owner,No flood or frame damage,No odometer problems,3MVDMBCM7PM514501,CUV - Compact,Clean,No Issue,No Issue,No Open Recalls,No Issue,No Issue,No CPO Info Available,No Issue
2016,Mazda,CX-3 Touring,18998,18000,27 city/32 hwy,4-cyl,Gas,All Wheel Drive,Automatic,Gray/Black,1 Owner,No flood or frame damage,No odometer problems,JM1DKFC7XG0139666,CUV - Compact,Clean,No Issue,No Issue,1 Open Recall(s),No Issue,No Issue,No CPO Info Available,No Issue
2018,Mazda,CX-5 Grand Touring,16998,115000,24 city/30 hwy,4-cyl,Gas,All Wheel Drive,Automatic,Black/Black,3 Owners,No flood or frame damage,No odometer problems,JM3KFBDM6J0449207,CUV - Compact,Clean,No Issue,No Issue,No Open Recalls,No Issue,No Issue,No CPO Info Available,No Issue
2023,Mazda,CX-50 2.5 Turbo Premium Plus,30998,50000,23 city/29 hwy,4-cyl,Turbo Gas,All Wheel Drive,Automatic,Gray/Black,1 Owner,No flood or frame damage,No odometer problems,7MMVABEY1PN110887,CUV - Midsize,Clean,No Issue,No Issue,1 Open Recall(s),No Issue,No Issue,No CPO Info Available,No Issue
2021,Mazda,Mazda6 Touring,23998,20000,26 city/35 hwy,4-cyl,Gas,Front Wheel Drive,Automatic,Gray/Black,1 Owner,No flood or frame damage,No odometer problems,JM1GL1VM2M1619321,Car - Midsize,Clean,No Issue,No Issue,No Open Recalls,No Issue,No Issue,No CPO Info Available,No Issue
2015,Mazda,Mazda3 I Touring,13998,117000,30 city/40 hwy,4-cyl,Gas,Front Wheel Drive,Automatic,Blue/Black,1 Owner,No flood or frame damage,No odometer problems,3MZBM1L78FM209887,Car - Midsize,Clean,No Issue,Minor,1 Open Recall(s),No Issue,No Issue,No CPO Info Available,No Issue
2022,Mazda,CX-30 Preferred,23998,28000,24 city/31 hwy,4-cyl,Gas,All Wheel Drive,Automatic,Silver/Black,2 Owners,No flood or frame damage,No odometer problems,3MVDMBCL7NM421482,CUV - Compact,Clean,No Issue,No Issue,No Open Recalls,No Issue,No Issue,OEM-Certified,No Issue
2021,Mazda,CX-5 Carbon Edition,26998,27000,24 city/30 hwy,4-cyl,Gas,All Wheel Drive,Automatic,Gray/Red,1 Owner,No flood or frame damage,No odometer problems,JM3KFBCM8M0404968,CUV - Midsize,Clean,No Issue,No Issue,No Open Recalls,No Issue,No Issue,No CPO Info Available,No Issue
2022,Mazda,CX-30 2.5 S,21998,24000,24 city/31 hwy,4-cyl,Gas,All Wheel Drive,Automatic,Black/Black,1 Owner,No flood or frame damage,No odometer problems,3MVDMBAL8NM401681,CUV - Compact,Clean,No Issue,No Issue,No Open Recalls,No Issue,No Issue,No CPO Info Available,No Issue
2021,Mazda,CX-5 Signature,26998,37000,22 city/27 hwy,4-cyl,Turbo Gas,All Wheel Drive,Automatic,Gray/Brown,1 Owner,No flood or frame damage,No odometer problems,JM3KFBEY8M0445505,CUV - Midsize,Clean,No Issue,No Issue,No Open Recalls,No Issue,No Issue,No CPO Info Available,No Issue
2019,Mazda,CX-3 Sport,19998,31000,27 city/32 hwy,4-cyl,Gas,All Wheel Drive,Automatic,Blue/Black,1 Owner,No flood or frame damage,No odometer problems,JM1DKFB70K1419617,CUV - Compact,Clean,No Issue,No Issue,1 Open Recall(s),No Issue,No Issue,No CPO Info Available,No Issue
2021,Mazda,CX-9 Touring,28998,29000,20 city/26 hwy,4-cyl,Turbo Gas,All Wheel Drive,Automatic,Red/Tan,1 Owner,No flood or frame damage,No odometer problems,JM3TCBCY9M0540591,CUV - Midsize,Clean,No Issue,No Issue,No Open Recalls,No Issue,No Issue,No CPO Info Available,No Issue
2014,Mazda,Mazda6 I Grand Touring,14599,126000,26 city/38 hwy,4-cyl,Gas,Front Wheel Drive,Automatic,Black/Black,2 Owners,No flood or frame damage,No odometer problems,JM1GJ1W62E1124267,Car - Midsize,Clean,No Issue,Minor,No Open Recalls,No Issue,No Issue,No Recent CPO Reported,No Issue
2016,Mazda,Mazda3 I Sport,13998,111000,30 city/41 hwy,4-cyl,Gas,Front Wheel Drive,Automatic,Gray/Gray,2 Owners,No flood or frame damage,No odometer problems,3MZBM1U76GM324570,Car - Compact,Clean,No Issue,No Issue,No Open Recalls,No Issue,No Issue,No Recent CPO Reported,No Issue
2021,Mazda,CX-9 Grand Touring,27998,55000,20 city/26 hwy,4-cyl,Turbo Gas,All Wheel Drive,Automatic,White/Black,1 Owner,No flood or frame damage,No odometer problems,JM3TCBDY9M0538600,CUV - Midsize,Clean,No Issue,Damage Reported,No Open Recalls,No Issue,No Issue,No CPO Info Available,No Issue
2021,Mazda,CX-9 Touring,27998,30000,22 city/28 hwy,4-cyl,Turbo Gas,Front Wheel Drive,Automatic,White/Tan,2 Owners,No flood or frame damage,No odometer problems,JM3TCACY3M0504891,CUV - Midsize,Clean,No Issue,No Issue,No Open Recalls,No Issue,No Issue,No CPO Info Available,No Issue
2021,Mazda,CX-5 Signature,26998,25000,22 city/27 hwy,4-cyl,Turbo Gas,All Wheel Drive,Automatic,White/Black,1 Owner,No flood or frame damage,No odometer problems,JM3KFBEY6M0461279,CUV - Midsize,Clean,No Issue,Damage Reported,No Open Recalls,No Issue,No Issue,No CPO Info Available,No Issue
2022,Mazda,CX-30 Select,24998,14000,24 city/31 hwy,4-cyl,Gas,All Wheel Drive,Automatic,Red/Black,1 Owner,No flood or frame damage,No odometer problems,3MVDMBBL9NM451875,CUV - Compact,Clean,No Issue,No Issue,No Open Recalls,No Issue,No Issue,No CPO Info Available,No Issue
2016,Mazda,CX-9 Grand Touring,20998,73000,21 city/27 hwy,4-cyl,Turbo Gas,All Wheel Drive,Automatic,White/Black,3 Owners,No flood or frame damage,No odometer problems,JM3TCBDY1G0101887,CUV - Midsize,Clean,No Issue,No Issue,No Open Recalls,No Issue,No Issue,No Recent CPO Reported,No Issue
2017,Mazda,CX-5 Grand Touring,16998,113000,23 city/29 hwy,4-cyl,Gas,All Wheel Drive,Automatic,Blue/Black,1 Owner,No flood or frame damage,No odometer problems,JM3KFBDL9H0145595,CUV - Compact,Clean,No Issue,Minor,No Open Recalls,No Issue,No Issue,No CPO Info Available,No Issue
2019,Mazda,Mazda3 Select,18998,45000,26 city/35 hwy,4-cyl,Gas,Front Wheel Drive,Automatic,White/Black,1 Owner,No flood or frame damage,No odometer problems,3MZBPAAL8KM106700,Car - Compact,Clean,No Issue,No Issue,No Open Recalls,No Issue,No Issue,No CPO Info Available,No Issue
2022,Mazda,CX-5 Turbo,28998,28000,22 city/27 hwy,4-cyl,Turbo Gas,All Wheel Drive,Automatic,Blue/Black,1 Owner,No flood or frame damage,No odometer problems,JM3KFBAY3N0608357,CUV - Midsize,Clean,No Issue,No Issue,No Open Recalls,No Issue,No Issue,No CPO Info Available,No Issue
2022,Mazda,CX-5 Turbo,29998,21000,22 city/27 hwy,4-cyl,Turbo Gas,All Wheel Drive,Automatic,White/Black,1 Owner,No flood or frame damage,No odometer problems,JM3KFBAY7N0542458,CUV - Midsize,Clean,No Issue,No Issue,No Open Recalls,No Issue,No Issue,No CPO Info Available,No Issue
2021,Mazda,CX-5 Grand Touring,26998,22000,24 city/30 hwy,4-cyl,Gas,All Wheel Drive,Automatic,Blue/White,1 Owner,No flood or frame damage,No odometer problems,JM3KFBDM3M0489085,CUV - Midsize,Clean,No Issue,No Issue,No Open Recalls,No Issue,No Issue,No CPO Info Available,No Issue
2015,Mazda,Mazda6 I Grand Touring,16998,89000,26 city/38 hwy,4-cyl,Gas,Front Wheel Drive,Automatic,Blue/Tan,2 Owners,No flood or frame damage,No odometer problems,JM1GJ1W63F1163435,Car - Midsize,Clean,No Issue,Minor,No Open Recalls,No Issue,No Issue,No Recent CPO Reported,No Issue
2023,Mazda,CX-9 Grand Touring,31998,36000,20 city/26 hwy,4-cyl,Turbo Gas,All Wheel Drive,Automatic,Blue/Black,1 Owner,No flood or frame damage,No odometer problems,JM3TCBDY4P0633182,CUV - Midsize,Clean,No Issue,No Issue,1 Open Recall(s),No Issue,No Issue,No CPO Info Available,No Issue
2022,Mazda,CX-5 2.5 S,22998,42000,24 city/30 hwy,4-cyl,Gas,All Wheel Drive,Automatic,White/Black,1 Owner,No flood or frame damage,No odometer problems,JM3KFBAM3N1528595,CUV - Midsize,Clean,No Issue,No Issue,No Open Recalls,No Issue,No Issue,No CPO Info Available,No Issue
2018,Mazda,CX-5 Sport,20998,42000,24 city/30 hwy,4-cyl,Gas,All Wheel Drive,Automatic,Silver/Black,1 Owner,No flood or frame damage,No odometer problems,JM3KFBBM0J0461873,CUV - Compact,Clean,No Issue,No Issue,No Open Recalls,No Issue,No Issue,No CPO Info Available,No Issue
2020,Mazda,CX-5 Grand Touring,21998,59000,25 city/31 hwy,4-cyl,Gas,Front Wheel Drive,Automatic,Blue/Black,2 Owners,No flood or frame damage,No odometer problems,JM3KFADM4L0739474,CUV - Midsize,Clean,No Issue,Minor,No Open Recalls,No Issue,No Issue,No Recent CPO Reported,No Issue
2024,Mazda,Mazda3 Carbon Edition Turbo,30998,11000,23 city/31 hwy,4-cyl,Turbo Gas,All Wheel Drive,Automatic,Tan/Black,1 Owner,No flood or frame damage,No odometer problems,JM1BPBYY5R1710383,Car - Midsize,Clean,No Issue,No Issue,No Open Recalls,No Issue,No Issue,No CPO Info Available,No Issue
2013,Mazda,CX-9 Grand Touring,14599,104000,16 city/22 hwy,6-cyl,Gas,All Wheel Drive,Automatic,Black/Black,2 Owners,No flood or frame damage,No odometer problems,JM3TB3DV1D0408308,CUV - Midsize,Clean,No Issue,No Issue,No Open Recalls,No Issue,No Issue,No Recent CPO Reported,No Issue
2021,Mazda,CX-9 Touring,27998,37000,20 city/26 hwy,4-cyl,Turbo Gas,All Wheel Drive,Automatic,Blue/Black,1 Owner,No flood or frame damage,No odometer problems,JM3TCBCY2M0530758,CUV - Midsize,Clean,No Issue,Minor,No Open Recalls,No Issue,No Issue,OEM-Certified,No Issue
2023,Mazda,Mazda3 2.5 S Select Package,22998,28000,26 city/36 hwy,4-cyl,Gas,Front Wheel Drive,Automatic,Black/Black,1 Owner,No flood or frame damage,No odometer problems,JM1BPAKMXP1604041,Car - Midsize,Clean,No Issue,No Issue,No Open Recalls,No Issue,No Issue,No CPO Info Available,No Issue
2017,Mazda,CX-3 Grand Touring,15998,95000,27 city/32 hwy,4-cyl,Gas,All Wheel Drive,Automatic,White/Cream,2 Owners,No flood or frame damage,No odometer problems,JM1DKFD70H0164981,CUV - Compact,Clean,No Issue,Minor,1 Open Recall(s),No Issue,No Issue,No CPO Info Available,No Issue
2016,Mazda,MX-5 Miata Grand Touring,20998,67000,27 city/34 hwy,4-cyl,Gas,Rear Wheel Drive,Manual 6 Speed,Red/Brown,1 Owner,No flood or frame damage,No odometer problems,JM1NDAD76G0116563,Sport Car - Subcompact,Clean,No Issue,Minor,1 Open Recall(s),No Issue,No Issue,No CPO Info Available,No Issue
2022,Mazda,CX-5 2.5 S Preferred Package,25998,28000,24 city/30 hwy,,,,Automatic,Black/Tan,1 Owner,No flood or frame damage,No odometer problems,JM3KFBCM5N0563707,CUV - Midsize,Clean,No Issue,Damage Reported,No Open Recalls,No Issue,No Issue,No CPO Info Available,No Issue
2016,Mazda,Mazda3 I Touring,16998,62000,30 city/41 hwy,4-cyl,Gas,Front Wheel Drive,Automatic,White/Black,2 Owners,No flood or frame damage,No odometer problems,JM1BM1W78G1303619,Car - Compact,Clean,No Issue,Damage Reported,No Open Recalls,No Issue,No Issue,No Recent CPO Reported,No Issue
2021,Mazda,Mazda3 Select,21998,26000,25 city/33 hwy,4-cyl,Gas,All Wheel Drive,Automatic,Black/Black,1 Owner,No flood or frame damage,No odometer problems,3MZBPBBL6MM250950,Car - Compact,Clean,No Issue,No Issue,No Open Recalls,No Issue,No Issue,No CPO Info Available,No Issue
2022,Mazda,CX-30 Carbon Edition,24998,30000,24 city/31 hwy,4-cyl,Gas,All Wheel Drive,Automatic,Blue/Red,1 Owner,No flood or frame damage,No odometer problems,3MVDMBCL7NM423913,CUV - Compact,Clean,No Issue,No Issue,No Open Recalls,No Issue,No Issue,No CPO Info Available,No Issue
2018,Mazda,CX-5 Touring,20998,52000,24 city/30 hwy,4-cyl,Gas,All Wheel Drive,Automatic,White/Black,1 Owner,No flood or frame damage,No odometer problems,JM3KFBCM2J0470296,CUV - Compact,Clean,No Issue,Damage Reported,No Open Recalls,No Issue,No Issue,No CPO Info Available,No Issue
2016,Mazda,CX-5 Grand Touring,18998,64000,24 city/30 hwy,4-cyl,Gas,All Wheel Drive,Automatic,Red/Black,2 Owners,No flood or frame damage,No odometer problems,JM3KE4DY5G0621222,CUV - Compact,Clean,No Issue,No Issue,No Open Recalls,No Issue,No Issue,No Recent CPO Reported,No Issue
2019,Mazda,CX-3 Touring,16998,78000,27 city/32 hwy,4-cyl,Gas,All Wheel Drive,Automatic,White/Black,2 Owners,No flood or frame damage,No odometer problems,JM1DKFC72K0445589,CUV - Compact,Clean,No Issue,Damage Reported,1 Open Recall(s),No Issue,No Issue,No CPO Info Available,No Issue
2022,Mazda,CX-5 2.5 S Select Package,24998,23000,24 city/30 hwy,4-cyl,Gas,All Wheel Drive,Automatic,Red/Black,1 Owner,No flood or frame damage,No odometer problems,JM3KFBBM6N0581912,CUV - Midsize,Clean,No Issue,No Issue,No Open Recalls,No Issue,No Issue,No CPO Info Available,No Issue
2021,Mazda,CX-5 Grand Touring,25998,30000,24 city/30 hwy,4-cyl,Gas,All Wheel Drive,Automatic,Black/Tan,1 Owner,No flood or frame damage,No odometer problems,JM3KFBCM1M0448214,CUV - Midsize,Clean,No Issue,No Issue,No Open Recalls,No Issue,No Issue,OEM-Certified,No Issue
2013,Mazda,Mazda6 I,15998,64000,21 city/30 hwy,4-cyl,Gas,Front Wheel Drive,Automatic,Black/Black,3 Owners,No flood or frame damage,No odometer problems,1YVHZ8CH9D5M03504,Car - Midsize,Clean,No Issue,Damage Reported,No Open Recalls,No Issue,No Issue,No CPO Info Available,No Issue
2021,Mazda,Mazda3 2.5 Turbo Premium Plus,24998,35000,23 city/31 hwy,4-cyl,Turbo Gas,All Wheel Drive,Automatic,Gray/Black,1 Owner,No flood or frame damage,No odometer problems,JM1BPBJY3M1400252,Car - Midsize,Clean,No Issue,Damage Reported,No Open Recalls,No Issue,No Issue,No CPO Info Available,No Issue
2022,Mazda,CX-5 Carbon Edition,29998,9000,24 city/30 hwy,4-cyl,Gas,All Wheel Drive,Automatic,Gray/Black,1 Owner,No flood or frame damage,No odometer problems,JM3KFBCM8N0539322,CUV - Midsize,Clean,No Issue,No Issue,No Open Recalls,No Issue,No Issue,OEM-Certified,No Issue
2021,Mazda,CX-5 Touring,25998,28000,24 city/30 hwy,4-cyl,Gas,All Wheel Drive,Automatic,Gray/Black,2 Owners,No flood or frame damage,No odometer problems,JM3KFBCM4M0320937,CUV - Midsize,Clean,No Issue,Minor,No Open Recalls,No Issue,No Issue,OEM-Certified,No Issue
2021,Mazda,CX-5 Grand Touring,28998,16000,24 city/30 hwy,4-cyl,Gas,All Wheel Drive,Automatic,Black/Tan,1 Owner,No flood or frame damage,No odometer problems,JM3KFBDM2M1368672,CUV - Midsize,Clean,No Issue,Minor,No Open Recalls,No Issue,No Issue,No CPO Info Available,No Issue
2017,Mazda,Mazda3 Sport,15998,75000,28 city/37 hwy,4-cyl,Gas,Front Wheel Drive,Automatic,Silver/Black,2 Owners,No flood or frame damage,No odometer problems,3MZBN1U74HM147712,Car - Compact,Clean,No Issue,Moderate,No Open Recalls,No Issue,No Issue,No Recent CPO Reported,No Issue
2018,Mazda,CX-5 Sport,20998,23000,25 city/31 hwy,4-cyl,Gas,Front Wheel Drive,Automatic,Red/Black,1 Owner,No flood or frame damage,No odometer problems,JM3KFABM3J0384975,CUV - Compact,Clean,No Issue,No Issue,No Open Recalls,No Issue,No Issue,No CPO Info Available,No Issue
2019,Mazda,CX-5 Grand Touring,23998,35000,24 city/30 hwy,4-cyl,Gas,All Wheel Drive,Automatic,Red/Black,2 Owners,No flood or frame damage,No odometer problems,JM3KFBDM3K1648906,CUV - Compact,Clean,No Issue,No Issue,No Open Recalls,No Issue,No Issue,No Recent CPO Reported,No Issue
2017,Mazda,Mazda3 Sport,18998,28000,28 city/37 hwy,4-cyl,Gas,Front Wheel Drive,Automatic,Black/Black,1 Owner,No flood or frame damage,No odometer problems,3MZBN1U74HM148648,Car - Compact,Clean,No Issue,Minor,No Open Recalls,No Issue,No Issue,No CPO Info Available,No Issue
2020,Mazda,CX-5 Sport,21998,49000,24 city/30 hwy,4-cyl,Gas,All Wheel Drive,Automatic,Black/Black,1 Owner,No flood or frame damage,No odometer problems,JM3KFBBM3L0804940,CUV - Midsize,Clean,No Issue,No Issue,No Open Recalls,No Issue,No Issue,No CPO Info Available,No Issue
2017,Mazda,Mazda3 Grand Touring,18998,82000,26 city/35 hwy,4-cyl,Gas,Front Wheel Drive,Automatic,Blue/Tan,2 Owners,No flood or frame damage,No odometer problems,JM1BN1M37H1136197,Car - Midsize,Clean,No Issue,No Issue,1 Open Recall(s),No Issue,No Issue,No Recent CPO Reported,No Issue
2023,Mazda,Mazda3 2.5 S Select Package,22998,21000,26 city/36 hwy,4-cyl,Gas,Front Wheel Drive,Automatic,Blue/Black,1 Owner,No flood or frame damage,No odometer problems,JM1BPAKM8P1601557,Car - Midsize,Clean,No Issue,No Issue,No Open Recalls,No Issue,No Issue,No CPO Info Available,No Issue
2014,Mazda,Mazda5 Touring,10998,120000,22 city/28 hwy,4-cyl,Gas,Front Wheel Drive,Automatic,Silver/Black,2 Owners,No flood or frame damage,No odometer problems,JM1CW2CL0E0173439,Van - Mini,Clean,No Issue,Minor,1 Open Recall(s),No Issue,No Issue,No CPO Info Available,No Issue
2020,Mazda,CX-5 Touring,23998,44000,24 city/30 hwy,4-cyl,Gas,All Wheel Drive,Automatic,Red/Black,2 Owners,No flood or frame damage,No odometer problems,JM3KFBCM3L0788799,CUV - Midsize,Clean,No Issue,No Issue,No Open Recalls,No Issue,No Issue,No CPO Info Available,No Issue
2020,Mazda,CX-5 Grand Touring,25998,34000,24 city/30 hwy,4-cyl,Gas,All Wheel Drive,Automatic,Red/Tan,2 Owners,No flood or frame damage,No odometer problems,JM3KFBDM2L0858291,CUV - Midsize,Clean,No Issue,Moderate,No Open Recalls,No Issue,No Issue,No CPO Info Available,No Issue
2019,Mazda,Mazda3 ,19998,41000,26 city/35 hwy,4-cyl,Gas,Front Wheel Drive,Automatic,Gray/Cream,2 Owners,No flood or frame damage,No odometer problems,JM1BPAJM1K1119779,Car - Midsize,Clean,No Issue,Damage Reported,No Open Recalls,No Issue,No Issue,No CPO Info Available,No Issue
2023,Mazda,CX-5 2.5 S Select Package,25998,23000,24 city/30 hwy,4-cyl,Gas,All Wheel Drive,Automatic,Gray/Black,1 Owner,No flood or frame damage,No odometer problems,JM3KFBBM1P0152888,CUV - Midsize,Clean,No Issue,No Issue,No Open Recalls,No Issue,No Issue,No CPO Info Available,No Issue
2018,Mazda,Mazda3 Grand Touring,17998,81000,27 city/36 hwy,4-cyl,Gas,Front Wheel Drive,Automatic,Blue/Tan,3 Owners,No flood or frame damage,No odometer problems,3MZBN1W39JM250768,Car - Compact,Clean,No Issue,No Issue,No Open Recalls,No Issue,No Issue,No CPO Info Available,No Issue
2022,Mazda,CX-5 2.5 S Select Package,24998,26000,24 city/30 hwy,4-cyl,Gas,All Wheel Drive,Automatic,Gray/Black,1 Owner,No flood or frame damage,No odometer problems,JM3KFBBM4N0530652,CUV - Midsize,Clean,No Issue,No Issue,No Open Recalls,No Issue,No Issue,No CPO Info Available,No Issue
2021,Mazda,CX-5 Carbon Edition,26998,25000,24 city/30 hwy,4-cyl,Gas,All Wheel Drive,Automatic,Gray/Red,1 Owner,No flood or frame damage,No odometer problems,JM3KFBCM4M0493812,CUV - Midsize,Clean,No Issue,Damage Reported,No Open Recalls,No Issue,No Issue,No CPO Info Available,No Issue
2016,Mazda,Mazda6 I Sport,16998,85000,26 city/38 hwy,4-cyl,Gas,Front Wheel Drive,Automatic,Blue/Black,1 Owner,No flood or frame damage,No odometer problems,JM1GJ1U56G1425055,Car - Midsize,Clean,No Issue,No Issue,No Open Recalls,No Issue,No Issue,No CPO Info Available,No Issue
2021,Mazda,CX-30 Select,21998,30000,24 city/31 hwy,4-cyl,Gas,All Wheel Drive,Automatic,Gray/Black,1 Owner,No flood or frame damage,No odometer problems,3MVDMBBL3MM311867,CUV - Compact,Clean,No Issue,No Issue,No Open Recalls,No Issue,No Issue,No CPO Info Available,No Issue
2017,Mazda,CX-5 Grand Touring,17998,115000,23 city/29 hwy,4-cyl,Gas,All Wheel Drive,Automatic,Blue/Black,1 Owner,No flood or frame damage,No odometer problems,JM3KFBDL9H0169492,CUV - Compact,Clean,No Issue,No Issue,No Open Recalls,No Issue,No Issue,No CPO Info Available,No Issue
2017,Mazda,Mazda3 Touring,16998,73000,28 city/37 hwy,4-cyl,Gas,Front Wheel Drive,Automatic,Black/Black,3 Owners,No flood or frame damage,No odometer problems,3MZBN1L78HM155281,Car - Midsize,Clean,No Issue,No Issue,1 Open Recall(s),No Issue,No Issue,No Recent CPO Reported,No Issue
2021,Mazda,CX-30 S,21998,20000,24 city/31 hwy,4-cyl,Gas,All Wheel Drive,Automatic,Black/Black,1 Owner,No flood or frame damage,No odometer problems,3MVDMBALXMM300172,CUV - Compact,Clean,No Issue,No Issue,No Open Recalls,No Issue,No Issue,No CPO Info Available,No Issue
2021,Mazda,CX-30 Preferred,24998,8000,24 city/31 hwy,4-cyl,Gas,All Wheel Drive,Automatic,Black/Black,1 Owner,No flood or frame damage,No odometer problems,3MVDMBCLXMM263251,CUV - Compact,Clean,No Issue,No Issue,No Open Recalls,No Issue,No Issue,No CPO Info Available,No Issue
2022,Mazda,CX-30 Premium,24998,23000,24 city/31 hwy,4-cyl,Gas,All Wheel Drive,Automatic,Red/Cream,1 Owner,No flood or frame damage,No odometer problems,3MVDMBDL8NM413616,CUV - Compact,Clean,No Issue,No Issue,No Open Recalls,No Issue,No Issue,No CPO Info Available,No Issue
2019,Mazda,Mazda3 Preferred,19998,58000,24 city/32 hwy,4-cyl,Gas,All Wheel Drive,Automatic,Red/Black,2 Owners,No flood or frame damage,No odometer problems,JM1BPBMM6K1123621,Car - Midsize,Clean,No Issue,No Issue,No Open Recalls,No Issue,No Issue,No CPO Info Available,No Issue
2019,Mazda,CX-5 Grand Touring,23998,50000,24 city/30 hwy,4-cyl,Gas,All Wheel Drive,Automatic,White/Black,1 Owner,No flood or frame damage,No odometer problems,JM3KFBDM6K1545723,CUV - Compact,Clean,No Issue,No Issue,No Open Recalls,No Issue,No Issue,No CPO Info Available,No Issue
2023,Mazda,CX-5 2.5 S,24998,24000,24 city/30 hwy,4-cyl,Gas,All Wheel Drive,Automatic,Blue/Black,1 Owner,No flood or frame damage,No odometer problems,JM3KFBAM6P0122738,CUV - Midsize,Clean,No Issue,No Issue,No Open Recalls,No Issue,No Issue,No CPO Info Available,No Issue
2019,Mazda,CX-5 Touring,21998,49000,24 city/30 hwy,4-cyl,Gas,All Wheel Drive,Automatic,Black/Black,1 Owner,No flood or frame damage,No odometer problems,JM3KFBCM3K0532483,CUV - Compact,Clean,No Issue,No Issue,No Open Recalls,No Issue,No Issue,No CPO Info Available,No Issue
2019,Mazda,CX-3 Sport,18998,52000,27 city/32 hwy,4-cyl,Gas,All Wheel Drive,Automatic,White/Black,3 Owners,No flood or frame damage,No odometer problems,JM1DKFB70K0435953,CUV - Compact,Clean,No Issue,Minor,1 Open Recall(s),No Issue,No Issue,No CPO Info Available,No Issue
2022,Mazda,CX-5 2.5 S Premium Plus Package,30998,14000,24 city/30 hwy,4-cyl,Gas,All Wheel Drive,Automatic,Red/Black,1 Owner,No flood or frame damage,No odometer problems,JM3KFBEMXN1594152,CUV - Midsize,Clean,No Issue,No Issue,No Open Recalls,No Issue,No Issue,No CPO Info Available,No Issue
2016,Mazda,MX-5 Miata Grand Touring,20998,55000,27 city/34 hwy,,,,Manual 6 Speed,Gray/Tan,2 Owners,No flood or frame damage,No odometer problems,JM1NDAD76G0105482,Sport Car - Subcompact,Clean,No Issue,No Issue,1 Open Recall(s),No Issue,No Issue,No Recent CPO Reported,No Issue
2018,Mazda,CX-3 Touring,14998,109000,29 city/34 hwy,4-cyl,Gas,Front Wheel Drive,Automatic,Black/Black,2 Owners,No flood or frame damage,No odometer problems,JM1DKDC71J1324601,CUV - Compact,Clean,No Issue,No Issue,1 Open Recall(s),No Issue,No Issue,No CPO Info Available,No Issue
2021,Mazda,CX-9 Touring,26998,31000,20 city/26 hwy,4-cyl,Turbo Gas,All Wheel Drive,Automatic,White/Black,1 Owner,No flood or frame damage,No odometer problems,JM3TCBCY4M0525870,CUV - Midsize,Clean,No Issue,No Issue,No Open Recalls,No Issue,No Issue,No CPO Info Available,No Issue
2022,Mazda,CX-9 Sport,27998,29000,20 city/26 hwy,4-cyl,Turbo Gas,All Wheel Drive,Automatic,White/Black,1 Owner,No flood or frame damage,No odometer problems,JM3TCBBY6N0604749,CUV - Midsize,Clean,No Issue,No Issue,No Open Recalls,No Issue,No Issue,No CPO Info Available,No Issue
2016,Mazda,CX-5 Grand Touring,16998,88000,24 city/30 hwy,4-cyl,Gas,All Wheel Drive,Automatic,Silver/Black,1 Owner,No flood or frame damage,No odometer problems,JM3KE4DY3G0617038,CUV - Compact,Clean,No Issue,No Issue,No Open Recalls,No Issue,No Issue,No CPO Info Available,No Issue
2019,Mazda,CX-9 Grand Touring,25998,46000,20 city/26 hwy,4-cyl,Turbo Gas,All Wheel Drive,Automatic,Gray/Black,2 Owners,No flood or frame damage,No odometer problems,JM3TCBDY6K0333894,CUV - Midsize,Clean,No Issue,No Issue,No Open Recalls,No Issue,No Issue,No CPO Info Available,No Issue
2018,Mazda,CX-5 Touring,20998,60000,24 city/30 hwy,,,,Automatic,Blue/Black,2 Owners,No flood or frame damage,No odometer problems,JM3KFBCMXJ0433769,CUV - Compact,Clean,No Issue,No Issue,No Open Recalls,No Issue,No Issue,No CPO Info Available,No Issue
2018,Mazda,CX-9 Touring,22998,56000,20 city/26 hwy,4-cyl,Turbo Gas,All Wheel Drive,Automatic,White/Black,3 Owners,No flood or frame damage,No odometer problems,JM3TCBCY4J0201488,CUV - Midsize,Clean,No Issue,No Issue,No Open Recalls,No Issue,No Issue,No Recent CPO Reported,No Issue
2015,Mazda,Mazda6 I Touring,17998,47000,26 city/38 hwy,4-cyl,Gas,Front Wheel Drive,Automatic,Silver/Black,1 Owner,No flood or frame damage,No odometer problems,JM1GJ1V5XF1201106,Car - Midsize,Clean,No Issue,Minor,No Open Recalls,No Issue,No Issue,No CPO Info Available,No Issue
2016,Mazda,CX-9 Grand Touring,17998,114000,21 city/27 hwy,4-cyl,Turbo Gas,All Wheel Drive,Automatic,Gray/Black,4 Owners,No flood or frame damage,No odometer problems,JM3TCBDY4G0117291,CUV - Midsize,Clean,No Issue,Minor,No Open Recalls,No Issue,No Issue,No Recent CPO Reported,No Issue
2022,Mazda,CX-5 2.5 S Premium Plus Package,26998,39000,24 city/30 hwy,4-cyl,Gas,All Wheel Drive,Automatic,Red/Black,1 Owner,No flood or frame damage,No odometer problems,JM3KFBDM1N1531300,CUV - Midsize,Clean,No Issue,No Issue,No Open Recalls,No Issue,No Issue,No CPO Info Available,No Issue
2017,Mazda,Mazda3 Sport,17998,47000,28 city/37 hwy,4-cyl,Gas,Front Wheel Drive,Automatic,Silver/Black,2 Owners,No flood or frame damage,No odometer problems,3MZBN1U74HM104679,Car - Compact,Clean,No Issue,No Issue,No Open Recalls,No Issue,No Issue,No Recent CPO Reported,No Issue
2020,Mazda,Mazda6 Sport,19998,52000,26 city/35 hwy,4-cyl,Gas,Front Wheel Drive,Automatic,Black/Black,2 Owners,No flood or frame damage,No odometer problems,JM1GL1UM1L1515161,Car - Midsize,Clean,No Issue,Minor,No Open Recalls,No Issue,No Issue,No CPO Info Available,No Issue
2021,Mazda,CX-5 Touring,24998,31000,24 city/30 hwy,4-cyl,Gas,All Wheel Drive,Automatic,Red/Black,1 Owner,No flood or frame damage,No odometer problems,JM3KFBCM1M0382425,CUV - Midsize,Clean,No Issue,No Issue,No Open Recalls,No Issue,No Issue,No CPO Info Available,No Issue
2022,Mazda,MX-5 Miata RF Grand Touring,28998,9000,26 city/34 hwy,4-cyl,Gas,Rear Wheel Drive,Manual 6 Speed,Black/Black,2 Owners,No flood or frame damage,No odometer problems,JM1NDAM71N0508895,Sport Car - Subcompact,Clean,No Issue,No Issue,1 Open Recall(s),No Issue,No Issue,OEM-Certified,No Issue
2021,Mazda,CX-5 Grand Touring,25998,35000,24 city/30 hwy,4-cyl,Gas,All Wheel Drive,Automatic,White/Black,1 Owner,No flood or frame damage,No odometer problems,JM3KFBDM6M0487587,CUV - Midsize,Clean,No Issue,No Issue,No Open Recalls,No Issue,No Issue,No CPO Info Available,No Issue
2022,Mazda,Mazda3 Carbon Edition,24998,16000,26 city/34 hwy,4-cyl,Gas,Front Wheel Drive,Automatic,Gray/Burgundy,2 Owners,No flood or frame damage,No odometer problems,JM1BPALL1N1517731,Car - Midsize,Clean,No Issue,No Issue,No Open Recalls,No Issue,No Issue,OEM-Certified,No Issue
2023,Mazda,CX-50 2.5 S Select Package,26998,19000,24 city/30 hwy,4-cyl,Gas,All Wheel Drive,Automatic,Gray/Gray,1 Owner,No flood or frame damage,No odometer problems,7MMVABAM3PN142890,CUV - Midsize,Clean,No Issue,No Issue,No Open Recalls,No Issue,No Issue,No CPO Info Available,No Issue
2020,Mazda,CX-5 Grand Touring,25998,39000,24 city/30 hwy,4-cyl,Gas,All Wheel Drive,Automatic,Black/Tan,1 Owner,No flood or frame damage,No odometer problems,JM3KFBDM3L1810664,CUV - Midsize,Clean,No Issue,No Issue,No Open Recalls,No Issue,No Issue,No CPO Info Available,No Issue
2020,Mazda,CX-5 Touring,21998,58000,25 city/31 hwy,4-cyl,Gas,Front Wheel Drive,Automatic,Blue/Tan,2 Owners,No flood or frame damage,No odometer problems,JM3KFACM0L0748125,CUV - Midsize,Clean,No Issue,No Issue,No Open Recalls,No Issue,No Issue,No CPO Info Available,No Issue
2019,Mazda,Mazda3 ,20998,38000,24 city/32 hwy,4-cyl,Gas,All Wheel Drive,Automatic,White/Gray,2 Owners,No flood or frame damage,No odometer problems,JM1BPBJMXK1124940,Car - Midsize,Clean,No Issue,No Issue,No Open Recalls,No Issue,No Issue,OEM-Certified,No Issue
2015,Mazda,CX-5 Grand Touring,19998,34000,24 city/30 hwy,4-cyl,Gas,All Wheel Drive,Automatic,Gray/Black,3 Owners,No flood or frame damage,No odometer problems,JM3KE4DY3F0539617,CUV - Compact,Clean,No Issue,Damage Reported,No Open Recalls,No Issue,No Issue,No CPO Info Available,No Issue
2024,Mazda,CX-5 Carbon Edition Turbo,32998,14000,22 city/27 hwy,4-cyl,Turbo Gas,All Wheel Drive,Automatic,White/Black,1 Owner,No flood or frame damage,No odometer problems,JM3KFBAY9R0405141,CUV - Midsize,Clean,No Issue,No Issue,No Open Recalls,No Issue,No Issue,No CPO Info Available,No Issue
2021,Mazda,CX-9 Touring,28998,31000,20 city/26 hwy,4-cyl,Turbo Gas,All Wheel Drive,Automatic,Gray/Black,1 Owner,No flood or frame damage,No odometer problems,JM3TCBCY9M0536718,CUV - Midsize,Clean,No Issue,No Issue,No Open Recalls,No Issue,No Issue,No CPO Info Available,No Issue
2021,Mazda,CX-3 Sport,17998,72000,29 city/34 hwy,4-cyl,Gas,Front Wheel Drive,Automatic,Gray/Black,2 Owners,No flood or frame damage,No odometer problems,JM1DKDB72M1502733,CUV - Compact,Clean,No Issue,Minor,No Open Recalls,No Issue,No Issue,No CPO Info Available,No Issue
2018,Mazda,Mazda6 Sport,18998,56000,26 city/35 hwy,4-cyl,Gas,Front Wheel Drive,Automatic,Silver/Black,2 Owners,No flood or frame damage,No odometer problems,JM1GL1UM0J1327860,Car - Midsize,Clean,No Issue,Minor,No Open Recalls,No Issue,No Issue,No Recent CPO Reported,No Issue
2021,Mazda,CX-5 Grand Touring,27998,11000,24 city/30 hwy,4-cyl,Gas,All Wheel Drive,Automatic,Blue/Black,1 Owner,No flood or frame damage,No odometer problems,JM3KFBDM4M0460940,CUV - Midsize,Clean,No Issue,No Issue,No Open Recalls,No Issue,No Issue,No CPO Info Available,No Issue
2019,Mazda,CX-5 Grand Touring,23998,44000,24 city/30 hwy,4-cyl,Gas,All Wheel Drive,Automatic,Silver/Black,1 Owner,No flood or frame damage,No odometer problems,JM3KFBDM9K1696992,CUV - Compact,Clean,No Issue,No Issue,No Open Recalls,No Issue,No Issue,No CPO Info Available,No Issue
2023,Mazda,CX-5 Turbo,30998,24000,24 city/30 hwy,4-cyl,Turbo Gas,All Wheel Drive,Automatic,Black/Black,1 Owner,No flood or frame damage,No odometer problems,JM3KFBAY6P0245331,CUV - Midsize,Clean,No Issue,No Issue,No Open Recalls,No Issue,No Issue,No CPO Info Available,No Issue
2022,Mazda,CX-9 Touring Plus,30998,31000,20 city/26 hwy,4-cyl,Turbo Gas,All Wheel Drive,Automatic,White/Black,2 Owners,No flood or frame damage,No odometer problems,JM3TCBAY4N0614326,CUV - Midsize,Clean,No Issue,No Issue,No Open Recalls,No Issue,No Issue,No CPO Info Available,No Issue
2019,Mazda,CX-9 Touring,24998,51000,22 city/28 hwy,4-cyl,Turbo Gas,Front Wheel Drive,Automatic,Blue/Tan,2 Owners,No flood or frame damage,No odometer problems,JM3TCACY9K0306961,CUV - Midsize,Clean,No Issue,No Issue,No Open Recalls,No Issue,No Issue,No CPO Info Available,No Issue
2021,Mazda,CX-5 Grand Touring Reserve,28998,22000,22 city/27 hwy,4-cyl,Turbo Gas,All Wheel Drive,Automatic,Blue/Tan,2 Owners,No flood or frame damage,No odometer problems,JM3KFBAYXM0328661,CUV - Midsize,Clean,No Issue,No Issue,No Open Recalls,No Issue,No Issue,No CPO Info Available,No Issue
2017,Mazda,MX-5 Miata RF Grand Touring,22998,34000,27 city/34 hwy,4-cyl,Gas,Rear Wheel Drive,Manual 6 Speed,Gray/Black,2 Owners,No flood or frame damage,No odometer problems,JM1NDAM76H0108822,Sport Car - Subcompact,Clean,No Issue,No Issue,1 Open Recall(s),No Issue,No Issue,No Recent CPO Reported,No Issue
2021,Mazda,CX-9 Grand Touring,28998,43000,20 city/26 hwy,4-cyl,Turbo Gas,All Wheel Drive,Automatic,Silver/Gray,1 Owner,No flood or frame damage,No odometer problems,JM3TCBDY5M0536603,CUV - Midsize,Clean,No Issue,No Issue,No Open Recalls,No Issue,No Issue,No CPO Info Available,No Issue
2016,Mazda,Mazda3 I Touring,17998,53000,30 city/40 hwy,4-cyl,Gas,Front Wheel Drive,Automatic,Gray/Gray,1 Owner,No flood or frame damage,No odometer problems,3MZBM1L79GM260705,Car - Midsize,Clean,No Issue,No Issue,1 Open Recall(s),No Issue,No Issue,No CPO Info Available,No Issue
2023,Mazda,CX-5 2.5 S Preferred Package,27998,32000,24 city/30 hwy,4-cyl,Gas,All Wheel Drive,Automatic,White/Cream,1 Owner,No flood or frame damage,No odometer problems,JM3KFBCM0P0168403,CUV - Midsize,Clean,No Issue,No Issue,No Open Recalls,No Issue,No Issue,No CPO Info Available,No Issue
2021,Mazda,CX-5 Signature,28998,28000,22 city/27 hwy,4-cyl,Turbo Gas,All Wheel Drive,Automatic,Black/Black,1 Owner,No flood or frame damage,No odometer problems,JM3KFBEY6M0350053,CUV - Midsize,Clean,No Issue,No Issue,No Open Recalls,No Issue,No Issue,No CPO Info Available,No Issue
2015,Mazda,Mazda3 I Grand Touring,18998,35000,30 city/41 hwy,4-cyl,Gas,Front Wheel Drive,Automatic,Blue/Black,2 Owners,No flood or frame damage,No odometer problems,3MZBM1W75FM174656,Car - Compact,Clean,No Issue,No Issue,No Open Recalls,No Issue,No Issue,No CPO Info Available,No Issue
2023,Mazda,Mazda3 2.5 S Premium Package,28998,4000,26 city/33 hwy,4-cyl,Gas,All Wheel Drive,Automatic,Gray/Gray,1 Owner,No flood or frame damage,No odometer problems,JM1BPBMM2P1617076,Car - Midsize,Clean,No Issue,No Issue,No Open Recalls,No Issue,No Issue,No CPO Info Available,No Issue
2021,Mazda,Mazda6 Carbon Edition,27998,35000,23 city/31 hwy,4-cyl,Turbo Gas,Front Wheel Drive,Automatic,Blue/Red,1 Owner,No flood or frame damage,No odometer problems,JM1GL1WYXM1616572,Car - Midsize,Clean,No Issue,No Issue,No Open Recalls,No Issue,No Issue,No CPO Info Available,No Issue
2022,Mazda,CX-30 Preferred,21998,52000,24 city/31 hwy,4-cyl,Gas,All Wheel Drive,Automatic,Blue/Black,1 Owner,No flood or frame damage,No odometer problems,3MVDMBCL2NM416089,CUV - Compact,Clean,No Issue,No Issue,No Open Recalls,No Issue,No Issue,OEM-Certified,No Issue
2019,Mazda,Mazda3 Premium,21998,24000,27 city/36 hwy,4-cyl,Gas,Front Wheel Drive,Automatic,Gray/Black,1 Owner,No flood or frame damage,No odometer problems,3MZBPAEMXKM102179,Car - Compact,Clean,No Issue,No Issue,1 Open Recall(s),No Issue,No Issue,No CPO Info Available,No Issue
2021,Mazda,CX-30 S,22998,18000,24 city/31 hwy,,,,Automatic,White/Black,1 Owner,No flood or frame damage,No odometer problems,3MVDMBAL3MM300532,CUV - Compact,Clean,No Issue,No Issue,No Open Recalls,No Issue,No Issue,No CPO Info Available,No Issue
2021,Mazda,CX-5 Grand Touring,24998,42000,24 city/30 hwy,4-cyl,Gas,All Wheel Drive,Automatic,Gray/Black,2 Owners,No flood or frame damage,No odometer problems,JM3KFBDMXM0361698,CUV - Midsize,Clean,No Issue,No Issue,No Open Recalls,No Issue,No Issue,No CPO Info Available,No Issue
2021,Mazda,CX-9 Grand Touring,30998,33000,20 city/26 hwy,4-cyl,Turbo Gas,All Wheel Drive,Automatic,Blue/Tan,1 Owner,No flood or frame damage,No odometer problems,JM3TCBDY6M0520314,CUV - Midsize,Clean,No Issue,No Issue,No Open Recalls,No Issue,No Issue,No CPO Info Available,No Issue
2023,Mazda,CX-50 2.5 S Preferred Plus Package,25998,53000,24 city/30 hwy,4-cyl,Gas,All Wheel Drive,Automatic,Blue/Black,1 Owner,No flood or frame damage,No odometer problems,7MMVABCM3PN117257,CUV - Midsize,Clean,No Issue,No Issue,No Open Recalls,No Issue,No Issue,No CPO Info Available,No Issue
2022,Mazda,CX-5 Carbon Edition,28998,16000,24 city/30 hwy,4-cyl,Gas,All Wheel Drive,Automatic,Blue/Black,1 Owner,No flood or frame damage,No odometer problems,JM3KFBCM4N1547962,CUV - Midsize,Clean,No Issue,No Issue,No Open Recalls,No Issue,No Issue,No CPO Info Available,No Issue
