year,make,model,price,mileage,Miles per gallon,cylinders,fuel,Transmission,Color,owner,frame_damage,Odometer_problem,VIN,class,State Title Brand,Auction Brand / Issues,Accident / Damage,Open Recall Check,Insurance Loss / Transfer,Odometer Check,Certified Pre-Owned,Service / Repair,Drive type,Miles per gallon equivalent (MPGe),Motor,Range (when new),Time to fully charge battery (240V)
2013,Mini,Cooper Countryman S,13998,88000,23 city/30 hwy,4-cyl,Turbo Gas,Automatic,Brown/Black,2 Owners,No flood or frame damage,No odometer problems,WMWZC5C54DWP32599,CUV - Compact,Clean,No Issue,Minor,No Open Recalls,No Issue,No Issue,No CPO Info Available,No Issue,,,,,
2018,Mini,Cooper Hardtop ,18998,35000,24 city/34 hwy,3-cyl,Turbo Gas,Automatic,Green/Black,2 Owners,No flood or frame damage,No odometer problems,WMWXU1C51J2F81594,Car - Subcompact,Clean,No Issue,No Issue,No Open Recalls,No Issue,No Issue,No CPO Info Available,No Issue,Front Wheel Drive,,,,
2014,Mini,Cooper Countryman S,17998,33000,25 city/31 hwy,4-cyl,Turbo Gas,Manual 6 Speed,White/Black,1 Owner,No flood or frame damage,No odometer problems,WMWZC5C50EWM17588,CUV - Compact,Clean,No Issue,No Issue,No Open Recalls,No Issue,No Issue,No CPO Info Available,No Issue,,,,,
2016,Mini,Cooper Countryman S ALL4,19998,45000,25 city/31 hwy,4-cyl,Turbo Gas,Automatic,Blue/Black,2 Owners,No flood or frame damage,No odometer problems,WMWZC5C5XGWU20212,CUV - Compact,Clean,No Issue,Damage Reported,No Open Recalls,No Issue,No Issue,No CPO Info Available,No Issue,,,,,
2017,Mini,Cooper Countryman S ALL4,18998,68000,21 city/31 hwy,4-cyl,Turbo Gas,Automatic,Blue/Black,1 Owner,No flood or frame damage,No odometer problems,WMZYT5C36H3D80469,CUV - Compact,Clean,No Issue,Moderate,No Open Recalls,No Issue,No Issue,No CPO Info Available,No Issue,All Wheel Drive,,,,
2022,Mini,Cooper Hardtop EV SE,22998,37000,,,,,Black/Gray,1 Owner,No flood or frame damage,No odometer problems,WMW13DJ01N2R37465,Car - Subcompact,Clean,No Issue,No Issue,1 Open Recall(s),No Issue,No Issue,No CPO Info Available,No Issue,Front Wheel Drive,115 city/100 hwy,Electric,110 miles,4 hours
2014,Mini,Cooper Hardtop S,15998,73000,24 city/34 hwy,4-cyl,Turbo Gas,Manual 6 Speed,Gray/Black,2 Owners,No flood or frame damage,No odometer problems,WMWXM7C51ET732031,Car - Subcompact,Clean,No Issue,No Issue,No Open Recalls,No Issue,No Issue,No CPO Info Available,No Issue,Front Wheel Drive,,,,
2015,Mini,Cooper ,17998,38000,27 city/34 hwy,4-cyl,Gas,Automatic,Black/Cream,3 Owners,No flood or frame damage,No odometer problems,WMWZN3C54FT861705,Car - Subcompact,Clean,No Issue,No Issue,No Open Recalls,No Issue,No Issue,No CPO Info Available,No Issue,,,,,
2018,Mini,Cooper ,19998,56000,28 city/37 hwy,3-cyl,Turbo Gas,Automatic,Gray/Black,3 Owners,No flood or frame damage,No odometer problems,WMWWG5C52J3D00939,Car - Subcompact,Clean,No Issue,Minor,No Open Recalls,No Issue,No Issue,No Recent CPO Reported,No Issue,Front Wheel Drive,,,,
2021,Mini,Cooper Hardtop John Cooper Works,23998,55000,23 city/33 hwy,4-cyl,Turbo Gas,Automatic,Silver/Black,2 Owners,No flood or frame damage,No odometer problems,WMWXR9C06M2P18101,Car - Subcompact,Clean,No Issue,No Issue,No Open Recalls,No Issue,No Issue,No CPO Info Available,No Issue,,,,,
2019,Mini,Cooper Countryman ,20998,41000,24 city/33 hwy,,,Automatic,Gray/Black,2 Owners,No flood or frame damage,No odometer problems,WMZYS7C58K3F47079,CUV - Compact,Clean,No Issue,No Issue,No Open Recalls,No Issue,No Issue,No CPO Info Available,No Issue,,,,,
2023,Mini,Cooper Hardtop S,27998,18000,23 city/33 hwy,4-cyl,Turbo Gas,Automatic,Gray/Black,1 Owner,No flood or frame damage,No odometer problems,WMW53DK08P2T08384,Car - Subcompact,Clean,No Issue,No Issue,No Open Recalls,No Issue,No Issue,No CPO Info Available,No Issue,Front Wheel Drive,,,,
2015,Mini,Cooper Paceman ,13998,33000,27 city/34 hwy,4-cyl,Gas,Automatic,Brown/Black,1 Owner,No flood or frame damage,No odometer problems,WMWSS1C52FWN95310,CUV - Subcompact,Clean,No Issue,Minor,No Open Recalls,No Issue,No Issue,No CPO Info Available,No Issue,Front Wheel Drive,,,,
2014,Mini,Cooper S,17998,36000,26 city/35 hwy,4-cyl,Turbo Gas,Automatic,White/Black,4 Owners,No flood or frame damage,No odometer problems,WMWZP3C59ET707290,Car - Subcompact,Clean,No Issue,No Issue,No Open Recalls,No Issue,No Issue,No CPO Info Available,No Issue,,,,,
2022,Mini,Cooper Hardtop ,21998,35000,27 city/37 hwy,3-cyl,Turbo Gas,Automatic,Black/Black,2 Owners,No flood or frame damage,No odometer problems,WMW33DK05N2P59485,Car - Subcompact,Clean,No Issue,No Issue,No Open Recalls,No Issue,No Issue,No CPO Info Available,No Issue,,,,,
2019,Mini,Cooper Hardtop S,21998,31000,23 city/32 hwy,4-cyl,Turbo Gas,Automatic,Red/Black,1 Owner,No flood or frame damage,No odometer problems,WMWXP7C5XK2A51653,Car - Subcompact,Clean,No Issue,No Issue,No Open Recalls,No Issue,No Issue,No CPO Info Available,No Issue,,,,,
2019,Mini,Cooper Countryman S,21998,49000,23 city/32 hwy,4-cyl,Turbo Gas,Automatic,White/Black,3 Owners,No flood or frame damage,No odometer problems,WMZYT3C55K3E94539,CUV - Compact,Clean,No Issue,No Issue,No Open Recalls,No Issue,No Issue,No Recent CPO Reported,No Issue,Front Wheel Drive,,,,
2019,Mini,Cooper Hardtop ,19998,37000,28 city/37 hwy,,,Automatic,White/Black,2 Owners,No flood or frame damage,No odometer problems,WMWXU1C55K2J01569,Car - Subcompact,Clean,No Issue,No Issue,No Open Recalls,No Issue,No Issue,No CPO Info Available,No Issue,,,,,
2023,Mini,Cooper Hardtop ,24998,20000,27 city/37 hwy,3-cyl,Turbo Gas,Automatic,White/Black,2 Owners,No flood or frame damage,No odometer problems,WMW33DK08P2T29694,Car - Subcompact,Clean,No Issue,No Issue,No Open Recalls,No Issue,No Issue,OEM-Certified,No Issue,Front Wheel Drive,,,,
2015,Mini,Cooper Hardtop S,17998,29000,24 city/34 hwy,4-cyl,Turbo Gas,Automatic,White/Black,2 Owners,No flood or frame damage,No odometer problems,WMWXP7C58F2A34520,Car - Subcompact,Clean,No Issue,No Issue,No Open Recalls,No Issue,No Issue,No CPO Info Available,No Issue,,,,,
2024,Mini,Cooper Hardtop ,27998,2000,27 city/38 hwy,,,Automatic,White/Black,2 Owners,No flood or frame damage,No odometer problems,WMW33DH02R2U84414,Car - Subcompact,Clean,No Issue,No Issue,No Open Recalls,No Issue,No Issue,No CPO Info Available,No Issue,,,,,
2018,Mini,Cooper Clubman ALL4,20998,36000,22 city/32 hwy,3-cyl,Turbo Gas,Automatic,White/Black,2 Owners,No flood or frame damage,No odometer problems,WMWLU1C56J2F29019,Car - Compact,Clean,No Issue,No Issue,No Open Recalls,No Issue,No Issue,No CPO Info Available,No Issue,All Wheel Drive,,,,
2015,Mini,Cooper Hardtop ,14599,87000,29 city/40 hwy,3-cyl,Turbo Gas,Manual 6 Speed,Creme/Black,2 Owners,No flood or frame damage,No odometer problems,WMWXM5C51F3A04721,Car - Subcompact,Clean,No Issue,Damage Reported,No Open Recalls,No Issue,No Issue,No CPO Info Available,No Issue,,,,,
2013,Mini,Cooper ,13599,68000,29 city/37 hwy,4-cyl,Gas,Automatic,Blue/Black,2 Owners,No flood or frame damage,No odometer problems,WMWSU3C5XDT688421,Car - Subcompact,Clean,No Issue,Minor,1 Open Recall(s),No Issue,No Issue,No Recent CPO Reported,No Issue,,,,,
2023,Mini,Cooper Countryman S ALL4,29998,37000,23 city/33 hwy,4-cyl,Turbo Gas,Automatic,White/Black,1 Owner,No flood or frame damage,No odometer problems,WMZ83BR02P3R01078,CUV - Compact,Clean,No Issue,No Issue,No Open Recalls,No Issue,No Issue,No CPO Info Available,No Issue,All Wheel Drive,,,,
2015,Mini,Cooper S,17998,48000,26 city/35 hwy,4-cyl,Turbo Gas,Manual 6 Speed,Red/Black,2 Owners,No flood or frame damage,No odometer problems,WMWZP3C51FT298803,Car - Subcompact,Clean,No Issue,No Issue,No Open Recalls,No Issue,No Issue,No CPO Info Available,No Issue,Front Wheel Drive,,,,
2023,Mini,Cooper Hardtop S,28998,11000,23 city/33 hwy,4-cyl,Turbo Gas,Automatic,Green/Black,1 Owner,No flood or frame damage,No odometer problems,WMW53DH04P2T62045,Car - Subcompact,Clean,No Issue,No Issue,No Open Recalls,No Issue,No Issue,No CPO Info Available,No Issue,,,,,
2018,Mini,Cooper Hardtop S,21998,25000,23 city/32 hwy,4-cyl,Turbo Gas,Automatic,Red/Black,2 Owners,No flood or frame damage,No odometer problems,WMWXP7C59J2A47852,Car - Subcompact,Clean,No Issue,Damage Reported,No Open Recalls,No Issue,No Issue,No CPO Info Available,No Issue,Front Wheel Drive,,,,
2016,Mini,Cooper Countryman S ALL4,18998,54000,25 city/31 hwy,4-cyl,Turbo Gas,Automatic,Blue/Black,2 Owners,No flood or frame damage,No odometer problems,WMWZC5C53GWU20391,CUV - Compact,Clean,No Issue,No Issue,No Open Recalls,No Issue,No Issue,No Recent CPO Reported,No Issue,,,,,
2024,Mini,Cooper Countryman S,30998,11000,23 city/33 hwy,4-cyl,Turbo Gas,Automatic,Gray/Black,1 Owner,No flood or frame damage,No odometer problems,WMZ53BR02R3R67037,CUV - Compact,Clean,No Issue,No Issue,No Open Recalls,No Issue,No Issue,No CPO Info Available,No Issue,Front Wheel Drive,,,,
2021,Mini,Cooper Hardtop S,23998,28000,23 city/33 hwy,4-cyl,Turbo Gas,Automatic,Gray/Black,1 Owner,No flood or frame damage,No odometer problems,WMWXR5C04M2N95813,Car - Subcompact,Clean,No Issue,Moderate,No Open Recalls,No Issue,No Issue,No CPO Info Available,No Issue,,,,,
2024,Mini,Cooper Hardtop EV SE,27998,5000,,,,,Green/Black,1 Owner,No flood or frame damage,No odometer problems,WMW13DJ02R2V12133,Car - Subcompact,Clean,No Issue,No Issue,1 Open Recall(s),No Issue,No Issue,No CPO Info Available,No Issue,Front Wheel Drive,119 city/100 hwy,Electric,114 miles,
2020,Mini,Cooper Hardtop S,25998,10000,26 city/35 hwy,,,Automatic,Blue/Black,1 Owner,No flood or frame damage,No odometer problems,WMWXU9C04L2L86608,Car - Subcompact,Clean,No Issue,Minor,No Open Recalls,No Issue,No Issue,No CPO Info Available,No Issue,,,,,
2023,Mini,Cooper Hardtop S,29998,17000,23 city/33 hwy,4-cyl,Turbo Gas,Automatic,White/Brown,1 Owner,No flood or frame damage,No odometer problems,WMW53DH03P2T73523,Car - Subcompact,Clean,No Issue,No Issue,No Open Recalls,No Issue,No Issue,No CPO Info Available,No Issue,,,,,
2018,Mini,Cooper Countryman S ALL4,20998,71000,21 city/31 hwy,4-cyl,Turbo Gas,Automatic,Blue/Brown,2 Owners,No flood or frame damage,No odometer problems,WMZYT5C35J3D82462,CUV - Compact,Clean,No Issue,No Issue,No Open Recalls,No Issue,No Issue,No CPO Info Available,No Issue,All Wheel Drive,,,,
2021,Mini,Cooper Hardtop S,23998,39000,23 city/33 hwy,4-cyl,Turbo Gas,Automatic,Green/Black,2 Owners,No flood or frame damage,No odometer problems,WMWXU9C06M2P11762,Car - Subcompact,Clean,No Issue,Minor,No Open Recalls,No Issue,No Issue,No CPO Info Available,No Issue,,,,,
2022,Mini,Cooper S,28998,30000,23 city/33 hwy,4-cyl,Turbo Gas,Automatic,Green/Green,2 Owners,No flood or frame damage,No odometer problems,WMW43DL01N3N18164,Car - Subcompact,Clean,No Issue,No Issue,No Open Recalls,No Issue,No Issue,No CPO Info Available,No Issue,,,,,
2021,Mini,Cooper ,25998,20000,26 city/37 hwy,4-cyl,Turbo Gas,Automatic,Blue/Black,2 Owners,No flood or frame damage,No odometer problems,WMWWJ3C06M3M85072,Car - Subcompact,Clean,No Issue,Minor,No Open Recalls,No Issue,No Issue,No CPO Info Available,No Issue,,,,,
2019,Mini,Cooper Hardtop S,21998,41000,23 city/32 hwy,4-cyl,Turbo Gas,Automatic,Tan/Black,1 Owner,No flood or frame damage,No odometer problems,WMWXP7C57K2A50069,Car - Subcompact,Clean,No Issue,No Issue,No Open Recalls,No Issue,No Issue,No CPO Info Available,No Issue,,,,,
2020,Mini,Cooper Hardtop S,19998,50000,26 city/35 hwy,4-cyl,Turbo Gas,Automatic,Red/Black,2 Owners,No flood or frame damage,No odometer problems,WMWXR5C05L2M11235,Car - Subcompact,Clean,No Issue,Moderate,No Open Recalls,No Issue,No Issue,No CPO Info Available,No Issue,Front Wheel Drive,,,,
2019,Mini,Cooper Countryman ALL4,22998,37000,22 city/32 hwy,3-cyl,Turbo Gas,Automatic,Gray/Black,1 Owner,No flood or frame damage,No odometer problems,WMZYV5C53K3F57577,CUV - Compact,Clean,No Issue,No Issue,No Open Recalls,No Issue,No Issue,No CPO Info Available,No Issue,All Wheel Drive,,,,
2016,Mini,Cooper Clubman ,14998,60000,25 city/35 hwy,3-cyl,Turbo Gas,Automatic,Burgundy/Black,2 Owners,No flood or frame damage,No odometer problems,WMWLN5C50G2E30290,Car - Compact,Clean,No Issue,Minor,No Open Recalls,No Issue,No Issue,No CPO Info Available,No Issue,Front Wheel Drive,,,,
2022,Mini,Cooper ,24998,36000,27 city/37 hwy,3-cyl,Turbo Gas,Automatic,Red/Black,2 Owners,No flood or frame damage,No odometer problems,WMW23DL06N3N66248,Car - Subcompact,Clean,No Issue,No Issue,No Open Recalls,No Issue,No Issue,No CPO Info Available,No Issue,,,,,
2019,Mini,Cooper Countryman PHEV S E ALL4,23998,51000,,3-cyl,Turbo Gas,Automatic,Gray/Black,2 Owners,No flood or frame damage,No odometer problems,WMZYU7C57K3F94808,CUV - Compact,Clean,No Issue,No Issue,No Open Recalls,No Issue,No Issue,No Recent CPO Reported,No Issue,,,,,
2022,Mini,Cooper Clubman S ALL4,28998,22000,23 city/32 hwy,4-cyl,Turbo Gas,Automatic,Red/Black,1 Owner,No flood or frame damage,No odometer problems,WMWXJ1C04N2P66853,Car - Compact,Clean,No Issue,Damage Reported,No Open Recalls,No Issue,No Issue,No CPO Info Available,No Issue,All Wheel Drive,,,,
2020,Mini,Cooper Hardtop S,21998,23000,26 city/35 hwy,4-cyl,Turbo Gas,Automatic,Gray/Black,1 Owner,No flood or frame damage,No odometer problems,WMWXR5C08L2M82414,Car - Subcompact,Clean,No Issue,No Issue,No Open Recalls,No Issue,No Issue,No CPO Info Available,No Issue,Front Wheel Drive,,,,
2022,Mini,Cooper Countryman S ALL4,27998,41000,23 city/31 hwy,4-cyl,Turbo Gas,Automatic,Gray/Black,1 Owner,No flood or frame damage,No odometer problems,WMZ83BR09N3N46505,CUV - Compact,Clean,No Issue,No Issue,No Open Recalls,No Issue,No Issue,No CPO Info Available,No Issue,All Wheel Drive,,,,
2018,Mini,Cooper Hardtop ,17998,50000,28 city/38 hwy,3-cyl,Turbo Gas,Automatic,Red/Black,3 Owners,No flood or frame damage,No odometer problems,WMWXP5C57J2G62145,Car - Subcompact,Clean,No Issue,No Issue,No Open Recalls,No Issue,No Issue,No CPO Info Available,No Issue,,,,,
2019,Mini,Cooper Clubman S ALL4,24998,29000,21 city/30 hwy,4-cyl,Turbo Gas,Automatic,Gray/Black,1 Owner,No flood or frame damage,No odometer problems,WMWLU5C54K2G04163,Car - Compact,Clean,No Issue,Damage Reported,No Open Recalls,No Issue,No Issue,No CPO Info Available,No Issue,All Wheel Drive,,,,
2016,Mini,Cooper Countryman S ALL4,17998,73000,25 city/31 hwy,4-cyl,Turbo Gas,Automatic,Blue/Black,2 Owners,No flood or frame damage,No odometer problems,WMWZC5C56GWU21910,CUV - Compact,Clean,No Issue,No Issue,No Open Recalls,No Issue,No Issue,No CPO Info Available,No Issue,All Wheel Drive,,,,
2020,Mini,Cooper Countryman S ALL4,24998,36000,23 city/31 hwy,4-cyl,Turbo Gas,Automatic,Gray/Black,2 Owners,No flood or frame damage,No odometer problems,WMZYX1C03L3L47244,CUV - Compact,Clean,No Issue,Minor,No Open Recalls,No Issue,No Issue,OEM-Certified,No Issue,All Wheel Drive,,,,
2022,Mini,Cooper ,28998,15000,27 city/37 hwy,3-cyl,Turbo Gas,Automatic,Blue/White,1 Owner,No flood or frame damage,No odometer problems,WMW23DL02N3N67560,Car - Subcompact,Clean,No Issue,No Issue,No Open Recalls,No Issue,No Issue,No CPO Info Available,No Issue,,,,,
2014,Mini,Cooper Hardtop S,14998,82000,24 city/34 hwy,4-cyl,Turbo Gas,Manual 6 Speed,Green/Black,2 Owners,No flood or frame damage,No odometer problems,WMWXM7C53ET970205,Car - Subcompact,Clean,No Issue,No Issue,No Open Recalls,No Issue,No Issue,No CPO Info Available,No Issue,,,,,
2016,Mini,Cooper ,20998,46000,27 city/38 hwy,3-cyl,Turbo Gas,Automatic,Blue/Brown,2 Owners,No flood or frame damage,No odometer problems,WMWWG5C5XG3C18899,Car - Subcompact,Clean,No Issue,No Issue,No Open Recalls,No Issue,No Issue,No CPO Info Available,No Issue,,,,,
2022,Mini,Cooper Countryman ALL4,21998,57000,23 city/30 hwy,3-cyl,Turbo Gas,Automatic,Gray/Black,3 Owners,No flood or frame damage,No odometer problems,WMZ43BR0XN3N66437,CUV - Compact,Clean,No Issue,No Issue,No Open Recalls,No Issue,No Issue,No CPO Info Available,No Issue,All Wheel Drive,,,,
2020,Mini,Cooper Clubman S ALL4,26998,21000,23 city/32 hwy,4-cyl,Turbo Gas,Automatic,Blue/Black,1 Owner,No flood or frame damage,No odometer problems,WMWXJ1C07L2M66429,Car - Compact,Clean,No Issue,No Issue,No Open Recalls,No Issue,No Issue,No CPO Info Available,No Issue,All Wheel Drive,,,,
2019,Mini,Cooper Countryman ,19998,56000,24 city/33 hwy,3-cyl,Turbo Gas,Automatic,Black/Black,2 Owners,No flood or frame damage,No odometer problems,WMZYS7C55K3J05034,CUV - Compact,Clean,No Issue,No Issue,No Open Recalls,No Issue,No Issue,No CPO Info Available,No Issue,Front Wheel Drive,,,,
2023,Mini,Cooper Countryman S,29998,13000,23 city/33 hwy,,,Automatic,Black/Black,2 Owners,No flood or frame damage,No odometer problems,WMZ53BR05P3P83336,CUV - Compact,Clean,No Issue,No Issue,No Open Recalls,No Issue,No Issue,No CPO Info Available,No Issue,,,,,
2013,Mini,Cooper Countryman S,14599,70000,25 city/32 hwy,4-cyl,Turbo Gas,Manual 6 Speed,Green/Black,3 Owners,No flood or frame damage,No odometer problems,WMWZC3C53DWP51388,CUV - Compact,Clean,No Issue,No Issue,No Open Recalls,No Issue,No Issue,No CPO Info Available,No Issue,,,,,
2020,Mini,Cooper Clubman John Cooper Works ALL4,27998,42000,23 city/31 hwy,4-cyl,Turbo Gas,Automatic,Silver/Black,1 Owner,No flood or frame damage,No odometer problems,WMWJZ9C02L2M31391,Car - Compact,Clean,No Issue,No Issue,No Open Recalls,No Issue,No Issue,No CPO Info Available,No Issue,All Wheel Drive,,,,
2016,Mini,Cooper S,19998,42000,23 city/33 hwy,4-cyl,Turbo Gas,Automatic,Red/Black,1 Owner,No flood or frame damage,No odometer problems,WMWWG9C57G3A91701,Car - Subcompact,Clean,No Issue,Minor,No Open Recalls,No Issue,No Issue,No CPO Info Available,No Issue,,,,,
2019,Mini,Cooper Hardtop S,20998,54000,23 city/32 hwy,4-cyl,Turbo Gas,Automatic,Gray/Black,3 Owners,No flood or frame damage,No odometer problems,WMWXU3C51K2H88872,Car - Subcompact,Clean,No Issue,Damage Reported,No Open Recalls,No Issue,No Issue,No Recent CPO Reported,No Issue,,,,,
2020,Mini,Cooper Hardtop ,19998,40000,28 city/36 hwy,3-cyl,Turbo Gas,Automatic,White/Black,4 Owners,No flood or frame damage,No odometer problems,WMWXR3C08L2L38303,Car - Subcompact,Clean,No Issue,Minor,No Open Recalls,No Issue,No Issue,No CPO Info Available,No Issue,Front Wheel Drive,,,,
2022,Mini,Cooper Hardtop ,23998,17000,27 city/37 hwy,3-cyl,Turbo Gas,Automatic,Gray/Black,1 Owner,No flood or frame damage,No odometer problems,WMW33DH00N2R00468,Car - Subcompact,Clean,No Issue,No Issue,No Open Recalls,No Issue,No Issue,No CPO Info Available,No Issue,,,,,
2019,Mini,Cooper Countryman S ALL4,20998,56000,21 city/30 hwy,4-cyl,Turbo Gas,Automatic,Gray/Black,3 Owners,No flood or frame damage,No odometer problems,WMZYT5C50K3G92456,CUV - Compact,Clean,No Issue,No Issue,No Open Recalls,No Issue,No Issue,No Recent CPO Reported,No Issue,,,,,
2019,Mini,Cooper ,22998,27000,28 city/37 hwy,3-cyl,Turbo Gas,Automatic,Red/Black,3 Owners,No flood or frame damage,No odometer problems,WMWWG5C55K3H07574,Car - Subcompact,Clean,No Issue,No Issue,No Open Recalls,No Issue,No Issue,No CPO Info Available,No Issue,,,,,
2018,Mini,Cooper S,25998,14000,23 city/32 hwy,4-cyl,Turbo Gas,Automatic,Blue/Black,1 Owner,No flood or frame damage,No odometer problems,WMWWG9C54J3C82693,Car - Subcompact,Clean,No Issue,Damage Reported,No Open Recalls,No Issue,No Issue,No CPO Info Available,No Issue,,,,,
2020,Mini,Cooper Clubman S ALL4,25998,21000,23 city/32 hwy,4-cyl,Turbo Gas,Automatic,Red/Black,1 Owner,No flood or frame damage,No odometer problems,WMWXJ1C01L2M21423,Car - Compact,Clean,No Issue,No Issue,No Open Recalls,No Issue,No Issue,No CPO Info Available,No Issue,All Wheel Drive,,,,
2019,Mini,Cooper Countryman S ALL4,23998,36000,21 city/30 hwy,4-cyl,Turbo Gas,Automatic,White/Black,2 Owners,No flood or frame damage,No odometer problems,WMZYT5C54K3E64329,CUV - Compact,Clean,No Issue,No Issue,No Open Recalls,No Issue,No Issue,No CPO Info Available,No Issue,,,,,
2019,Mini,Cooper Clubman S ALL4,20998,60000,21 city/30 hwy,4-cyl,Turbo Gas,Automatic,Green/Black,1 Owner,No flood or frame damage,No odometer problems,WMWLU5C56K2G04276,Car - Compact,Clean,No Issue,Minor,No Open Recalls,No Issue,No Issue,No CPO Info Available,No Issue,,,,,
2019,Mini,Cooper Clubman S ALL4,22998,36000,21 city/30 hwy,4-cyl,Turbo Gas,Automatic,Burgundy/Black,4 Owners,No flood or frame damage,No odometer problems,WMWLU5C51K2G05206,Car - Compact,Clean,No Issue,No Issue,No Open Recalls,No Issue,No Issue,No Recent CPO Reported,No Issue,All Wheel Drive,,,,
2018,Mini,Cooper Hardtop S,17998,41000,23 city/32 hwy,4-cyl,Turbo Gas,Automatic,Red/Black,2 Owners,No flood or frame damage,No odometer problems,WMWXP7C59J2A48953,Car - Subcompact,Clean,No Issue,No Issue,No Open Recalls,No Issue,No Issue,No CPO Info Available,No Issue,Front Wheel Drive,,,,
2016,Mini,Cooper Clubman ,18998,34000,25 city/35 hwy,3-cyl,Turbo Gas,Automatic,White/Black,1 Owner,No flood or frame damage,No odometer problems,WMWLN5C5XG2B28439,Car - Compact,Clean,No Issue,No Issue,No Open Recalls,No Issue,No Issue,No CPO Info Available,No Issue,Front Wheel Drive,,,,
2016,Mini,Cooper Countryman S ALL4,18998,55000,25 city/31 hwy,4-cyl,Turbo Gas,Manual 6 Speed,White/Brown,4 Owners,No flood or frame damage,No odometer problems,WMWZC5C5XGWT39131,CUV - Compact,Clean,No Issue,Minor,No Open Recalls,No Issue,No Issue,No CPO Info Available,No Issue,All Wheel Drive,,,,
2019,Mini,Cooper Countryman S Signature,21998,56000,24 city/33 hwy,3-cyl,Turbo Gas,Automatic,Black/Black,3 Owners,No flood or frame damage,No odometer problems,WMZYS7C5XK3F45513,CUV - Compact,Clean,No Issue,No Issue,No Open Recalls,No Issue,No Issue,No CPO Info Available,No Issue,,,,,
2015,Mini,Cooper Countryman S ALL4,16998,63000,25 city/31 hwy,4-cyl,Turbo Gas,Automatic,Black/Black,3 Owners,No flood or frame damage,No odometer problems,WMWZC5C59FWP46632,CUV - Compact,Clean,No Issue,Damage Reported,No Open Recalls,No Issue,No Issue,No CPO Info Available,No Issue,All Wheel Drive,,,,
2022,Mini,Cooper Hardtop ,21998,32000,27 city/37 hwy,3-cyl,Turbo Gas,Automatic,Silver/Black,1 Owner,No flood or frame damage,No odometer problems,WMW33DH02N2P83993,Car - Subcompact,Clean,No Issue,No Issue,No Open Recalls,No Issue,No Issue,No CPO Info Available,No Issue,,,,,
2021,Mini,Cooper Hardtop S,23998,26000,23 city/33 hwy,4-cyl,Turbo Gas,Automatic,Gray/Black,1 Owner,No flood or frame damage,No odometer problems,WMWXU9C02M2N91362,Car - Subcompact,Clean,No Issue,Damage Reported,No Open Recalls,No Issue,No Issue,No CPO Info Available,No Issue,Front Wheel Drive,,,,
2019,Mini,Cooper ,20998,35000,28 city/37 hwy,3-cyl,Turbo Gas,Automatic,Orange/Black,3 Owners,No flood or frame damage,No odometer problems,WMWWG5C52K3F79312,Car - Subcompact,Clean,No Issue,No Issue,No Open Recalls,No Issue,No Issue,No CPO Info Available,No Issue,,,,,
2019,Mini,Cooper Hardtop S,18998,46000,23 city/32 hwy,4-cyl,Turbo Gas,Automatic,Tan/Black,1 Owner,No flood or frame damage,No odometer problems,WMWXP7C58K2A49660,Car - Subcompact,Clean,No Issue,Minor,No Open Recalls,No Issue,No Issue,No CPO Info Available,No Issue,,,,,
2013,Mini,Cooper ,12998,68000,29 city/37 hwy,4-cyl,Gas,Automatic,White/Black,3 Owners,No flood or frame damage,No odometer problems,WMWSU3C57DT691311,Car - Subcompact,Clean,No Issue,No Issue,No Open Recalls,No Issue,No Issue,No Recent CPO Reported,No Issue,Front Wheel Drive,,,,
2020,Mini,Cooper Hardtop Oxford Edition,19998,34000,28 city/36 hwy,,,Automatic,Green/Black,2 Owners,No flood or frame damage,No odometer problems,WMWXR3C01L2L87620,Car - Subcompact,Clean,No Issue,No Issue,No Open Recalls,No Issue,No Issue,OEM-Certified,No Issue,,,,,
2021,Mini,Cooper Hardtop S,21998,51000,23 city/33 hwy,4-cyl,Turbo Gas,Manual 6 Speed,Gray/Black,1 Owner,No flood or frame damage,No odometer problems,WMWXR5C08M2N96155,Car - Subcompact,Clean,No Issue,No Issue,No Open Recalls,No Issue,No Issue,No CPO Info Available,No Issue,Front Wheel Drive,,,,
2019,Mini,Cooper S,22998,35000,23 city/32 hwy,4-cyl,Turbo Gas,Automatic,White/Black,2 Owners,No flood or frame damage,No odometer problems,WMWWG9C58K3E41524,Car - Subcompact,Clean,No Issue,Moderate,No Open Recalls,No Issue,No Issue,No CPO Info Available,No Issue,Front Wheel Drive,,,,
2023,Mini,Cooper Hardtop S,25998,32000,23 city/33 hwy,4-cyl,Turbo Gas,Automatic,Black/Black,1 Owner,No flood or frame damage,No odometer problems,WMW53DK03P2T80268,Car - Subcompact,Clean,No Issue,No Issue,No Open Recalls,No Issue,No Issue,No CPO Info Available,No Issue,Front Wheel Drive,,,,
2018,Mini,Cooper ,20998,43000,28 city/37 hwy,3-cyl,Turbo Gas,Automatic,Blue/Black,2 Owners,No flood or frame damage,No odometer problems,WMWWG5C55J3D00420,Car - Subcompact,Clean,No Issue,No Issue,No Open Recalls,No Issue,No Issue,No Recent CPO Reported,No Issue,Front Wheel Drive,,,,
2021,Mini,Cooper Hardtop John Cooper Works GP,35998,15000,24 city/30 hwy,4-cyl,Turbo Gas,Automatic,Gray/Black,2 Owners,No flood or frame damage,No odometer problems,WMWXX9C09M2M95963,Car - Subcompact,Clean,No Issue,No Issue,No Open Recalls,No Issue,No Issue,No CPO Info Available,No Issue,Front Wheel Drive,,,,
2014,Mini,Cooper Countryman S,15998,55000,26 city/32 hwy,4-cyl,Turbo Gas,Automatic,Silver/Black,2 Owners,No flood or frame damage,No odometer problems,WMWZC3C58EWP26598,CUV - Compact,Clean,No Issue,Moderate,No Open Recalls,No Issue,No Issue,No CPO Info Available,No Issue,Front Wheel Drive,,,,
2021,Mini,Cooper Hardtop Oxford Edition,23998,14000,26 city/37 hwy,3-cyl,Turbo Gas,Automatic,Green/Black,1 Owner,No flood or frame damage,No odometer problems,WMWXR3C07M2N50434,Car - Subcompact,Clean,No Issue,No Issue,No Open Recalls,No Issue,No Issue,No CPO Info Available,No Issue,,,,,
2019,Mini,Cooper Hardtop S,23998,13000,23 city/32 hwy,4-cyl,Turbo Gas,Automatic,White/Yellow,2 Owners,No flood or frame damage,No odometer problems,WMWXP7C51K2A53081,Car - Subcompact,Clean,No Issue,No Issue,No Open Recalls,No Issue,No Issue,No CPO Info Available,No Issue,,,,,
2019,Mini,Cooper Hardtop S,19998,27000,23 city/32 hwy,4-cyl,Turbo Gas,Automatic,Red/Black,2 Owners,No flood or frame damage,No odometer problems,WMWXU3C54K2H87893,Car - Subcompact,Clean,No Issue,No Issue,No Open Recalls,No Issue,No Issue,No CPO Info Available,No Issue,Front Wheel Drive,,,,
2021,Mini,Cooper Hardtop S,24998,24000,23 city/33 hwy,4-cyl,Turbo Gas,Automatic,Gray/Gray,1 Owner,No flood or frame damage,No odometer problems,WMWXU9C00M2P26578,Car - Subcompact,Clean,No Issue,No Issue,No Open Recalls,No Issue,No Issue,No CPO Info Available,No Issue,,,,,
2015,Mini,Cooper Hardtop ,14599,79000,29 city/40 hwy,3-cyl,Turbo Gas,Manual 6 Speed,White/Black,4 Owners,No flood or frame damage,No odometer problems,WMWXS5C59F2C63212,Car - Subcompact,Clean,No Issue,No Issue,No Open Recalls,No Issue,No Issue,No CPO Info Available,No Issue,Front Wheel Drive,,,,
2016,Mini,Cooper Clubman ,14998,71000,25 city/35 hwy,3-cyl,Turbo Gas,Automatic,Black/Black,2 Owners,No flood or frame damage,No odometer problems,WMWLN5C50G2B28238,Car - Compact,Clean,No Issue,No Issue,No Open Recalls,No Issue,No Issue,No CPO Info Available,No Issue,Front Wheel Drive,,,,
2013,Mini,Cooper Countryman S,14998,69000,23 city/30 hwy,4-cyl,Turbo Gas,Automatic,Black/Black,4 Owners,No flood or frame damage,No odometer problems,WMWZC5C51DWP31801,CUV - Compact,Clean,No Issue,No Issue,No Open Recalls,No Issue,No Issue,No Recent CPO Reported,No Issue,,,,,
2018,Mini,Cooper ,22998,35000,28 city/37 hwy,3-cyl,Turbo Gas,Automatic,Silver/Black,2 Owners,No flood or frame damage,No odometer problems,WMWWG5C57J3D01231,Car - Subcompact,Clean,No Issue,No Issue,No Open Recalls,No Issue,No Issue,No CPO Info Available,No Issue,Front Wheel Drive,,,,
2017,Mini,Cooper ,18998,55000,28 city/37 hwy,3-cyl,Turbo Gas,Automatic,Red/Black,2 Owners,No flood or frame damage,No odometer problems,WMWWG5C52H3C20194,Car - Subcompact,Clean,No Issue,No Issue,No Open Recalls,No Issue,No Issue,No CPO Info Available,No Issue,,,,,
2022,Mini,Cooper Hardtop ,21998,24000,27 city/37 hwy,3-cyl,Turbo Gas,Automatic,Red/Black,1 Owner,No flood or frame damage,No odometer problems,WMW33DH07N2P86940,Car - Subcompact,Clean,No Issue,Minor,No Open Recalls,No Issue,No Issue,OEM-Certified,No Issue,,,,,
2016,Mini,Cooper Clubman ,17998,35000,25 city/35 hwy,3-cyl,Turbo Gas,Automatic,Gray/Black,2 Owners,No flood or frame damage,No odometer problems,WMWLN5C52G2E29917,Car - Compact,Clean,No Issue,No Issue,No Open Recalls,No Issue,No Issue,No CPO Info Available,No Issue,Front Wheel Drive,,,,
2018,Mini,Cooper S,19998,52000,23 city/32 hwy,3-cyl,Turbo Gas,Manual 6 Speed,White/Black,2 Owners,No flood or frame damage,No odometer problems,WMWXP5C52J2D71682,Car - Subcompact,Clean,No Issue,Damage Reported,No Open Recalls,No Issue,No Issue,No CPO Info Available,No Issue,,,,,
2015,Mini,Cooper Countryman S,16998,60000,26 city/32 hwy,4-cyl,Turbo Gas,Automatic,Brown/Black,2 Owners,No flood or frame damage,No odometer problems,WMWZC3C53FWT02960,CUV - Compact,Clean,No Issue,No Issue,No Open Recalls,No Issue,No Issue,No CPO Info Available,No Issue,,,,,
2019,Mini,Cooper Countryman PHEV S E ALL4,20998,73000,,3-cyl,Turbo Gas,Automatic,Gray/Black,1 Owner,No flood or frame damage,No odometer problems,WMZYU7C50K3F93631,CUV - Compact,Clean,No Issue,Moderate,No Open Recalls,No Issue,No Issue,No CPO Info Available,No Issue,,,,,
2019,Mini,Cooper Hardtop S,18998,52000,23 city/32 hwy,4-cyl,Turbo Gas,Automatic,Gold/Black,2 Owners,No flood or frame damage,No odometer problems,WMWXP7C58K2A49612,Car - Subcompact,Clean,No Issue,No Issue,No Open Recalls,No Issue,No Issue,No Recent CPO Reported,No Issue,,,,,
2023,Mini,Cooper S Classic,31998,13000,23 city/33 hwy,4-cyl,Turbo Gas,Automatic,Green/Tan,2 Owners,No flood or frame damage,No odometer problems,WMW43DL07P3R08849,Car - Subcompact,Clean,No Issue,No Issue,No Open Recalls,No Issue,No Issue,No CPO Info Available,No Issue,,,,,
2019,Mini,Cooper Clubman S,20998,32000,22 city/31 hwy,4-cyl,Turbo Gas,Automatic,Silver/Black,2 Owners,No flood or frame damage,No odometer problems,WMWLN9C55K2E51796,Car - Compact,Clean,No Issue,Minor,No Open Recalls,No Issue,No Issue,No CPO Info Available,No Issue,Front Wheel Drive,,,,
2020,Mini,Cooper Hardtop S,20998,34000,26 city/35 hwy,4-cyl,Turbo Gas,Automatic,White/Black,2 Owners,No flood or frame damage,No odometer problems,WMWXU9C08L2M36622,Car - Subcompact,Clean,No Issue,No Issue,No Open Recalls,No Issue,No Issue,No CPO Info Available,No Issue,Front Wheel Drive,,,,
2018,Mini,Cooper Clubman ,16998,65000,24 city/34 hwy,3-cyl,Turbo Gas,Automatic,Gray/Black,2 Owners,No flood or frame damage,No odometer problems,WMWLN5C54J2E34124,Car - Compact,Clean,No Issue,Moderate,No Open Recalls,No Issue,No Issue,No CPO Info Available,No Issue,,,,,
2022,Mini,Cooper ,27998,4000,27 city/37 hwy,,,Manual 6 Speed,Red/Black,1 Owner,No flood or frame damage,No odometer problems,WMW23DL09N3N67331,Car - Subcompact,Clean,No Issue,No Issue,No Open Recalls,No Issue,No Issue,No CPO Info Available,No Issue,,,,,
2022,Mini,Cooper Hardtop S,24998,28000,23 city/33 hwy,4-cyl,Turbo Gas,Automatic,Gray/Black,1 Owner,No flood or frame damage,No odometer problems,WMW53DK02N2R64495,Car - Subcompact,Clean,No Issue,No Issue,No Open Recalls,No Issue,No Issue,No CPO Info Available,No Issue,,,,,
2020,Mini,Cooper Hardtop S,22998,24000,26 city/35 hwy,,,Automatic,Gray/Black,2 Owners,No flood or frame damage,No odometer problems,WMWXR5C03L2L42481,Car - Subcompact,Clean,No Issue,Damage Reported,No Open Recalls,No Issue,No Issue,No CPO Info Available,No Issue,,,,,
2018,Mini,Cooper Hardtop ,17998,55000,24 city/34 hwy,3-cyl,Turbo Gas,Automatic,Gray/Black,4 Owners,No flood or frame damage,No odometer problems,WMWXU1C56J2F79520,Car - Subcompact,Clean,No Issue,No Issue,No Open Recalls,No Issue,No Issue,No CPO Info Available,No Issue,Front Wheel Drive,,,,
2018,Mini,Cooper Hardtop S,19998,35000,23 city/32 hwy,4-cyl,Turbo Gas,Automatic,White/Black,2 Owners,No flood or frame damage,No odometer problems,WMWXU3C5XJ2F50422,Car - Subcompact,Clean,No Issue,No Issue,No Open Recalls,No Issue,No Issue,No CPO Info Available,No Issue,,,,,
2019,Mini,Cooper Hardtop ,16998,44000,28 city/38 hwy,3-cyl,Turbo Gas,Manual 6 Speed,White/Black,1 Owner,No flood or frame damage,No odometer problems,WMWXP5C5XK2D72483,Car - Subcompact,Clean,No Issue,Minor,No Open Recalls,No Issue,No Issue,No CPO Info Available,No Issue,,,,,
2019,Mini,Cooper S,23998,25000,23 city/32 hwy,4-cyl,Turbo Gas,Automatic,Gray/Black,1 Owner,No flood or frame damage,No odometer problems,WMWWG9C59K3E41788,Car - Subcompact,Clean,No Issue,No Issue,No Open Recalls,No Issue,No Issue,No CPO Info Available,No Issue,Front Wheel Drive,,,,
2022,Mini,Cooper Hardtop ,21998,28000,27 city/37 hwy,3-cyl,Turbo Gas,Automatic,White/Black,2 Owners,No flood or frame damage,No odometer problems,WMW33DK0XN2P59420,Car - Subcompact,Clean,No Issue,No Issue,No Open Recalls,No Issue,No Issue,No CPO Info Available,No Issue,,,,,
2021,Mini,Cooper Hardtop ,22998,11000,26 city/37 hwy,3-cyl,Turbo Gas,Automatic,Blue/Black,2 Owners,No flood or frame damage,No odometer problems,WMWXR3C09M2M98112,Car - Subcompact,Clean,No Issue,No Issue,No Open Recalls,No Issue,No Issue,OEM-Certified,No Issue,,,,,
2022,Mini,Cooper Hardtop S,22998,35000,23 city/33 hwy,4-cyl,Turbo Gas,Automatic,Black/Black,1 Owner,No flood or frame damage,No odometer problems,WMW53DH05N2P56876,Car - Subcompact,Clean,No Issue,No Issue,No Open Recalls,No Issue,No Issue,No CPO Info Available,No Issue,,,,,
2023,Mini,Cooper Clubman S,25998,30000,22 city/32 hwy,4-cyl,Turbo Gas,Automatic,Silver/Black,1 Owner,No flood or frame damage,No odometer problems,WMWLV7C08P2T01758,Car - Compact,Clean,No Issue,No Issue,No Open Recalls,No Issue,No Issue,No CPO Info Available,No Issue,,,,,
2019,Mini,Cooper ,21998,33000,28 city/37 hwy,3-cyl,Turbo Gas,Automatic,Red/Black,2 Owners,No flood or frame damage,No odometer problems,WMWWG5C59K3H07884,Car - Subcompact,Clean,No Issue,Damage Reported,No Open Recalls,No Issue,No Issue,No CPO Info Available,No Issue,Front Wheel Drive,,,,
2022,Mini,Cooper Hardtop S,26998,13000,23 city/33 hwy,4-cyl,Turbo Gas,Automatic,White/Black,1 Owner,No flood or frame damage,No odometer problems,WMW53DK0XN2R37951,Car - Subcompact,Clean,No Issue,No Issue,No Open Recalls,No Issue,No Issue,No CPO Info Available,No Issue,,,,,
2021,Mini,Cooper Hardtop S,21998,31000,23 city/33 hwy,4-cyl,Turbo Gas,Automatic,Black/Black,2 Owners,No flood or frame damage,No odometer problems,WMWXR5C02M2N56931,Car - Subcompact,Clean,No Issue,No Issue,No Open Recalls,No Issue,No Issue,OEM-Certified,No Issue,,,,,
2023,Mini,Cooper Hardtop ,26998,6000,27 city/37 hwy,3-cyl,Turbo Gas,Automatic,Gray/Black,1 Owner,No flood or frame damage,No odometer problems,WMW33DH07P2T53394,Car - Subcompact,Clean,No Issue,No Issue,No Open Recalls,No Issue,No Issue,No CPO Info Available,No Issue,,,,,
2017,Mini,Cooper Hardtop ,17998,51000,28 city/37 hwy,,,Automatic,Green/Black,1 Owner,No flood or frame damage,No odometer problems,WMWXU1C56H2E17364,Car - Subcompact,Clean,No Issue,No Issue,No Open Recalls,No Issue,No Issue,No CPO Info Available,No Issue,,,,,
2019,Mini,Cooper Countryman S,20998,62000,23 city/32 hwy,,,Automatic,Blue/Black,2 Owners,No flood or frame damage,No odometer problems,WMZYT3C55K3E97523,CUV - Compact,Clean,No Issue,No Issue,No Open Recalls,No Issue,No Issue,No CPO Info Available,No Issue,,,,,
2017,Mini,Cooper Hardtop S,20998,30000,23 city/32 hwy,4-cyl,Turbo Gas,Automatic,Orange/Black,1 Owner,No flood or frame damage,No odometer problems,WMWXU3C57H2D33176,Car - Subcompact,Clean,No Issue,No Issue,No Open Recalls,No Issue,No Issue,No CPO Info Available,No Issue,Front Wheel Drive,,,,
2021,Mini,Cooper Countryman S,24998,42000,24 city/33 hwy,4-cyl,Turbo Gas,Automatic,Gray/Black,1 Owner,No flood or frame damage,No odometer problems,WMZ53BR02M3M62219,CUV - Compact,Clean,No Issue,No Issue,No Open Recalls,No Issue,No Issue,No CPO Info Available,No Issue,Front Wheel Drive,,,,
2019,Mini,Cooper Hardtop S,20998,53000,23 city/32 hwy,4-cyl,Turbo Gas,Automatic,Green/Black,1 Owner,No flood or frame damage,No odometer problems,WMWXU3C55K2H88700,Car - Subcompact,Clean,No Issue,No Issue,No Open Recalls,No Issue,No Issue,No CPO Info Available,No Issue,,,,,
2020,Mini,Cooper Hardtop S,21998,34000,26 city/35 hwy,,,Automatic,Black/Black,1 Owner,No flood or frame damage,No odometer problems,WMWXR5C03L2L44702,Car - Subcompact,Clean,No Issue,No Issue,No Open Recalls,No Issue,No Issue,No CPO Info Available,No Issue,,,,,
2018,Mini,Cooper Hardtop ,16998,56000,28 city/38 hwy,3-cyl,Turbo Gas,Automatic,White/Black,1 Owner,No flood or frame damage,No odometer problems,WMWXP5C55J3C65463,Car - Subcompact,Clean,No Issue,No Issue,No Open Recalls,No Issue,No Issue,No CPO Info Available,No Issue,Front Wheel Drive,,,,
2015,Mini,Cooper Hardtop S,13998,88000,24 city/34 hwy,4-cyl,Turbo Gas,Automatic,Gray/Black,4 Owners,No flood or frame damage,No odometer problems,WMWXP7C52F2A37722,Car - Subcompact,Clean,No Issue,Damage Reported,No Open Recalls,No Issue,No Issue,No CPO Info Available,No Issue,,,,,
2019,Mini,Cooper Countryman PHEV S E ALL4,25998,31000,,3-cyl,Turbo Gas,Automatic,Black/Black,2 Owners,No flood or frame damage,No odometer problems,WMZYU7C51K3F94710,CUV - Compact,Clean,No Issue,No Issue,No Open Recalls,No Issue,No Issue,No Recent CPO Reported,No Issue,,,,,
2019,Mini,Cooper Countryman S ALL4,23998,37000,21 city/30 hwy,4-cyl,Turbo Gas,Automatic,Gray/Black,1 Owner,No flood or frame damage,No odometer problems,WMZYT5C5XK3G92657,CUV - Compact,Clean,No Issue,No Issue,No Open Recalls,No Issue,No Issue,No CPO Info Available,No Issue,,,,,
2015,Mini,Cooper Hardtop ,13599,79000,29 city/40 hwy,3-cyl,Turbo Gas,Automatic,Gray/Black,1 Owner,No flood or frame damage,No odometer problems,WMWXS5C5XFT827487,Car - Subcompact,Clean,No Issue,No Issue,No Open Recalls,No Issue,No Issue,No CPO Info Available,No Issue,,,,,
2015,Mini,Cooper Hardtop ,13599,58000,29 city/40 hwy,3-cyl,Turbo Gas,Automatic,Orange/Black,3 Owners,No flood or frame damage,No odometer problems,WMWXM5C5XFT940138,Car - Subcompact,Clean,No Issue,Moderate,No Open Recalls,No Issue,No Issue,No Recent CPO Reported,No Issue,,,,,
2023,Mini,Cooper Hardtop ,24998,6000,27 city/37 hwy,3-cyl,Turbo Gas,Automatic,Blue/Black,1 Owner,No flood or frame damage,No odometer problems,WMW33DH02P2T76808,Car - Subcompact,Clean,No Issue,No Issue,No Open Recalls,No Issue,No Issue,No CPO Info Available,No Issue,,,,,
2021,Mini,Cooper Hardtop ,21998,41000,26 city/37 hwy,3-cyl,Turbo Gas,Manual 6 Speed,Green/Green,1 Owner,No flood or frame damage,No odometer problems,WMWXR3C07M2N59165,Car - Subcompact,Clean,No Issue,No Issue,No Open Recalls,No Issue,No Issue,No CPO Info Available,No Issue,Front Wheel Drive,,,,
2015,Mini,Cooper ,14998,50000,27 city/34 hwy,4-cyl,Gas,Automatic,Red/Black,3 Owners,No flood or frame damage,No odometer problems,WMWZN3C52FT862447,Car - Subcompact,Clean,No Issue,No Issue,No Open Recalls,No Issue,No Issue,No CPO Info Available,No Issue,,,,,
2015,Mini,Cooper Hardtop ,12998,72000,29 city/40 hwy,3-cyl,Turbo Gas,Automatic,Black/Black,2 Owners,No flood or frame damage,No odometer problems,WMWXM5C57F3A60212,Car - Subcompact,Clean,No Issue,No Issue,No Open Recalls,No Issue,No Issue,No CPO Info Available,No Issue,,,,,
2015,Mini,Cooper Countryman S,15998,53000,26 city/32 hwy,4-cyl,Turbo Gas,Automatic,Brown/Black,2 Owners,No flood or frame damage,No odometer problems,WMWZC3C56FWT04556,CUV - Compact,Clean,No Issue,No Issue,No Open Recalls,No Issue,No Issue,No CPO Info Available,No Issue,,,,,
2019,Mini,Cooper Hardtop S,20998,29000,23 city/32 hwy,4-cyl,Turbo Gas,Automatic,Gray/Black,3 Owners,No flood or frame damage,No odometer problems,WMWXP7C5XK2A51734,Car - Subcompact,Clean,No Issue,Minor,No Open Recalls,No Issue,No Issue,No CPO Info Available,No Issue,,,,,
2017,Mini,Cooper Hardtop ,13599,77000,28 city/38 hwy,3-cyl,Turbo Gas,Manual 6 Speed,Tan/Black,2 Owners,No flood or frame damage,No odometer problems,WMWXP5C56H3B15789,Car - Subcompact,Clean,Auction Issue Reported,Moderate,No Open Recalls,No Issue,No Issue,No CPO Info Available,No Issue,,,,,
2019,Mini,Cooper Countryman ,19998,49000,24 city/33 hwy,3-cyl,Turbo Gas,Automatic,Gray/Black,2 Owners,No flood or frame damage,No odometer problems,WMZYS7C52K3F46929,CUV - Compact,Clean,No Issue,No Issue,No Open Recalls,No Issue,No Issue,No CPO Info Available,No Issue,,,,,
2015,Mini,Cooper Hardtop S,15998,56000,24 city/34 hwy,4-cyl,Turbo Gas,Automatic,Black/Black,3 Owners,No flood or frame damage,No odometer problems,WMWXP7C54F2A42243,Car - Subcompact,Clean,No Issue,No Issue,No Open Recalls,No Issue,No Issue,No CPO Info Available,No Issue,,,,,
2018,Mini,Cooper ,23998,27000,28 city/37 hwy,3-cyl,Turbo Gas,Automatic,Blue/Cream,2 Owners,No flood or frame damage,No odometer problems,WMWWG5C51J3D00382,Car - Subcompact,Clean,No Issue,No Issue,No Open Recalls,No Issue,No Issue,No CPO Info Available,No Issue,,,,,
2016,Mini,Cooper Clubman S,18998,54000,22 city/32 hwy,4-cyl,Turbo Gas,Automatic,Red/Black,3 Owners,No flood or frame damage,No odometer problems,WMWLN9C52G2B31228,Car - Compact,Clean,No Issue,No Issue,No Open Recalls,No Issue,No Issue,No CPO Info Available,No Issue,Front Wheel Drive,,,,
2018,Mini,Cooper Countryman S,20998,46000,23 city/32 hwy,,,Automatic,White/Brown,2 Owners,No flood or frame damage,No odometer problems,WMZYT3C36J3E01024,CUV - Compact,Clean,No Issue,No Issue,No Open Recalls,No Issue,No Issue,No CPO Info Available,No Issue,,,,,
2014,Mini,Cooper Hardtop S,14998,67000,24 city/34 hwy,4-cyl,Turbo Gas,Automatic,Tan/Black,4 Owners,No flood or frame damage,No odometer problems,WMWXM7C50ET731615,Car - Subcompact,Clean,No Issue,No Issue,No Open Recalls,No Issue,No Issue,No Recent CPO Reported,No Issue,,,,,
2022,Mini,Cooper Hardtop ,23998,18000,27 city/37 hwy,3-cyl,Turbo Gas,Manual 6 Speed,Blue/Black,1 Owner,No flood or frame damage,No odometer problems,WMW33DH02N2R18437,Car - Subcompact,Clean,No Issue,No Issue,No Open Recalls,No Issue,No Issue,No CPO Info Available,No Issue,Front Wheel Drive,,,,
2019,Mini,Cooper Hardtop Oxford Edition,17998,43000,28 city/37 hwy,3-cyl,Turbo Gas,Automatic,Red/Black,3 Owners,No flood or frame damage,No odometer problems,WMWXU1C51K2H73731,Car - Subcompact,Clean,No Issue,Minor,No Open Recalls,No Issue,No Issue,No CPO Info Available,No Issue,,,,,
2016,Mini,Cooper Countryman S ALL4,19998,59000,25 city/31 hwy,4-cyl,Turbo Gas,Manual 6 Speed,White/Black,6 Owners,No flood or frame damage,No odometer problems,WMWZC5C51GWT39292,CUV - Compact,Clean,No Issue,Minor,No Open Recalls,No Issue,No Issue,No Recent CPO Reported,No Issue,All Wheel Drive,,,,
2021,Mini,Cooper Hardtop S,22998,45000,23 city/33 hwy,4-cyl,Turbo Gas,Automatic,Blue/Brown,1 Owner,No flood or frame damage,No odometer problems,WMWXR5C01M2P45361,Car - Subcompact,Clean,No Issue,No Issue,No Open Recalls,No Issue,No Issue,No CPO Info Available,No Issue,,,,,
2020,Mini,Cooper Countryman S,24998,18000,24 city/33 hwy,4-cyl,Turbo Gas,Automatic,Gray/Black,2 Owners,No flood or frame damage,No odometer problems,WMZYW7C0XL3L62314,CUV - Compact,Clean,No Issue,No Issue,No Open Recalls,No Issue,No Issue,No Recent CPO Reported,No Issue,Front Wheel Drive,,,,
2021,Mini,Cooper Hardtop ,20998,28000,26 city/37 hwy,4-cyl,Turbo Gas,Automatic,Silver/Black,1 Owner,No flood or frame damage,No odometer problems,WMWXR3C09M2N15569,Car - Subcompact,Clean,No Issue,Minor,No Open Recalls,No Issue,No Issue,No CPO Info Available,No Issue,,,,,
2023,Mini,Cooper Hardtop S,25998,40000,23 city/33 hwy,4-cyl,Turbo Gas,Automatic,Yellow/Black,2 Owners,No flood or frame damage,No odometer problems,WMW53DH03P2T61677,Car - Subcompact,Clean,No Issue,No Issue,No Open Recalls,No Issue,No Issue,No CPO Info Available,No Issue,,,,,
2019,Mini,Cooper Hardtop S,21998,28000,23 city/32 hwy,4-cyl,Turbo Gas,Automatic,Red/Black,2 Owners,No flood or frame damage,No odometer problems,WMWXU3C56K2H87393,Car - Subcompact,Clean,No Issue,No Issue,No Open Recalls,No Issue,No Issue,No CPO Info Available,No Issue,Front Wheel Drive,,,,
2019,Mini,Cooper S,20998,54000,23 city/32 hwy,4-cyl,Turbo Gas,Automatic,Blue/Brown,2 Owners,No flood or frame damage,No odometer problems,WMWWG9C54K3J31187,Car - Subcompact,Clean,No Issue,No Issue,No Open Recalls,No Issue,No Issue,No CPO Info Available,No Issue,Front Wheel Drive,,,,
2019,Mini,Cooper Countryman PHEV S E ALL4,23998,45000,,3-cyl,Plug-in Hybrid,,Gray/Black,2 Owners,No flood or frame damage,No odometer problems,WMZYU7C55K3F93639,CUV - Compact,Clean,No Issue,No Issue,No Open Recalls,No Issue,No Issue,No Recent CPO Reported,No Issue,All Wheel Drive,63 city/66 hwy,,12 miles,3 hours
2019,Mini,Cooper ,21998,19000,28 city/37 hwy,3-cyl,Turbo Gas,Automatic,Blue/Black,1 Owner,No flood or frame damage,No odometer problems,WMWWG5C50K3D01766,Car - Subcompact,Clean,No Issue,No Issue,No Open Recalls,No Issue,No Issue,No CPO Info Available,No Issue,Front Wheel Drive,,,,
2016,Mini,Cooper Hardtop S,15998,77000,23 city/33 hwy,4-cyl,Turbo Gas,Automatic,Blue/Black,2 Owners,No flood or frame damage,No odometer problems,WMWXU3C59G2B67340,Car - Subcompact,Clean,No Issue,Minor,No Open Recalls,No Issue,No Issue,No CPO Info Available,No Issue,,,,,
2014,Mini,Cooper Countryman John Cooper Works ALL4,17998,61000,25 city/31 hwy,4-cyl,Turbo Gas,Manual 6 Speed,Black/Black,2 Owners,No flood or frame damage,No odometer problems,WMWZC5C56EWM17823,CUV - Compact,Clean,No Issue,No Issue,No Open Recalls,No Issue,No Issue,No CPO Info Available,No Issue,,,,,
2019,Mini,Cooper Countryman ,18998,73000,24 city/33 hwy,3-cyl,Turbo Gas,Automatic,White/Black,3 Owners,No flood or frame damage,No odometer problems,WMZYV5C56K3F58402,CUV - Compact,Clean,No Issue,Minor,No Open Recalls,No Issue,No Issue,No CPO Info Available,No Issue,Front Wheel Drive,,,,
2019,Mini,Cooper S,25998,20000,23 city/32 hwy,4-cyl,Turbo Gas,Automatic,Blue/Gray,2 Owners,No flood or frame damage,No odometer problems,WMWWG9C50K3E40724,Car - Subcompact,Clean,No Issue,No Issue,No Open Recalls,No Issue,No Issue,No Recent CPO Reported,No Issue,Front Wheel Drive,,,,
2016,Mini,Cooper Hardtop ,13599,65000,28 city/39 hwy,3-cyl,Turbo Gas,Automatic,Silver/Black,1 Owner,No flood or frame damage,No odometer problems,WMWXP5C52G2D15685,Car - Subcompact,Clean,No Issue,No Issue,No Open Recalls,No Issue,No Issue,No CPO Info Available,No Issue,Front Wheel Drive,,,,
2020,Mini,Cooper Hardtop ,18998,40000,28 city/36 hwy,3-cyl,Turbo Gas,Automatic,Green/Black,1 Owner,No flood or frame damage,No odometer problems,WMWXR3C09L2M06270,Car - Subcompact,Clean,No Issue,No Issue,No Open Recalls,No Issue,No Issue,No CPO Info Available,No Issue,Front Wheel Drive,,,,
2021,Mini,Cooper Clubman S,24998,33000,22 city/32 hwy,4-cyl,Turbo Gas,Manual 6 Speed,Gray/Blue,1 Owner,No flood or frame damage,No odometer problems,WMWLV7C04M2P35817,Car - Compact,Clean,No Issue,No Issue,No Open Recalls,No Issue,No Issue,No CPO Info Available,No Issue,Front Wheel Drive,,,,
2019,Mini,Cooper Hardtop S,21998,47000,23 city/32 hwy,4-cyl,Turbo Gas,Automatic,Black/Brown,3 Owners,No flood or frame damage,No odometer problems,WMWXP7C54K2A52099,Car - Subcompact,Clean,No Issue,Moderate,No Open Recalls,No Issue,No Issue,No CPO Info Available,No Issue,,,,,
2019,Mini,Cooper Countryman ,17998,59000,24 city/33 hwy,3-cyl,Turbo Gas,Automatic,Gray/Black,3 Owners,No flood or frame damage,No odometer problems,WMZYS7C50K3F45357,CUV - Compact,Clean,No Issue,Minor,No Open Recalls,No Issue,No Issue,No CPO Info Available,No Issue,,,,,
2017,Mini,Cooper Hardtop ,13998,80000,28 city/37 hwy,3-cyl,Turbo Gas,Automatic,White/Black,2 Owners,No flood or frame damage,No odometer problems,WMWXU1C56H2E17655,Car - Subcompact,Clean,No Issue,No Issue,No Open Recalls,No Issue,No Issue,No CPO Info Available,No Issue,,,,,
2023,Mini,Cooper Clubman S Classic,28998,26000,22 city/32 hwy,,,Automatic,White/Black,1 Owner,No flood or frame damage,No odometer problems,WMWLV7C07P2S59468,Car - Compact,Clean,No Issue,No Issue,No Open Recalls,No Issue,No Issue,No CPO Info Available,No Issue,,,,,
2020,Mini,Cooper Countryman S,21998,40000,24 city/33 hwy,,,Automatic,Gray/Cream,2 Owners,No flood or frame damage,No odometer problems,WMZYW7C07L3L56843,CUV - Compact,Clean,No Issue,No Issue,No Open Recalls,No Issue,No Issue,OEM-Certified,No Issue,,,,,
2016,Mini,Cooper S,18998,63000,23 city/33 hwy,4-cyl,Turbo Gas,Automatic,Blue/Brown,2 Owners,No flood or frame damage,No odometer problems,WMWWG9C52G3A91766,Car - Subcompact,Clean,No Issue,Damage Reported,No Open Recalls,No Issue,No Issue,No CPO Info Available,No Issue,Front Wheel Drive,,,,
2019,Mini,Cooper Hardtop S,22998,11000,23 city/32 hwy,4-cyl,Turbo Gas,Automatic,Gold/Black,1 Owner,No flood or frame damage,No odometer problems,WMWXU3C50K2H88183,Car - Subcompact,Clean,No Issue,Minor,No Open Recalls,No Issue,No Issue,No CPO Info Available,No Issue,,,,,
2019,Mini,Cooper Clubman ,16998,55000,24 city/33 hwy,3-cyl,Turbo Gas,Automatic,Red/Black,2 Owners,No flood or frame damage,No odometer problems,WMWLN5C59K2E35156,Car - Compact,Clean,No Issue,No Issue,No Open Recalls,No Issue,No Issue,No CPO Info Available,No Issue,Front Wheel Drive,,,,
2015,Mini,Cooper Hardtop ,15998,52000,29 city/40 hwy,3-cyl,Turbo Gas,Automatic,Red/Black,2 Owners,No flood or frame damage,No odometer problems,WMWXS5C55FT827185,Car - Subcompact,Clean,No Issue,No Issue,No Open Recalls,No Issue,No Issue,No CPO Info Available,No Issue,,,,,
2022,Mini,Cooper S,28998,14000,23 city/33 hwy,4-cyl,Turbo Gas,Automatic,Tan/Brown,1 Owner,No flood or frame damage,No odometer problems,WMW43DL03N3P21492,Car - Subcompact,Clean,No Issue,No Issue,No Open Recalls,No Issue,No Issue,No CPO Info Available,No Issue,,,,,
2019,Mini,Cooper ,15998,85000,28 city/37 hwy,3-cyl,Turbo Gas,Automatic,Black/Black,2 Owners,No flood or frame damage,No odometer problems,WMWWG5C5XK3H07523,Car - Subcompact,Clean,No Issue,No Issue,No Open Recalls,No Issue,No Issue,No CPO Info Available,No Issue,,,,,
2021,Mini,Cooper Hardtop ,19998,45000,26 city/37 hwy,4-cyl,Turbo Gas,Automatic,Black/Black,2 Owners,No flood or frame damage,No odometer problems,WMWXR3C0XM2N93195,Car - Subcompact,Clean,No Issue,No Issue,No Open Recalls,No Issue,No Issue,No CPO Info Available,No Issue,,,,,
2017,Mini,Cooper S,23998,26000,23 city/32 hwy,4-cyl,Turbo Gas,Automatic,White/Black,3 Owners,No flood or frame damage,No odometer problems,WMWWG9C31H3C81624,Car - Subcompact,Clean,No Issue,No Issue,No Open Recalls,No Issue,No Issue,No Recent CPO Reported,No Issue,,,,,
2019,Mini,Cooper Hardtop S Iconic,22998,34000,25 city/32 hwy,4-cyl,Turbo Gas,Automatic,Red/Cream,2 Owners,No flood or frame damage,No odometer problems,WMWXP7C51K2A53324,Car - Subcompact,Clean,No Issue,No Issue,No Open Recalls,No Issue,No Issue,No CPO Info Available,No Issue,,,,,
2019,Mini,Cooper Hardtop ,17998,38000,28 city/37 hwy,,,Automatic,Red/Black,3 Owners,No flood or frame damage,No odometer problems,WMWXU1C54K2H74288,Car - Subcompact,Clean,No Issue,No Issue,No Open Recalls,No Issue,No Issue,No CPO Info Available,No Issue,,,,,
2018,Mini,Cooper Countryman S ALL4,19998,67000,21 city/31 hwy,4-cyl,Turbo Gas,Automatic,Black/Black,1 Owner,No flood or frame damage,No odometer problems,WMZYT5C33J3D83349,CUV - Compact,Clean,No Issue,No Issue,No Open Recalls,No Issue,No Issue,No CPO Info Available,No Issue,,,,,
2018,Mini,Cooper S,18998,63000,23 city/32 hwy,4-cyl,Turbo Gas,Automatic,Red/Gray,3 Owners,No flood or frame damage,No odometer problems,WMWWG9C59J3E38632,Car - Subcompact,Clean,No Issue,No Issue,No Open Recalls,No Issue,No Issue,No CPO Info Available,No Issue,,,,,
2022,Mini,Cooper Hardtop ,19998,40000,27 city/37 hwy,3-cyl,Turbo Gas,Automatic,Pearl/Black,1 Owner,No flood or frame damage,No odometer problems,WMW33DH04N2R71589,Car - Subcompact,Clean,No Issue,No Issue,No Open Recalls,No Issue,No Issue,No CPO Info Available,No Issue,,,,,
2019,Mini,Cooper Countryman ,17998,59000,24 city/33 hwy,3-cyl,Turbo Gas,Automatic,Silver/Black,3 Owners,No flood or frame damage,No odometer problems,WMZYS7C56K3F45153,CUV - Compact,Clean,No Issue,No Issue,No Open Recalls,No Issue,No Issue,No CPO Info Available,No Issue,,,,,
2019,Mini,Cooper Countryman S,24998,25000,23 city/32 hwy,4-cyl,Turbo Gas,Automatic,Black/Black,1 Owner,No flood or frame damage,No odometer problems,WMZYT3C58K3E96589,CUV - Compact,Clean,No Issue,No Issue,No Open Recalls,No Issue,No Issue,No Recent CPO Reported,No Issue,Front Wheel Drive,,,,
2018,Mini,Cooper Hardtop S,15998,87000,23 city/32 hwy,4-cyl,Turbo Gas,Automatic,Red/Black,2 Owners,No flood or frame damage,No odometer problems,WMWXU3C58J2F51424,Car - Subcompact,Clean,No Issue,Minor,No Open Recalls,No Issue,No Issue,No CPO Info Available,No Issue,,,,,
2020,Mini,Cooper Hardtop S,20998,42000,26 city/35 hwy,4-cyl,Turbo Gas,Automatic,Red/Black,2 Owners,No flood or frame damage,No odometer problems,WMWXR5C06L2M11096,Car - Subcompact,Clean,No Issue,Minor,No Open Recalls,No Issue,No Issue,No CPO Info Available,No Issue,Front Wheel Drive,,,,
2022,Mini,Cooper Hardtop ,23998,16000,27 city/37 hwy,3-cyl,Turbo Gas,Automatic,White/Black,1 Owner,No flood or frame damage,No odometer problems,WMW33DH01N2S24712,Car - Subcompact,Clean,No Issue,No Issue,No Open Recalls,No Issue,No Issue,No CPO Info Available,No Issue,,,,,
2019,Mini,Cooper Hardtop S,19998,46000,23 city/32 hwy,4-cyl,Turbo Gas,Automatic,Silver/Black,2 Owners,No flood or frame damage,No odometer problems,WMWXP7C55K2A52872,Car - Subcompact,Clean,No Issue,No Issue,No Open Recalls,No Issue,No Issue,No CPO Info Available,No Issue,,,,,
2016,Mini,Cooper Clubman S,19998,58000,22 city/32 hwy,4-cyl,Turbo Gas,Automatic,Blue/Gray,2 Owners,No flood or frame damage,No odometer problems,WMWLN9C5XG2E16243,Car - Compact,Clean,No Issue,No Issue,No Open Recalls,No Issue,No Issue,No CPO Info Available,No Issue,Front Wheel Drive,,,,
2021,Mini,Cooper Hardtop ,21998,31000,26 city/37 hwy,3-cyl,Turbo Gas,Automatic,Blue/Black,3 Owners,No flood or frame damage,No odometer problems,WMWXU7C0XM2M91739,Car - Subcompact,Clean,No Issue,Minor,No Open Recalls,No Issue,No Issue,No CPO Info Available,No Issue,,,,,
2017,Mini,Cooper Hardtop S,17998,84000,23 city/32 hwy,4-cyl,Turbo Gas,Manual 6 Speed,Black/Black,3 Owners,No flood or frame damage,No odometer problems,WMWXP7C59H2C61301,Car - Subcompact,Clean,No Issue,No Issue,No Open Recalls,No Issue,No Issue,No CPO Info Available,No Issue,,,,,
2019,Mini,Cooper Hardtop S,19998,47000,23 city/32 hwy,4-cyl,Turbo Gas,Automatic,White/Black,2 Owners,No flood or frame damage,No odometer problems,WMWXP7C53K2A53082,Car - Subcompact,Clean,No Issue,No Issue,No Open Recalls,No Issue,No Issue,No Recent CPO Reported,No Issue,,,,,
2019,Mini,Cooper Hardtop ,18998,43000,28 city/37 hwy,,,Automatic,Red/Black,3 Owners,No flood or frame damage,No odometer problems,WMWXU1C52K2J02291,Car - Subcompact,Clean,No Issue,No Issue,No Open Recalls,No Issue,No Issue,No CPO Info Available,No Issue,,,,,
2023,Mini,Cooper Hardtop EV SE,25998,11000,,,,Automatic,Gray/Gray,1 Owner,No flood or frame damage,No odometer problems,WMW13DJ00P2T48426,Car - Subcompact,Clean,No Issue,No Issue,No Open Recalls,No Issue,No Issue,No CPO Info Available,No Issue,,,,,
2019,Mini,Cooper ,18998,53000,28 city/37 hwy,3-cyl,Turbo Gas,Automatic,Black/Black,2 Owners,No flood or frame damage,No odometer problems,WMWWG5C59K3D01765,Car - Subcompact,Clean,No Issue,No Issue,No Open Recalls,No Issue,No Issue,No CPO Info Available,No Issue,Front Wheel Drive,,,,
2019,Mini,Cooper ,15998,75000,28 city/37 hwy,4-cyl,Turbo Gas,Automatic,Red/Black,3 Owners,No flood or frame damage,No odometer problems,WMWWG5C56K3F79460,Car - Subcompact,Clean,No Issue,No Issue,No Open Recalls,No Issue,No Issue,No CPO Info Available,No Issue,Front Wheel Drive,,,,
2023,Mini,Cooper Hardtop S,26998,19000,23 city/33 hwy,4-cyl,Turbo Gas,Automatic,Gray/Black,1 Owner,No flood or frame damage,No odometer problems,WMW53DH0XP2S66338,Car - Subcompact,Clean,No Issue,No Issue,No Open Recalls,No Issue,No Issue,No CPO Info Available,No Issue,,,,,
2019,Mini,Cooper ,18998,59000,28 city/37 hwy,3-cyl,Turbo Gas,Automatic,Silver/Black,1 Owner,No flood or frame damage,No odometer problems,WMWWG5C55K3F79708,Car - Subcompact,Clean,No Issue,No Issue,No Open Recalls,No Issue,No Issue,No CPO Info Available,No Issue,,,,,
2019,Mini,Cooper Hardtop ,16998,64000,28 city/38 hwy,3-cyl,Turbo Gas,Automatic,Silver/Black,2 Owners,No flood or frame damage,No odometer problems,WMWXP5C57K2H95358,Car - Subcompact,Clean,No Issue,No Issue,No Open Recalls,No Issue,No Issue,No CPO Info Available,No Issue,,,,,
2023,Mini,Cooper Hardtop John Cooper Works,33998,9000,22 city/31 hwy,4-cyl,Turbo Gas,Automatic,Green/Black,1 Owner,No flood or frame damage,No odometer problems,WMW73DH0XP2T30550,Car - Subcompact,Clean,No Issue,No Issue,No Open Recalls,No Issue,No Issue,No CPO Info Available,No Issue,,,,,
2015,Mini,Cooper Countryman S,18998,26000,26 city/32 hwy,4-cyl,Turbo Gas,Automatic,Blue/Black,2 Owners,No flood or frame damage,No odometer problems,WMWZC3C59FWT03949,CUV - Compact,Clean,No Issue,No Issue,No Open Recalls,No Issue,No Issue,No Recent CPO Reported,No Issue,,,,,
2019,Mini,Cooper Hardtop ,19998,54000,28 city/37 hwy,,,Automatic,Green/Brown,3 Owners,No flood or frame damage,No odometer problems,WMWXU1C5XK2J01194,Car - Subcompact,Clean,No Issue,No Issue,No Open Recalls,No Issue,No Issue,No Recent CPO Reported,No Issue,,,,,
2015,Mini,Cooper ,13599,64000,27 city/34 hwy,4-cyl,Gas,Automatic,Blue/Gray,4 Owners,No flood or frame damage,No odometer problems,WMWZN3C55FT862586,Car - Subcompact,Clean,No Issue,Minor,No Open Recalls,No Issue,No Issue,No CPO Info Available,No Issue,Front Wheel Drive,,,,
2019,Mini,Cooper Hardtop S,21998,26000,23 city/32 hwy,4-cyl,Turbo Gas,Automatic,Silver/Black,2 Owners,No flood or frame damage,No odometer problems,WMWXP7C56K2A49401,Car - Subcompact,Clean,No Issue,No Issue,No Open Recalls,No Issue,No Issue,No CPO Info Available,No Issue,,,,,
2017,Mini,Cooper Countryman S,18998,65000,23 city/32 hwy,4-cyl,Turbo Gas,Automatic,Blue/Black,3 Owners,No flood or frame damage,No odometer problems,WMZYT3C30H3D97708,CUV - Compact,Clean,No Issue,No Issue,No Open Recalls,No Issue,No Issue,No CPO Info Available,No Issue,Front Wheel Drive,,,,
2022,Mini,Cooper Hardtop S,29998,9000,23 city/33 hwy,4-cyl,Turbo Gas,Automatic,Black/Cream,1 Owner,No flood or frame damage,No odometer problems,WMW53DH04N2R37032,Car - Subcompact,Clean,No Issue,No Issue,No Open Recalls,No Issue,No Issue,No CPO Info Available,No Issue,,,,,
2022,Mini,Cooper Hardtop ,21998,26000,27 city/37 hwy,3-cyl,Turbo Gas,Automatic,Black/Black,2 Owners,No flood or frame damage,No odometer problems,WMW33DH01N2P72189,Car - Subcompact,Clean,No Issue,No Issue,No Open Recalls,No Issue,No Issue,No CPO Info Available,No Issue,,,,,
2021,Mini,Cooper Countryman Oxford Edition,23998,23000,26 city/33 hwy,,,Automatic,Red/Black,1 Owner,No flood or frame damage,No odometer problems,WMZ23BR00M3N09329,CUV - Compact,Clean,No Issue,No Issue,No Open Recalls,No Issue,No Issue,No CPO Info Available,No Issue,,,,,
2018,Mini,Cooper S,22998,56000,23 city/32 hwy,4-cyl,Turbo Gas,Automatic,Green/Brown,2 Owners,No flood or frame damage,No odometer problems,WMWWG9C58J3C82499,Car - Subcompact,Clean,No Issue,No Issue,No Open Recalls,No Issue,No Issue,No CPO Info Available,No Issue,,,,,
2022,Mini,Cooper Hardtop S,24998,24000,23 city/33 hwy,4-cyl,Turbo Gas,Automatic,Blue/Black,2 Owners,No flood or frame damage,No odometer problems,WMW53DH04N2R91883,Car - Subcompact,Clean,No Issue,No Issue,No Open Recalls,No Issue,No Issue,No CPO Info Available,No Issue,,,,,
2019,Mini,Cooper S,23998,59000,23 city/32 hwy,4-cyl,Turbo Gas,Automatic,Teal/Brown,2 Owners,No flood or frame damage,No odometer problems,WMWWG9C58K3E41653,Car - Subcompact,Clean,No Issue,No Issue,No Open Recalls,No Issue,No Issue,No CPO Info Available,No Issue,,,,,
2021,Mini,Cooper S,26998,32000,23 city/32 hwy,4-cyl,Turbo Gas,Automatic,Black/Black,2 Owners,No flood or frame damage,No odometer problems,WMWWJ5C08M3M75901,Car - Subcompact,Clean,No Issue,Minor,No Open Recalls,No Issue,No Issue,No CPO Info Available,No Issue,,,,,
2018,Mini,Cooper Hardtop ,17998,59000,28 city/38 hwy,3-cyl,Turbo Gas,Automatic,Gray/Black,2 Owners,No flood or frame damage,No odometer problems,WMWXP5C57J2G61612,Car - Subcompact,Clean,No Issue,No Issue,No Open Recalls,No Issue,No Issue,No CPO Info Available,No Issue,,,,,
2020,Mini,Cooper Hardtop John Cooper Works,26998,33000,26 city/34 hwy,4-cyl,Turbo Gas,Automatic,Black/Black,3 Owners,No flood or frame damage,No odometer problems,WMWXR9C03L2M50557,Car - Subcompact,Clean,No Issue,No Issue,No Open Recalls,No Issue,No Issue,No CPO Info Available,No Issue,Front Wheel Drive,,,,
2016,Mini,Cooper Hardtop S,19998,49000,26 city/33 hwy,,,Automatic,White/Black,1 Owner,No flood or frame damage,No odometer problems,WMWXU3C58G2D29829,Car - Subcompact,Clean,No Issue,No Issue,No Open Recalls,No Issue,No Issue,No CPO Info Available,No Issue,,,,,
2019,Mini,Cooper Countryman S Iconic,22998,53000,23 city/32 hwy,4-cyl,Turbo Gas,Automatic,Black/Black,3 Owners,No flood or frame damage,No odometer problems,WMZYT3C52K3E94515,CUV - Compact,Clean,No Issue,No Issue,No Open Recalls,No Issue,No Issue,No Recent CPO Reported,No Issue,,,,,
2019,Mini,Cooper Countryman ALL4,24998,40000,21 city/30 hwy,4-cyl,Turbo Gas,Automatic,Green/Black,1 Owner,No flood or frame damage,No odometer problems,WMZYT5C55K3G90170,CUV - Compact,Clean,No Issue,No Issue,No Open Recalls,No Issue,No Issue,No CPO Info Available,No Issue,,,,,
2022,Mini,Cooper Countryman ,20998,58000,26 city/33 hwy,4-cyl,Turbo Gas,Automatic,Red/Black,1 Owner,No flood or frame damage,No odometer problems,WMZ23BR0XN3N70379,CUV - Compact,Clean,No Issue,No Issue,No Open Recalls,No Issue,No Issue,No CPO Info Available,No Issue,Front Wheel Drive,,,,
2019,Mini,Cooper Hardtop S,20998,18000,25 city/32 hwy,,,Automatic,Gray/Black,1 Owner,No flood or frame damage,No odometer problems,WMWXU3C53K2H88713,Car - Subcompact,Clean,No Issue,No Issue,No Open Recalls,No Issue,No Issue,No CPO Info Available,No Issue,,,,,
2018,Mini,Cooper Countryman S,18998,67000,23 city/32 hwy,4-cyl,Turbo Gas,Automatic,Black/Black,2 Owners,No flood or frame damage,No odometer problems,WMZYT3C32J3E93961,CUV - Compact,Clean,No Issue,No Issue,No Open Recalls,No Issue,No Issue,No Recent CPO Reported,No Issue,Front Wheel Drive,,,,
