year,make,model,price,mileage,Miles per gallon,cylinders,fuel,Drive type,Transmission,Color,owner,frame_damage,Odometer_problem,VIN,class,State Title Brand,Auction Brand / Issues,Accident / Damage,Open Recall Check,Insurance Loss / Transfer,Odometer Check,Certified Pre-Owned,Service / Repair,Miles per gallon equivalent (MPGe),Range (when new),Time to fully charge battery (240V),Motor
2017,Mitsubishi,Mirage G4 ES,11998,27000,33 city/40 hwy,3-cyl,Gas,Front Wheel Drive,Manual 5 Speed,Silver/Black,2 Owners,No flood or frame damage,No odometer problems,ML32F3FJ9HHF11752,Car - Compact,Clean,No Issue,No Issue,No Open Recalls,No Issue,No Issue,No CPO Info Available,No Issue,,,,
2016,Mitsubishi,Outlander SEL,14998,77000,24 city/29 hwy,4-cyl,Gas,Four Wheel Drive,Automatic,Black/Black,1 Owner,No flood or frame damage,No odometer problems,JA4AZ3A34GZ004086,CUV - Midsize,Clean,No Issue,Damage Reported,1 Open Recall(s),No Issue,No Issue,No CPO Info Available,No Issue,,,,
2020,Mitsubishi,Outlander Sport ES,19998,19000,24 city/30 hwy,4-cyl,Gas,Front Wheel Drive,Automatic,Gray/Black,2 Owners,No flood or frame damage,No odometer problems,JA4AP3AU4LU013697,CUV - Compact,Clean,No Issue,No Issue,1 Open Recall(s),No Issue,No Issue,No CPO Info Available,No Issue,,,,
2018,Mitsubishi,Outlander Sport LE,16998,38000,24 city/30 hwy,4-cyl,Gas,Front Wheel Drive,Automatic,Gray/Black,2 Owners,No flood or frame damage,No odometer problems,JA4AP3AU6JU024505,CUV - Compact,Clean,No Issue,Minor,No Open Recalls,No Issue,No Issue,No CPO Info Available,No Issue,,,,
2019,Mitsubishi,Mirage ES,13599,58000,36 city/43 hwy,3-cyl,Gas,Front Wheel Drive,Automatic,Gray/Black,1 Owner,No flood or frame damage,No odometer problems,ML32A3HJ9KH011266,Car - Compact,Clean,No Issue,No Issue,No Open Recalls,No Issue,No Issue,No CPO Info Available,No Issue,,,,
2022,Mitsubishi,Outlander SEL,28998,32000,24 city/31 hwy,4-cyl,Gas,Front Wheel Drive,Automatic,Blue/Black,1 Owner,No flood or frame damage,No odometer problems,JA4J3VA84NZ022464,CUV - Midsize,Clean,No Issue,No Issue,3 Open Recall(s),No Issue,No Issue,No CPO Info Available,No Issue,,,,
2018,Mitsubishi,Mirage G4 SE,12998,70000,35 city/41 hwy,3-cyl,Gas,Front Wheel Drive,Automatic,Silver/Black,3 Owners,No flood or frame damage,No odometer problems,ML32F3FJ9JHF10445,Car - Compact,Clean,No Issue,No Issue,No Open Recalls,No Issue,No Issue,No CPO Info Available,No Issue,,,,
2019,Mitsubishi,Outlander Plug in Hybrid GT,19998,56000,,4-cyl,Plug-in Hybrid,Four Wheel Drive,,Silver/Black,2 Owners,No flood or frame damage,No odometer problems,JA4J24A57KZ056459,CUV - Midsize,Clean,No Issue,No Issue,No Open Recalls,No Issue,No Issue,No CPO Info Available,No Issue,78 city/70 hwy,22 miles,3.5 hours,
2015,Mitsubishi,Outlander Sport ES,13998,69000,22 city/26 hwy,,,,Automatic,White/Black,2 Owners,No flood or frame damage,No odometer problems,4A4AR3AW1FE047797,CUV - Compact,Clean,No Issue,No Issue,No Open Recalls,No Issue,No Issue,No CPO Info Available,No Issue,,,,
2018,Mitsubishi,Outlander LE,16998,74000,25 city/30 hwy,4-cyl,Gas,Front Wheel Drive,Automatic,White/Black,1 Owner,No flood or frame damage,No odometer problems,JA4AD3A32JZ055477,CUV - Midsize,Clean,No Issue,No Issue,1 Open Recall(s),No Issue,No Issue,No CPO Info Available,No Issue,,,,
2023,Mitsubishi,Eclipse Cross LE,23998,13000,25 city/26 hwy,4-cyl,Turbo Gas,Four Wheel Drive,Automatic,Silver/Black,1 Owner,No flood or frame damage,No odometer problems,JA4ATVAA2PZ003868,CUV - Compact,Clean,No Issue,No Issue,No Open Recalls,No Issue,No Issue,No CPO Info Available,No Issue,,,,
2022,Mitsubishi,Outlander SEL,27998,38000,24 city/30 hwy,4-cyl,Gas,Four Wheel Drive,Automatic,Brown/White,1 Owner,No flood or frame damage,No odometer problems,JA4J4VA82NZ008267,CUV - Midsize,Clean,No Issue,No Issue,5 Open Recall(s),No Issue,No Issue,No CPO Info Available,No Issue,,,,
2019,Mitsubishi,Outlander Sport GT,18998,39000,23 city/28 hwy,,,,Automatic,White/Black,2 Owners,No flood or frame damage,No odometer problems,JA4AR4AW6KU034017,CUV - Compact,Clean,No Issue,No Issue,No Open Recalls,No Issue,No Issue,No CPO Info Available,No Issue,,,,
2022,Mitsubishi,Outlander SE,27998,24000,24 city/30 hwy,4-cyl,Gas,Four Wheel Drive,Automatic,Silver/Black,1 Owner,No flood or frame damage,No odometer problems,JA4J4UA80NZ066873,CUV - Midsize,Clean,No Issue,No Issue,3 Open Recall(s),No Issue,No Issue,No CPO Info Available,No Issue,,,,
2022,Mitsubishi,Outlander SE,25998,36000,24 city/30 hwy,4-cyl,Gas,Four Wheel Drive,Automatic,Gray/Black,1 Owner,No flood or frame damage,No odometer problems,JA4J4UA80NZ030441,CUV - Midsize,Clean,No Issue,No Issue,No Open Recalls,No Issue,No Issue,No CPO Info Available,No Issue,,,,
2020,Mitsubishi,Outlander Sport SE,17998,48000,23 city/29 hwy,4-cyl,Gas,Four Wheel Drive,Automatic,Silver/Black,4 Owners,No flood or frame damage,No odometer problems,JA4AR3AU3LU029139,CUV - Compact,Clean,No Issue,No Issue,No Open Recalls,No Issue,No Issue,No CPO Info Available,No Issue,,,,
2019,Mitsubishi,Mirage G4 ES,14599,20000,35 city/41 hwy,3-cyl,Gas,Front Wheel Drive,Automatic,White/Black,1 Owner,No flood or frame damage,No odometer problems,ML32F3FJ8KHF06100,Car - Compact,Clean,No Issue,No Issue,No Open Recalls,No Issue,No Issue,No CPO Info Available,No Issue,,,,
2023,Mitsubishi,Mirage ES,16998,6000,36 city/43 hwy,3-cyl,Gas,Front Wheel Drive,Automatic,Black/Black,1 Owner,No flood or frame damage,No odometer problems,ML32AUHJ6PH000495,Car - Compact,Clean,No Issue,No Issue,No Open Recalls,No Issue,No Issue,No CPO Info Available,No Issue,,,,
2022,Mitsubishi,Outlander Sport S,20998,14000,24 city/30 hwy,4-cyl,Gas,Front Wheel Drive,Automatic,Black/Gray,1 Owner,No flood or frame damage,No odometer problems,JA4APUAU8NU006521,CUV - Compact,Clean,No Issue,No Issue,No Open Recalls,No Issue,No Issue,No CPO Info Available,No Issue,,,,
2019,Mitsubishi,Outlander ES,18998,44000,24 city/29 hwy,4-cyl,Gas,Four Wheel Drive,Automatic,White/Black,1 Owner,No flood or frame damage,No odometer problems,JA4AZ3A35KZ014666,CUV - Midsize,Clean,No Issue,No Issue,1 Open Recall(s),No Issue,No Issue,No CPO Info Available,No Issue,,,,
2016,Mitsubishi,Outlander SE,12998,129000,24 city/29 hwy,4-cyl,Gas,Four Wheel Drive,Automatic,White/Black,1 Owner,No flood or frame damage,No odometer problems,JA4AZ3A32GZ003793,CUV - Midsize,Clean,No Issue,No Issue,No Open Recalls,No Issue,No Issue,No CPO Info Available,No Issue,,,,
2016,Mitsubishi,Outlander Sport ES,13998,71000,22 city/27 hwy,4-cyl,Gas,Four Wheel Drive,Automatic,Burgundy/Black,2 Owners,No flood or frame damage,No odometer problems,JA4AR3AW3GZ023139,CUV - Compact,Clean,No Issue,Damage Reported,No Open Recalls,No Issue,No Issue,No CPO Info Available,No Issue,,,,
2023,Mitsubishi,Eclipse Cross LE,23998,8000,25 city/26 hwy,4-cyl,Turbo Gas,Four Wheel Drive,Automatic,White/Black,1 Owner,No flood or frame damage,No odometer problems,JA4ATVAA5PZ040817,CUV - Compact,Clean,No Issue,No Issue,No Open Recalls,No Issue,No Issue,No CPO Info Available,No Issue,,,,
2022,Mitsubishi,Outlander SE,25998,39000,24 city/30 hwy,4-cyl,Gas,Four Wheel Drive,Automatic,Red/Black,1 Owner,No flood or frame damage,No odometer problems,JA4J4UA8XNZ047120,CUV - Midsize,Clean,No Issue,No Issue,1 Open Recall(s),No Issue,No Issue,No CPO Info Available,No Issue,,,,
2022,Mitsubishi,Outlander SEL Special Edition,27998,24000,24 city/30 hwy,4-cyl,Gas,Four Wheel Drive,Automatic,Red/Black,1 Owner,No flood or frame damage,No odometer problems,JA4J4VA8XNZ061315,CUV - Midsize,Clean,No Issue,No Issue,1 Open Recall(s),No Issue,No Issue,No CPO Info Available,No Issue,,,,
2022,Mitsubishi,Eclipse Cross LE,21998,22000,25 city/26 hwy,4-cyl,Turbo Gas,Four Wheel Drive,Automatic,Silver/Black,1 Owner,No flood or frame damage,No odometer problems,JA4ATVAA5NZ003201,CUV - Compact,Clean,No Issue,No Issue,No Open Recalls,No Issue,No Issue,No CPO Info Available,No Issue,,,,
2022,Mitsubishi,Outlander Sport ES,19998,34000,23 city/29 hwy,4-cyl,Gas,Four Wheel Drive,Automatic,Orange/Black,1 Owner,No flood or frame damage,No odometer problems,JA4ARUAU0NU012923,CUV - Compact,Clean,No Issue,No Issue,1 Open Recall(s),No Issue,No Issue,No CPO Info Available,No Issue,,,,
2023,Mitsubishi,Outlander SEL 40th Anniversary,29998,21000,24 city/30 hwy,4-cyl,Gas,Four Wheel Drive,Automatic,Black/Black,1 Owner,No flood or frame damage,No odometer problems,JA4J4VA88PZ017400,CUV - Midsize,Clean,No Issue,No Issue,No Open Recalls,No Issue,No Issue,No CPO Info Available,No Issue,,,,
2023,Mitsubishi,Eclipse Cross SEL,24998,11000,25 city/26 hwy,4-cyl,Turbo Gas,Four Wheel Drive,Automatic,Black/Gray,1 Owner,No flood or frame damage,No odometer problems,JA4ATWAA8PZ034127,CUV - Compact,Clean,No Issue,No Issue,No Open Recalls,No Issue,No Issue,No CPO Info Available,No Issue,,,,
2022,Mitsubishi,Mirage Black Edition,15998,24000,36 city/43 hwy,3-cyl,Gas,Front Wheel Drive,Automatic,White/Black,2 Owners,No flood or frame damage,No odometer problems,ML32AWHJ2NH007517,Car - Compact,Clean,No Issue,No Issue,No Open Recalls,No Issue,No Issue,No CPO Info Available,No Issue,,,,
2020,Mitsubishi,Mirage LE,14998,25000,36 city/43 hwy,3-cyl,Gas,Front Wheel Drive,Automatic,Black/Black,1 Owner,No flood or frame damage,No odometer problems,ML32A5HJ1LH000341,Car - Compact,Clean,No Issue,No Issue,No Open Recalls,No Issue,No Issue,No CPO Info Available,No Issue,,,,
2018,Mitsubishi,Outlander SE,14599,116000,25 city/30 hwy,4-cyl,Gas,Front Wheel Drive,Automatic,Red/Black,2 Owners,No flood or frame damage,No odometer problems,JA4AD3A39JZ000279,CUV - Midsize,Clean,No Issue,No Issue,1 Open Recall(s),No Issue,No Issue,No CPO Info Available,No Issue,,,,
2022,Mitsubishi,Outlander SEL,29998,23000,24 city/30 hwy,4-cyl,Gas,Four Wheel Drive,Automatic,Brown/Black,1 Owner,No flood or frame damage,No odometer problems,JA4J4VA84NZ053954,CUV - Midsize,Clean,No Issue,No Issue,1 Open Recall(s),No Issue,No Issue,No CPO Info Available,No Issue,,,,
2021,Mitsubishi,Mirage G4 ES,14998,49000,35 city/41 hwy,3-cyl,Gas,Front Wheel Drive,Automatic,White/Black,2 Owners,No flood or frame damage,No odometer problems,ML32FUFJ8MHF01374,Car - Compact,Clean,No Issue,No Issue,No Open Recalls,No Issue,No Issue,No CPO Info Available,No Issue,,,,
2021,Mitsubishi,Outlander Sport LE,20998,23000,24 city/30 hwy,,,,Automatic,White/Black,2 Owners,No flood or frame damage,No odometer problems,JA4APUAU8MU006856,CUV - Compact,Clean,No Issue,No Issue,No Open Recalls,No Issue,No Issue,No CPO Info Available,No Issue,,,,
2019,Mitsubishi,Outlander SEL,18998,63000,25 city/30 hwy,4-cyl,Gas,Front Wheel Drive,Automatic,Silver/Black,2 Owners,No flood or frame damage,No odometer problems,JA4AD3A38KJ001133,CUV - Midsize,Clean,No Issue,No Issue,1 Open Recall(s),No Issue,No Issue,No CPO Info Available,No Issue,,,,
2019,Mitsubishi,Outlander SEL,15998,98000,24 city/29 hwy,4-cyl,Gas,Four Wheel Drive,Automatic,White/Black,2 Owners,No flood or frame damage,No odometer problems,JA4AZ3A3XKZ038638,CUV - Midsize,Clean,No Issue,Minor,No Open Recalls,No Issue,No Issue,No CPO Info Available,No Issue,,,,
2017,Mitsubishi,Outlander SE,14998,93000,24 city/29 hwy,4-cyl,Gas,Four Wheel Drive,Automatic,Blue/Black,5 Owners,No flood or frame damage,No odometer problems,JA4AZ3A31HZ027438,CUV - Midsize,Clean,No Issue,No Issue,No Open Recalls,No Issue,No Issue,No CPO Info Available,No Issue,,,,
2019,Mitsubishi,Eclipse Cross LE,19998,31000,25 city/26 hwy,4-cyl,Turbo Gas,Four Wheel Drive,Automatic,Red/Black,2 Owners,No flood or frame damage,No odometer problems,JA4AT4AA8KZ028714,CUV - Compact,Clean,No Issue,No Issue,No Open Recalls,No Issue,No Issue,No CPO Info Available,No Issue,,,,
2017,Mitsubishi,Outlander Sport LE,17998,14000,24 city/30 hwy,4-cyl,Gas,Front Wheel Drive,Automatic,Blue/Black,1 Owner,No flood or frame damage,No odometer problems,JA4AP3AU6HZ066850,CUV - Compact,Clean,No Issue,No Issue,No Open Recalls,No Issue,No Issue,No CPO Info Available,No Issue,,,,
2015,Mitsubishi,Outlander SE,14599,100000,24 city/29 hwy,4-cyl,Gas,Four Wheel Drive,Automatic,Gray/Black,1 Owner,No flood or frame damage,No odometer problems,JA4AZ3A34FZ004541,CUV - Midsize,Clean,No Issue,No Issue,No Open Recalls,No Issue,No Issue,No CPO Info Available,No Issue,,,,
2019,Mitsubishi,Outlander SEL,18998,72000,24 city/29 hwy,4-cyl,Gas,Four Wheel Drive,Automatic,Gray/Black,1 Owner,No flood or frame damage,No odometer problems,JA4AZ3A36KZ014630,CUV - Midsize,Clean,No Issue,No Issue,No Open Recalls,No Issue,No Issue,No CPO Info Available,No Issue,,,,
2019,Mitsubishi,Mirage SE,13998,55000,36 city/43 hwy,3-cyl,Gas,Front Wheel Drive,Automatic,Black/Black,1 Owner,No flood or frame damage,No odometer problems,ML32A4HJ0KH012490,Car - Compact,Clean,No Issue,No Issue,No Open Recalls,No Issue,No Issue,No CPO Info Available,No Issue,,,,
2020,Mitsubishi,Outlander Sport ES,17998,55000,23 city/29 hwy,4-cyl,Gas,Four Wheel Drive,Automatic,Black/Black,2 Owners,No flood or frame damage,No odometer problems,JA4AR3AU4LU022958,CUV - Compact,Clean,No Issue,Minor,No Open Recalls,No Issue,No Issue,No CPO Info Available,No Issue,,,,
2023,Mitsubishi,Outlander ES,25998,20000,24 city/30 hwy,4-cyl,Gas,Four Wheel Drive,Automatic,Black/Black,1 Owner,No flood or frame damage,No odometer problems,JA4J4TA88PZ009656,CUV - Midsize,Clean,No Issue,No Issue,No Open Recalls,No Issue,No Issue,No CPO Info Available,No Issue,,,,
2021,Mitsubishi,Mirage ES,15998,15000,36 city/43 hwy,3-cyl,Gas,Front Wheel Drive,Automatic,Black/Black,1 Owner,No flood or frame damage,No odometer problems,ML32AUHJ3MH011241,Car - Compact,Clean,No Issue,No Issue,No Open Recalls,No Issue,No Issue,No CPO Info Available,No Issue,,,,
2022,Mitsubishi,Outlander SEL Special Edition,26998,47000,24 city/30 hwy,4-cyl,Gas,Four Wheel Drive,Automatic,Gray/Blue,1 Owner,No flood or frame damage,No odometer problems,JA4J4VA86NZ078970,CUV - Midsize,Clean,No Issue,No Issue,4 Open Recall(s),No Issue,No Issue,No CPO Info Available,No Issue,,,,
2019,Mitsubishi,Mirage LE,12998,74000,36 city/43 hwy,3-cyl,Gas,Front Wheel Drive,Automatic,Red/Black,3 Owners,No flood or frame damage,No odometer problems,ML32A5HJ1KH002394,Car - Compact,Clean,No Issue,No Issue,No Open Recalls,No Issue,No Issue,No CPO Info Available,No Issue,,,,
2018,Mitsubishi,Outlander Plug in Hybrid SEL,18998,72000,,4-cyl,Plug-in Hybrid,Four Wheel Drive,,Gray/Black,1 Owner,No flood or frame damage,No odometer problems,JA4J24A55JZ060069,CUV - Midsize,Clean,No Issue,No Issue,No Open Recalls,No Issue,No Issue,No CPO Info Available,No Issue,78 city/70 hwy,22 miles,3.5 hours,
2022,Mitsubishi,Outlander SE,27998,34000,24 city/30 hwy,4-cyl,Gas,Four Wheel Drive,Automatic,Gray/Black,1 Owner,No flood or frame damage,No odometer problems,JA4J4UA89NZ024797,CUV - Midsize,Clean,No Issue,No Issue,No Open Recalls,No Issue,No Issue,No CPO Info Available,No Issue,,,,
2020,Mitsubishi,Mirage LE,14599,49000,36 city/43 hwy,3-cyl,Gas,Front Wheel Drive,Automatic,White/Black,2 Owners,No flood or frame damage,No odometer problems,ML32A5HJ0LH006972,Car - Compact,Clean,No Issue,No Issue,No Open Recalls,No Issue,No Issue,No CPO Info Available,No Issue,,,,
2017,Mitsubishi,Outlander Sport ES,14998,63000,23 city/29 hwy,4-cyl,Gas,Four Wheel Drive,Automatic,Red/Black,1 Owner,No flood or frame damage,No odometer problems,JA4AR3AU5HZ001000,CUV - Compact,Clean,No Issue,No Issue,No Open Recalls,No Issue,No Issue,No CPO Info Available,No Issue,,,,
2023,Mitsubishi,Outlander SE,29998,19000,24 city/30 hwy,4-cyl,Gas,Four Wheel Drive,Automatic,Silver/Black,1 Owner,No flood or frame damage,No odometer problems,JA4J4UA88PZ049788,CUV - Midsize,Clean,No Issue,No Issue,No Open Recalls,No Issue,No Issue,No CPO Info Available,No Issue,,,,
2016,Mitsubishi,Outlander Sport ES,12998,81000,24 city/30 hwy,4-cyl,Gas,Front Wheel Drive,Automatic,Silver/Black,2 Owners,No flood or frame damage,No odometer problems,JA4AP3AU0GZ034555,CUV - Compact,Clean,No Issue,No Issue,6 Open Recall(s),No Issue,No Issue,No CPO Info Available,No Issue,,,,
2023,Mitsubishi,Outlander Sport ES,22998,8000,23 city/29 hwy,4-cyl,Gas,Four Wheel Drive,Automatic,White/Black,1 Owner,No flood or frame damage,No odometer problems,JA4ARUAU5PU013651,CUV - Compact,Clean,No Issue,No Issue,No Open Recalls,No Issue,No Issue,No CPO Info Available,No Issue,,,,
2020,Mitsubishi,Outlander Sport SP,18998,52000,23 city/29 hwy,4-cyl,Gas,Four Wheel Drive,Automatic,Brown/Black,3 Owners,No flood or frame damage,No odometer problems,JA4AR3AUXLU014895,CUV - Compact,Clean,No Issue,No Issue,1 Open Recall(s),No Issue,No Issue,No CPO Info Available,No Issue,,,,
2019,Mitsubishi,Outlander SEL,18998,57000,24 city/29 hwy,4-cyl,Gas,Four Wheel Drive,Automatic,Red/Black,2 Owners,No flood or frame damage,No odometer problems,JA4AZ3A39KZ036119,CUV - Midsize,Clean,No Issue,Damage Reported,No Open Recalls,No Issue,No Issue,No CPO Info Available,No Issue,,,,
2020,Mitsubishi,Outlander SE,22998,25000,25 city/30 hwy,4-cyl,Gas,Front Wheel Drive,Automatic,Blue/Black,1 Owner,No flood or frame damage,No odometer problems,JA4AD3A33LZ013662,CUV - Midsize,Clean,No Issue,No Issue,No Open Recalls,No Issue,No Issue,No CPO Info Available,No Issue,,,,
2020,Mitsubishi,Outlander Sport ES,18998,38000,24 city/30 hwy,4-cyl,Gas,Front Wheel Drive,Automatic,Silver/Black,3 Owners,No flood or frame damage,No odometer problems,JA4AP3AU6LU012034,CUV - Compact,Clean,No Issue,No Issue,No Open Recalls,No Issue,No Issue,No CPO Info Available,No Issue,,,,
2019,Mitsubishi,Mirage G4 RF,13998,44000,35 city/41 hwy,3-cyl,Gas,Front Wheel Drive,Automatic,Burgundy/Cream,3 Owners,No flood or frame damage,No odometer problems,ML32F3FJ6KHF13191,Car - Compact,Clean,No Issue,No Issue,No Open Recalls,No Issue,No Issue,No CPO Info Available,No Issue,,,,
2020,Mitsubishi,Mirage LE,13998,46000,36 city/43 hwy,3-cyl,Gas,Front Wheel Drive,Automatic,White/Black,1 Owner,No flood or frame damage,No odometer problems,ML32A5HJ0LH000444,Car - Compact,Clean,No Issue,Minor,No Open Recalls,No Issue,No Issue,No CPO Info Available,No Issue,,,,
2017,Mitsubishi,Outlander SEL,17998,71000,24 city/29 hwy,4-cyl,Gas,Four Wheel Drive,Automatic,White/Black,1 Owner,No flood or frame damage,No odometer problems,JA4AZ3A39HZ056444,CUV - Midsize,Clean,No Issue,Minor,1 Open Recall(s),No Issue,No Issue,No CPO Info Available,No Issue,,,,
2020,Mitsubishi,Mirage LE,13998,61000,36 city/43 hwy,3-cyl,Gas,Front Wheel Drive,Automatic,Gray/Black,2 Owners,No flood or frame damage,No odometer problems,ML32A5HJ4LH002956,Car - Compact,Clean,No Issue,Damage Reported,No Open Recalls,No Issue,No Issue,No CPO Info Available,No Issue,,,,
2020,Mitsubishi,Outlander SE,19998,35000,24 city/29 hwy,4-cyl,Gas,Four Wheel Drive,Automatic,Silver/Black,1 Owner,No flood or frame damage,No odometer problems,JA4AZ3A31LZ015556,CUV - Midsize,Clean,No Issue,No Issue,No Open Recalls,No Issue,No Issue,No CPO Info Available,No Issue,,,,
2020,Mitsubishi,Outlander Sport ES,20998,26000,24 city/30 hwy,4-cyl,Gas,Front Wheel Drive,Automatic,Brown/Black,1 Owner,No flood or frame damage,No odometer problems,JA4AP3AU8LU009460,CUV - Compact,Clean,No Issue,No Issue,No Open Recalls,No Issue,No Issue,No CPO Info Available,No Issue,,,,
2022,Mitsubishi,Outlander SE,22998,56000,24 city/31 hwy,4-cyl,Gas,Front Wheel Drive,Automatic,Blue/Black,1 Owner,No flood or frame damage,No odometer problems,JA4J3UA84NZ049593,CUV - Midsize,Clean,No Issue,No Issue,3 Open Recall(s),No Issue,No Issue,No CPO Info Available,No Issue,,,,
2022,Mitsubishi,Outlander SE,24998,56000,24 city/31 hwy,4-cyl,Gas,Front Wheel Drive,Automatic,Black/Black,1 Owner,No flood or frame damage,No odometer problems,JA4J3UA89NZ021420,CUV - Midsize,Clean,No Issue,No Issue,No Open Recalls,No Issue,No Issue,No CPO Info Available,No Issue,,,,
2022,Mitsubishi,Outlander ES,25998,41000,24 city/30 hwy,4-cyl,Gas,Four Wheel Drive,Automatic,White/Black,1 Owner,No flood or frame damage,No odometer problems,JA4J4TA81NZ013156,CUV - Midsize,Clean,No Issue,No Issue,No Open Recalls,No Issue,No Issue,No CPO Info Available,No Issue,,,,
2015,Mitsubishi,Outlander Sport SE,15998,78000,24 city/30 hwy,4-cyl,Gas,Four Wheel Drive,Automatic,White/Black,2 Owners,No flood or frame damage,No odometer problems,4A4AR3AU4FE060820,CUV - Compact,Clean,No Issue,Moderate,No Open Recalls,No Issue,No Issue,No CPO Info Available,No Issue,,,,
2020,Mitsubishi,Mirage G4 ES,13599,46000,33 city/40 hwy,3-cyl,Gas,Front Wheel Drive,Manual 5 Speed,Red/Gray,2 Owners,No flood or frame damage,No odometer problems,ML32F3FJ3LHF11058,Car - Compact,Clean,No Issue,No Issue,No Open Recalls,No Issue,No Issue,No CPO Info Available,No Issue,,,,
2020,Mitsubishi,Eclipse Cross SE,20998,34000,25 city/28 hwy,4-cyl,Turbo Gas,Front Wheel Drive,Automatic,White/Black,2 Owners,No flood or frame damage,No odometer problems,JA4AS5AA3LZ019414,CUV - Compact,Clean,No Issue,No Issue,No Open Recalls,No Issue,No Issue,No CPO Info Available,No Issue,,,,
2022,Mitsubishi,Mirage ES,15998,29000,36 city/43 hwy,3-cyl,Gas,Front Wheel Drive,Automatic,Gray/Gray,1 Owner,No flood or frame damage,No odometer problems,ML32AUHJ0NH007973,Car - Compact,Clean,No Issue,No Issue,No Open Recalls,No Issue,No Issue,No CPO Info Available,No Issue,,,,
2015,Mitsubishi,Outlander Sport ES,14599,78000,24 city/30 hwy,4-cyl,Gas,Four Wheel Drive,Automatic,Black/Black,2 Owners,No flood or frame damage,No odometer problems,4A4AR3AU6FE056011,CUV - Compact,Clean,No Issue,Damage Reported,No Open Recalls,No Issue,No Issue,No CPO Info Available,No Issue,,,,
2022,Mitsubishi,Outlander SEL,25998,57000,24 city/30 hwy,4-cyl,Gas,Four Wheel Drive,Automatic,Red/Black,2 Owners,No flood or frame damage,No odometer problems,JA4J4VA82NZ034223,CUV - Midsize,Clean,No Issue,No Issue,No Open Recalls,No Issue,No Issue,No CPO Info Available,No Issue,,,,
2024,Mitsubishi,Outlander SEL,35998,2000,24 city/31 hwy,4-cyl,Gas,Front Wheel Drive,Automatic,Silver/Black,1 Owner,No flood or frame damage,No odometer problems,JA4J3WA84RZ004185,CUV - Midsize,Clean,No Issue,No Issue,No Open Recalls,No Issue,No Issue,No CPO Info Available,No Issue,,,,
2019,Mitsubishi,Outlander Sport SP,18998,22000,24 city/30 hwy,4-cyl,Gas,Front Wheel Drive,Automatic,Black/Black,1 Owner,No flood or frame damage,No odometer problems,JA4AP3AU6KU034954,CUV - Compact,Clean,No Issue,Damage Reported,No Open Recalls,No Issue,No Issue,No CPO Info Available,No Issue,,,,
2017,Mitsubishi,Outlander SEL,14599,116000,25 city/30 hwy,4-cyl,Gas,Front Wheel Drive,Automatic,Gray/Tan,2 Owners,No flood or frame damage,No odometer problems,JA4AD3A37HZ029368,CUV - Midsize,Clean,No Issue,Moderate,3 Open Recall(s),No Issue,No Issue,No CPO Info Available,No Issue,,,,
2021,Mitsubishi,Mirage LE,13998,56000,36 city/43 hwy,3-cyl,Gas,Front Wheel Drive,Automatic,Gray/Black,1 Owner,No flood or frame damage,No odometer problems,ML32AUHJXMH010149,Car - Compact,Clean,No Issue,No Issue,No Open Recalls,No Issue,No Issue,No CPO Info Available,No Issue,,,,
2023,Mitsubishi,Outlander Sport GT,25998,7000,23 city/28 hwy,4-cyl,Gas,Four Wheel Drive,Automatic,Black/Black,1 Owner,No flood or frame damage,No odometer problems,JA4ARVAW1PU009152,CUV - Compact,Clean,No Issue,No Issue,No Open Recalls,No Issue,No Issue,No CPO Info Available,No Issue,,,,
2018,Mitsubishi,Mirage G4 ES,14599,35000,35 city/41 hwy,3-cyl,Gas,Front Wheel Drive,Automatic,Gray/Black,1 Owner,No flood or frame damage,No odometer problems,ML32F3FJ1JHF10522,Car - Compact,Clean,No Issue,No Issue,No Open Recalls,No Issue,No Issue,No CPO Info Available,No Issue,,,,
2022,Mitsubishi,Outlander SEL Special Edition,26998,27000,24 city/31 hwy,4-cyl,Gas,Front Wheel Drive,Automatic,Gray/Black,1 Owner,No flood or frame damage,No odometer problems,JA4J3VA84NZ086942,CUV - Midsize,Clean,No Issue,No Issue,No Open Recalls,No Issue,No Issue,No CPO Info Available,No Issue,,,,
2018,Mitsubishi,Mirage ES,12998,52000,37 city/43 hwy,3-cyl,Gas,Front Wheel Drive,Automatic,Silver/Black,1 Owner,No flood or frame damage,No odometer problems,ML32A3HJ2JH000401,Car - Compact,Clean,No Issue,No Issue,No Open Recalls,No Issue,No Issue,No CPO Info Available,No Issue,,,,
2022,Mitsubishi,Outlander SEL,30998,17000,24 city/30 hwy,4-cyl,Gas,Four Wheel Drive,Automatic,Silver/Black,1 Owner,No flood or frame damage,No odometer problems,JA4J4VA89NZ073181,CUV - Midsize,Clean,No Issue,No Issue,1 Open Recall(s),No Issue,No Issue,No CPO Info Available,No Issue,,,,
2022,Mitsubishi,Outlander ES,24998,43000,24 city/30 hwy,4-cyl,Gas,Four Wheel Drive,Automatic,Silver/Black,3 Owners,No flood or frame damage,No odometer problems,JA4J4TA89NZ045837,CUV - Midsize,Clean,No Issue,No Issue,No Open Recalls,No Issue,No Issue,No CPO Info Available,No Issue,,,,
2022,Mitsubishi,Outlander Sport ES,20998,16000,24 city/30 hwy,4-cyl,Gas,Front Wheel Drive,Automatic,Gray/Black,1 Owner,No flood or frame damage,No odometer problems,JA4APUAU9NU000954,CUV - Compact,Clean,No Issue,No Issue,No Open Recalls,No Issue,No Issue,No CPO Info Available,No Issue,,,,
2018,Mitsubishi,Eclipse Cross SEL,14998,101000,25 city/26 hwy,4-cyl,Turbo Gas,Four Wheel Drive,Automatic,Silver/Black,2 Owners,No flood or frame damage,No odometer problems,JA4AT5AA2JZ049515,CUV - Compact,Clean,No Issue,Damage Reported,No Open Recalls,No Issue,No Issue,No CPO Info Available,No Issue,,,,
2022,Mitsubishi,Outlander SEL,27998,33000,24 city/31 hwy,4-cyl,Gas,Front Wheel Drive,Automatic,Silver/Black,1 Owner,No flood or frame damage,No odometer problems,JA4J3VA81NZ056684,CUV - Midsize,Clean,No Issue,No Issue,3 Open Recall(s),No Issue,No Issue,No CPO Info Available,No Issue,,,,
2022,Mitsubishi,Outlander ES,25998,27000,24 city/31 hwy,4-cyl,Gas,Front Wheel Drive,Automatic,White/Black,1 Owner,No flood or frame damage,No odometer problems,JA4J4TA85NZ042174,CUV - Midsize,Clean,No Issue,No Issue,No Open Recalls,No Issue,No Issue,No CPO Info Available,No Issue,,,,
2021,Mitsubishi,Mirage ES,14998,58000,36 city/43 hwy,3-cyl,Gas,Front Wheel Drive,Automatic,Black/Black,2 Owners,No flood or frame damage,No odometer problems,ML32AUHJXMH006635,Car - Compact,Clean,No Issue,No Issue,No Open Recalls,No Issue,No Issue,No CPO Info Available,No Issue,,,,
2022,Mitsubishi,Outlander SEL,27998,49000,24 city/30 hwy,4-cyl,Gas,Four Wheel Drive,Automatic,Black/Black,2 Owners,No flood or frame damage,No odometer problems,JA4J4VA89NZ047017,CUV - Midsize,Clean,No Issue,Damage Reported,1 Open Recall(s),No Issue,No Issue,No CPO Info Available,No Issue,,,,
2022,Mitsubishi,Outlander SE,26998,21000,24 city/31 hwy,4-cyl,Gas,Front Wheel Drive,Automatic,Blue/Black,1 Owner,No flood or frame damage,No odometer problems,JA4J3UA80NZ063412,CUV - Midsize,Clean,No Issue,No Issue,2 Open Recall(s),No Issue,No Issue,No CPO Info Available,No Issue,,,,
2019,Mitsubishi,Outlander Plug in Hybrid GT,22998,27000,,4-cyl,Plug-in Hybrid,Four Wheel Drive,,Gray/Black,1 Owner,No flood or frame damage,No odometer problems,JA4J24A59KZ056012,CUV - Midsize,Clean,No Issue,No Issue,No Open Recalls,No Issue,No Issue,No CPO Info Available,No Issue,78 city/70 hwy,22 miles,3.5 hours,
2022,Mitsubishi,Outlander SEL Special Edition,26998,38000,24 city/31 hwy,4-cyl,Gas,Front Wheel Drive,Automatic,Silver/Black,1 Owner,No flood or frame damage,No odometer problems,JA4J3VA89NZ061373,CUV - Midsize,Clean,No Issue,No Issue,3 Open Recall(s),No Issue,No Issue,No CPO Info Available,No Issue,,,,
2020,Mitsubishi,Mirage ES,13998,41000,36 city/43 hwy,3-cyl,Gas,Front Wheel Drive,Automatic,Silver/Black,1 Owner,No flood or frame damage,No odometer problems,ML32A3HJ4LH005778,Car - Compact,Clean,No Issue,No Issue,No Open Recalls,No Issue,No Issue,No CPO Info Available,No Issue,,,,
2019,Mitsubishi,Mirage G4 ES,13599,57000,35 city/41 hwy,3-cyl,Gas,Front Wheel Drive,Automatic,Purple/Black,1 Owner,No flood or frame damage,No odometer problems,ML32F3FJ7KHF16651,Car - Compact,Clean,No Issue,Minor,No Open Recalls,No Issue,No Issue,No CPO Info Available,No Issue,,,,
2019,Mitsubishi,Mirage ES,13599,48000,36 city/43 hwy,3-cyl,Gas,Front Wheel Drive,Automatic,Gray/Black,2 Owners,No flood or frame damage,No odometer problems,ML32A3HJ9KH007685,Car - Compact,Clean,No Issue,No Issue,No Open Recalls,No Issue,No Issue,No CPO Info Available,No Issue,,,,
2023,Mitsubishi,Outlander Plug in Hybrid SEL,34998,14000,,4-cyl,Plug-in Hybrid,Four Wheel Drive,,Black/Black,1 Owner,No flood or frame damage,No odometer problems,JA4T5VA9XPZ062305,CUV - Midsize,Clean,No Issue,No Issue,No Open Recalls,No Issue,No Issue,No CPO Info Available,No Issue,67 city/61 hwy,38 miles,6.5 hours,
2021,Mitsubishi,Mirage G4 LE,14998,49000,35 city/41 hwy,3-cyl,Gas,Front Wheel Drive,Automatic,Blue/Black,1 Owner,No flood or frame damage,No odometer problems,ML32FUFJ3MHF00598,Car - Compact,Clean,No Issue,No Issue,No Open Recalls,No Issue,No Issue,No CPO Info Available,No Issue,,,,
2022,Mitsubishi,Outlander Sport SE,21998,20000,24 city/30 hwy,4-cyl,Gas,Front Wheel Drive,Automatic,Black/Black,1 Owner,No flood or frame damage,No odometer problems,JA4APVAUXNU022998,CUV - Compact,Clean,No Issue,No Issue,No Open Recalls,No Issue,No Issue,No CPO Info Available,No Issue,,,,
2020,Mitsubishi,Outlander ES,18998,46000,25 city/30 hwy,4-cyl,Gas,Front Wheel Drive,Automatic,Black/Black,2 Owners,No flood or frame damage,No odometer problems,JA4AD2A3XLZ010980,CUV - Midsize,Clean,No Issue,No Issue,No Open Recalls,No Issue,No Issue,No CPO Info Available,No Issue,,,,
2023,Mitsubishi,Outlander SEL,32998,14000,24 city/30 hwy,4-cyl,Gas,Four Wheel Drive,Automatic,Silver/Black,1 Owner,No flood or frame damage,No odometer problems,JA4J4VA89PZ044640,CUV - Midsize,Clean,No Issue,No Issue,No Open Recalls,No Issue,No Issue,No CPO Info Available,No Issue,,,,
2020,Mitsubishi,Outlander Sport Black Edition,19998,38000,24 city/30 hwy,4-cyl,Gas,Front Wheel Drive,Automatic,Burgundy/Gray,2 Owners,No flood or frame damage,No odometer problems,JA4AP3AU8LU002072,CUV - Compact,Clean,No Issue,Minor,1 Open Recall(s),No Issue,No Issue,No CPO Info Available,No Issue,,,,
2022,Mitsubishi,Eclipse Cross LE,20998,35000,25 city/26 hwy,,,,Automatic,White/Black,1 Owner,No flood or frame damage,No odometer problems,JA4ATVAA6NZ012201,CUV - Compact,Clean,No Issue,Damage Reported,No Open Recalls,No Issue,No Issue,No CPO Info Available,No Issue,,,,
2018,Mitsubishi,Outlander Plug in Hybrid SEL,18998,54000,,4-cyl,Plug-in Hybrid,Four Wheel Drive,,Silver/Black,1 Owner,No flood or frame damage,No odometer problems,JA4J24A53JZ031380,CUV - Midsize,Clean,No Issue,Minor,No Open Recalls,No Issue,No Issue,No CPO Info Available,No Issue,78 city/70 hwy,22 miles,3.5 hours,
2017,Mitsubishi,Mirage G4 ES,10998,107000,35 city/42 hwy,3-cyl,Gas,Front Wheel Drive,Automatic,White/Gray,2 Owners,No flood or frame damage,No odometer problems,ML32F3FJ9HHF15395,Car - Compact,Clean,No Issue,No Issue,No Open Recalls,No Issue,No Issue,No CPO Info Available,No Issue,,,,
2020,Mitsubishi,Outlander Sport ES,17998,51000,24 city/30 hwy,4-cyl,Gas,Front Wheel Drive,Automatic,Silver/Black,1 Owner,No flood or frame damage,No odometer problems,JA4AP3AU3LU002240,CUV - Compact,Clean,No Issue,No Issue,1 Open Recall(s),No Issue,No Issue,No CPO Info Available,No Issue,,,,
2022,Mitsubishi,Outlander Sport LE,20998,31000,24 city/30 hwy,4-cyl,Gas,Front Wheel Drive,Automatic,Black/Black,1 Owner,No flood or frame damage,No odometer problems,JA4APUAU1NU017019,CUV - Compact,Clean,No Issue,No Issue,No Open Recalls,No Issue,No Issue,No CPO Info Available,No Issue,,,,
2019,Mitsubishi,Mirage G4 ES,13998,50000,35 city/41 hwy,3-cyl,Gas,Front Wheel Drive,Automatic,Black/Black,2 Owners,No flood or frame damage,No odometer problems,ML32F3FJ0KHF12487,Car - Compact,Clean,No Issue,No Issue,No Open Recalls,No Issue,No Issue,No CPO Info Available,No Issue,,,,
2019,Mitsubishi,Mirage GT,14599,28000,36 city/43 hwy,3-cyl,Gas,Front Wheel Drive,Automatic,Gray/Gray,1 Owner,No flood or frame damage,No odometer problems,ML32A5HJ1KH012648,Car - Compact,Clean,No Issue,No Issue,No Open Recalls,No Issue,No Issue,No CPO Info Available,No Issue,,,,
2020,Mitsubishi,Mirage G4 ES,13998,47000,35 city/41 hwy,3-cyl,Gas,Front Wheel Drive,Automatic,Gray/Black,1 Owner,No flood or frame damage,No odometer problems,ML32F3FJ5LHF11756,Car - Compact,Clean,No Issue,No Issue,No Open Recalls,No Issue,No Issue,No CPO Info Available,No Issue,,,,
2023,Mitsubishi,Outlander SE,28998,9000,24 city/31 hwy,4-cyl,Gas,Front Wheel Drive,Automatic,Gray/Black,1 Owner,No flood or frame damage,No odometer problems,JA4J3UA83PZ024543,CUV - Midsize,Clean,No Issue,No Issue,No Open Recalls,No Issue,No Issue,No CPO Info Available,No Issue,,,,
2023,Mitsubishi,Outlander SE,28998,22000,24 city/31 hwy,4-cyl,Gas,Front Wheel Drive,Automatic,Gray/Black,1 Owner,No flood or frame damage,No odometer problems,JA4J3UA82PZ032696,CUV - Midsize,Clean,No Issue,No Issue,No Open Recalls,No Issue,No Issue,No CPO Info Available,No Issue,,,,
2022,Mitsubishi,Outlander Sport SE,22998,13000,23 city/29 hwy,4-cyl,Gas,Four Wheel Drive,Automatic,Orange/Black,1 Owner,No flood or frame damage,No odometer problems,JA4ARUAU1NU011523,CUV - Compact,Clean,No Issue,No Issue,No Open Recalls,No Issue,No Issue,No CPO Info Available,No Issue,,,,
2022,Mitsubishi,Mirage G4 ES,14998,47000,35 city/41 hwy,3-cyl,Gas,Front Wheel Drive,Automatic,Red/Black,1 Owner,No flood or frame damage,No odometer problems,ML32FUFJ1NHF03761,Car - Compact,Clean,No Issue,No Issue,No Open Recalls,No Issue,No Issue,No CPO Info Available,No Issue,,,,
2023,Mitsubishi,Mirage ES,16998,16000,36 city/43 hwy,3-cyl,Gas,Front Wheel Drive,Automatic,Black/Black,1 Owner,No flood or frame damage,No odometer problems,ML32AUHJ5PH003856,Car - Compact,Clean,No Issue,No Issue,No Open Recalls,No Issue,No Issue,No CPO Info Available,No Issue,,,,
2018,Mitsubishi,Mirage ES,12599,39000,33 city/41 hwy,3-cyl,Gas,Front Wheel Drive,Manual 5 Speed,Silver/Gray,2 Owners,No flood or frame damage,No odometer problems,ML32A3HJ7JH005156,Car - Compact,Clean,No Issue,No Issue,No Open Recalls,No Issue,No Issue,No CPO Info Available,No Issue,,,,
2023,Mitsubishi,Outlander Sport ES,20998,19000,23 city/29 hwy,4-cyl,Gas,Four Wheel Drive,Automatic,Gray/Black,2 Owners,No flood or frame damage,No odometer problems,JA4ARUAUXPU015105,CUV - Compact,Clean,No Issue,No Issue,No Open Recalls,No Issue,No Issue,No CPO Info Available,No Issue,,,,
2021,Mitsubishi,Outlander Sport SE,17998,44000,24 city/30 hwy,4-cyl,Gas,Front Wheel Drive,Automatic,Red/Black,1 Owner,No flood or frame damage,No odometer problems,JA4APVAU6MU034175,CUV - Compact,Clean,No Issue,No Issue,No Open Recalls,No Issue,No Issue,No CPO Info Available,No Issue,,,,
2019,Mitsubishi,Mirage ES,13998,38000,36 city/43 hwy,3-cyl,Gas,Front Wheel Drive,Automatic,Blue/Black,3 Owners,No flood or frame damage,No odometer problems,ML32A3HJ1KH006692,Car - Compact,Clean,No Issue,No Issue,No Open Recalls,No Issue,No Issue,OEM-Certified,No Issue,,,,
2023,Mitsubishi,Outlander Sport LE,21998,23000,23 city/29 hwy,4-cyl,Gas,Four Wheel Drive,Automatic,Black/Black,1 Owner,No flood or frame damage,No odometer problems,JA4ARUAU5PU007705,CUV - Compact,Clean,No Issue,No Issue,No Open Recalls,No Issue,No Issue,No CPO Info Available,No Issue,,,,
2018,Mitsubishi,Mirage G4 ES,12998,44000,35 city/41 hwy,3-cyl,Gas,Front Wheel Drive,Automatic,Red/Black,2 Owners,No flood or frame damage,No odometer problems,ML32F3FJ5JHF04187,Car - Compact,Clean,No Issue,Damage Reported,No Open Recalls,No Issue,No Issue,No CPO Info Available,No Issue,,,,
2020,Mitsubishi,Outlander SEL,20998,45000,25 city/30 hwy,4-cyl,Gas,Front Wheel Drive,Automatic,White/Tan,2 Owners,No flood or frame damage,No odometer problems,JA4AD3A33LZ038724,CUV - Midsize,Clean,No Issue,No Issue,No Open Recalls,No Issue,No Issue,No CPO Info Available,No Issue,,,,
2023,Mitsubishi,Outlander SE,29998,10000,24 city/31 hwy,4-cyl,Gas,Front Wheel Drive,Automatic,White/Black,1 Owner,No flood or frame damage,No odometer problems,JA4J3UA80PZ017629,CUV - Midsize,Clean,No Issue,No Issue,2 Open Recall(s),No Issue,No Issue,No CPO Info Available,No Issue,,,,
2022,Mitsubishi,Outlander SEL,27998,47000,24 city/30 hwy,4-cyl,Gas,Four Wheel Drive,Automatic,Black/Black,1 Owner,No flood or frame damage,No odometer problems,JA4J4VA81NZ084885,CUV - Midsize,Clean,No Issue,Damage Reported,1 Open Recall(s),No Issue,No Issue,No CPO Info Available,No Issue,,,,
2023,Mitsubishi,Outlander ES,26998,16000,24 city/31 hwy,4-cyl,Gas,Front Wheel Drive,Automatic,White/Black,1 Owner,No flood or frame damage,No odometer problems,JA4J3TA83PZ046830,CUV - Midsize,Clean,No Issue,No Issue,No Open Recalls,No Issue,No Issue,No CPO Info Available,No Issue,,,,
2021,Mitsubishi,Outlander Sport SE,19998,50000,23 city/29 hwy,4-cyl,Gas,Four Wheel Drive,Automatic,Black/Black,1 Owner,No flood or frame damage,No odometer problems,JA4ARUAU8MU003434,CUV - Compact,Clean,No Issue,No Issue,No Open Recalls,No Issue,No Issue,No CPO Info Available,No Issue,,,,
2022,Mitsubishi,Mirage G4 ES,14998,54000,35 city/41 hwy,3-cyl,Gas,Front Wheel Drive,Automatic,White/Black,1 Owner,No flood or frame damage,No odometer problems,ML32FUFJ3NHF02661,Car - Compact,Clean,No Issue,No Issue,No Open Recalls,No Issue,No Issue,No CPO Info Available,No Issue,,,,
2020,Mitsubishi,Outlander SEL,17998,77000,25 city/30 hwy,4-cyl,Gas,Front Wheel Drive,Automatic,White/Black,2 Owners,No flood or frame damage,No odometer problems,JA4AD3A35LZ033671,CUV - Midsize,Clean,No Issue,No Issue,No Open Recalls,No Issue,No Issue,No CPO Info Available,No Issue,,,,
2018,Mitsubishi,Outlander SE,15998,86000,25 city/30 hwy,4-cyl,Gas,Front Wheel Drive,Automatic,Blue/Black,1 Owner,No flood or frame damage,No odometer problems,JA4AD3A37JZ064031,CUV - Midsize,Clean,No Issue,No Issue,1 Open Recall(s),No Issue,No Issue,No CPO Info Available,No Issue,,,,
2022,Mitsubishi,Outlander SEL,26998,45000,24 city/30 hwy,4-cyl,Gas,Four Wheel Drive,Automatic,Black/Black,1 Owner,No flood or frame damage,No odometer problems,JA4J4VA89NZ084519,CUV - Midsize,Clean,No Issue,No Issue,1 Open Recall(s),No Issue,No Issue,No CPO Info Available,No Issue,,,,
2019,Mitsubishi,Mirage LE,13998,43000,36 city/43 hwy,3-cyl,Gas,Front Wheel Drive,Automatic,Silver/Black,1 Owner,No flood or frame damage,No odometer problems,ML32A5HJ1KH015419,Car - Compact,Clean,No Issue,No Issue,No Open Recalls,No Issue,No Issue,No CPO Info Available,No Issue,,,,
2022,Mitsubishi,Outlander SEL,26998,37000,24 city/31 hwy,4-cyl,Gas,Front Wheel Drive,Automatic,White/Black,2 Owners,No flood or frame damage,No odometer problems,JA4J3VA88NZ061588,CUV - Midsize,Clean,No Issue,No Issue,3 Open Recall(s),No Issue,No Issue,No CPO Info Available,No Issue,,,,
2022,Mitsubishi,Outlander Sport LE,20998,38000,24 city/30 hwy,4-cyl,Gas,Front Wheel Drive,Automatic,Black/Black,1 Owner,No flood or frame damage,No odometer problems,JA4APUAU7NU007188,CUV - Compact,Clean,No Issue,No Issue,No Open Recalls,No Issue,No Issue,No CPO Info Available,No Issue,,,,
2021,Mitsubishi,Mirage G4 ES,13998,56000,35 city/41 hwy,3-cyl,Gas,Front Wheel Drive,Automatic,Silver/Black,2 Owners,No flood or frame damage,No odometer problems,ML32FUFJ2MHF04223,Car - Compact,Clean,No Issue,No Issue,No Open Recalls,No Issue,No Issue,No CPO Info Available,No Issue,,,,
2021,Mitsubishi,Mirage ES,13998,59000,36 city/43 hwy,3-cyl,Gas,Front Wheel Drive,Automatic,Burgundy/Black,2 Owners,No flood or frame damage,No odometer problems,ML32AUHJ6MH008253,Car - Compact,Clean,No Issue,Damage Reported,No Open Recalls,No Issue,No Issue,No CPO Info Available,No Issue,,,,
2022,Mitsubishi,Outlander SE,25998,21000,24 city/31 hwy,4-cyl,Gas,Front Wheel Drive,Automatic,Silver/Black,1 Owner,No flood or frame damage,No odometer problems,JA4J3UA85NZ011113,CUV - Midsize,Clean,No Issue,Damage Reported,No Open Recalls,No Issue,No Issue,No CPO Info Available,No Issue,,,,
2021,Mitsubishi,Outlander Sport ES,19998,32000,24 city/30 hwy,4-cyl,Gas,Front Wheel Drive,Automatic,White/Black,1 Owner,No flood or frame damage,No odometer problems,JA4APUAU5MU031925,CUV - Compact,Clean,No Issue,No Issue,1 Open Recall(s),No Issue,No Issue,No CPO Info Available,No Issue,,,,
2018,Mitsubishi,Outlander Sport ES,13998,100000,24 city/30 hwy,4-cyl,Gas,Front Wheel Drive,Automatic,Brown/Black,2 Owners,No flood or frame damage,No odometer problems,JA4AP3AU4JU012532,CUV - Compact,Clean,No Issue,No Issue,No Open Recalls,No Issue,No Issue,No CPO Info Available,No Issue,,,,
2017,Mitsubishi,Outlander GT,14998,113000,20 city/27 hwy,6-cyl,Gas,Four Wheel Drive,Automatic,White/Black,2 Owners,No flood or frame damage,No odometer problems,JA4JZ4AX6HZ045765,CUV - Midsize,Clean,No Issue,No Issue,No Open Recalls,No Issue,No Issue,No CPO Info Available,No Issue,,,,
2023,Mitsubishi,Outlander SEL,29998,16000,24 city/31 hwy,4-cyl,Gas,Front Wheel Drive,Automatic,Gray/Black,1 Owner,No flood or frame damage,No odometer problems,JA4J3VA82PZ036513,CUV - Midsize,Clean,No Issue,No Issue,No Open Recalls,No Issue,No Issue,No CPO Info Available,No Issue,,,,
2018,Mitsubishi,Mirage SE,10998,114000,37 city/43 hwy,3-cyl,Gas,Front Wheel Drive,Automatic,Blue/Black,1 Owner,No flood or frame damage,No odometer problems,ML32A4HJ2JH011632,Car - Compact,Clean,No Issue,Damage Reported,No Open Recalls,No Issue,No Issue,No CPO Info Available,No Issue,,,,
2018,Mitsubishi,Outlander Plug in Hybrid SEL,19998,45000,,4-cyl,Plug-in Hybrid,Four Wheel Drive,,Red/Brown,3 Owners,No flood or frame damage,No odometer problems,JA4J24A52JZ059574,CUV - Midsize,Clean,No Issue,Minor,No Open Recalls,No Issue,No Issue,No CPO Info Available,No Issue,78 city/70 hwy,22 miles,3.5 hours,
2023,Mitsubishi,Mirage G4 LE,16998,11000,35 city/41 hwy,3-cyl,Gas,Front Wheel Drive,Automatic,Pearl/Black,1 Owner,No flood or frame damage,No odometer problems,ML32FUFJ0PHF00773,Car - Compact,Clean,No Issue,No Issue,No Open Recalls,No Issue,No Issue,No CPO Info Available,No Issue,,,,
2020,Mitsubishi,Eclipse Cross SE,18998,70000,25 city/26 hwy,4-cyl,Turbo Gas,Four Wheel Drive,Automatic,Black/Black,2 Owners,No flood or frame damage,No odometer problems,JA4AT5AA2LZ001712,CUV - Compact,Clean,No Issue,No Issue,No Open Recalls,No Issue,No Issue,No CPO Info Available,No Issue,,,,
2024,Mitsubishi,Outlander SE Black Edition,29998,11000,24 city/31 hwy,4-cyl,Gas,Front Wheel Drive,Automatic,Silver/Black,1 Owner,No flood or frame damage,No odometer problems,JA4J3VA80RZ011368,CUV - Midsize,Clean,No Issue,No Issue,No Open Recalls,No Issue,No Issue,No CPO Info Available,No Issue,,,,
2022,Mitsubishi,Mirage G4 LE,14998,31000,35 city/41 hwy,3-cyl,Gas,Front Wheel Drive,Automatic,Gray/Gray,2 Owners,No flood or frame damage,No odometer problems,ML32FUFJ5NHF06288,Car - Compact,Clean,No Issue,No Issue,No Open Recalls,No Issue,No Issue,No CPO Info Available,No Issue,,,,
2023,Mitsubishi,Outlander Plug in Hybrid SEL,33998,21000,,4-cyl,Plug-in Hybrid,Four Wheel Drive,,Black/Black,2 Owners,No flood or frame damage,No odometer problems,JA4T5VA93PZ030523,CUV - Midsize,Clean,No Issue,No Issue,No Open Recalls,No Issue,No Issue,No CPO Info Available,No Issue,67 city/61 hwy,38 miles,6.5 hours,
2022,Mitsubishi,Outlander SE,25998,29000,24 city/30 hwy,4-cyl,Gas,Four Wheel Drive,Automatic,Blue/Black,1 Owner,No flood or frame damage,No odometer problems,JA4J4UA8XNZ079257,CUV - Midsize,Clean,No Issue,No Issue,4 Open Recall(s),No Issue,No Issue,No CPO Info Available,No Issue,,,,
2021,Mitsubishi,Outlander Sport SE,17998,45000,24 city/30 hwy,4-cyl,Gas,Front Wheel Drive,Automatic,Black/Black,1 Owner,No flood or frame damage,No odometer problems,JA4APVAU1MU029983,CUV - Compact,Clean,No Issue,No Issue,No Open Recalls,No Issue,No Issue,No CPO Info Available,No Issue,,,,
2023,Mitsubishi,Outlander Plug in Hybrid SEL,32998,26000,,4-cyl,Plug-in Hybrid,Four Wheel Drive,,Black/Black,2 Owners,No flood or frame damage,No odometer problems,JA4T5VA92PZ037530,CUV - Midsize,Clean,No Issue,No Issue,No Open Recalls,No Issue,No Issue,No CPO Info Available,No Issue,67 city/61 hwy,38 miles,6.5 hours,
2021,Mitsubishi,Outlander Sport SE,18998,46000,24 city/30 hwy,4-cyl,Gas,Front Wheel Drive,Automatic,Silver/Black,1 Owner,No flood or frame damage,No odometer problems,JA4APVAU9MU029486,CUV - Compact,Clean,No Issue,No Issue,No Open Recalls,No Issue,No Issue,No CPO Info Available,No Issue,,,,
2019,Mitsubishi,Eclipse Cross SEL,19998,46000,25 city/26 hwy,4-cyl,Turbo Gas,Four Wheel Drive,Automatic,Red/Black,2 Owners,No flood or frame damage,No odometer problems,JA4AT5AA5KZ011312,CUV - Compact,Clean,No Issue,No Issue,No Open Recalls,No Issue,No Issue,No CPO Info Available,No Issue,,,,
2020,Mitsubishi,Outlander ES,19998,34000,24 city/29 hwy,4-cyl,Gas,Four Wheel Drive,Automatic,Blue/Black,1 Owner,No flood or frame damage,No odometer problems,JA4AZ3A33LZ047179,CUV - Midsize,Clean,No Issue,Minor,No Open Recalls,No Issue,No Issue,No CPO Info Available,No Issue,,,,
2022,Mitsubishi,Outlander SE Launch Edition,25998,49000,24 city/30 hwy,4-cyl,Gas,Four Wheel Drive,Automatic,White/Black,2 Owners,No flood or frame damage,No odometer problems,JA4J4UA82NZ009557,CUV - Midsize,Clean,No Issue,No Issue,3 Open Recall(s),No Issue,No Issue,No CPO Info Available,No Issue,,,,
2020,Mitsubishi,Mirage G4 ES,14998,51000,35 city/41 hwy,3-cyl,Gas,Front Wheel Drive,Automatic,White/Black,1 Owner,No flood or frame damage,No odometer problems,ML32F3FJ7LHF03660,Car - Compact,Clean,No Issue,No Issue,No Open Recalls,No Issue,No Issue,No CPO Info Available,No Issue,,,,
2022,Mitsubishi,Mirage ES,16998,10000,36 city/43 hwy,3-cyl,Gas,Front Wheel Drive,Automatic,Black/Black,1 Owner,No flood or frame damage,No odometer problems,ML32AUHJ3NH009250,Car - Compact,Clean,No Issue,No Issue,No Open Recalls,No Issue,No Issue,No CPO Info Available,No Issue,,,,
2018,Mitsubishi,Mirage GT,15998,12000,37 city/43 hwy,3-cyl,Gas,Front Wheel Drive,Automatic,Burgundy/Black,3 Owners,No flood or frame damage,No odometer problems,ML32A5HJ9JH007812,Car - Compact,Clean,No Issue,No Issue,No Open Recalls,No Issue,No Issue,No CPO Info Available,No Issue,,,,
2022,Mitsubishi,Outlander SE,28998,27000,24 city/30 hwy,4-cyl,Gas,Four Wheel Drive,Automatic,White/White,1 Owner,No flood or frame damage,No odometer problems,JA4J4UA81NZ021148,CUV - Midsize,Clean,No Issue,No Issue,4 Open Recall(s),No Issue,No Issue,No CPO Info Available,No Issue,,,,
2022,Mitsubishi,Outlander SE,26998,28000,24 city/30 hwy,4-cyl,Gas,Four Wheel Drive,Automatic,Silver/Black,1 Owner,No flood or frame damage,No odometer problems,JA4J4UA89NZ085972,CUV - Midsize,Clean,No Issue,Damage Reported,No Open Recalls,No Issue,No Issue,No CPO Info Available,No Issue,,,,
2016,Mitsubishi,Outlander SE,12599,122000,25 city/31 hwy,4-cyl,Gas,Front Wheel Drive,Automatic,Silver/Black,3 Owners,No flood or frame damage,No odometer problems,JA4AD3A30GZ003659,CUV - Midsize,Clean,No Issue,Minor,4 Open Recall(s),No Issue,No Issue,No CPO Info Available,No Issue,,,,
2022,Mitsubishi,Outlander SE,23998,49000,24 city/31 hwy,4-cyl,Gas,Front Wheel Drive,Automatic,Blue/Black,1 Owner,No flood or frame damage,No odometer problems,JA4J3UA88NZ025233,CUV - Midsize,Clean,No Issue,No Issue,No Open Recalls,No Issue,No Issue,No CPO Info Available,No Issue,,,,
2021,Mitsubishi,Outlander Sport S,17998,58000,24 city/30 hwy,4-cyl,Gas,Front Wheel Drive,Automatic,Black/Black,3 Owners,No flood or frame damage,No odometer problems,JA4APUAUXMU022413,CUV - Compact,Clean,No Issue,No Issue,No Open Recalls,No Issue,No Issue,No CPO Info Available,No Issue,,,,
2023,Mitsubishi,Outlander SEL Black Edition,32998,14000,24 city/31 hwy,4-cyl,Gas,Front Wheel Drive,Automatic,Gray/Black,1 Owner,No flood or frame damage,No odometer problems,JA4J3VA88PZ015648,CUV - Midsize,Clean,No Issue,No Issue,No Open Recalls,No Issue,No Issue,No CPO Info Available,No Issue,,,,
2021,Mitsubishi,Mirage Carbonite Edition,14998,36000,36 city/43 hwy,3-cyl,Gas,Front Wheel Drive,Automatic,Yellow/Gray,2 Owners,No flood or frame damage,No odometer problems,ML32AUHJ1MH006572,Car - Compact,Clean,No Issue,No Issue,No Open Recalls,No Issue,No Issue,No CPO Info Available,No Issue,,,,
2020,Mitsubishi,Outlander ES,17998,52000,25 city/30 hwy,4-cyl,Gas,Front Wheel Drive,Automatic,Silver/Black,1 Owner,No flood or frame damage,No odometer problems,JA4AD2A3XLZ047270,CUV - Midsize,Clean,No Issue,No Issue,No Open Recalls,No Issue,No Issue,No CPO Info Available,No Issue,,,,
2023,Mitsubishi,Outlander Sport S,22998,5000,23 city/29 hwy,4-cyl,Gas,Front Wheel Drive,Automatic,Black/Black,1 Owner,No flood or frame damage,No odometer problems,JA4ARUAU4PU014516,CUV - Compact,Clean,No Issue,No Issue,No Open Recalls,No Issue,No Issue,No CPO Info Available,No Issue,,,,
2022,Mitsubishi,Outlander Black Edition,30998,11000,24 city/30 hwy,4-cyl,Gas,Four Wheel Drive,Automatic,Gray/Black,1 Owner,No flood or frame damage,No odometer problems,JA4J4UA87NZ070208,CUV - Midsize,Clean,No Issue,No Issue,No Open Recalls,No Issue,No Issue,No CPO Info Available,No Issue,,,,
2022,Mitsubishi,Eclipse Cross SE,23998,4000,25 city/28 hwy,4-cyl,Turbo Gas,Front Wheel Drive,Automatic,Blue/Black,1 Owner,No flood or frame damage,No odometer problems,JA4ASWAA4NZ056271,CUV - Compact,Clean,No Issue,No Issue,No Open Recalls,No Issue,No Issue,No CPO Info Available,No Issue,,,,
2018,Mitsubishi,Outlander LE,14998,98000,25 city/30 hwy,4-cyl,Gas,Front Wheel Drive,Automatic,Blue/Black,3 Owners,No flood or frame damage,No odometer problems,JA4AD3A38JZ047948,CUV - Midsize,Clean,No Issue,No Issue,No Open Recalls,No Issue,No Issue,No CPO Info Available,No Issue,,,,
2022,Mitsubishi,Outlander SE,23998,49000,24 city/31 hwy,4-cyl,Gas,Front Wheel Drive,Automatic,Gray/Black,1 Owner,No flood or frame damage,No odometer problems,JA4J3UA86NZ012187,CUV - Midsize,Clean,No Issue,No Issue,No Open Recalls,No Issue,No Issue,No CPO Info Available,No Issue,,,,
2022,Mitsubishi,Outlander Black Edition,26998,29000,24 city/31 hwy,4-cyl,Gas,Front Wheel Drive,Automatic,Black/Black,2 Owners,No flood or frame damage,No odometer problems,JA4J3UA8XNZ073123,CUV - Midsize,Clean,No Issue,No Issue,No Open Recalls,No Issue,No Issue,No CPO Info Available,No Issue,,,,
2023,Mitsubishi,Outlander Sport ES,22998,12000,23 city/29 hwy,4-cyl,Gas,Four Wheel Drive,Automatic,Gray/Black,1 Owner,No flood or frame damage,No odometer problems,JA4ARUAU6PU002514,CUV - Compact,Clean,No Issue,No Issue,No Open Recalls,No Issue,No Issue,No CPO Info Available,No Issue,,,,
2019,Mitsubishi,Mirage ES,13998,25000,36 city/43 hwy,3-cyl,Gas,Front Wheel Drive,Automatic,Silver/Gray,2 Owners,No flood or frame damage,No odometer problems,ML32A3HJ4KH011594,Car - Compact,Clean,No Issue,No Issue,No Open Recalls,No Issue,No Issue,No CPO Info Available,No Issue,,,,
2022,Mitsubishi,Eclipse Cross SE,23998,27000,25 city/26 hwy,4-cyl,Turbo Gas,Four Wheel Drive,Automatic,Silver/Black,3 Owners,No flood or frame damage,No odometer problems,JA4ATWAA9NZ066081,CUV - Compact,Clean,No Issue,No Issue,No Open Recalls,No Issue,No Issue,No CPO Info Available,No Issue,,,,
2020,Mitsubishi,Outlander Sport SE,18998,60000,23 city/29 hwy,4-cyl,Gas,Four Wheel Drive,Automatic,Silver/Black,2 Owners,No flood or frame damage,No odometer problems,JA4AR3AU8LU021490,CUV - Compact,Clean,No Issue,No Issue,No Open Recalls,No Issue,No Issue,No CPO Info Available,No Issue,,,,
2019,Mitsubishi,Eclipse Cross LE,18998,54000,25 city/26 hwy,4-cyl,Turbo Gas,Four Wheel Drive,Automatic,Blue/Black,1 Owner,No flood or frame damage,No odometer problems,JA4AT4AA8KZ023352,CUV - Compact,Clean,No Issue,Moderate,No Open Recalls,No Issue,No Issue,No CPO Info Available,No Issue,,,,
2022,Mitsubishi,Mirage ES,15998,35000,36 city/43 hwy,3-cyl,Gas,Front Wheel Drive,Automatic,Gray/Black,1 Owner,No flood or frame damage,No odometer problems,ML32AUHJ8NH007445,Car - Compact,Clean,No Issue,No Issue,No Open Recalls,No Issue,No Issue,No CPO Info Available,No Issue,,,,
2020,Mitsubishi,Eclipse Cross SP,16998,73000,25 city/28 hwy,4-cyl,Turbo Gas,Front Wheel Drive,Automatic,Red/Black,1 Owner,No flood or frame damage,No odometer problems,JA4AS4AA5LZ010773,CUV - Compact,Clean,No Issue,Minor,No Open Recalls,No Issue,No Issue,No CPO Info Available,No Issue,,,,
2023,Mitsubishi,Outlander Plug in Hybrid SEL,37998,8000,,4-cyl,Plug-in Hybrid,Four Wheel Drive,,White/Black,1 Owner,No flood or frame damage,No odometer problems,JA4T5VA91PZ048387,CUV - Midsize,Clean,No Issue,No Issue,No Open Recalls,No Issue,No Issue,No CPO Info Available,No Issue,67 city/61 hwy,38 miles,6.5 hours,
2022,Mitsubishi,Outlander SE,26998,17000,24 city/31 hwy,4-cyl,Gas,Front Wheel Drive,Automatic,Silver/Black,1 Owner,No flood or frame damage,No odometer problems,JA4J3UA81NZ087802,CUV - Midsize,Clean,No Issue,Damage Reported,1 Open Recall(s),No Issue,No Issue,No CPO Info Available,No Issue,,,,
2016,Mitsubishi,Outlander SEL,14599,92000,25 city/31 hwy,4-cyl,Gas,Front Wheel Drive,Automatic,White/Tan,2 Owners,No flood or frame damage,No odometer problems,JA4AD3A39GZ064976,CUV - Midsize,Clean,No Issue,No Issue,No Open Recalls,No Issue,No Issue,No CPO Info Available,No Issue,,,,
2020,Mitsubishi,Outlander ES,15998,91000,25 city/30 hwy,4-cyl,Gas,Front Wheel Drive,Automatic,Silver/Black,1 Owner,No flood or frame damage,No odometer problems,JA4AD2A3XLZ046216,CUV - Midsize,Clean,No Issue,No Issue,No Open Recalls,No Issue,No Issue,No CPO Info Available,No Issue,,,,
2023,Mitsubishi,Outlander Plug in Hybrid SEL,34998,13000,,4-cyl,Plug-in Hybrid,Four Wheel Drive,,Silver/Black,1 Owner,No flood or frame damage,No odometer problems,JA4T5VA97PZ050581,CUV - Midsize,Clean,No Issue,No Issue,No Open Recalls,No Issue,No Issue,No CPO Info Available,No Issue,67 city/61 hwy,38 miles,6.5 hours,
2021,Mitsubishi,Mirage ES,14599,45000,36 city/43 hwy,3-cyl,Gas,Front Wheel Drive,Automatic,Yellow/Black,2 Owners,No flood or frame damage,No odometer problems,ML32AUHJ5MH002136,Car - Compact,Clean,No Issue,No Issue,No Open Recalls,No Issue,No Issue,No CPO Info Available,No Issue,,,,
2021,Mitsubishi,Outlander Sport S,18998,34000,24 city/30 hwy,4-cyl,Gas,Front Wheel Drive,Automatic,Orange/Black,1 Owner,No flood or frame damage,No odometer problems,JA4APUAU4MU001847,CUV - Compact,Clean,No Issue,Minor,1 Open Recall(s),No Issue,No Issue,No CPO Info Available,No Issue,,,,
2023,Mitsubishi,Outlander SEL,31998,5000,24 city/31 hwy,4-cyl,Gas,Front Wheel Drive,Automatic,White/Black,1 Owner,No flood or frame damage,No odometer problems,JA4J3VA85PZ010505,CUV - Midsize,Clean,No Issue,No Issue,No Open Recalls,No Issue,No Issue,No CPO Info Available,No Issue,,,,
2018,Mitsubishi,Outlander Sport SE,15998,29000,23 city/29 hwy,4-cyl,Gas,Front Wheel Drive,Automatic,Red/Black,1 Owner,No flood or frame damage,No odometer problems,JA4AP3AW7JU004846,CUV - Compact,Clean,No Issue,Damage Reported,No Open Recalls,No Issue,No Issue,No CPO Info Available,No Issue,,,,
2023,Mitsubishi,Outlander SE,29998,18000,24 city/31 hwy,4-cyl,Gas,Front Wheel Drive,Automatic,White/Black,1 Owner,No flood or frame damage,No odometer problems,JA4J3UA80PZ048332,CUV - Midsize,Clean,No Issue,Damage Reported,No Open Recalls,No Issue,No Issue,No CPO Info Available,No Issue,,,,
2019,Mitsubishi,Mirage ES,14998,36000,36 city/43 hwy,3-cyl,Gas,Front Wheel Drive,Automatic,Blue/Black,2 Owners,No flood or frame damage,No odometer problems,ML32A3HJ5KH000863,Car - Compact,Clean,No Issue,No Issue,No Open Recalls,No Issue,No Issue,No CPO Info Available,No Issue,,,,
2023,Mitsubishi,Outlander SE,30998,8000,24 city/31 hwy,4-cyl,Gas,Front Wheel Drive,Automatic,Gray/Black,1 Owner,No flood or frame damage,No odometer problems,JA4J3UA87PZ049428,CUV - Midsize,Clean,No Issue,No Issue,No Open Recalls,No Issue,No Issue,No CPO Info Available,No Issue,,,,
2023,Mitsubishi,Outlander Sport Ralliart,24998,21000,23 city/29 hwy,4-cyl,Gas,Four Wheel Drive,Automatic,White/Black,1 Owner,No flood or frame damage,No odometer problems,JA4ARUAU7PU009584,CUV - Compact,Clean,No Issue,No Issue,No Open Recalls,No Issue,No Issue,No CPO Info Available,No Issue,,,,
2024,Mitsubishi,Outlander SE,29998,4000,24 city/31 hwy,4-cyl,Gas,Front Wheel Drive,Automatic,Black/Black,1 Owner,No flood or frame damage,No odometer problems,JA4J3VA84RZ015357,CUV - Midsize,Clean,No Issue,No Issue,No Open Recalls,No Issue,No Issue,No CPO Info Available,No Issue,,,,
2020,Mitsubishi,Outlander Sport SP,17998,52000,24 city/30 hwy,4-cyl,Gas,Front Wheel Drive,Automatic,Silver/Black,3 Owners,No flood or frame damage,No odometer problems,JA4AP3AU0LU021067,CUV - Compact,Clean,No Issue,No Issue,No Open Recalls,No Issue,No Issue,No CPO Info Available,No Issue,,,,
2023,Mitsubishi,Outlander SE Special Edition,28998,11000,24 city/31 hwy,4-cyl,Gas,Front Wheel Drive,Automatic,Gray/Black,1 Owner,No flood or frame damage,No odometer problems,JA4J3UA84PZ017181,CUV - Midsize,Clean,No Issue,No Issue,2 Open Recall(s),No Issue,No Issue,No CPO Info Available,No Issue,,,,
2023,Mitsubishi,Outlander SEL Black Edition,31998,17000,24 city/31 hwy,4-cyl,Gas,Front Wheel Drive,Automatic,Silver/Black,1 Owner,No flood or frame damage,No odometer problems,JA4J3VA81PZ044828,CUV - Midsize,Clean,No Issue,Damage Reported,No Open Recalls,No Issue,No Issue,No CPO Info Available,No Issue,,,,
2019,Mitsubishi,Mirage SE,13998,66000,36 city/43 hwy,3-cyl,Gas,Front Wheel Drive,Automatic,White/Black,1 Owner,No flood or frame damage,No odometer problems,ML32A4HJ2KH006254,Car - Compact,Clean,No Issue,No Issue,No Open Recalls,No Issue,No Issue,No CPO Info Available,No Issue,,,,
2018,Mitsubishi,Outlander Sport LE,16998,34000,24 city/30 hwy,4-cyl,Gas,Front Wheel Drive,Automatic,White/Black,2 Owners,No flood or frame damage,No odometer problems,JA4AP3AU1JZ022311,CUV - Compact,Clean,No Issue,No Issue,No Open Recalls,No Issue,No Issue,No CPO Info Available,No Issue,,,,
2020,Mitsubishi,Mirage G4 ES,13998,51000,35 city/41 hwy,3-cyl,Gas,Front Wheel Drive,Automatic,Blue/Black,2 Owners,No flood or frame damage,No odometer problems,ML32F3FJ1LHF07865,Car - Compact,Clean,No Issue,No Issue,No Open Recalls,No Issue,No Issue,No CPO Info Available,No Issue,,,,
2022,Mitsubishi,Outlander SEL,25998,27000,24 city/31 hwy,4-cyl,Gas,Front Wheel Drive,Automatic,Red/Black,1 Owner,No flood or frame damage,No odometer problems,JA4J3VA84NZ073298,CUV - Midsize,Clean,No Issue,No Issue,No Open Recalls,No Issue,No Issue,No CPO Info Available,No Issue,,,,
2019,Mitsubishi,Outlander SEL,16998,92000,24 city/29 hwy,4-cyl,Gas,Four Wheel Drive,Automatic,Silver/Black,2 Owners,No flood or frame damage,No odometer problems,JA4AZ3A31KZ027608,CUV - Midsize,Clean,No Issue,No Issue,1 Open Recall(s),No Issue,No Issue,No CPO Info Available,No Issue,,,,
2020,Mitsubishi,Mirage ES,13599,40000,36 city/43 hwy,3-cyl,Gas,Front Wheel Drive,Automatic,Silver/Black,2 Owners,No flood or frame damage,No odometer problems,ML32A3HJ5LH005112,Car - Compact,Clean,No Issue,No Issue,No Open Recalls,No Issue,No Issue,No CPO Info Available,No Issue,,,,
2023,Mitsubishi,Outlander Plug in Hybrid SE,30998,32000,,4-cyl,Plug-in Hybrid,Four Wheel Drive,,Tan/Black,1 Owner,No flood or frame damage,No odometer problems,JA4T5UA93PZ028345,CUV - Midsize,Clean,No Issue,No Issue,No Open Recalls,No Issue,No Issue,No CPO Info Available,No Issue,67 city/61 hwy,38 miles,6.5 hours,
2019,Mitsubishi,Outlander SEL,18998,56000,25 city/30 hwy,4-cyl,Gas,Front Wheel Drive,Automatic,Silver/Black,3 Owners,No flood or frame damage,No odometer problems,JA4AD3A31KZ028384,CUV - Midsize,Clean,No Issue,No Issue,No Open Recalls,No Issue,No Issue,No CPO Info Available,No Issue,,,,
2020,Mitsubishi,Mirage ES,13998,56000,36 city/43 hwy,3-cyl,Gas,Front Wheel Drive,Automatic,White/Black,1 Owner,No flood or frame damage,No odometer problems,ML32A3HJ6LH011100,Car - Compact,Clean,No Issue,No Issue,No Open Recalls,No Issue,No Issue,No CPO Info Available,No Issue,,,,
2019,Mitsubishi,Outlander Sport SP,19998,16000,23 city/29 hwy,4-cyl,Gas,Four Wheel Drive,Automatic,White/Black,1 Owner,No flood or frame damage,No odometer problems,JA4AR3AU8KU010889,CUV - Compact,Clean,No Issue,No Issue,No Open Recalls,No Issue,No Issue,No CPO Info Available,No Issue,,,,
2022,Mitsubishi,Outlander ES,24998,30000,24 city/31 hwy,4-cyl,Gas,Front Wheel Drive,Automatic,White/Black,1 Owner,No flood or frame damage,No odometer problems,JA4J3TA81NZ026234,CUV - Midsize,Clean,No Issue,No Issue,No Open Recalls,No Issue,No Issue,No CPO Info Available,No Issue,,,,
2018,Mitsubishi,Eclipse Cross SEL,17998,52000,25 city/26 hwy,4-cyl,Turbo Gas,Four Wheel Drive,Automatic,Black/Black,3 Owners,No flood or frame damage,No odometer problems,JA4AT5AA9JZ048040,CUV - Compact,Clean,No Issue,Damage Reported,No Open Recalls,No Issue,No Issue,No CPO Info Available,No Issue,,,,
2022,Mitsubishi,Outlander Sport SE Special Edition,23998,8000,24 city/30 hwy,4-cyl,Gas,Front Wheel Drive,Automatic,White/Black,1 Owner,No flood or frame damage,No odometer problems,JA4APUAU2NU020866,CUV - Compact,Clean,No Issue,No Issue,No Open Recalls,No Issue,No Issue,No CPO Info Available,No Issue,,,,
2021,Mitsubishi,Mirage LE,16998,16000,36 city/43 hwy,3-cyl,Gas,Front Wheel Drive,Automatic,White/Black,1 Owner,No flood or frame damage,No odometer problems,ML32AUHJ3MH008548,Car - Compact,Clean,No Issue,No Issue,No Open Recalls,No Issue,No Issue,No CPO Info Available,No Issue,,,,
2021,Mitsubishi,Mirage G4 ES,15998,31000,35 city/41 hwy,3-cyl,Gas,Front Wheel Drive,Automatic,Black/Black,1 Owner,No flood or frame damage,No odometer problems,ML32FUFJ0MHF07332,Car - Compact,Clean,No Issue,No Issue,No Open Recalls,No Issue,No Issue,No CPO Info Available,No Issue,,,,
2020,Mitsubishi,Mirage ES,14998,36000,36 city/43 hwy,3-cyl,Gas,Front Wheel Drive,Automatic,Black/Black,2 Owners,No flood or frame damage,No odometer problems,ML32A3HJ8LH006741,Car - Compact,Clean,No Issue,No Issue,No Open Recalls,No Issue,No Issue,No CPO Info Available,No Issue,,,,
2016,Mitsubishi,i-MIEV ES,10599,46000,,,,Rear Wheel Drive,,Black/Black,2 Owners,No flood or frame damage,No odometer problems,JA3215H48GU000274,Car - Subcompact,Clean,No Issue,No Issue,No Open Recalls,No Issue,No Issue,No CPO Info Available,No Issue,126 city/99 hwy,62 miles,,Electric
2015,Mitsubishi,Lancer ES,14998,63000,26 city/34 hwy,4-cyl,Gas,Front Wheel Drive,Automatic,Gray/Gray,2 Owners,No flood or frame damage,No odometer problems,JA32U1FU2FU026855,Car - Compact,Clean,No Issue,No Issue,No Open Recalls,No Issue,No Issue,No CPO Info Available,No Issue,,,,
2013,Mitsubishi,Outlander Sport ES,13599,85000,25 city/31 hwy,4-cyl,Gas,Front Wheel Drive,Automatic,Blue/Black,3 Owners,No flood or frame damage,No odometer problems,4A4AP3AU2DE020867,CUV - Compact,Clean,No Issue,No Issue,No Open Recalls,No Issue,No Issue,No CPO Info Available,No Issue,,,,
2019,Mitsubishi,Outlander SEL,20998,39000,25 city/30 hwy,4-cyl,Gas,Front Wheel Drive,Automatic,Black/Tan,1 Owner,No flood or frame damage,No odometer problems,JA4AD3A31KZ010113,CUV - Midsize,Clean,No Issue,Minor,No Open Recalls,No Issue,No Issue,No CPO Info Available,No Issue,,,,
2020,Mitsubishi,Outlander SEL,21998,51000,24 city/29 hwy,4-cyl,Gas,Four Wheel Drive,Automatic,Silver/Black,3 Owners,No flood or frame damage,No odometer problems,JA4AZ3A37LZ026903,CUV - Midsize,Clean,No Issue,No Issue,No Open Recalls,No Issue,No Issue,No CPO Info Available,No Issue,,,,
2022,Mitsubishi,Outlander SE,26998,4000,24 city/31 hwy,4-cyl,Gas,Front Wheel Drive,Automatic,Gray/Black,1 Owner,No flood or frame damage,No odometer problems,JA4J3UA88NZ090731,CUV - Midsize,Clean,No Issue,No Issue,3 Open Recall(s),No Issue,No Issue,No CPO Info Available,No Issue,,,,
2020,Mitsubishi,Mirage ES,12599,76000,36 city/43 hwy,3-cyl,Gas,Front Wheel Drive,Automatic,Orange/Black,2 Owners,No flood or frame damage,No odometer problems,ML32A3HJ3LH010356,Car - Compact,Clean,No Issue,Moderate,No Open Recalls,No Issue,No Issue,No CPO Info Available,No Issue,,,,
2022,Mitsubishi,Mirage G4 ES,15998,6000,35 city/41 hwy,3-cyl,Gas,Front Wheel Drive,Automatic,Gray/Black,1 Owner,No flood or frame damage,No odometer problems,ML32FUFJ3NHF07293,Car - Compact,Clean,No Issue,No Issue,No Open Recalls,No Issue,No Issue,No CPO Info Available,No Issue,,,,
2021,Mitsubishi,Mirage G4 Carbonite Edition,15998,35000,35 city/41 hwy,3-cyl,Gas,Front Wheel Drive,Automatic,White/Black,1 Owner,No flood or frame damage,No odometer problems,ML32FUFJ7MHF04105,Car - Compact,Clean,No Issue,No Issue,No Open Recalls,No Issue,No Issue,No CPO Info Available,No Issue,,,,
2019,Mitsubishi,Eclipse Cross LE,17998,76000,25 city/26 hwy,4-cyl,Turbo Gas,Four Wheel Drive,Automatic,Silver/Black,2 Owners,No flood or frame damage,No odometer problems,JA4AT4AA1KZ051994,CUV - Compact,Clean,No Issue,No Issue,No Open Recalls,No Issue,No Issue,No CPO Info Available,No Issue,,,,
2023,Mitsubishi,Outlander SEL Black Edition,32998,17000,24 city/30 hwy,4-cyl,Gas,Four Wheel Drive,Automatic,Gray/Black,2 Owners,No flood or frame damage,No odometer problems,JA4J4VA83PZ049039,CUV - Midsize,Clean,No Issue,No Issue,No Open Recalls,No Issue,No Issue,No CPO Info Available,No Issue,,,,
2021,Mitsubishi,Mirage G4 ES,14599,44000,35 city/41 hwy,3-cyl,Gas,Front Wheel Drive,Automatic,Black/Black,2 Owners,No flood or frame damage,No odometer problems,ML32FUFJ6MHF03673,Car - Compact,Clean,No Issue,No Issue,No Open Recalls,No Issue,No Issue,No CPO Info Available,No Issue,,,,
2023,Mitsubishi,Outlander SE Special Edition,28998,24000,24 city/31 hwy,4-cyl,Gas,Front Wheel Drive,Automatic,Silver/Black,1 Owner,No flood or frame damage,No odometer problems,JA4J3UA87PZ022665,CUV - Midsize,Clean,No Issue,No Issue,No Open Recalls,No Issue,No Issue,No CPO Info Available,No Issue,,,,
2023,Mitsubishi,Outlander SE,30998,7000,24 city/31 hwy,4-cyl,Gas,Front Wheel Drive,Automatic,Black/Black,1 Owner,No flood or frame damage,No odometer problems,JA4J3UA83PZ054674,CUV - Midsize,Clean,No Issue,No Issue,No Open Recalls,No Issue,No Issue,No CPO Info Available,No Issue,,,,
2016,Mitsubishi,Outlander SE,13599,91000,25 city/31 hwy,4-cyl,Gas,Front Wheel Drive,Automatic,Silver/Black,2 Owners,No flood or frame damage,No odometer problems,JA4AD3A37GZ016912,CUV - Midsize,Clean,No Issue,No Issue,1 Open Recall(s),No Issue,No Issue,No CPO Info Available,No Issue,,,,
2021,Mitsubishi,Outlander Sport ES,20998,28000,24 city/30 hwy,4-cyl,Gas,Front Wheel Drive,Automatic,White/Gray,2 Owners,No flood or frame damage,No odometer problems,JA4APUAU6MU023767,CUV - Compact,Clean,No Issue,No Issue,No Open Recalls,No Issue,No Issue,No CPO Info Available,No Issue,,,,
2014,Mitsubishi,Outlander SE,13998,81000,25 city/31 hwy,4-cyl,Gas,Front Wheel Drive,Automatic,Orange/Black,3 Owners,No flood or frame damage,No odometer problems,JA4AD3A36EZ018616,CUV - Midsize,Clean,No Issue,No Issue,No Open Recalls,No Issue,No Issue,No CPO Info Available,No Issue,,,,
2019,Mitsubishi,Outlander Sport LE,19998,22000,23 city/29 hwy,4-cyl,Gas,Four Wheel Drive,Automatic,Silver/Black,1 Owner,No flood or frame damage,No odometer problems,JA4AR3AUXKU030013,CUV - Compact,Clean,No Issue,No Issue,No Open Recalls,No Issue,No Issue,No CPO Info Available,No Issue,,,,
2016,Mitsubishi,Outlander SE,14998,89000,24 city/29 hwy,4-cyl,Gas,Four Wheel Drive,Automatic,Blue/Black,2 Owners,No flood or frame damage,No odometer problems,JA4AZ3A32GZ036499,CUV - Midsize,Clean,No Issue,Minor,No Open Recalls,No Issue,No Issue,No CPO Info Available,No Issue,,,,
2017,Mitsubishi,Lancer ES,15998,59000,27 city/34 hwy,4-cyl,Gas,Front Wheel Drive,Automatic,Red/Black,1 Owner,No flood or frame damage,No odometer problems,JA32U2FUXHU008869,Car - Compact,Clean,No Issue,Minor,No Open Recalls,No Issue,No Issue,No CPO Info Available,No Issue,,,,
2021,Mitsubishi,Outlander Sport LE,18998,46000,24 city/30 hwy,4-cyl,Gas,Front Wheel Drive,Automatic,Blue/Black,3 Owners,No flood or frame damage,No odometer problems,JA4APUAU8MU028646,CUV - Compact,Clean,No Issue,No Issue,No Open Recalls,No Issue,No Issue,No CPO Info Available,No Issue,,,,
2020,Mitsubishi,Mirage ES,14998,10000,36 city/43 hwy,3-cyl,Gas,Front Wheel Drive,Automatic,White/Black,1 Owner,No flood or frame damage,No odometer problems,ML32A3HJ8LH007226,Car - Compact,Clean,No Issue,No Issue,No Open Recalls,No Issue,No Issue,No CPO Info Available,No Issue,,,,
2019,Mitsubishi,Outlander SEL,17998,78000,24 city/29 hwy,4-cyl,Gas,Four Wheel Drive,Automatic,White/Black,2 Owners,No flood or frame damage,No odometer problems,JA4AZ3A38KZ040937,CUV - Midsize,Clean,No Issue,No Issue,No Open Recalls,No Issue,No Issue,No CPO Info Available,No Issue,,,,
2023,Mitsubishi,Outlander Sport SE,20998,27000,23 city/29 hwy,4-cyl,Gas,Four Wheel Drive,Automatic,Gray/Black,1 Owner,No flood or frame damage,No odometer problems,JA4ARUAU1PU007782,CUV - Compact,Clean,No Issue,No Issue,No Open Recalls,No Issue,No Issue,No CPO Info Available,No Issue,,,,
2022,Mitsubishi,Mirage ES,14998,57000,36 city/43 hwy,3-cyl,Gas,Front Wheel Drive,Automatic,Silver/Black,1 Owner,No flood or frame damage,No odometer problems,ML32AUHJ4NH001996,Car - Compact,Clean,No Issue,No Issue,No Open Recalls,No Issue,No Issue,No CPO Info Available,No Issue,,,,
2018,Mitsubishi,Outlander LE,14998,124000,25 city/30 hwy,4-cyl,Gas,Front Wheel Drive,Automatic,White/Black,1 Owner,No flood or frame damage,No odometer problems,JA4AD3A31JZ046852,CUV - Midsize,Clean,No Issue,No Issue,1 Open Recall(s),No Issue,No Issue,No CPO Info Available,No Issue,,,,
2022,Mitsubishi,Outlander ES,24998,23000,24 city/31 hwy,4-cyl,Gas,Front Wheel Drive,Automatic,Black/Black,1 Owner,No flood or frame damage,No odometer problems,JA4J3TA87NZ041451,CUV - Midsize,Clean,No Issue,No Issue,2 Open Recall(s),No Issue,No Issue,No CPO Info Available,No Issue,,,,
2014,Mitsubishi,Outlander SE,11998,119000,25 city/31 hwy,,,,Automatic,White/Tan,3 Owners,No flood or frame damage,No odometer problems,JA4AD3A36EZ019779,CUV - Midsize,Clean,No Issue,No Issue,No Open Recalls,No Issue,No Issue,No CPO Info Available,No Issue,,,,
2021,Mitsubishi,Outlander Sport SE,18998,50000,23 city/29 hwy,4-cyl,Gas,Four Wheel Drive,Automatic,Gray/Black,2 Owners,No flood or frame damage,No odometer problems,JA4ARUAU6MU030034,CUV - Compact,Clean,No Issue,No Issue,No Open Recalls,No Issue,No Issue,No CPO Info Available,No Issue,,,,
2015,Mitsubishi,Lancer GT,16998,69000,22 city/31 hwy,4-cyl,Gas,Front Wheel Drive,Manual 5 Speed,Black/Black,2 Owners,No flood or frame damage,No odometer problems,JA32U8FW7FU010709,Car - Compact,Clean,No Issue,No Issue,No Open Recalls,No Issue,No Issue,No CPO Info Available,No Issue,,,,
2019,Mitsubishi,Mirage ES,14998,21000,36 city/43 hwy,3-cyl,Gas,Front Wheel Drive,Automatic,Orange/Black,1 Owner,No flood or frame damage,No odometer problems,ML32A3HJ6KH016599,Car - Compact,Clean,No Issue,Minor,No Open Recalls,No Issue,No Issue,No CPO Info Available,No Issue,,,,
2019,Mitsubishi,Mirage G4 ES,15998,22000,35 city/41 hwy,3-cyl,Gas,Front Wheel Drive,Automatic,Purple/Black,1 Owner,No flood or frame damage,No odometer problems,ML32F3FJ3KHF16758,Car - Compact,Clean,No Issue,No Issue,No Open Recalls,No Issue,No Issue,No CPO Info Available,No Issue,,,,
2023,Mitsubishi,Outlander SE,Price unavailable,4000,24 city/30 hwy,4-cyl,Gas,Four Wheel Drive,Automatic,White/Black,1 Owner,No flood or frame damage,No odometer problems,JA4J4UA81PZ061779,CUV - Midsize,Clean,No Issue,No Issue,No Open Recalls,No Issue,No Issue,No CPO Info Available,No Issue,,,,
