year,make,model,price,mileage,Miles per gallon,Transmission,Color,owner,frame_damage,Odometer_problem,VIN,class,State Title Brand,Auction Brand / Issues,Accident / Damage,Open Recall Check,Insurance Loss / Transfer,Odometer Check,Certified Pre-Owned,Service / Repair,cylinders,fuel,Drive type,Bed Length,Miles per gallon equivalent (MPGe),Range (when new),Time to fully charge battery (240V),Motor
2015,Subaru,Outback Limited,16998,92000,25 city/32 hwy,Automatic,Silver/Black,2 Owners,No flood or frame damage,No odometer problems,4S4BSANC4F3279791,CUV - Midsize,Clean,No Issue,No Issue,No Open Recalls,No Issue,No Issue,No CPO Info Available,No Issue,,,,,,,,
2016,Honda,CR-V EX,24998,12000,25 city/31 hwy,Automatic,Blue/Gray,1 Owner,No flood or frame damage,No odometer problems,2HKRM4H51GH628018,CUV - Midsize,Clean,No Issue,No Issue,No Open Recalls,No Issue,No Issue,No CPO Info Available,No Issue,,,,,,,,
2022,Hyundai,Santa Fe XRT,25998,35000,22 city/25 hwy,Automatic,White/Black,3 Owners,No flood or frame damage,No odometer problems,5NMS6DAJ8NH380976,CUV - Midsize,Clean,No Issue,No Issue,1 Open Recall(s),No Issue,No Issue,No CPO Info Available,No Issue,4-cyl,Gas,All Wheel Drive,,,,,
2022,Kia,Sportage EX,23998,15000,22 city/26 hwy,Automatic,Gray/Black,1 Owner,No flood or frame damage,No odometer problems,KNDPNCAC3N7985483,CUV - Compact,Clean,No Issue,No Issue,No Open Recalls,No Issue,No Issue,No CPO Info Available,No Issue,4-cyl,Gas,All Wheel Drive,,,,,
2017,Volkswagen,Golf R,26998,79000,22 city/31 hwy,Manual 6 Speed,Red/Black,2 Owners,No flood or frame damage,No odometer problems,WVWWF7AU3HW124887,Sport Car - Midsize,Clean,No Issue,Damage Reported,No Open Recalls,No Issue,No Issue,No CPO Info Available,No Issue,4-cyl,Turbo Gas,All Wheel Drive,,,,,
2019,Honda,Accord Sport,23998,67000,29 city/35 hwy,Automatic,Gray/Black,2 Owners,No flood or frame damage,No odometer problems,1HGCV1F34KA091097,Car - Midsize,Clean,No Issue,No Issue,1 Open Recall(s),No Issue,No Issue,No Recent CPO Reported,No Issue,4-cyl,Turbo Gas,Front Wheel Drive,,,,,
2018,Kia,Sorento LX,13998,105000,21 city/28 hwy,Automatic,Blue/Tan,1 Owner,No flood or frame damage,No odometer problems,5XYPG4A34JG404876,CUV - Large,Clean,No Issue,No Issue,No Open Recalls,No Issue,No Issue,No CPO Info Available,No Issue,4-cyl,Gas,Front Wheel Drive,,,,,
2014,Mazda,CX-5 Sport,15998,65000,26 city/35 hwy,Manual 6 Speed,Gray/Black,1 Owner,No flood or frame damage,No odometer problems,JM3KE2BEXE0312355,CUV - Compact,Clean,No Issue,No Issue,No Open Recalls,No Issue,No Issue,No CPO Info Available,No Issue,4-cyl,Gas,Front Wheel Drive,,,,,
2021,Mercedes-Benz,GLC300 ,33998,37000,21 city/28 hwy,Automatic,White/Tan,1 Owner,No flood or frame damage,No odometer problems,W1N0G8EB8MF919549,CUV - Compact Luxury,Clean,No Issue,No Issue,No Open Recalls,No Issue,No Issue,No CPO Info Available,No Issue,4-cyl,Turbo Gas,All Wheel Drive,,,,,
2016,Mitsubishi,Outlander SEL,15998,77000,24 city/29 hwy,Automatic,Black/Black,1 Owner,No flood or frame damage,No odometer problems,JA4AZ3A34GZ004086,CUV - Midsize,Clean,No Issue,Damage Reported,1 Open Recall(s),No Issue,No Issue,No CPO Info Available,No Issue,4-cyl,Gas,Four Wheel Drive,,,,,
2018,Volkswagen,Jetta SE,17998,37000,28 city/38 hwy,Automatic,Red/Black,1 Owner,No flood or frame damage,No odometer problems,3VWDB7AJ6JM207550,Car - Compact,Clean,No Issue,Damage Reported,No Open Recalls,No Issue,No Issue,No CPO Info Available,No Issue,,,,,,,,
2022,Jeep,Gladiator Rubicon,38998,25000,16 city/23 hwy,Automatic,White/Black,1 Owner,No flood or frame damage,No odometer problems,1C6JJTBG2NL135491,Pickup - Midsize,Clean,No Issue,No Issue,No Open Recalls,No Issue,No Issue,No CPO Info Available,No Issue,6-cyl,Gas,,5 ft,,,,
2017,Dodge,Journey Crossroad Plus,14599,103000,19 city/25 hwy,Automatic,Gray/Black,2 Owners,No flood or frame damage,No odometer problems,3C4PDCGG9HT670619,CUV - Midsize,Clean,No Issue,No Issue,No Open Recalls,No Issue,No Issue,No CPO Info Available,No Issue,6-cyl,Gas,Front Wheel Drive,,,,,
2020,Honda,CR-V EX,27998,19000,27 city/32 hwy,Automatic,White/Tan,1 Owner,No flood or frame damage,No odometer problems,5J6RW2H51LL035676,CUV - Midsize,Clean,No Issue,Damage Reported,No Open Recalls,No Issue,No Issue,No CPO Info Available,No Issue,4-cyl,Turbo Gas,All Wheel Drive,,,,,
2018,Hyundai,Tucson SE,18998,17000,21 city/26 hwy,Automatic,White/Tan,1 Owner,No flood or frame damage,No odometer problems,KM8J2CA49JU824389,CUV - Midsize,Clean,No Issue,No Issue,2 Open Recall(s),No Issue,No Issue,No CPO Info Available,No Issue,,,,,,,,
2016,Audi,S6 Premium Plus,29998,55000,18 city/27 hwy,Automatic,Black/Black,2 Owners,No flood or frame damage,No odometer problems,WAUF2AFC5GN160218,Sport Car - Midsize Luxury,Clean,No Issue,No Issue,No Open Recalls,No Issue,No Issue,No CPO Info Available,No Issue,8-cyl,Turbo Gas,All Wheel Drive,,,,,
2019,Hyundai,Kona SEL,18998,27000,27 city/33 hwy,Automatic,Red/Gray,2 Owners,No flood or frame damage,No odometer problems,KM8K22AA7KU200533,CUV - Compact,Clean,No Issue,No Issue,No Open Recalls,No Issue,No Issue,No CPO Info Available,No Issue,4-cyl,Gas,Front Wheel Drive,,,,,
2018,Kia,Sedona Limited,25998,49000,17 city/22 hwy,Automatic,Brown/Gray,1 Owner,No flood or frame damage,No odometer problems,KNDME5C19J6351301,Van - Mini,Clean,No Issue,No Issue,No Open Recalls,No Issue,No Issue,No CPO Info Available,No Issue,6-cyl,Gas,Front Wheel Drive,,,,,
2015,Chevrolet,Impala LT,18998,28000,19 city/29 hwy,Automatic,Brown/Black,1 Owner,No flood or frame damage,No odometer problems,2G1125S34F9223166,Car - Midsize,Clean,No Issue,Minor,No Open Recalls,No Issue,No Issue,No CPO Info Available,No Issue,,,,,,,,
2021,Mazda,CX-5 Grand Touring,24998,34000,24 city/30 hwy,Automatic,Blue/Black,1 Owner,No flood or frame damage,No odometer problems,JM3KFBDM8M0340946,CUV - Midsize,Clean,No Issue,Minor,No Open Recalls,No Issue,No Issue,No CPO Info Available,No Issue,4-cyl,Gas,All Wheel Drive,,,,,
2015,Toyota,Highlander XLE,24998,73000,18 city/24 hwy,Automatic,White/Tan,1 Owner,No flood or frame damage,No odometer problems,5TDJKRFH9FS094272,CUV - Midsize,Clean,No Issue,No Issue,No Open Recalls,No Issue,No Issue,No CPO Info Available,No Issue,6-cyl,Gas,All Wheel Drive,,,,,
2017,Toyota,Tacoma SR5,25998,110000,18 city/23 hwy,Automatic,Gray/Gray,2 Owners,No flood or frame damage,No odometer problems,3TMCZ5AN0HM088423,Pickup - Midsize,Clean,No Issue,Minor,No Open Recalls,No Issue,No Issue,No CPO Info Available,No Issue,6-cyl,Gas,Four Wheel Drive,5 ft,,,,
2018,Chevrolet,Trax LT,16998,50000,25 city/33 hwy,Automatic,Silver/Black,2 Owners,No flood or frame damage,No odometer problems,KL7CJLSB7JB705147,CUV - Compact,Clean,No Issue,No Issue,No Open Recalls,No Issue,No Issue,No CPO Info Available,No Issue,,,,,,,,
2021,GMC,Yukon XL 1500 SLT,51998,65000,15 city/19 hwy,Automatic,Black/Black,1 Owner,No flood or frame damage,No odometer problems,1GKS2GKD0MR447591,SUV - Large,Clean,No Issue,Damage Reported,No Open Recalls,No Issue,No Issue,No CPO Info Available,No Issue,8-cyl,Gas,Four Wheel Drive,,,,,
2016,Nissan,Rogue SV,14998,79000,26 city/33 hwy,Automatic,White/Black,2 Owners,No flood or frame damage,No odometer problems,KNMAT2MT8GP682106,CUV - Midsize,Clean,No Issue,Moderate,No Open Recalls,No Issue,No Issue,No CPO Info Available,No Issue,4-cyl,Gas,Front Wheel Drive,,,,,
2017,Ford,Fusion SE,17998,45000,21 city/31 hwy,Automatic,Gray/Black,2 Owners,No flood or frame damage,No odometer problems,3FA6P0H95HR167657,Car - Midsize,Clean,No Issue,No Issue,No Open Recalls,No Issue,No Issue,No CPO Info Available,No Issue,,,,,,,,
2019,Kia,Sportage LX,16998,54000,21 city/25 hwy,Automatic,Black/Black,2 Owners,No flood or frame damage,No odometer problems,KNDPMCAC5K7514837,CUV - Compact,Clean,No Issue,No Issue,No Open Recalls,No Issue,No Issue,No CPO Info Available,No Issue,,,,,,,,
2014,Hyundai,Elantra SE,13599,59000,28 city/38 hwy,Automatic,Black/Tan,2 Owners,No flood or frame damage,No odometer problems,KMHDH4AE5EU113241,Car - Compact,Clean,No Issue,Minor,3 Open Recall(s),No Issue,No Issue,No CPO Info Available,No Issue,4-cyl,Gas,Front Wheel Drive,,,,,
2020,Hyundai,Tucson Value,22998,18000,22 city/25 hwy,Automatic,Gray/Gray,2 Owners,No flood or frame damage,No odometer problems,KM8J3CA40LU255125,CUV - Midsize,Clean,No Issue,No Issue,No Open Recalls,No Issue,No Issue,No CPO Info Available,No Issue,4-cyl,Gas,All Wheel Drive,,,,,
2020,Chevrolet,Trax Premier,19998,46000,24 city/29 hwy,Automatic,Gray/Gray,2 Owners,No flood or frame damage,No odometer problems,3GNCJRSB4LL115910,CUV - Compact,Clean,No Issue,No Issue,No Open Recalls,No Issue,No Issue,OEM-Certified,No Issue,4-cyl,Turbo Gas,All Wheel Drive,,,,,
2023,Nissan,Altima SV,21998,43000,27 city/39 hwy,Automatic,Black/Black,1 Owner,No flood or frame damage,No odometer problems,1N4BL4DV7PN321100,Car - Midsize,Clean,No Issue,No Issue,No Open Recalls,No Issue,No Issue,No CPO Info Available,No Issue,4-cyl,Gas,Front Wheel Drive,,,,,
2019,GMC,Sierra 1500 AT4,43998,42000,15 city/19 hwy,Automatic,Black/Black,1 Owner,No flood or frame damage,No odometer problems,3GTP9EEDXKG233458,Pickup - Fullsize,Clean,No Issue,No Issue,No Open Recalls,No Issue,No Issue,No CPO Info Available,No Issue,,,,5.5 ft,,,,
2018,Chevrolet,Traverse LT,23998,60000,17 city/25 hwy,Automatic,White/Gray,1 Owner,No flood or frame damage,No odometer problems,1GNEVGKWXJJ266405,CUV - Large,Clean,No Issue,Damage Reported,No Open Recalls,No Issue,No Issue,No CPO Info Available,No Issue,6-cyl,Gas,All Wheel Drive,,,,,
2021,Toyota,4Runner Limited,41998,40000,16 city/19 hwy,Automatic,Gray/Black,1 Owner,No flood or frame damage,No odometer problems,JTEKU5JR7M5845147,SUV - Midsize,Clean,No Issue,No Issue,No Open Recalls,No Issue,No Issue,No CPO Info Available,No Issue,6-cyl,Gas,Four Wheel Drive,,,,,
2020,Hyundai,Elantra SE,18998,5000,30 city/40 hwy,Automatic,Silver/Black,1 Owner,No flood or frame damage,No odometer problems,5NPD74LF6LH533451,Car - Compact,Clean,No Issue,Damage Reported,No Open Recalls,No Issue,No Issue,No CPO Info Available,No Issue,,,,,,,,
2016,Toyota,Corolla LE,17998,38000,28 city/37 hwy,Automatic,Silver/Gray,3 Owners,No flood or frame damage,No odometer problems,2T1BURHE5GC710464,Car - Midsize,Clean,No Issue,No Issue,1 Open Recall(s),No Issue,No Issue,No CPO Info Available,No Issue,,,,,,,,
2021,Cadillac,XT6 Premium Luxury,40998,12000,18 city/25 hwy,Automatic,Black/Black,1 Owner,No flood or frame damage,No odometer problems,1GYKPDRS0MZ160181,CUV - Midsize Luxury,Clean,No Issue,No Issue,No Open Recalls,No Issue,No Issue,No CPO Info Available,No Issue,6-cyl,Gas,All Wheel Drive,,,,,
2020,Volkswagen,Jetta S,18998,33000,30 city/40 hwy,Automatic,Red/Black,1 Owner,No flood or frame damage,No odometer problems,3VWC57BU3LM089956,Car - Compact,Clean,No Issue,No Issue,No Open Recalls,No Issue,No Issue,No CPO Info Available,No Issue,4-cyl,Turbo Gas,Front Wheel Drive,,,,,
2018,Nissan,Rogue Sport SV,18998,49000,24 city/30 hwy,Automatic,Gray/Black,1 Owner,No flood or frame damage,No odometer problems,JN1BJ1CR0JW251981,CUV - Compact,Clean,No Issue,No Issue,No Open Recalls,No Issue,No Issue,No CPO Info Available,No Issue,,,,,,,,
2018,Kia,Sorento LX,18998,68000,21 city/25 hwy,Automatic,White/Tan,2 Owners,No flood or frame damage,No odometer problems,5XYPGDA36JG430623,CUV - Large,Clean,No Issue,Damage Reported,No Open Recalls,No Issue,No Issue,No CPO Info Available,No Issue,,,,,,,,
2021,Audi,Q3 S-Line Premium,28998,39000,20 city/28 hwy,Automatic,White/Cream,2 Owners,No flood or frame damage,No odometer problems,WA1DECF31M1018412,CUV - Compact Luxury,Clean,No Issue,No Issue,No Open Recalls,No Issue,No Issue,No CPO Info Available,No Issue,4-cyl,Turbo Gas,All Wheel Drive,,,,,
2019,Cadillac,XT4 Premium Luxury,26998,37000,22 city/29 hwy,Automatic,White/Black,1 Owner,No flood or frame damage,No odometer problems,1GYFZDR46KF147446,CUV - Compact Luxury,Clean,No Issue,No Issue,No Open Recalls,No Issue,No Issue,No CPO Info Available,No Issue,4-cyl,Turbo Gas,All Wheel Drive,,,,,
2019,Kia,Sorento Limited,21998,79000,19 city/24 hwy,Automatic,Gray/Brown,2 Owners,No flood or frame damage,No odometer problems,5XYPKDA5XKG546876,CUV - Large,Clean,No Issue,Minor,No Open Recalls,No Issue,No Issue,No CPO Info Available,No Issue,6-cyl,Gas,All Wheel Drive,,,,,
2018,Toyota,RAV4 XLE,22998,45000,22 city/28 hwy,Automatic,White/Tan,2 Owners,No flood or frame damage,No odometer problems,2T3RFREV0JW734715,CUV - Midsize,Clean,No Issue,Damage Reported,1 Open Recall(s),No Issue,No Issue,No CPO Info Available,No Issue,,,,,,,,
2016,Mazda,CX-5 Grand Touring,18998,60000,24 city/30 hwy,Automatic,Black/Black,2 Owners,No flood or frame damage,No odometer problems,JM3KE4DY7G0711603,CUV - Compact,Clean,No Issue,Damage Reported,No Open Recalls,No Issue,No Issue,No CPO Info Available,No Issue,4-cyl,Gas,All Wheel Drive,,,,,
2018,Audi,Q7 Premium Plus,28998,53000,19 city/25 hwy,Automatic,Blue/Brown,1 Owner,No flood or frame damage,No odometer problems,WA1LAAF70JD051507,CUV - Midsize Luxury,Clean,No Issue,Minor,No Open Recalls,No Issue,No Issue,No CPO Info Available,No Issue,6-cyl,Supercharged Gas,All Wheel Drive,,,,,
2018,Ford,F150 XLT,28998,33000,18 city/23 hwy,Automatic,Red/Gray,1 Owner,No flood or frame damage,No odometer problems,1FTEX1EP2JKG01087,Pickup - Fullsize,Clean,No Issue,Moderate,No Open Recalls,No Issue,No Issue,No CPO Info Available,No Issue,6-cyl,Turbo Gas,Four Wheel Drive,6.5 ft,,,,
2019,Chevrolet,Silverado 1500 Custom,32998,31000,15 city/20 hwy,Automatic,Gray/Black,1 Owner,No flood or frame damage,No odometer problems,1GCRYBEH2KZ394030,Pickup - Fullsize,Clean,No Issue,No Issue,1 Open Recall(s),No Issue,No Issue,No CPO Info Available,No Issue,,,,6.5 ft,,,,
2020,Jeep,Compass Latitude,20998,31000,22 city/30 hwy,Automatic,Silver/Black,2 Owners,No flood or frame damage,No odometer problems,3C4NJDBB6LT125861,CUV - Compact,Clean,No Issue,No Issue,No Open Recalls,No Issue,No Issue,No CPO Info Available,No Issue,4-cyl,Gas,Four Wheel Drive,,,,,
2022,Toyota,Highlander Hybrid XLE,41998,39000,,Automatic,Blue/Black,2 Owners,No flood or frame damage,No odometer problems,5TDGBRCH8NS094406,CUV - Midsize,Clean,No Issue,No Issue,1 Open Recall(s),No Issue,No Issue,OEM-Certified,No Issue,4-cyl,Hybrid,All Wheel Drive,,,,,
2023,Kia,Telluride SX,45998,8000,20 city/26 hwy,Automatic,Black/Brown,1 Owner,No flood or frame damage,No odometer problems,5XYP54GCXPG388463,CUV - Large,Clean,No Issue,No Issue,1 Open Recall(s),No Issue,No Issue,No CPO Info Available,No Issue,,,,,,,,
2021,Mercedes-Benz,GLC300 ,26998,61000,21 city/28 hwy,Automatic,Blue/Tan,1 Owner,No flood or frame damage,No odometer problems,W1N0G8EB8MF883765,CUV - Compact Luxury,Clean,No Issue,Minor,No Open Recalls,No Issue,No Issue,No CPO Info Available,No Issue,4-cyl,Turbo Gas,All Wheel Drive,,,,,
2019,Kia,Forte LXS,16998,39000,25 city/34 hwy,Automatic,Red/Black,2 Owners,No flood or frame damage,No odometer problems,3KPF24AD0KE099488,Car - Compact,Clean,No Issue,Minor,No Open Recalls,No Issue,No Issue,No CPO Info Available,No Issue,,,,,,,,
2021,Toyota,Corolla LE,19998,42000,30 city/38 hwy,Automatic,Gray/Black,1 Owner,No flood or frame damage,No odometer problems,JTDEPMAE7MJ185716,Car - Compact,Clean,No Issue,No Issue,No Open Recalls,No Issue,No Issue,No CPO Info Available,No Issue,4-cyl,Gas,Front Wheel Drive,,,,,
2020,Ford,Explorer XLT,27998,57000,20 city/27 hwy,Automatic,White/Black,2 Owners,No flood or frame damage,No odometer problems,1FMSK8DH0LGB88785,CUV - Large,Clean,No Issue,No Issue,No Open Recalls,No Issue,No Issue,No CPO Info Available,No Issue,4-cyl,Turbo Gas,Four Wheel Drive,,,,,
2020,Honda,Accord Sport,25998,47000,22 city/32 hwy,Automatic,White/Black,1 Owner,No flood or frame damage,No odometer problems,1HGCV2F35LA007067,Car - Midsize,Clean,No Issue,Damage Reported,1 Open Recall(s),No Issue,No Issue,No CPO Info Available,No Issue,4-cyl,Turbo Gas,Front Wheel Drive,,,,,
2017,Subaru,Forester 2.5I,16998,79000,22 city/28 hwy,Manual 6 Speed,Silver/Gray,1 Owner,No flood or frame damage,No odometer problems,JF2SJAACXHG452398,CUV - Midsize,Clean,No Issue,Moderate,1 Open Recall(s),No Issue,No Issue,No CPO Info Available,No Issue,4-cyl,Gas,All Wheel Drive,,,,,
2019,Jeep,Wrangler Sport,26998,25000,17 city/25 hwy,Automatic,White/Black,2 Owners,No flood or frame damage,No odometer problems,1C4GJXAG3KW518538,SUV - Midsize,Clean,No Issue,Moderate,No Open Recalls,No Issue,No Issue,No CPO Info Available,No Issue,4-cyl,Gas,,,,,,
2021,Nissan,Rogue SV,24998,19000,25 city/32 hwy,Automatic,Black/Black,1 Owner,No flood or frame damage,No odometer problems,JN8AT3BB8MW224765,CUV - Midsize,Clean,No Issue,No Issue,1 Open Recall(s),No Issue,No Issue,No CPO Info Available,No Issue,4-cyl,Gas,All Wheel Drive,,,,,
2019,Honda,HR-V Sport,21998,18000,26 city/31 hwy,Automatic,Blue/Black,3 Owners,No flood or frame damage,No odometer problems,3CZRU6H10KG734979,CUV - Compact,Clean,No Issue,No Issue,2 Open Recall(s),No Issue,No Issue,No Recent CPO Reported,No Issue,4-cyl,Gas,All Wheel Drive,,,,,
2015,Chevrolet,Traverse LS,14998,71000,17 city/24 hwy,Automatic,Gray/Gray,2 Owners,No flood or frame damage,No odometer problems,1GNKRFED5FJ207698,CUV - Large,Clean,No Issue,Damage Reported,1 Open Recall(s),No Issue,No Issue,No CPO Info Available,No Issue,6-cyl,Gas,Front Wheel Drive,,,,,
2021,Volkswagen,Jetta S,18998,46000,30 city/41 hwy,Manual 6 Speed,Silver/Black,1 Owner,No flood or frame damage,No odometer problems,3VWN57BU3MM060211,Car - Compact,Clean,No Issue,No Issue,No Open Recalls,No Issue,No Issue,No CPO Info Available,No Issue,4-cyl,Turbo Gas,Front Wheel Drive,,,,,
2017,Acura,RDX AWD,17998,87000,19 city/27 hwy,Automatic,Gray/Black,2 Owners,No flood or frame damage,No odometer problems,5J8TB4H36HL003963,CUV - Compact Luxury,Clean,No Issue,Damage Reported,No Open Recalls,No Issue,No Issue,No CPO Info Available,No Issue,,,,,,,,
2023,Toyota,Corolla SE,24998,19000,32 city/41 hwy,Automatic,Blue/Black,1 Owner,No flood or frame damage,No odometer problems,5YFS4MCE1PP145527,Car - Compact,Clean,No Issue,No Issue,No Open Recalls,No Issue,No Issue,No CPO Info Available,No Issue,4-cyl,Gas,Front Wheel Drive,,,,,
2019,Hyundai,Santa Fe SE,17998,82000,21 city/27 hwy,Automatic,White/Gray,2 Owners,No flood or frame damage,No odometer problems,5NMS2CADXKH116640,CUV - Midsize,Clean,No Issue,Damage Reported,No Open Recalls,No Issue,No Issue,No CPO Info Available,No Issue,4-cyl,Gas,All Wheel Drive,,,,,
2017,Toyota,RAV4 Limited,22998,47000,22 city/28 hwy,Automatic,Black/Black,2 Owners,No flood or frame damage,No odometer problems,2T3DFREV2HW606285,CUV - Midsize,Clean,No Issue,No Issue,1 Open Recall(s),No Issue,No Issue,No CPO Info Available,No Issue,,,,,,,,
2020,Toyota,Tacoma TRD Pro,44998,28000,17 city/20 hwy,Automatic,Gray/Black,2 Owners,No flood or frame damage,No odometer problems,5TFCZ5AN3LX231027,Pickup - Midsize,Clean,No Issue,Damage Reported,No Open Recalls,No Issue,No Issue,No CPO Info Available,No Issue,6-cyl,Gas,Four Wheel Drive,5 ft,,,,
2020,Subaru,Impreza ,18998,43000,28 city/36 hwy,Automatic,Blue/Black,1 Owner,No flood or frame damage,No odometer problems,4S3GKAB64L3608865,Car - Midsize,Clean,No Issue,No Issue,No Open Recalls,No Issue,No Issue,No CPO Info Available,No Issue,4-cyl,Gas,All Wheel Drive,,,,,
2023,Jeep,Wrangler Sport,30998,18000,17 city/25 hwy,Automatic,Red/Black,1 Owner,No flood or frame damage,No odometer problems,1C4HJXAGXPW659702,SUV - Midsize,Clean,No Issue,No Issue,No Open Recalls,No Issue,No Issue,No CPO Info Available,No Issue,6-cyl,Gas,,,,,,
2022,Kia,Forte GT-Line,21998,26000,29 city/39 hwy,Automatic,Black/Black,1 Owner,No flood or frame damage,No odometer problems,3KPF54AD7NE453096,Car - Compact,Clean,No Issue,No Issue,No Open Recalls,No Issue,No Issue,No CPO Info Available,No Issue,4-cyl,Gas,Front Wheel Drive,,,,,
2022,Chrysler,Pacifica Touring L,33998,35000,,Automatic,Black/Black,2 Owners,No flood or frame damage,No odometer problems,2C4RC3BG7NR217004,Van - Mini,Clean,No Issue,No Issue,No Open Recalls,No Issue,No Issue,No CPO Info Available,No Issue,6-cyl,Gas,All Wheel Drive,,,,,
2020,Honda,CR-V EX,27998,31000,27 city/32 hwy,Automatic,Blue/Gray,2 Owners,No flood or frame damage,No odometer problems,2HKRW2H53LH637635,CUV - Midsize,Clean,No Issue,No Issue,No Open Recalls,No Issue,No Issue,OEM-Certified,No Issue,4-cyl,Turbo Gas,All Wheel Drive,,,,,
2016,Mazda,MX-5 Miata Grand Touring,22998,6000,27 city/36 hwy,Automatic,Gray/Black,1 Owner,No flood or frame damage,No odometer problems,JM1NDAD73G0118867,Sport Car - Subcompact,Clean,No Issue,No Issue,1 Open Recall(s),No Issue,No Issue,No CPO Info Available,No Issue,4-cyl,Gas,Rear Wheel Drive,,,,,
2020,Ford,F150 XL,26998,78000,19 city/24 hwy,Automatic,Gray/Gray,1 Owner,No flood or frame damage,No odometer problems,1FTEW1EP8LKE53968,Pickup - Fullsize,Clean,No Issue,Minor,No Open Recalls,No Issue,No Issue,No CPO Info Available,No Issue,6-cyl,Turbo Gas,Four Wheel Drive,5.5 ft,,,,
2018,Mini,Cooper Hardtop ,18998,35000,24 city/34 hwy,Automatic,Green/Black,2 Owners,No flood or frame damage,No odometer problems,WMWXU1C51J2F81594,Car - Subcompact,Clean,No Issue,No Issue,No Open Recalls,No Issue,No Issue,No CPO Info Available,No Issue,3-cyl,Turbo Gas,Front Wheel Drive,,,,,
2021,Chevrolet,Silverado 1500 LT Trail Boss,42998,52000,16 city/22 hwy,Automatic,White/Black,2 Owners,No flood or frame damage,No odometer problems,1GCPYFED0MZ360618,Pickup - Fullsize,Clean,No Issue,Minor,No Open Recalls,No Issue,No Issue,OEM-Certified,No Issue,8-cyl,Gas,Four Wheel Drive,5.5 ft,,,,
2021,BMW,X3 XDrive30i,37998,16000,23 city/29 hwy,Automatic,White/Brown,2 Owners,No flood or frame damage,No odometer problems,5UXTY5C02M9E20537,CUV - Midsize Luxury,Clean,No Issue,No Issue,1 Open Recall(s),No Issue,No Issue,OEM-Certified,No Issue,4-cyl,Turbo Gas,All Wheel Drive,,,,,
2022,Honda,Civic Sport,24998,34000,29 city/37 hwy,Automatic,Red/Black,1 Owner,No flood or frame damage,No odometer problems,19XFL2H84NE015784,Car - Large,Clean,No Issue,No Issue,No Open Recalls,No Issue,No Issue,No CPO Info Available,No Issue,4-cyl,Gas,Front Wheel Drive,,,,,
2022,Ford,Escape SEL,25998,7000,26 city/31 hwy,Automatic,White/Black,2 Owners,No flood or frame damage,No odometer problems,1FMCU9H67NUA99233,CUV - Midsize,Clean,No Issue,No Issue,No Open Recalls,No Issue,No Issue,No CPO Info Available,No Issue,3-cyl,Turbo Gas,All Wheel Drive,,,,,
2021,Jeep,Grand Cherokee Limited,27998,43000,,Automatic,Red/Black,1 Owner,No flood or frame damage,No odometer problems,1C4RJFBG4MC505271,SUV - Midsize,Clean,No Issue,No Issue,No Open Recalls,No Issue,No Issue,No CPO Info Available,No Issue,,,,,,,,
2024,Chevrolet,Trax LS,24998,7000,28 city/32 hwy,Automatic,White/Black,1 Owner,No flood or frame damage,No odometer problems,KL77LFE28RC080093,CUV - Compact,Clean,No Issue,No Issue,No Open Recalls,No Issue,No Issue,No CPO Info Available,No Issue,3-cyl,Turbo Gas,Front Wheel Drive,,,,,
2022,Chevrolet,TrailBlazer LT,23998,34000,26 city/28 hwy,Automatic,White/Black,1 Owner,No flood or frame damage,No odometer problems,KL79MRSL2NB128837,CUV - Compact,Clean,No Issue,No Issue,No Open Recalls,No Issue,No Issue,No CPO Info Available,No Issue,3-cyl,Turbo Gas,All Wheel Drive,,,,,
2016,Toyota,Camry SE,15998,100000,25 city/35 hwy,Automatic,Black/Black,3 Owners,No flood or frame damage,No odometer problems,4T1BF1FK3GU199386,Car - Midsize,Clean,No Issue,Minor,No Open Recalls,No Issue,No Issue,No CPO Info Available,No Issue,4-cyl,Gas,Front Wheel Drive,,,,,
2019,Audi,A3 Premium,29998,24000,22 city/30 hwy,Automatic,Black/Black,2 Owners,No flood or frame damage,No odometer problems,WAU7ELFF6K1033060,Car - Subcompact Luxury,Clean,No Issue,No Issue,2 Open Recall(s),No Issue,No Issue,No CPO Info Available,No Issue,4-cyl,Turbo Gas,All Wheel Drive,,,,,
2023,Kia,Soul LX,18998,24000,29 city/35 hwy,Automatic,Red/Black,1 Owner,No flood or frame damage,No odometer problems,KNDJ23AU8P7869190,CUV - Compact,Clean,No Issue,No Issue,No Open Recalls,No Issue,No Issue,No CPO Info Available,No Issue,4-cyl,Gas,Front Wheel Drive,,,,,
2017,Hyundai,Elantra SE,15998,32000,29 city/38 hwy,Automatic,Gray/Gray,1 Owner,No flood or frame damage,No odometer problems,KMHD74LF6HU378800,Car - Compact,Clean,No Issue,No Issue,No Open Recalls,No Issue,No Issue,No CPO Info Available,No Issue,,,,,,,,
2020,Hyundai,Tucson SE,18998,50000,22 city/25 hwy,Automatic,Silver/Gray,1 Owner,No flood or frame damage,No odometer problems,KM8J2CA49LU106960,CUV - Midsize,Clean,No Issue,Damage Reported,No Open Recalls,No Issue,No Issue,No CPO Info Available,No Issue,4-cyl,Gas,All Wheel Drive,,,,,
2015,Cadillac,SRX Luxury,18998,54000,17 city/24 hwy,Automatic,Black/Black,2 Owners,No flood or frame damage,No odometer problems,3GYFNBE38FS526351,CUV - Midsize Luxury,Clean,No Issue,No Issue,No Open Recalls,No Issue,No Issue,No CPO Info Available,No Issue,6-cyl,Gas,Front Wheel Drive,,,,,
2020,Mazda,CX-5 Touring,23998,42000,24 city/30 hwy,Automatic,Blue/Black,2 Owners,No flood or frame damage,No odometer problems,JM3KFBCM7L1768128,CUV - Midsize,Clean,No Issue,No Issue,1 Open Recall(s),No Issue,No Issue,No CPO Info Available,No Issue,4-cyl,Gas,All Wheel Drive,,,,,
2023,Honda,Ridgeline RTL,37998,9000,18 city/24 hwy,Automatic,Black/Black,1 Owner,No flood or frame damage,No odometer problems,5FPYK3F55PB008096,Pickup - Midsize,Clean,No Issue,No Issue,1 Open Recall(s),No Issue,No Issue,No CPO Info Available,No Issue,6-cyl,Gas,All Wheel Drive,5 ft,,,,
2019,Chevrolet,Corvette Grand Sport,61998,14000,16 city/25 hwy,Manual 7 Speed,White/Red,3 Owners,No flood or frame damage,No odometer problems,1G1YX3D71K5117575,Sport Car - Subcompact,Clean,No Issue,No Issue,No Open Recalls,No Issue,No Issue,No CPO Info Available,No Issue,8-cyl,Gas,Rear Wheel Drive,,,,,
2014,Ford,Fusion SE,11998,122000,23 city/36 hwy,Automatic,Red/Black,1 Owner,No flood or frame damage,No odometer problems,3FA6P0HD9ER206704,Car - Midsize,Clean,No Issue,No Issue,No Open Recalls,No Issue,No Issue,No CPO Info Available,No Issue,4-cyl,Turbo Gas,Front Wheel Drive,,,,,
2018,Chevrolet,Silverado 3500 LTZ,53998,28000,Not available,Automatic,White/Taupe,1 Owner,No flood or frame damage,No odometer problems,1GC4K0EYXJF147502,Pickup - Fullsize,Clean,No Issue,No Issue,No Open Recalls,No Issue,No Issue,No CPO Info Available,No Issue,8-cyl,Turbo Diesel,Four Wheel Drive,6.5 ft,,,,
2024,Ford,Mustang GT Premium,49998,5000,14 city/23 hwy,Automatic,Blue/Brown,1 Owner,No flood or frame damage,No odometer problems,1FA6P8CF8R5416985,Sport Car - Subcompact,Clean,No Issue,No Issue,No Open Recalls,No Issue,No Issue,No CPO Info Available,No Issue,,,,,,,,
2019,Toyota,Tacoma TRD Off Road,37998,40000,18 city/22 hwy,Automatic,Tan/Black,2 Owners,No flood or frame damage,No odometer problems,3TMCZ5ANXKM232258,Pickup - Midsize,Clean,No Issue,No Issue,No Open Recalls,No Issue,No Issue,No CPO Info Available,No Issue,6-cyl,Gas,Four Wheel Drive,5 ft,,,,
2017,Toyota,Sienna LE,23998,86000,18 city/24 hwy,Automatic,Silver/Gray,2 Owners,No flood or frame damage,No odometer problems,5TDJZ3DC0HS187555,Van - Mini,Clean,No Issue,No Issue,1 Open Recall(s),No Issue,No Issue,No CPO Info Available,No Issue,6-cyl,Gas,All Wheel Drive,,,,,
2014,Honda,CR-V LX,14998,88000,23 city/31 hwy,Automatic,Gray/Gray,4 Owners,No flood or frame damage,No odometer problems,3CZRM3H37EG715477,CUV - Midsize,Clean,No Issue,No Issue,No Open Recalls,No Issue,No Issue,No Recent CPO Reported,No Issue,4-cyl,Gas,Front Wheel Drive,,,,,
2014,Ford,Focus SE,11599,82000,26 city/36 hwy,Automatic,Gray/Gray,3 Owners,No flood or frame damage,No odometer problems,1FADP3F24EL233933,Car - Compact,Clean,No Issue,Damage Reported,No Open Recalls,No Issue,No Issue,No CPO Info Available,No Issue,4-cyl,Gas,,,,,,
2017,Mazda,CX-5 Grand Touring,16998,118000,23 city/29 hwy,Automatic,Gray/Black,2 Owners,No flood or frame damage,No odometer problems,JM3KFBDL4H0157539,CUV - Compact,Clean,No Issue,Minor,No Open Recalls,No Issue,No Issue,No CPO Info Available,No Issue,4-cyl,Gas,All Wheel Drive,,,,,
2020,Chevrolet,Tahoe LS,32998,60000,15 city/21 hwy,Automatic,Burgundy/Black,2 Owners,No flood or frame damage,No odometer problems,1GNSKAKC9LR228747,SUV - Large,Clean,No Issue,No Issue,No Open Recalls,No Issue,No Issue,No CPO Info Available,No Issue,8-cyl,Gas,Four Wheel Drive,,,,,
2018,Jeep,Compass Latitude,19998,43000,22 city/31 hwy,Automatic,White/Black,1 Owner,No flood or frame damage,No odometer problems,3C4NJDBB6JT481689,CUV - Compact,Clean,No Issue,No Issue,No Open Recalls,No Issue,No Issue,No CPO Info Available,No Issue,4-cyl,Gas,,,,,,
2019,GMC,Sierra 1500 SLE,33998,35000,15 city/21 hwy,Automatic,Blue/Black,1 Owner,No flood or frame damage,No odometer problems,1GTR9BED5KZ253611,Pickup - Fullsize,Clean,No Issue,Minor,No Open Recalls,No Issue,No Issue,No CPO Info Available,No Issue,8-cyl,Gas,Four Wheel Drive,6.5 ft,,,,
2021,Kia,Telluride EX,24998,108000,19 city/24 hwy,Automatic,Green/Black,1 Owner,No flood or frame damage,No odometer problems,5XYP3DHC7MG105579,CUV - Large,Clean,No Issue,Damage Reported,1 Open Recall(s),No Issue,No Issue,No CPO Info Available,No Issue,6-cyl,Gas,All Wheel Drive,,,,,
2021,Subaru,Crosstrek Premium,24998,53000,28 city/33 hwy,Automatic,Black/Black,1 Owner,No flood or frame damage,No odometer problems,JF2GTAEC8MH670080,CUV - Compact,Clean,No Issue,No Issue,No Open Recalls,No Issue,No Issue,No CPO Info Available,No Issue,4-cyl,Gas,All Wheel Drive,,,,,
2017,Ford,F150 Lariat,29998,89000,18 city/23 hwy,Automatic,Blue/Tan,2 Owners,No flood or frame damage,No odometer problems,1FTEW1EG3HFB80745,Pickup - Fullsize,Clean,No Issue,No Issue,No Open Recalls,No Issue,No Issue,No Recent CPO Reported,No Issue,6-cyl,Turbo Gas,Four Wheel Drive,5.5 ft,,,,
2020,Chevrolet,Trax LS,16998,45000,26 city/31 hwy,Automatic,Gray/Black,1 Owner,No flood or frame damage,No odometer problems,3GNCJKSB7LL131834,CUV - Compact,Clean,No Issue,No Issue,No Open Recalls,No Issue,No Issue,No CPO Info Available,No Issue,,,,,,,,
2017,Kia,Sportage SX,15998,94000,20 city/23 hwy,Automatic,Silver/Gray,2 Owners,No flood or frame damage,No odometer problems,KNDPRCA65H7172858,CUV - Compact,Clean,No Issue,No Issue,2 Open Recall(s),No Issue,No Issue,No CPO Info Available,No Issue,4-cyl,Turbo Gas,All Wheel Drive,,,,,
2017,Infiniti,QX60 ,24998,49000,19 city/26 hwy,Automatic,White/Black,1 Owner,No flood or frame damage,No odometer problems,5N1DL0MM7HC543907,CUV - Large Luxury,Clean,No Issue,Damage Reported,No Open Recalls,No Issue,No Issue,No CPO Info Available,No Issue,6-cyl,Gas,All Wheel Drive,,,,,
2017,Toyota,RAV4 XLE,18998,85000,22 city/29 hwy,Automatic,Black/Black,2 Owners,No flood or frame damage,No odometer problems,2T3RFREV3HW551190,CUV - Midsize,Clean,No Issue,Damage Reported,1 Open Recall(s),No Issue,No Issue,No CPO Info Available,No Issue,4-cyl,Gas,All Wheel Drive,,,,,
2021,Toyota,Venza Hybrid LE,28998,39000,40 city/37 hwy,Automatic,Gray/Black,2 Owners,No flood or frame damage,No odometer problems,JTEAAAAH9MJ031531,CUV - Compact,Clean,No Issue,Damage Reported,No Open Recalls,No Issue,No Issue,No CPO Info Available,No Issue,4-cyl,Hybrid,All Wheel Drive,,,,,
2021,Volkswagen,Tiguan S,21998,38000,21 city/27 hwy,Automatic,Black/Black,2 Owners,No flood or frame damage,No odometer problems,3VV0B7AX5MM004211,CUV - Midsize,Clean,No Issue,No Issue,No Open Recalls,No Issue,No Issue,No CPO Info Available,No Issue,4-cyl,Turbo Gas,All Wheel Drive,,,,,
2023,Nissan,Armada SL,38998,45000,14 city/19 hwy,Automatic,White/Tan,1 Owner,No flood or frame damage,No odometer problems,JN8AY2BC7P9181348,SUV - Large,Clean,No Issue,No Issue,No Open Recalls,No Issue,No Issue,No CPO Info Available,No Issue,8-cyl,Gas,Rear Wheel Drive,,,,,
2017,Kia,Forte LX,11998,103000,29 city/38 hwy,Automatic,Blue/Black,1 Owner,No flood or frame damage,No odometer problems,3KPFK4A75HE054470,Car - Compact,Clean,No Issue,No Issue,No Open Recalls,No Issue,No Issue,No CPO Info Available,No Issue,4-cyl,Gas,Front Wheel Drive,,,,,
2020,Honda,Pilot EX-L,27998,47000,18 city/26 hwy,Automatic,Gray/Black,2 Owners,No flood or frame damage,No odometer problems,5FNYF6H54LB028359,SUV - Large,Clean,No Issue,No Issue,No Open Recalls,No Issue,No Issue,No CPO Info Available,No Issue,6-cyl,Gas,All Wheel Drive,,,,,
2020,Chevrolet,Equinox LS,19998,47000,26 city/31 hwy,Automatic,Black/Gray,1 Owner,No flood or frame damage,No odometer problems,2GNAXHEVXL6151028,CUV - Midsize,Clean,No Issue,Minor,No Open Recalls,No Issue,No Issue,No CPO Info Available,No Issue,4-cyl,Turbo Gas,Front Wheel Drive,,,,,
2020,Toyota,RAV4 LE,24998,53000,25 city/33 hwy,Automatic,Black/Black,1 Owner,No flood or frame damage,No odometer problems,2T3F1RFV4LW111066,CUV - Midsize,Clean,No Issue,No Issue,No Open Recalls,No Issue,No Issue,No CPO Info Available,No Issue,4-cyl,Gas,All Wheel Drive,,,,,
2022,Ford,EcoSport S,19998,11000,23 city/29 hwy,Automatic,Silver/Tan,1 Owner,No flood or frame damage,No odometer problems,MAJ6S3FL8NC449039,CUV - Compact,Clean,No Issue,No Issue,No Open Recalls,No Issue,No Issue,No CPO Info Available,No Issue,4-cyl,Gas,Four Wheel Drive,,,,,
2022,Lexus,RX 350 ,41998,30000,19 city/26 hwy,Automatic,Gray/Black,1 Owner,No flood or frame damage,No odometer problems,2T2HZMDA9NC340887,CUV - Midsize Luxury,Clean,No Issue,No Issue,No Open Recalls,No Issue,No Issue,No CPO Info Available,No Issue,6-cyl,Gas,All Wheel Drive,,,,,
2017,Honda,Pilot Touring,22998,90000,19 city/26 hwy,Automatic,Gray/Black,3 Owners,No flood or frame damage,No odometer problems,5FNYF6H93HB084674,SUV - Large,Clean,No Issue,Damage Reported,2 Open Recall(s),No Issue,No Issue,No CPO Info Available,No Issue,6-cyl,Gas,All Wheel Drive,,,,,
2025,Chevrolet,Trax 2RS,28998,2000,28 city/31 hwy,Automatic,Black/Black,1 Owner,No flood or frame damage,No odometer problems,KL77LJEP1SC011380,CUV - Compact,Clean,No Issue,No Issue,No Open Recalls,No Issue,No Issue,No CPO Info Available,No Issue,3-cyl,Turbo Gas,Front Wheel Drive,,,,,
2019,Volkswagen,Tiguan SEL R-Line Jet Black,22998,68000,21 city/29 hwy,Automatic,Silver/Black,1 Owner,No flood or frame damage,No odometer problems,3VV2B7AX7KM100878,CUV - Midsize,Clean,No Issue,No Issue,No Open Recalls,No Issue,No Issue,No CPO Info Available,No Issue,4-cyl,Turbo Gas,All Wheel Drive,,,,,
2021,Kia,Forte GT-Line,19998,31000,29 city/40 hwy,Automatic,Black/Black,1 Owner,No flood or frame damage,No odometer problems,3KPF34AD4ME398790,Car - Compact,Clean,No Issue,No Issue,No Open Recalls,No Issue,No Issue,No CPO Info Available,No Issue,,,,,,,,
2017,Chevrolet,Malibu LT,16998,96000,27 city/36 hwy,Automatic,Black/Black,2 Owners,No flood or frame damage,No odometer problems,1G1ZE5ST4HF254650,Car - Midsize,Clean,No Issue,Minor,No Open Recalls,No Issue,No Issue,No CPO Info Available,No Issue,4-cyl,Turbo Gas,Front Wheel Drive,,,,,
2022,Lexus,NX 350 Luxury,43998,25000,22 city/29 hwy,Automatic,Silver/Red,1 Owner,No flood or frame damage,No odometer problems,JTJHGCEZ6N2004148,CUV - Compact Luxury,Clean,No Issue,No Issue,No Open Recalls,No Issue,No Issue,No CPO Info Available,No Issue,4-cyl,Turbo Gas,All Wheel Drive,,,,,
2014,Chevrolet,Traverse LS,16998,50000,16 city/23 hwy,Automatic,Silver/Gray,2 Owners,No flood or frame damage,No odometer problems,1GNKVFED9EJ369408,CUV - Large,Clean,No Issue,No Issue,No Open Recalls,No Issue,No Issue,No CPO Info Available,No Issue,6-cyl,Gas,All Wheel Drive,,,,,
2019,Chevrolet,Silverado 1500 LT Trail Boss,37998,69000,15 city/20 hwy,Automatic,Blue/Gray,1 Owner,No flood or frame damage,No odometer problems,1GCPYFED9KZ203635,Pickup - Fullsize,Clean,No Issue,No Issue,No Open Recalls,No Issue,No Issue,No CPO Info Available,No Issue,,,,5.5 ft,,,,
2020,Jeep,Grand Cherokee Altitude,29998,37000,18 city/25 hwy,Automatic,White/Black,2 Owners,No flood or frame damage,No odometer problems,1C4RJFAG7LC421753,SUV - Midsize,Clean,No Issue,No Issue,No Open Recalls,No Issue,No Issue,No CPO Info Available,No Issue,6-cyl,Gas,Four Wheel Drive,,,,,
2020,Kia,Sportage LX,17998,37000,23 city/30 hwy,Automatic,Gray/Black,1 Owner,No flood or frame damage,No odometer problems,KNDPM3AC6L7824903,CUV - Compact,Clean,No Issue,Damage Reported,No Open Recalls,No Issue,No Issue,No CPO Info Available,No Issue,4-cyl,Gas,Front Wheel Drive,,,,,
2020,Mazda,Mazda3 ,18998,67000,26 city/35 hwy,Automatic,Blue/Black,2 Owners,No flood or frame damage,No odometer problems,3MZBPABL6LM130252,Car - Compact,Clean,No Issue,No Issue,No Open Recalls,No Issue,No Issue,No CPO Info Available,No Issue,4-cyl,Gas,Front Wheel Drive,,,,,
2019,Dodge,Grand Caravan GT,19998,76000,17 city/25 hwy,Automatic,Burgundy/Black,2 Owners,No flood or frame damage,No odometer problems,2C4RDGEG9KR599970,Van - Mini,Clean,No Issue,No Issue,No Open Recalls,No Issue,No Issue,No CPO Info Available,No Issue,6-cyl,Gas,Front Wheel Drive,,,,,
2022,Honda,HR-V EX,24998,22000,27 city/29 hwy,Automatic,White/Black,1 Owner,No flood or frame damage,No odometer problems,3CZRU6H53NM714668,CUV - Compact,Clean,No Issue,No Issue,No Open Recalls,No Issue,No Issue,No CPO Info Available,No Issue,4-cyl,Gas,All Wheel Drive,,,,,
2018,Lincoln,MKZ Black Label,25998,68000,20 city/28 hwy,Automatic,Black/Red,1 Owner,No flood or frame damage,No odometer problems,3LN6L5H90JR618031,Car - Midsize Luxury,Clean,No Issue,No Issue,No Open Recalls,No Issue,No Issue,No CPO Info Available,No Issue,6-cyl,Turbo Gas,All Wheel Drive,,,,,
2021,Toyota,RAV4 Prime Plug-In SE,38998,37000,40 city/36 hwy,,White/Black,1 Owner,No flood or frame damage,No odometer problems,JTMAB3FVXMD051586,CUV - Midsize,Clean,No Issue,No Issue,No Open Recalls,No Issue,No Issue,No CPO Info Available,No Issue,4-cyl,Plug-in Hybrid,All Wheel Drive,,105 city/84 hwy,42 miles,4.5 hours,
2018,Hyundai,Santa Fe Sport ,14998,96000,20 city/26 hwy,Automatic,Blue/Cream,2 Owners,No flood or frame damage,No odometer problems,5XYZTDLB7JG552416,CUV - Midsize,Clean,No Issue,Minor,No Open Recalls,No Issue,No Issue,No CPO Info Available,No Issue,4-cyl,Gas,All Wheel Drive,,,,,
2023,Mazda,CX-5 2.5 S Premium Package,28998,17000,24 city/30 hwy,Automatic,White/Black,1 Owner,No flood or frame damage,No odometer problems,JM3KFBDM6P0277673,CUV - Midsize,Clean,No Issue,No Issue,No Open Recalls,No Issue,No Issue,No CPO Info Available,No Issue,4-cyl,Gas,All Wheel Drive,,,,,
2016,Subaru,Legacy 2.5I,14998,91000,26 city/36 hwy,Automatic,Gray/Black,3 Owners,No flood or frame damage,No odometer problems,4S3BNAA63G3004121,Car - Midsize,Clean,No Issue,No Issue,No Open Recalls,No Issue,No Issue,No CPO Info Available,No Issue,4-cyl,Gas,All Wheel Drive,,,,,
2016,Kia,Soul +,15998,53000,24 city/31 hwy,Automatic,White/Black,2 Owners,No flood or frame damage,No odometer problems,KNDJP3A56G7334496,CUV - Compact,Clean,No Issue,Minor,No Open Recalls,No Issue,No Issue,No CPO Info Available,No Issue,4-cyl,Gas,Front Wheel Drive,,,,,
2021,Toyota,Tacoma TRD Off Road,38998,36000,18 city/22 hwy,Automatic,Blue/Black,1 Owner,No flood or frame damage,No odometer problems,3TMCZ5AN0MM393155,Pickup - Midsize,Clean,No Issue,No Issue,No Open Recalls,No Issue,No Issue,No CPO Info Available,No Issue,6-cyl,Gas,Four Wheel Drive,5 ft,,,,
2023,Nissan,Frontier SV,31998,16000,17 city/22 hwy,Automatic,Green/Gray,1 Owner,No flood or frame damage,No odometer problems,1N6ED1EK2PN615296,Pickup - Midsize,Clean,No Issue,No Issue,No Open Recalls,No Issue,No Issue,No CPO Info Available,No Issue,,,,4.5 ft,,,,
2014,Nissan,Rogue SL,14998,86000,25 city/32 hwy,Automatic,White/Tan,3 Owners,No flood or frame damage,No odometer problems,5N1AT2MV0EC753042,CUV - Midsize,Clean,No Issue,No Issue,2 Open Recall(s),No Issue,No Issue,No CPO Info Available,No Issue,4-cyl,Gas,All Wheel Drive,,,,,
2018,Hyundai,Tucson Limited,22998,24000,24 city/28 hwy,Automatic,Black/Black,1 Owner,No flood or frame damage,No odometer problems,KM8J3CA25JU813434,CUV - Midsize,Clean,No Issue,No Issue,No Open Recalls,No Issue,No Issue,No CPO Info Available,No Issue,4-cyl,Turbo Gas,All Wheel Drive,,,,,
2021,Honda,Civic EX,25998,32000,31 city/40 hwy,Automatic,Gray/Black,2 Owners,No flood or frame damage,No odometer problems,SHHFK7H61MU406834,Car - Large,Clean,No Issue,No Issue,No Open Recalls,No Issue,No Issue,OEM-Certified,No Issue,4-cyl,Turbo Gas,Front Wheel Drive,,,,,
2022,Toyota,Corolla LE,21998,22000,30 city/38 hwy,Automatic,White/Gray,1 Owner,No flood or frame damage,No odometer problems,JTDEPMAE9N3012981,Car - Compact,Clean,No Issue,Damage Reported,No Open Recalls,No Issue,No Issue,No CPO Info Available,No Issue,4-cyl,Gas,Front Wheel Drive,,,,,
2018,Chevrolet,Equinox LS,17998,65000,24 city/30 hwy,Automatic,Gray/Gray,2 Owners,No flood or frame damage,No odometer problems,2GNAXREV6J6275722,CUV - Midsize,Clean,No Issue,Damage Reported,No Open Recalls,No Issue,No Issue,No CPO Info Available,No Issue,4-cyl,Turbo Gas,All Wheel Drive,,,,,
2023,Audi,A5 S-Line Premium,32998,33000,24 city/31 hwy,Automatic,Black/Black,1 Owner,No flood or frame damage,No odometer problems,WAUSAAF59PA015483,Car - Compact Luxury,Clean,No Issue,No Issue,No Open Recalls,No Issue,No Issue,No CPO Info Available,No Issue,4-cyl,Turbo Gas,All Wheel Drive,,,,,
2020,Toyota,Prius L ECO,27998,10000,58 city/53 hwy,Automatic,Silver/Black,1 Owner,No flood or frame damage,No odometer problems,JTDKARFU4L3118639,Car - Midsize,Clean,No Issue,No Issue,No Open Recalls,No Issue,No Issue,No CPO Info Available,No Issue,4-cyl,Hybrid,Front Wheel Drive,,,,,
2023,Nissan,Pathfinder Rock Creek,39998,3000,20 city/23 hwy,Automatic,Brown/Gray,1 Owner,No flood or frame damage,No odometer problems,5N1DR3BD4PC207696,SUV - Large,Clean,No Issue,No Issue,No Open Recalls,No Issue,No Issue,No CPO Info Available,No Issue,6-cyl,Gas,Four Wheel Drive,,,,,
2015,Mazda,CX-5 Sport,14599,90000,26 city/35 hwy,Manual 6 Speed,Silver/Black,3 Owners,No flood or frame damage,No odometer problems,JM3KE2BE8F0454771,CUV - Compact,Clean,No Issue,No Issue,No Open Recalls,No Issue,No Issue,No CPO Info Available,No Issue,4-cyl,Gas,Front Wheel Drive,,,,,
2023,Kia,Soul LX,19998,14000,29 city/35 hwy,Automatic,Red/Gray,1 Owner,No flood or frame damage,No odometer problems,KNDJ23AU9P7207893,CUV - Compact,Clean,No Issue,No Issue,No Open Recalls,No Issue,No Issue,No CPO Info Available,No Issue,4-cyl,Gas,Front Wheel Drive,,,,,
2017,Nissan,Sentra S,14998,77000,29 city/37 hwy,Automatic,Blue/Tan,3 Owners,No flood or frame damage,No odometer problems,3N1AB7AP9HY330291,Car - Midsize,Clean,No Issue,No Issue,No Open Recalls,No Issue,No Issue,No CPO Info Available,No Issue,4-cyl,Gas,Front Wheel Drive,,,,,
2016,Hyundai,Elantra Limited,11998,120000,28 city/38 hwy,Automatic,White/Black,2 Owners,No flood or frame damage,No odometer problems,5NPDH4AE3GH668769,Car - Compact,Clean,No Issue,No Issue,3 Open Recall(s),No Issue,No Issue,No CPO Info Available,No Issue,4-cyl,Gas,Front Wheel Drive,,,,,
2018,Nissan,Altima SR,19998,26000,26 city/37 hwy,Automatic,White/Black,1 Owner,No flood or frame damage,No odometer problems,1N4AL3AP5JC201827,Car - Midsize,Clean,No Issue,No Issue,No Open Recalls,No Issue,No Issue,No CPO Info Available,No Issue,4-cyl,Gas,Front Wheel Drive,,,,,
2018,GMC,Canyon Denali,23998,118000,17 city/24 hwy,Automatic,Black/Black,2 Owners,No flood or frame damage,No odometer problems,1GTG6EEN3J1241268,Pickup - Midsize,Clean,No Issue,No Issue,No Open Recalls,No Issue,No Issue,No CPO Info Available,No Issue,6-cyl,Gas,Four Wheel Drive,6 ft,,,,
2014,Toyota,Tundra 1794,31998,95000,13 city/17 hwy,Automatic,Black/Brown,1 Owner,No flood or frame damage,No odometer problems,5TFAW5F19EX400234,Pickup - Fullsize,Clean,No Issue,No Issue,No Open Recalls,No Issue,No Issue,No CPO Info Available,No Issue,8-cyl,Gas,Four Wheel Drive,5.5 ft,,,,
2017,Subaru,Crosstrek Premium,16998,102000,26 city/33 hwy,Automatic,Black/Black,2 Owners,No flood or frame damage,No odometer problems,JF2GPABC9H8207377,CUV - Compact,Clean,No Issue,No Issue,No Open Recalls,No Issue,No Issue,No CPO Info Available,No Issue,4-cyl,Gas,All Wheel Drive,,,,,
2019,Volkswagen,Tiguan SE,19998,59000,21 city/29 hwy,Automatic,White/Black,1 Owner,No flood or frame damage,No odometer problems,3VV2B7AX7KM036065,CUV - Midsize,Clean,No Issue,No Issue,No Open Recalls,No Issue,No Issue,No CPO Info Available,No Issue,4-cyl,Turbo Gas,All Wheel Drive,,,,,
2022,Nissan,Murano SL,28998,40000,20 city/28 hwy,Automatic,White/Black,1 Owner,No flood or frame damage,No odometer problems,5N1AZ2CS2NC120421,CUV - Midsize,Clean,No Issue,No Issue,No Open Recalls,No Issue,No Issue,No CPO Info Available,No Issue,6-cyl,Gas,All Wheel Drive,,,,,
2019,Subaru,Ascent Limited,30998,24000,20 city/26 hwy,Automatic,Black/Black,2 Owners,No flood or frame damage,No odometer problems,4S4WMALD1K3451731,CUV - Large,Clean,No Issue,No Issue,3 Open Recall(s),No Issue,No Issue,No CPO Info Available,No Issue,4-cyl,Turbo Gas,All Wheel Drive,,,,,
2020,Jeep,Grand Cherokee High Altitude,33998,28000,18 city/25 hwy,Automatic,Black/Black,2 Owners,No flood or frame damage,No odometer problems,1C4RJFCG0LC314363,SUV - Midsize,Clean,No Issue,Minor,No Open Recalls,No Issue,No Issue,No CPO Info Available,No Issue,6-cyl,Gas,Four Wheel Drive,,,,,
2016,Honda,CR-V EX,15998,112000,26 city/33 hwy,Automatic,Black/Black,2 Owners,No flood or frame damage,No odometer problems,3CZRM3H52GG706660,CUV - Midsize,Clean,No Issue,Damage Reported,No Open Recalls,No Issue,No Issue,No CPO Info Available,No Issue,4-cyl,Gas,Front Wheel Drive,,,,,
2015,Toyota,RAV4 XLE,16998,109000,22 city/29 hwy,Automatic,Gray/Black,2 Owners,No flood or frame damage,No odometer problems,2T3RFREV6FW356620,CUV - Midsize,Clean,No Issue,Damage Reported,1 Open Recall(s),No Issue,No Issue,No CPO Info Available,No Issue,4-cyl,Gas,All Wheel Drive,,,,,
2019,Acura,RDX A-Spec,30998,49000,21 city/26 hwy,Automatic,Gray/Red,2 Owners,No flood or frame damage,No odometer problems,5J8TC2H63KL013580,CUV - Midsize Luxury,Clean,No Issue,No Issue,1 Open Recall(s),No Issue,No Issue,No CPO Info Available,No Issue,4-cyl,Turbo Gas,All Wheel Drive,,,,,
2015,Chevrolet,Spark LS,12599,29000,30 city/39 hwy,Automatic,Black/Gray,2 Owners,No flood or frame damage,No odometer problems,KL8CB6S96FC715810,Car - Subcompact,Clean,No Issue,No Issue,No Open Recalls,No Issue,No Issue,No CPO Info Available,No Issue,4-cyl,Gas,Front Wheel Drive,,,,,
2023,Toyota,Prius XLE,36998,22000,,Automatic,White/Cream,1 Owner,No flood or frame damage,No odometer problems,JTDADABU8P3001596,Car - Midsize,Clean,No Issue,No Issue,1 Open Recall(s),No Issue,No Issue,No CPO Info Available,No Issue,,,,,,,,
2019,Ram,1500 Classic Warlock,28998,58000,16 city/23 hwy,Automatic,Black/Black,1 Owner,No flood or frame damage,No odometer problems,1C6RR7GG6KS708860,Pickup - Fullsize,Clean,No Issue,No Issue,No Open Recalls,No Issue,No Issue,No CPO Info Available,No Issue,6-cyl,Gas,Four Wheel Drive,6 ft,,,,
2018,Mercedes-Benz,C63 AMG S,49998,50000,17 city/23 hwy,Automatic,Black/Black,2 Owners,No flood or frame damage,No odometer problems,WDDWJ8HB7JF681029,Car - Compact Luxury,Clean,No Issue,No Issue,1 Open Recall(s),No Issue,No Issue,No CPO Info Available,No Issue,8-cyl,Turbo Gas,Rear Wheel Drive,,,,,
2022,Mercedes-Benz,GLC300 ,38998,22000,21 city/28 hwy,Automatic,Black/Tan,1 Owner,No flood or frame damage,No odometer problems,W1N0G8EB9NV376963,CUV - Compact Luxury,Clean,No Issue,No Issue,No Open Recalls,No Issue,No Issue,No CPO Info Available,No Issue,4-cyl,Turbo Gas,All Wheel Drive,,,,,
2020,Jeep,Grand Cherokee Limited,28998,22000,18 city/25 hwy,Automatic,Gray/Black,1 Owner,No flood or frame damage,No odometer problems,1C4RJFBG0LC243683,SUV - Midsize,Clean,No Issue,No Issue,No Open Recalls,No Issue,No Issue,No CPO Info Available,No Issue,6-cyl,Gas,Four Wheel Drive,,,,,
2017,Ford,F150 King Ranch,33998,95000,15 city/21 hwy,Automatic,Burgundy/Black,2 Owners,No flood or frame damage,No odometer problems,1FTEW1EF7HFB72798,Pickup - Fullsize,Clean,No Issue,No Issue,No Open Recalls,No Issue,No Issue,No CPO Info Available,No Issue,8-cyl,Gas,Four Wheel Drive,5.5 ft,,,,
2020,Volkswagen,Jetta SE,20998,20000,30 city/40 hwy,Automatic,White/Tan,2 Owners,No flood or frame damage,No odometer problems,3VWCB7BU3LM019480,Car - Compact,Clean,No Issue,No Issue,No Open Recalls,No Issue,No Issue,No CPO Info Available,No Issue,4-cyl,Turbo Gas,Front Wheel Drive,,,,,
2014,Ford,Fusion SE,13599,89000,22 city/33 hwy,Automatic,Silver/Black,3 Owners,No flood or frame damage,No odometer problems,3FA6P0H90ER267225,Car - Midsize,Clean,No Issue,No Issue,2 Open Recall(s),No Issue,No Issue,No CPO Info Available,No Issue,4-cyl,Turbo Gas,Front Wheel Drive,,,,,
2015,Kia,Optima SX,14599,94000,20 city/31 hwy,Automatic,Black/Black,1 Owner,No flood or frame damage,No odometer problems,5XXGR4A69FG494901,Car - Midsize,Clean,No Issue,Minor,No Open Recalls,No Issue,No Issue,No CPO Info Available,No Issue,4-cyl,Turbo Gas,Front Wheel Drive,,,,,
2022,Subaru,Ascent Touring,36998,29000,20 city/26 hwy,Automatic,Blue/Brown,1 Owner,No flood or frame damage,No odometer problems,4S4WMARD2N3408320,CUV - Large,Clean,No Issue,No Issue,No Open Recalls,No Issue,No Issue,No CPO Info Available,No Issue,4-cyl,Turbo Gas,All Wheel Drive,,,,,
2019,Toyota,Camry LE,22998,32000,28 city/39 hwy,Automatic,Gray/Gray,1 Owner,No flood or frame damage,No odometer problems,4T1B11HKXKU822071,Car - Midsize,Clean,No Issue,Minor,No Open Recalls,No Issue,No Issue,No CPO Info Available,No Issue,4-cyl,Gas,Front Wheel Drive,,,,,
2020,Nissan,Pathfinder SL,18998,99000,20 city/27 hwy,Automatic,White/Black,2 Owners,No flood or frame damage,No odometer problems,5N1DR2CMXLC598405,SUV - Large,Clean,No Issue,No Issue,No Open Recalls,No Issue,No Issue,No CPO Info Available,No Issue,6-cyl,Gas,Four Wheel Drive,,,,,
2021,Nissan,Rogue S,22998,20000,27 city/35 hwy,Automatic,Gray/Black,1 Owner,No flood or frame damage,No odometer problems,5N1AT3AA6MC768375,CUV - Midsize,Clean,No Issue,Minor,No Open Recalls,No Issue,No Issue,No CPO Info Available,No Issue,4-cyl,Gas,Front Wheel Drive,,,,,
2022,Hyundai,Tucson SEL,25998,23000,24 city/29 hwy,Automatic,Black/Black,1 Owner,No flood or frame damage,No odometer problems,5NMJCCAE9NH047168,CUV - Midsize,Clean,No Issue,No Issue,1 Open Recall(s),No Issue,No Issue,No CPO Info Available,No Issue,4-cyl,Gas,All Wheel Drive,,,,,
2019,Jeep,Cherokee Limited,20998,31000,22 city/31 hwy,Automatic,White/Black,1 Owner,No flood or frame damage,No odometer problems,1C4PJLDBXKD443759,CUV - Compact,Clean,No Issue,No Issue,No Open Recalls,No Issue,No Issue,No CPO Info Available,No Issue,4-cyl,Gas,Front Wheel Drive,,,,,
2022,Ford,Explorer Limited,30998,29000,20 city/28 hwy,Automatic,Blue/Black,1 Owner,No flood or frame damage,No odometer problems,1FMSK7FH9NGA80093,CUV - Large,Clean,No Issue,No Issue,No Open Recalls,No Issue,No Issue,No CPO Info Available,No Issue,4-cyl,Turbo Gas,Rear Wheel Drive,,,,,
2020,Mercedes-Benz,GLC300 ,28998,37000,21 city/28 hwy,Automatic,Silver/Black,2 Owners,No flood or frame damage,No odometer problems,WDC0G8EB7LF690491,CUV - Compact Luxury,Clean,No Issue,No Issue,No Open Recalls,No Issue,No Issue,No CPO Info Available,No Issue,4-cyl,Turbo Gas,All Wheel Drive,,,,,
2020,Ford,Edge Titanium,25998,41000,21 city/28 hwy,Automatic,Silver/Black,1 Owner,No flood or frame damage,No odometer problems,2FMPK4K90LBB16907,CUV - Midsize,Clean,No Issue,No Issue,No Open Recalls,No Issue,No Issue,No CPO Info Available,No Issue,4-cyl,Turbo Gas,All Wheel Drive,,,,,
2021,Nissan,Sentra SV,18998,30000,29 city/39 hwy,Automatic,White/Black,1 Owner,No flood or frame damage,No odometer problems,3N1AB8CV8MY307547,Car - Midsize,Clean,No Issue,No Issue,1 Open Recall(s),No Issue,No Issue,No CPO Info Available,No Issue,4-cyl,Gas,Front Wheel Drive,,,,,
2017,Hyundai,Santa Fe Sport ,14998,70000,21 city/27 hwy,Automatic,Red/Tan,2 Owners,No flood or frame damage,No odometer problems,5XYZT3LB3HG468081,CUV - Midsize,Clean,No Issue,Minor,1 Open Recall(s),No Issue,No Issue,No CPO Info Available,No Issue,4-cyl,Gas,Front Wheel Drive,,,,,
2017,Honda,Pilot EX-L,24998,60000,18 city/26 hwy,Automatic,White/Tan,1 Owner,No flood or frame damage,No odometer problems,5FNYF6H50HB080482,SUV - Large,Clean,No Issue,No Issue,2 Open Recall(s),No Issue,No Issue,No CPO Info Available,No Issue,6-cyl,Gas,All Wheel Drive,,,,,
2021,Buick,Encore GX Preferred,20998,28000,28 city/31 hwy,Automatic,Gray/Black,1 Owner,No flood or frame damage,No odometer problems,KL4MMBS23MB098865,CUV - Compact,Clean,No Issue,No Issue,No Open Recalls,No Issue,No Issue,No CPO Info Available,No Issue,3-cyl,Turbo Gas,Front Wheel Drive,,,,,
2021,Subaru,Forester Touring,29998,26000,26 city/33 hwy,Automatic,White/Black,1 Owner,No flood or frame damage,No odometer problems,JF2SKAXC2MH535221,CUV - Midsize,Clean,No Issue,No Issue,No Open Recalls,No Issue,No Issue,No CPO Info Available,No Issue,4-cyl,Gas,All Wheel Drive,,,,,
2024,Dodge,Hornet R/T,34998,4000,,,Gray/Red,1 Owner,No flood or frame damage,No odometer problems,ZACPDFDW0R3A11115,CUV - Compact,Clean,No Issue,No Issue,No Open Recalls,No Issue,No Issue,No CPO Info Available,No Issue,4-cyl,Plug-in Hybrid,All Wheel Drive,,,30 miles,,
2023,Kia,Sportage EX,27998,13000,25 city/32 hwy,Automatic,Black/Black,1 Owner,No flood or frame damage,No odometer problems,5XYK33AF0PG075905,CUV - Compact,Clean,No Issue,No Issue,No Open Recalls,No Issue,No Issue,No CPO Info Available,No Issue,4-cyl,Gas,Front Wheel Drive,,,,,
2020,Toyota,RAV4 XLE Premium,28998,41000,25 city/33 hwy,Automatic,Black/Black,2 Owners,No flood or frame damage,No odometer problems,2T3A1RFV9LW124342,CUV - Midsize,Clean,No Issue,No Issue,2 Open Recall(s),No Issue,No Issue,No CPO Info Available,No Issue,4-cyl,Gas,All Wheel Drive,,,,,
2020,Mercedes-Benz,GLC300 ,29998,40000,21 city/28 hwy,Automatic,White/Tan,1 Owner,No flood or frame damage,No odometer problems,W1N0G8EB2LF858245,CUV - Compact Luxury,Clean,No Issue,Damage Reported,No Open Recalls,No Issue,No Issue,No CPO Info Available,No Issue,4-cyl,Turbo Gas,All Wheel Drive,,,,,
2022,Chevrolet,TrailBlazer LT,21998,42000,29 city/31 hwy,Automatic,White/Black,1 Owner,No flood or frame damage,No odometer problems,KL79MPSL3NB070502,CUV - Compact,Clean,No Issue,No Issue,No Open Recalls,No Issue,No Issue,No CPO Info Available,No Issue,3-cyl,Turbo Gas,Front Wheel Drive,,,,,
2019,Mercedes-Benz,A220 ,25998,43000,24 city/35 hwy,Automatic,Black/Cream,2 Owners,No flood or frame damage,No odometer problems,WDD3G4FB5KW028424,Car - Compact Luxury,Clean,No Issue,No Issue,No Open Recalls,No Issue,No Issue,No CPO Info Available,No Issue,4-cyl,Turbo Gas,All Wheel Drive,,,,,
2017,Chevrolet,Cruze LS,14998,61000,30 city/40 hwy,Automatic,White/Black,1 Owner,No flood or frame damage,No odometer problems,1G1BC5SM4H7163999,Car - Compact,Clean,No Issue,No Issue,No Open Recalls,No Issue,No Issue,No CPO Info Available,No Issue,4-cyl,Turbo Gas,Front Wheel Drive,,,,,
2024,Honda,HR-V Sport,28998,8000,25 city/30 hwy,Automatic,Black/Black,1 Owner,No flood or frame damage,No odometer problems,3CZRZ2H57RM735006,CUV - Compact,Clean,No Issue,No Issue,No Open Recalls,No Issue,No Issue,No CPO Info Available,No Issue,4-cyl,Gas,All Wheel Drive,,,,,
2023,Jeep,Grand Cherokee L Limited,43998,15000,19 city/26 hwy,Automatic,Gray/Black,1 Owner,No flood or frame damage,No odometer problems,1C4RJJBG5P8811714,SUV - Midsize,Clean,No Issue,No Issue,No Open Recalls,No Issue,No Issue,No CPO Info Available,No Issue,6-cyl,Gas,Rear Wheel Drive,,,,,
2016,Jeep,Grand Cherokee Laredo,20998,65000,18 city/25 hwy,Automatic,Black/Black,2 Owners,No flood or frame damage,No odometer problems,1C4RJFAG0GC470136,SUV - Midsize,Clean,No Issue,No Issue,No Open Recalls,No Issue,No Issue,No CPO Info Available,No Issue,6-cyl,Gas,Four Wheel Drive,,,,,
2018,Buick,Encore Sport Touring,16998,40000,25 city/33 hwy,Automatic,Black/Black,2 Owners,No flood or frame damage,No odometer problems,KL4CJ1SB8JB687615,CUV - Compact,Clean,No Issue,No Issue,No Open Recalls,No Issue,No Issue,No Recent CPO Reported,No Issue,4-cyl,Turbo Gas,Front Wheel Drive,,,,,
2022,Toyota,RAV4 XLE Premium,34998,9000,27 city/35 hwy,Automatic,White/Gray,1 Owner,No flood or frame damage,No odometer problems,2T3A1RFV7NW287123,CUV - Midsize,Clean,No Issue,No Issue,No Open Recalls,No Issue,No Issue,No CPO Info Available,No Issue,,,,,,,,
2021,Mazda,CX-5 Grand Touring,25998,22000,24 city/30 hwy,Automatic,Black/White,1 Owner,No flood or frame damage,No odometer problems,JM3KFBDM6M0468988,CUV - Midsize,Clean,No Issue,Damage Reported,No Open Recalls,No Issue,No Issue,No CPO Info Available,No Issue,4-cyl,Gas,All Wheel Drive,,,,,
2021,Honda,Civic EX,23998,35000,31 city/40 hwy,Automatic,Silver/Black,1 Owner,No flood or frame damage,No odometer problems,SHHFK7H65MU425869,Car - Large,Clean,No Issue,Damage Reported,No Open Recalls,No Issue,No Issue,No CPO Info Available,No Issue,4-cyl,Turbo Gas,Front Wheel Drive,,,,,
2021,Chevrolet,Silverado 1500 LT,33998,58000,19 city/18 hwy,Automatic,White/Black,2 Owners,No flood or frame damage,No odometer problems,1GCUYDED5MZ192286,Pickup - Fullsize,Clean,No Issue,Damage Reported,No Open Recalls,No Issue,No Issue,No CPO Info Available,No Issue,8-cyl,Gas,Four Wheel Drive,5.5 ft,,,,
2019,Chevrolet,Malibu LT,19998,34000,29 city/36 hwy,Automatic,White/Black,2 Owners,No flood or frame damage,No odometer problems,1G1ZD5ST1KF119572,Car - Midsize,Clean,No Issue,No Issue,No Open Recalls,No Issue,No Issue,No CPO Info Available,No Issue,4-cyl,Turbo Gas,Front Wheel Drive,,,,,
2021,BMW,330 I xDrive,27998,32000,25 city/34 hwy,Automatic,Gray/Black,2 Owners,No flood or frame damage,No odometer problems,3MW5R7J0XM8B58292,Car - Compact Luxury,Clean,No Issue,No Issue,No Open Recalls,No Issue,No Issue,No CPO Info Available,No Issue,4-cyl,Turbo Gas,All Wheel Drive,,,,,
2014,Volkswagen,Passat S,13998,52000,24 city/34 hwy,Automatic,White/Black,3 Owners,No flood or frame damage,No odometer problems,1VWAT7A31EC022864,Car - Midsize,Clean,No Issue,Damage Reported,1 Open Recall(s),No Issue,No Issue,No CPO Info Available,No Issue,4-cyl,Turbo Gas,Front Wheel Drive,,,,,
2021,GMC,Terrain SLT,23998,37000,26 city/30 hwy,Automatic,Black/Black,1 Owner,No flood or frame damage,No odometer problems,3GKALPEV1ML350775,CUV - Midsize,Clean,No Issue,Damage Reported,1 Open Recall(s),No Issue,No Issue,No CPO Info Available,No Issue,4-cyl,Turbo Gas,Front Wheel Drive,,,,,
2023,Nissan,Rogue SL,29998,22000,28 city/34 hwy,Automatic,Blue/White,1 Owner,No flood or frame damage,No odometer problems,JN8BT3CBXPW186639,CUV - Midsize,Clean,No Issue,No Issue,No Open Recalls,No Issue,No Issue,No CPO Info Available,No Issue,3-cyl,Turbo Gas,All Wheel Drive,,,,,
2017,Chevrolet,Equinox LT,14599,85000,21 city/31 hwy,Automatic,Silver/Black,1 Owner,No flood or frame damage,No odometer problems,2GNALCEK7H1507914,CUV - Midsize,Clean,No Issue,No Issue,No Open Recalls,No Issue,No Issue,No CPO Info Available,No Issue,4-cyl,Gas,Front Wheel Drive,,,,,
2023,Nissan,Kicks SR,23998,7000,31 city/36 hwy,Automatic,Burgundy/Gray,1 Owner,No flood or frame damage,No odometer problems,3N1CP5DV0PL569796,CUV - Compact,Clean,No Issue,Moderate,No Open Recalls,No Issue,No Issue,No CPO Info Available,No Issue,4-cyl,Gas,Front Wheel Drive,,,,,
2021,Volkswagen,Tiguan S,21998,25000,23 city/29 hwy,Automatic,Silver/Black,1 Owner,No flood or frame damage,No odometer problems,3VV1B7AX4MM010120,CUV - Midsize,Clean,No Issue,No Issue,No Open Recalls,No Issue,No Issue,No CPO Info Available,No Issue,4-cyl,Turbo Gas,Front Wheel Drive,,,,,
2023,Subaru,Crosstrek ,25998,18000,28 city/33 hwy,Automatic,Silver/Black,1 Owner,No flood or frame damage,No odometer problems,JF2GTABC5PH293121,CUV - Compact,Clean,No Issue,No Issue,No Open Recalls,No Issue,No Issue,No CPO Info Available,No Issue,4-cyl,Gas,All Wheel Drive,,,,,
2021,Nissan,Sentra SV,19998,23000,29 city/39 hwy,Automatic,Burgundy/Black,1 Owner,No flood or frame damage,No odometer problems,3N1AB8CV1MY326554,Car - Midsize,Clean,No Issue,No Issue,1 Open Recall(s),No Issue,No Issue,No CPO Info Available,No Issue,4-cyl,Gas,Front Wheel Drive,,,,,
2014,Hyundai,Santa Fe Sport 2.0T,13998,109000,18 city/24 hwy,Automatic,Black/Gray,1 Owner,No flood or frame damage,No odometer problems,5XYZWDLAXEG140267,CUV - Midsize,Clean,No Issue,No Issue,1 Open Recall(s),No Issue,No Issue,No CPO Info Available,No Issue,4-cyl,Turbo Gas,All Wheel Drive,,,,,
2019,Infiniti,QX50 Essential,23998,45000,24 city/31 hwy,Automatic,Silver/Black,2 Owners,No flood or frame damage,No odometer problems,3PCAJ5M18KF130534,CUV - Compact Luxury,Clean,No Issue,No Issue,No Open Recalls,No Issue,No Issue,No CPO Info Available,No Issue,4-cyl,Turbo Gas,Front Wheel Drive,,,,,
2020,Mitsubishi,Outlander LE,18998,51000,25 city/30 hwy,Automatic,Black/Black,3 Owners,No flood or frame damage,No odometer problems,JA4AD3A32LZ011756,CUV - Midsize,Clean,No Issue,Moderate,No Open Recalls,No Issue,No Issue,No CPO Info Available,No Issue,4-cyl,Gas,Front Wheel Drive,,,,,
2017,Honda,Civic EX,16998,109000,31 city/40 hwy,Automatic,White/Tan,2 Owners,No flood or frame damage,No odometer problems,SHHFK7H57HU207073,Car - Midsize,Clean,No Issue,No Issue,1 Open Recall(s),No Issue,No Issue,No CPO Info Available,No Issue,4-cyl,Turbo Gas,Front Wheel Drive,,,,,
2021,Ram,1500 Bighorn,36998,7000,15 city/21 hwy,Automatic,Gray/Black,1 Owner,No flood or frame damage,No odometer problems,1C6SRFBT2MN787252,Pickup - Fullsize,Clean,No Issue,No Issue,No Open Recalls,No Issue,No Issue,No CPO Info Available,No Issue,8-cyl,Gas,Four Wheel Drive,6 ft,,,,
2018,Ford,Escape SE,17998,25000,23 city/30 hwy,Automatic,Blue/Black,1 Owner,No flood or frame damage,No odometer problems,1FMCU0GD2JUC30347,CUV - Compact,Clean,No Issue,No Issue,No Open Recalls,No Issue,No Issue,No CPO Info Available,No Issue,4-cyl,Turbo Gas,Front Wheel Drive,,,,,
2017,BMW,330 XI,21998,28000,23 city/33 hwy,Automatic,Silver/Black,2 Owners,No flood or frame damage,No odometer problems,WBA8D9G38HNU64564,Car - Compact Luxury,Clean,No Issue,No Issue,No Open Recalls,No Issue,No Issue,No CPO Info Available,No Issue,4-cyl,Turbo Gas,All Wheel Drive,,,,,
2018,Honda,Civic EX,17998,84000,31 city/40 hwy,Automatic,Silver/Black,2 Owners,No flood or frame damage,No odometer problems,19XFC2F7XJE025708,Car - Midsize,Clean,No Issue,Minor,No Open Recalls,No Issue,No Issue,No Recent CPO Reported,No Issue,4-cyl,Gas,Front Wheel Drive,,,,,
2018,Kia,Sorento LX,18998,42000,21 city/25 hwy,Automatic,Burgundy/Black,1 Owner,No flood or frame damage,No odometer problems,5XYPGDA3XJG431872,CUV - Large,Clean,No Issue,No Issue,No Open Recalls,No Issue,No Issue,No CPO Info Available,No Issue,4-cyl,Gas,All Wheel Drive,,,,,
2024,Kia,Sorento S,33998,6000,23 city/31 hwy,Automatic,Gray/Black,1 Owner,No flood or frame damage,No odometer problems,5XYRL4JC2RG256288,CUV - Large,Clean,No Issue,No Issue,No Open Recalls,No Issue,No Issue,No CPO Info Available,No Issue,4-cyl,Gas,,,,,,
2021,Nissan,Rogue SV,22998,40000,25 city/32 hwy,Automatic,Blue/Cream,1 Owner,No flood or frame damage,No odometer problems,5N1AT3BB9MC814207,CUV - Midsize,Clean,No Issue,Damage Reported,No Open Recalls,No Issue,No Issue,No CPO Info Available,No Issue,4-cyl,Gas,All Wheel Drive,,,,,
2022,Volkswagen,Taos S,22998,12000,28 city/36 hwy,Automatic,White/Gray,1 Owner,No flood or frame damage,No odometer problems,3VVDX7B27NM012897,CUV - Compact,Clean,No Issue,No Issue,No Open Recalls,No Issue,No Issue,No CPO Info Available,No Issue,4-cyl,Turbo Gas,Front Wheel Drive,,,,,
2023,GMC,Sierra 1500 Elevation,43998,11000,18 city/20 hwy,Automatic,White/Black,1 Owner,No flood or frame damage,No odometer problems,3GTPUCEK3PG101344,Pickup - Fullsize,Clean,No Issue,No Issue,No Open Recalls,No Issue,No Issue,No CPO Info Available,No Issue,4-cyl,Turbo Gas,Four Wheel Drive,5.5 ft,,,,
2020,Kia,Soul LX,16998,22000,29 city/35 hwy,Automatic,Black/Black,2 Owners,No flood or frame damage,No odometer problems,KNDJ23AU6L7724837,CUV - Compact,Clean,No Issue,No Issue,No Open Recalls,No Issue,No Issue,No CPO Info Available,No Issue,4-cyl,Gas,Front Wheel Drive,,,,,
2015,Jeep,Cherokee Latitude,19998,12000,21 city/28 hwy,Automatic,White/Tan,1 Owner,No flood or frame damage,No odometer problems,1C4PJMCB3FW515340,CUV - Compact,Clean,No Issue,No Issue,No Open Recalls,No Issue,No Issue,No CPO Info Available,No Issue,4-cyl,Gas,Four Wheel Drive,,,,,
2021,Hyundai,Santa Fe SE,21998,29000,22 city/25 hwy,Automatic,Silver/Gray,1 Owner,No flood or frame damage,No odometer problems,5NMS1DAJ3MH350474,CUV - Midsize,Clean,No Issue,Minor,No Open Recalls,No Issue,No Issue,No CPO Info Available,No Issue,4-cyl,Gas,All Wheel Drive,,,,,
2019,Infiniti,QX50 Essential,24998,40000,24 city/30 hwy,Automatic,Gray/Black,2 Owners,No flood or frame damage,No odometer problems,3PCAJ5M36KF116133,CUV - Compact Luxury,Clean,No Issue,No Issue,No Open Recalls,No Issue,No Issue,No CPO Info Available,No Issue,4-cyl,Turbo Gas,All Wheel Drive,,,,,
2023,Nissan,Rogue SV,28998,11000,28 city/35 hwy,Automatic,Black/Black,2 Owners,No flood or frame damage,No odometer problems,5N1BT3BB8PC753229,CUV - Midsize,Clean,No Issue,No Issue,No Open Recalls,No Issue,No Issue,OEM-Certified,No Issue,3-cyl,Turbo Gas,All Wheel Drive,,,,,
2018,Mercedes-Benz,GLC300 ,23998,44000,22 city/28 hwy,Automatic,White/Tan,2 Owners,No flood or frame damage,No odometer problems,WDC0G4JB3JV056323,CUV - Compact Luxury,Clean,No Issue,No Issue,No Open Recalls,No Issue,No Issue,No CPO Info Available,No Issue,4-cyl,Turbo Gas,Rear Wheel Drive,,,,,
2021,Nissan,Rogue SV,24998,20000,25 city/32 hwy,Automatic,Silver/Black,1 Owner,No flood or frame damage,No odometer problems,5N1AT3BB1MC829946,CUV - Midsize,Clean,No Issue,No Issue,No Open Recalls,No Issue,No Issue,No CPO Info Available,No Issue,4-cyl,Gas,All Wheel Drive,,,,,
2022,BMW,X5 xDrive40i,39998,54000,21 city/25 hwy,Automatic,Black/Black,1 Owner,No flood or frame damage,No odometer problems,5UXCR6C03N9K78393,CUV - Midsize Luxury,Clean,No Issue,No Issue,No Open Recalls,No Issue,No Issue,No CPO Info Available,No Issue,6-cyl,Turbo Gas,All Wheel Drive,,,,,
2022,Chevrolet,Equinox LS,22998,9000,26 city/31 hwy,Automatic,Silver/Gray,2 Owners,No flood or frame damage,No odometer problems,2GNAXHEV3N6130167,CUV - Midsize,Clean,No Issue,No Issue,No Open Recalls,No Issue,No Issue,No CPO Info Available,No Issue,4-cyl,Turbo Gas,Front Wheel Drive,,,,,
2023,Toyota,Camry LE,27998,6000,28 city/39 hwy,Automatic,White/Gray,1 Owner,No flood or frame damage,No odometer problems,4T1R11AK6PU122564,Car - Midsize,Clean,No Issue,No Issue,No Open Recalls,No Issue,No Issue,No CPO Info Available,No Issue,4-cyl,Gas,Front Wheel Drive,,,,,
2018,BMW,X4 XDrive28i,27998,55000,20 city/28 hwy,Automatic,Black/Black,1 Owner,No flood or frame damage,No odometer problems,5UXXW3C51J0T80732,CUV - Compact Luxury,Clean,No Issue,No Issue,1 Open Recall(s),No Issue,No Issue,No Recent CPO Reported,No Issue,4-cyl,Turbo Gas,All Wheel Drive,,,,,
2023,Volvo,XC60 B5 Plus Dark Theme,37998,26000,23 city/29 hwy,Automatic,White/Black,1 Owner,No flood or frame damage,No odometer problems,YV4L12RW7P1379982,CUV - Midsize Luxury,Clean,No Issue,No Issue,No Open Recalls,No Issue,No Issue,No CPO Info Available,No Issue,4-cyl,Turbo Gas,All Wheel Drive,,,,,
2022,Subaru,Ascent Onyx Edition,33998,36000,20 city/26 hwy,Automatic,White/Gray,2 Owners,No flood or frame damage,No odometer problems,4S4WMAJD5N3422630,CUV - Large,Clean,No Issue,No Issue,No Open Recalls,No Issue,No Issue,No CPO Info Available,No Issue,,,,,,,,
2021,Jeep,Compass Limited,24998,19000,22 city/30 hwy,Automatic,White/Black,1 Owner,No flood or frame damage,No odometer problems,3C4NJDCB9MT539359,CUV - Compact,Clean,No Issue,No Issue,No Open Recalls,No Issue,No Issue,No CPO Info Available,No Issue,4-cyl,Gas,Four Wheel Drive,,,,,
2021,Buick,Encore GX Essence,23998,26000,28 city/31 hwy,Automatic,Blue/Tan,1 Owner,No flood or frame damage,No odometer problems,KL4MMFSL5MB092422,CUV - Compact,Clean,No Issue,No Issue,No Open Recalls,No Issue,No Issue,No CPO Info Available,No Issue,3-cyl,Turbo Gas,Front Wheel Drive,,,,,
2020,BMW,X5 xDrive40i,44998,34000,20 city/26 hwy,Automatic,Black/Cream,2 Owners,No flood or frame damage,No odometer problems,5UXCR6C04LLL66787,CUV - Midsize Luxury,Clean,No Issue,Minor,No Open Recalls,No Issue,No Issue,No CPO Info Available,No Issue,6-cyl,Turbo Gas,All Wheel Drive,,,,,
2023,Nissan,Pathfinder SL,34998,22000,21 city/27 hwy,Automatic,Red/Black,1 Owner,No flood or frame damage,No odometer problems,5N1DR3CD7PC246698,SUV - Large,Clean,No Issue,Moderate,No Open Recalls,No Issue,No Issue,No CPO Info Available,No Issue,6-cyl,Gas,Four Wheel Drive,,,,,
2021,Chevrolet,TrailBlazer LS,19998,28000,28 city/31 hwy,Automatic,White/Black,1 Owner,No flood or frame damage,No odometer problems,KL79MMS2XMB163666,CUV - Compact,Clean,No Issue,No Issue,No Open Recalls,No Issue,No Issue,No CPO Info Available,No Issue,,,,,,,,
2021,Acura,TLX SH-AWD Technology,32998,22000,21 city/29 hwy,Automatic,Black/Tan,1 Owner,No flood or frame damage,No odometer problems,19UUB6F43MA009429,Car - Compact Luxury,Clean,No Issue,No Issue,No Open Recalls,No Issue,No Issue,No CPO Info Available,No Issue,4-cyl,Turbo Gas,All Wheel Drive,,,,,
2015,Nissan,Altima SV,13998,88000,27 city/38 hwy,Automatic,White/Tan,2 Owners,No flood or frame damage,No odometer problems,1N4AL3AP4FC203799,Car - Midsize,Clean,No Issue,No Issue,No Open Recalls,No Issue,No Issue,No CPO Info Available,No Issue,4-cyl,Gas,Front Wheel Drive,,,,,
2021,Mercedes-Benz,GLA250 ,24998,73000,24 city/33 hwy,Automatic,Black/Black,1 Owner,No flood or frame damage,No odometer problems,W1N4N4HB1MJ122472,CUV - Compact Luxury,Clean,No Issue,Moderate,1 Open Recall(s),No Issue,No Issue,OEM-Certified,No Issue,4-cyl,Turbo Gas,All Wheel Drive,,,,,
2024,Chevrolet,Trax 1RS,26998,4000,28 city/32 hwy,Automatic,Orange/Black,1 Owner,No flood or frame damage,No odometer problems,KL77LGE23RC186845,CUV - Compact,Clean,No Issue,No Issue,No Open Recalls,No Issue,No Issue,No CPO Info Available,No Issue,3-cyl,Turbo Gas,Front Wheel Drive,,,,,
2016,BMW,X3 XDrive28i,18998,65000,21 city/28 hwy,Automatic,Black/Black,2 Owners,No flood or frame damage,No odometer problems,5UXWX9C50G0D94080,CUV - Compact Luxury,Clean,No Issue,Moderate,1 Open Recall(s),No Issue,No Issue,No CPO Info Available,No Issue,4-cyl,Turbo Gas,All Wheel Drive,,,,,
2019,Hyundai,Kona SE,16998,64000,27 city/33 hwy,Automatic,White/Gray,3 Owners,No flood or frame damage,No odometer problems,KM8K12AA3KU213427,CUV - Compact,Clean,No Issue,No Issue,1 Open Recall(s),No Issue,No Issue,No CPO Info Available,No Issue,4-cyl,Gas,Front Wheel Drive,,,,,
2018,Chevrolet,Equinox LT,17998,34000,26 city/32 hwy,Automatic,Silver/Black,2 Owners,No flood or frame damage,No odometer problems,2GNAXJEV7J6227826,CUV - Midsize,Clean,No Issue,No Issue,No Open Recalls,No Issue,No Issue,No CPO Info Available,No Issue,4-cyl,Turbo Gas,Front Wheel Drive,,,,,
2021,Chevrolet,Corvette Stingray 1LT,62998,14000,15 city/27 hwy,Automatic,Blue/White,2 Owners,No flood or frame damage,No odometer problems,1G1YA2D48M5124477,Sport Car - Subcompact,Clean,No Issue,No Issue,No Open Recalls,No Issue,No Issue,No CPO Info Available,No Issue,8-cyl,Gas,Rear Wheel Drive,,,,,
2016,Ford,Fiesta SE,13599,31000,28 city/36 hwy,Automatic,White/Black,1 Owner,No flood or frame damage,No odometer problems,3FADP4BJ9GM149160,Car - Subcompact,Clean,No Issue,No Issue,No Open Recalls,No Issue,No Issue,No CPO Info Available,No Issue,4-cyl,Gas,,,,,,
2024,Nissan,Altima SR,26998,14000,27 city/37 hwy,Automatic,Gray/Black,1 Owner,No flood or frame damage,No odometer problems,1N4BL4CV8RN309087,Car - Midsize,Clean,No Issue,No Issue,No Open Recalls,No Issue,No Issue,No CPO Info Available,No Issue,4-cyl,Gas,Front Wheel Drive,,,,,
2023,Volvo,C40 Recharge Electric Twin Ultimate,35998,10000,,,White/Black,1 Owner,No flood or frame damage,No odometer problems,YV4ED3GM9P2061086,CUV - Compact Luxury,Clean,No Issue,No Issue,No Open Recalls,No Issue,No Issue,No CPO Info Available,No Issue,,,All Wheel Drive,,94 city/80 hwy,223 miles,8 hours,Electric
2021,Hyundai,Elantra SEL,18998,38000,31 city/41 hwy,Automatic,Gray/Black,1 Owner,No flood or frame damage,No odometer problems,KMHLS4AG1MU111046,Car - Midsize,Clean,No Issue,Minor,No Open Recalls,No Issue,No Issue,No CPO Info Available,No Issue,4-cyl,Gas,Front Wheel Drive,,,,,
2021,Chevrolet,Trax LT,18998,16000,24 city/29 hwy,Automatic,Purple/Black,1 Owner,No flood or frame damage,No odometer problems,KL7CJPSB0MB357395,CUV - Compact,Clean,No Issue,No Issue,No Open Recalls,No Issue,No Issue,No CPO Info Available,No Issue,4-cyl,Turbo Gas,All Wheel Drive,,,,,
2019,BMW,X6 XDrive50i,41998,52000,17 city/22 hwy,Automatic,Black/Black,3 Owners,No flood or frame damage,No odometer problems,5UXKU6C53K0Z67078,CUV - Compact Luxury,Clean,No Issue,Damage Reported,No Open Recalls,No Issue,No Issue,No Recent CPO Reported,No Issue,8-cyl,Turbo Gas,All Wheel Drive,,,,,
2018,Hyundai,Tucson SE,14599,99000,21 city/26 hwy,Automatic,Black/Black,2 Owners,No flood or frame damage,No odometer problems,KM8J2CA45JU803958,CUV - Midsize,Clean,No Issue,No Issue,No Open Recalls,No Issue,No Issue,No CPO Info Available,No Issue,4-cyl,Gas,All Wheel Drive,,,,,
2021,Subaru,Forester Premium,25998,22000,26 city/33 hwy,Automatic,Gray/Black,1 Owner,No flood or frame damage,No odometer problems,JF2SKAFC0MH568591,CUV - Midsize,Clean,No Issue,No Issue,No Open Recalls,No Issue,No Issue,No CPO Info Available,No Issue,4-cyl,Gas,All Wheel Drive,,,,,
2020,Mazda,CX-5 Touring,23998,37000,24 city/30 hwy,Automatic,White/Black,3 Owners,No flood or frame damage,No odometer problems,JM3KFBCM6L1813947,CUV - Midsize,Clean,No Issue,No Issue,No Open Recalls,No Issue,No Issue,OEM-Certified,No Issue,4-cyl,Gas,All Wheel Drive,,,,,
2021,Mazda,CX-5 Carbon Edition,24998,29000,24 city/30 hwy,Automatic,Gray/Maroon,1 Owner,No flood or frame damage,No odometer problems,JM3KFBCM1M0331121,CUV - Midsize,Clean,No Issue,Moderate,No Open Recalls,No Issue,No Issue,No CPO Info Available,No Issue,4-cyl,Gas,All Wheel Drive,,,,,
2020,Ram,1500 Laramie,28998,84000,17 city/23 hwy,Automatic,Blue/Black,1 Owner,No flood or frame damage,No odometer problems,1C6RRERT1LN320692,Pickup - Fullsize,Clean,No Issue,Moderate,No Open Recalls,No Issue,No Issue,No CPO Info Available,No Issue,8-cyl,Gas,Rear Wheel Drive,6 ft,,,,
2018,Chevrolet,Equinox LT,18998,31000,26 city/32 hwy,Automatic,Silver/Black,2 Owners,No flood or frame damage,No odometer problems,3GNAXJEV4JL103444,CUV - Midsize,Clean,No Issue,Minor,No Open Recalls,No Issue,No Issue,No CPO Info Available,No Issue,4-cyl,Turbo Gas,Front Wheel Drive,,,,,
2022,Mazda,CX-5 2.5 S Select Package,22998,36000,24 city/30 hwy,Automatic,Red/Black,1 Owner,No flood or frame damage,No odometer problems,JM3KFBBM5N1592507,CUV - Midsize,Clean,No Issue,No Issue,No Open Recalls,No Issue,No Issue,No CPO Info Available,No Issue,4-cyl,Gas,All Wheel Drive,,,,,
2021,Nissan,Altima SR,21998,33000,26 city/36 hwy,Automatic,Blue/Black,3 Owners,No flood or frame damage,No odometer problems,1N4BL4CWXMN303390,Car - Midsize,Clean,No Issue,No Issue,No Open Recalls,No Issue,No Issue,No CPO Info Available,No Issue,4-cyl,Gas,All Wheel Drive,,,,,
2021,Jeep,Grand Cherokee Limited X,32998,30000,18 city/25 hwy,Automatic,White/Black,1 Owner,No flood or frame damage,No odometer problems,1C4RJFBG8MC816539,SUV - Midsize,Clean,No Issue,No Issue,No Open Recalls,No Issue,No Issue,No CPO Info Available,No Issue,6-cyl,Gas,Four Wheel Drive,,,,,
2013,Audi,Q5 Hybrid Prestige,21998,36000,24 city/30 hwy,Automatic,Gray/Black,1 Owner,No flood or frame damage,No odometer problems,WA1C8AFP9DA072440,CUV - Midsize Luxury,Clean,No Issue,Minor,No Open Recalls,No Issue,No Issue,No CPO Info Available,No Issue,4-cyl,Turbo Hybrid,All Wheel Drive,,,,,
2018,Mini,Cooper S,23998,16000,23 city/32 hwy,Automatic,Orange/Black,2 Owners,No flood or frame damage,No odometer problems,WMWWG9C54J3C82600,Car - Subcompact,Clean,No Issue,No Issue,No Open Recalls,No Issue,No Issue,No Recent CPO Reported,No Issue,4-cyl,Turbo Gas,,,,,,
2021,Mazda,CX-30 Premium,24998,24000,24 city/31 hwy,Automatic,Blue/Black,1 Owner,No flood or frame damage,No odometer problems,3MVDMBDL7MM316289,CUV - Compact,Clean,No Issue,No Issue,No Open Recalls,No Issue,No Issue,OEM-Certified,No Issue,4-cyl,Gas,All Wheel Drive,,,,,
2018,Nissan,Murano SV,22998,16000,21 city/28 hwy,Automatic,Gray/Black,1 Owner,No flood or frame damage,No odometer problems,5N1AZ2MH1JN127930,CUV - Midsize,Clean,No Issue,No Issue,No Open Recalls,No Issue,No Issue,No CPO Info Available,No Issue,6-cyl,Gas,All Wheel Drive,,,,,
2022,BMW,M850 XDrive,65998,21000,17 city/25 hwy,Automatic,Blue/Cream,2 Owners,No flood or frame damage,No odometer problems,WBABC4C03NCH40280,Sport Car - Subcompact Luxury,Clean,No Issue,No Issue,No Open Recalls,No Issue,No Issue,No CPO Info Available,No Issue,8-cyl,Turbo Gas,All Wheel Drive,,,,,
2014,Toyota,RAV4 XLE,17998,79000,22 city/29 hwy,Automatic,Gray/Black,3 Owners,No flood or frame damage,No odometer problems,2T3RFREV0EW130877,CUV - Midsize,Clean,No Issue,No Issue,1 Open Recall(s),No Issue,No Issue,No CPO Info Available,No Issue,4-cyl,Gas,All Wheel Drive,,,,,
2022,Buick,Encore GX Select,21998,21000,29 city/30 hwy,Automatic,Red/Gray,3 Owners,No flood or frame damage,No odometer problems,KL4MMESL9NB009103,CUV - Compact,Clean,No Issue,No Issue,No Open Recalls,No Issue,No Issue,No CPO Info Available,No Issue,3-cyl,Turbo Gas,All Wheel Drive,,,,,
2018,Honda,CR-V EX,23998,34000,27 city/33 hwy,Automatic,Black/Black,1 Owner,No flood or frame damage,No odometer problems,7FARW2H59JE022491,CUV - Midsize,Clean,No Issue,No Issue,1 Open Recall(s),No Issue,No Issue,No CPO Info Available,No Issue,4-cyl,Turbo Gas,All Wheel Drive,,,,,
2022,Hyundai,Tucson SEL,23998,26000,24 city/29 hwy,Automatic,Gray/Black,1 Owner,No flood or frame damage,No odometer problems,5NMJFCAE3NH027716,CUV - Midsize,Clean,No Issue,Minor,No Open Recalls,No Issue,No Issue,No CPO Info Available,No Issue,4-cyl,Gas,All Wheel Drive,,,,,
2021,Hyundai,Sonata Limited,24998,22000,27 city/37 hwy,Automatic,Red/Brown,1 Owner,No flood or frame damage,No odometer problems,5NPEH4J20MH090314,Car - Large,Clean,No Issue,No Issue,No Open Recalls,No Issue,No Issue,No CPO Info Available,No Issue,4-cyl,Turbo Gas,Front Wheel Drive,,,,,
2019,Jeep,Cherokee Limited,20998,36000,22 city/31 hwy,Automatic,White/Black,1 Owner,No flood or frame damage,No odometer problems,1C4PJLDB0KD264629,CUV - Compact,Clean,No Issue,No Issue,No Open Recalls,No Issue,No Issue,No CPO Info Available,No Issue,4-cyl,Gas,Front Wheel Drive,,,,,
2022,Hyundai,Tucson SEL,24998,35000,24 city/29 hwy,Automatic,Blue/Black,1 Owner,No flood or frame damage,No odometer problems,5NMJCCAE1NH148284,CUV - Midsize,Clean,No Issue,No Issue,No Open Recalls,No Issue,No Issue,No CPO Info Available,No Issue,4-cyl,Gas,All Wheel Drive,,,,,
2016,Chrysler,300 S,15998,109000,19 city/31 hwy,Automatic,Silver/Black,1 Owner,No flood or frame damage,No odometer problems,2C3CCABG2GH130277,Car - Large,Clean,No Issue,No Issue,No Open Recalls,No Issue,No Issue,No CPO Info Available,No Issue,6-cyl,Gas,Rear Wheel Drive,,,,,
2015,Toyota,Sienna XLE,24998,60000,18 city/25 hwy,Automatic,Silver/Gray,3 Owners,No flood or frame damage,No odometer problems,5TDYK3DC7FS564527,Van - Mini,Clean,No Issue,Moderate,No Open Recalls,No Issue,No Issue,No CPO Info Available,No Issue,6-cyl,Gas,Front Wheel Drive,,,,,
2018,GMC,Sierra 1500 Denali,38998,58000,15 city/20 hwy,Automatic,White/Black,1 Owner,No flood or frame damage,No odometer problems,3GTU2PEJ6JG441859,Pickup - Fullsize,Clean,No Issue,No Issue,No Open Recalls,No Issue,No Issue,No CPO Info Available,No Issue,8-cyl,Gas,Four Wheel Drive,6.5 ft,,,,
2023,Honda,Accord Hybrid Sport,28998,33000,46 city/41 hwy,Automatic,Black/Black,1 Owner,No flood or frame damage,No odometer problems,1HGCY2F52PA023323,Car - Midsize,Clean,No Issue,No Issue,No Open Recalls,No Issue,No Issue,No CPO Info Available,No Issue,4-cyl,Hybrid,Front Wheel Drive,,,,,
2024,Kia,K5 GT-Line,31998,13000,27 city/37 hwy,Automatic,Gray/Black,1 Owner,No flood or frame damage,No odometer problems,5XXG64J28RG233026,Car - Large,Clean,No Issue,No Issue,1 Open Recall(s),No Issue,No Issue,No CPO Info Available,No Issue,4-cyl,Turbo Gas,All Wheel Drive,,,,,
2020,Honda,Civic LX,21998,13000,30 city/38 hwy,Automatic,Blue/Gray,2 Owners,No flood or frame damage,No odometer problems,19XFC2F66LE026512,Car - Midsize,Clean,No Issue,No Issue,1 Open Recall(s),No Issue,No Issue,No CPO Info Available,No Issue,4-cyl,Gas,Front Wheel Drive,,,,,
2021,Ford,Explorer XLT,28998,30000,20 city/27 hwy,Automatic,Gray/Black,1 Owner,No flood or frame damage,No odometer problems,1FMSK8DH5MGB87245,CUV - Large,Clean,No Issue,No Issue,No Open Recalls,No Issue,No Issue,No CPO Info Available,No Issue,4-cyl,Turbo Gas,Four Wheel Drive,,,,,
2021,Chevrolet,Equinox LS,21998,8000,26 city/31 hwy,Automatic,Blue/Gray,2 Owners,No flood or frame damage,No odometer problems,3GNAXHEV4MS125155,CUV - Midsize,Clean,No Issue,Minor,No Open Recalls,No Issue,No Issue,No CPO Info Available,No Issue,4-cyl,Turbo Gas,Front Wheel Drive,,,,,
2017,Volvo,XC60 T6 Dynamic,17998,106000,19 city/27 hwy,Automatic,Gray/Taupe,3 Owners,No flood or frame damage,No odometer problems,YV449MRR4H2207424,CUV - Compact Luxury,Clean,No Issue,No Issue,No Open Recalls,No Issue,No Issue,No CPO Info Available,No Issue,4-cyl,Turbo Supercharged,All Wheel Drive,,,,,
2015,Subaru,Legacy Premium,13998,100000,26 city/36 hwy,Automatic,Silver/Black,1 Owner,No flood or frame damage,No odometer problems,4S3BNBH63F3047366,Car - Midsize,Clean,No Issue,Moderate,No Open Recalls,No Issue,No Issue,No CPO Info Available,No Issue,4-cyl,Gas,All Wheel Drive,,,,,
2016,Honda,Accord LX,14998,117000,27 city/37 hwy,Automatic,Silver/Gray,2 Owners,No flood or frame damage,No odometer problems,1HGCR2F32GA205423,Car - Midsize,Clean,No Issue,Damage Reported,No Open Recalls,No Issue,No Issue,No Recent CPO Reported,No Issue,4-cyl,Gas,Front Wheel Drive,,,,,
2018,Hyundai,Elantra Sport,14998,81000,26 city/33 hwy,Automatic,Burgundy/Black,2 Owners,No flood or frame damage,No odometer problems,KMHD04LB0JU592026,Car - Compact,Clean,No Issue,Damage Reported,No Open Recalls,No Issue,No Issue,No CPO Info Available,No Issue,4-cyl,Turbo Gas,Front Wheel Drive,,,,,
2018,Subaru,Impreza Sport,18998,53000,23 city/31 hwy,Manual 5 Speed,Red/Black,2 Owners,No flood or frame damage,No odometer problems,4S3GKAK62J1616908,Car - Midsize,Clean,No Issue,No Issue,1 Open Recall(s),No Issue,No Issue,No CPO Info Available,No Issue,4-cyl,Gas,All Wheel Drive,,,,,
2019,Chevrolet,Cruze LS,18998,3000,28 city/38 hwy,Automatic,Silver/Black,1 Owner,No flood or frame damage,No odometer problems,3G1BC6SM3KS573403,Car - Midsize,Clean,No Issue,No Issue,No Open Recalls,No Issue,Odometer Issue Reported,No CPO Info Available,No Issue,4-cyl,Turbo Gas,Front Wheel Drive,,,,,
2023,Mazda,CX-50 2.5 S Select Package,24998,29000,24 city/30 hwy,Automatic,Red/Black,1 Owner,No flood or frame damage,No odometer problems,7MMVABAM9PN109117,CUV - Midsize,Clean,No Issue,No Issue,No Open Recalls,No Issue,No Issue,No CPO Info Available,No Issue,4-cyl,Gas,All Wheel Drive,,,,,
2017,Lincoln,MKC Reserve,22998,29000,19 city/25 hwy,Automatic,Gold/Cream,1 Owner,No flood or frame damage,No odometer problems,5LMTJ3DH7HUL12700,CUV - Compact Luxury,Clean,No Issue,No Issue,No Open Recalls,No Issue,No Issue,No CPO Info Available,No Issue,4-cyl,Turbo Gas,All Wheel Drive,,,,,
2020,Kia,Soul LX,16998,34000,29 city/35 hwy,Automatic,Red/Black,2 Owners,No flood or frame damage,No odometer problems,KNDJ23AU2L7731560,CUV - Compact,Clean,No Issue,No Issue,3 Open Recall(s),No Issue,No Issue,No CPO Info Available,No Issue,4-cyl,Gas,Front Wheel Drive,,,,,
2018,Chrysler,Pacifica Limited,27998,49000,19 city/28 hwy,Automatic,White/Black,2 Owners,No flood or frame damage,No odometer problems,2C4RC1GG7JR106749,Van - Mini,Clean,No Issue,No Issue,No Open Recalls,No Issue,No Issue,No CPO Info Available,No Issue,6-cyl,Gas,Front Wheel Drive,,,,,
2013,Nissan,Frontier PRO-4X,15998,129000,15 city/21 hwy,Automatic,Blue/Black,2 Owners,No flood or frame damage,No odometer problems,1N6AD0CW8DN755833,Pickup - Midsize,Clean,No Issue,Damage Reported,1 Open Recall(s),No Issue,No Issue,No CPO Info Available,No Issue,6-cyl,Gas,Four Wheel Drive,6 ft,,,,
2020,Mercedes-Benz,GLC300 ,30998,28000,21 city/28 hwy,Automatic,Silver/Black,1 Owner,No flood or frame damage,No odometer problems,WDC0G8EB4LF755247,CUV - Compact Luxury,Clean,No Issue,No Issue,No Open Recalls,No Issue,No Issue,No CPO Info Available,No Issue,4-cyl,Turbo Gas,All Wheel Drive,,,,,
2020,Ford,Explorer Platinum,29998,90000,18 city/24 hwy,Automatic,White/Tan,1 Owner,No flood or frame damage,No odometer problems,1FM5K8HC8LGA02423,CUV - Large,Clean,No Issue,Minor,No Open Recalls,No Issue,No Issue,No CPO Info Available,No Issue,6-cyl,Turbo Gas,Four Wheel Drive,,,,,
2014,Buick,Encore Convenience,13998,81000,25 city/33 hwy,Automatic,White/Black,2 Owners,No flood or frame damage,No odometer problems,KL4CJBSB2EB783770,CUV - Compact,Clean,No Issue,No Issue,No Open Recalls,No Issue,No Issue,No CPO Info Available,No Issue,4-cyl,Turbo Gas,Front Wheel Drive,,,,,
2019,Volkswagen,Atlas SE R-Line,26998,54000,17 city/24 hwy,Automatic,White/Cream,2 Owners,No flood or frame damage,No odometer problems,1V2YR2CA2KC611642,CUV - Large,Clean,No Issue,No Issue,2 Open Recall(s),No Issue,No Issue,No CPO Info Available,No Issue,6-cyl,Gas,Front Wheel Drive,,,,,
2020,Honda,Civic EX-L,24998,27000,31 city/40 hwy,Automatic,Gray/Gray,2 Owners,No flood or frame damage,No odometer problems,SHHFK7H81LU213177,Car - Large,Clean,No Issue,No Issue,1 Open Recall(s),No Issue,No Issue,OEM-Certified,No Issue,4-cyl,Turbo Gas,Front Wheel Drive,,,,,
2018,Kia,Optima LX,12998,116000,25 city/36 hwy,Automatic,Black/Black,3 Owners,No flood or frame damage,No odometer problems,5XXGT4L31JG272009,Car - Midsize,Clean,No Issue,Minor,No Open Recalls,No Issue,No Issue,No CPO Info Available,No Issue,4-cyl,Gas,Front Wheel Drive,,,,,
2019,Hyundai,Santa Fe Ultimate,24998,34000,19 city/24 hwy,Automatic,Silver/Black,2 Owners,No flood or frame damage,No odometer problems,5NMS5CAD9KH067275,CUV - Midsize,Clean,No Issue,No Issue,No Open Recalls,No Issue,No Issue,No CPO Info Available,No Issue,4-cyl,Turbo Gas,All Wheel Drive,,,,,
2015,Lexus,RX 350 ,18998,121000,18 city/24 hwy,Automatic,Black/Brown,2 Owners,No flood or frame damage,No odometer problems,2T2BK1BA5FC319872,CUV - Midsize Luxury,Clean,No Issue,No Issue,No Open Recalls,No Issue,No Issue,No CPO Info Available,No Issue,6-cyl,Gas,All Wheel Drive,,,,,
2024,Chevrolet,Trax Activ,27998,5000,28 city/32 hwy,Automatic,White/Black,1 Owner,No flood or frame damage,No odometer problems,KL77LKE28RC056305,CUV - Compact,Clean,No Issue,No Issue,1 Open Recall(s),No Issue,No Issue,No CPO Info Available,No Issue,3-cyl,Turbo Gas,Front Wheel Drive,,,,,
2020,Toyota,Corolla LE,19998,44000,30 city/38 hwy,Automatic,Black/Gray,1 Owner,No flood or frame damage,No odometer problems,JTDEPRAE7LJ110025,Car - Compact,Clean,No Issue,No Issue,No Open Recalls,No Issue,No Issue,No CPO Info Available,No Issue,4-cyl,Gas,Front Wheel Drive,,,,,
2024,Volkswagen,Taos SE,25998,7000,28 city/36 hwy,Automatic,Blue/Black,1 Owner,No flood or frame damage,No odometer problems,3VVSX7B2XRM007674,CUV - Compact,Clean,No Issue,No Issue,No Open Recalls,No Issue,No Issue,No CPO Info Available,No Issue,4-cyl,Turbo Gas,Front Wheel Drive,,,,,
2023,Kia,Sportage EX,26998,28000,25 city/32 hwy,Automatic,White/Black,1 Owner,No flood or frame damage,No odometer problems,5XYK33AF6PG058249,CUV - Compact,Clean,No Issue,No Issue,No Open Recalls,No Issue,No Issue,No CPO Info Available,No Issue,4-cyl,Gas,Front Wheel Drive,,,,,
2021,Volkswagen,Tiguan SE,20998,48000,23 city/29 hwy,Automatic,Blue/Black,1 Owner,No flood or frame damage,No odometer problems,3VV3B7AX2MM116266,CUV - Midsize,Clean,No Issue,No Issue,No Open Recalls,No Issue,No Issue,No CPO Info Available,No Issue,4-cyl,Turbo Gas,Front Wheel Drive,,,,,
2023,Jeep,Gladiator Sport,30998,35000,16 city/23 hwy,Automatic,White/Black,2 Owners,No flood or frame damage,No odometer problems,1C6HJTAG7PL549787,Pickup - Midsize,Clean,No Issue,No Issue,No Open Recalls,No Issue,No Issue,No CPO Info Available,No Issue,6-cyl,Gas,,5 ft,,,,
2022,Ford,Bronco Sport Big Bend,27998,12000,25 city/28 hwy,Automatic,Black/Gray,1 Owner,No flood or frame damage,No odometer problems,3FMCR9B6XNRE07092,SUV - Compact,Clean,No Issue,No Issue,2 Open Recall(s),No Issue,No Issue,No CPO Info Available,No Issue,3-cyl,Turbo Gas,Four Wheel Drive,,,,,
2021,Jeep,Wrangler Unlimited Willys Sport,32998,36000,21 city/24 hwy,Automatic,Gray/Black,1 Owner,No flood or frame damage,No odometer problems,1C4HJXDN7MW567520,SUV - Midsize,Clean,No Issue,No Issue,No Open Recalls,No Issue,No Issue,No CPO Info Available,No Issue,4-cyl,Turbo Gas,,,,,,
2024,Subaru,Ascent Limited,40998,1000,19 city/25 hwy,Automatic,Silver/Black,1 Owner,No flood or frame damage,No odometer problems,4S4WMAUD1R3438499,CUV - Large,Clean,No Issue,No Issue,No Open Recalls,No Issue,No Issue,No CPO Info Available,No Issue,4-cyl,Turbo Gas,All Wheel Drive,,,,,
2023,Nissan,Rogue SV,27998,2000,28 city/35 hwy,Automatic,Gray/Gray,1 Owner,No flood or frame damage,No odometer problems,JN8BT3BB7PW357218,CUV - Midsize,Clean,No Issue,No Issue,No Open Recalls,No Issue,No Issue,No CPO Info Available,No Issue,3-cyl,Turbo Gas,All Wheel Drive,,,,,
2018,Subaru,Impreza Sport,19998,47000,27 city/35 hwy,Automatic,Gray/Black,2 Owners,No flood or frame damage,No odometer problems,4S3GTAM64J3711582,Car - Compact,Clean,No Issue,No Issue,1 Open Recall(s),No Issue,No Issue,No CPO Info Available,No Issue,4-cyl,Gas,All Wheel Drive,,,,,
2019,Toyota,RAV4 Limited,30998,14000,25 city/33 hwy,Automatic,Red/Black,2 Owners,No flood or frame damage,No odometer problems,2T3N1RFV1KC012605,CUV - Midsize,Clean,No Issue,No Issue,No Open Recalls,No Issue,No Issue,OEM-Certified,No Issue,4-cyl,Gas,All Wheel Drive,,,,,
