year,make,model,price,mileage,Miles per gallon,cylinders,fuel,Drive type,Transmission,Color,owner,frame_damage,Odometer_problem,VIN,class,State Title Brand,Auction Brand / Issues,Accident / Damage,Open Recall Check,Insurance Loss / Transfer,Odometer Check,Certified Pre-Owned,Service / Repair,Bed Length
2014,Nissan,Rogue SL,14998,86000,25 city/32 hwy,4-cyl,Gas,All Wheel Drive,Automatic,White/Tan,3 Owners,No flood or frame damage,No odometer problems,5N1AT2MV0EC753042,CUV - Midsize,Clean,No Issue,No Issue,2 Open Recall(s),No Issue,No Issue,No CPO Info Available,No Issue,
2021,Nissan,Rogue SV,24998,19000,25 city/32 hwy,4-cyl,Gas,All Wheel Drive,Automatic,Black/Black,1 Owner,No flood or frame damage,No odometer problems,JN8AT3BB8MW224765,CUV - Midsize,Clean,No Issue,No Issue,1 Open Recall(s),No Issue,No Issue,No CPO Info Available,No Issue,
2018,Nissan,Rogue Sport SV,18998,49000,24 city/30 hwy,,,,Automatic,Gray/Black,1 Owner,No flood or frame damage,No odometer problems,JN1BJ1CR0JW251981,CUV - Compact,Clean,No Issue,No Issue,No Open Recalls,No Issue,No Issue,No CPO Info Available,No Issue,
2017,Nissan,Sentra S,13998,77000,29 city/37 hwy,4-cyl,Gas,Front Wheel Drive,Automatic,Blue/Tan,3 Owners,No flood or frame damage,No odometer problems,3N1AB7AP9HY330291,Car - Midsize,Clean,No Issue,No Issue,No Open Recalls,No Issue,No Issue,No CPO Info Available,No Issue,
2023,Nissan,Armada SL,38998,45000,14 city/19 hwy,8-cyl,Gas,Rear Wheel Drive,Automatic,White/Tan,1 Owner,No flood or frame damage,No odometer problems,JN8AY2BC7P9181348,SUV - Large,Clean,No Issue,No Issue,No Open Recalls,No Issue,No Issue,No CPO Info Available,No Issue,
2020,Nissan,Pathfinder SL,18998,99000,20 city/27 hwy,6-cyl,Gas,Four Wheel Drive,Automatic,White/Black,2 Owners,No flood or frame damage,No odometer problems,5N1DR2CMXLC598405,SUV - Large,Clean,No Issue,No Issue,No Open Recalls,No Issue,No Issue,No CPO Info Available,No Issue,
2023,Nissan,Pathfinder Rock Creek,39998,3000,20 city/23 hwy,6-cyl,Gas,Four Wheel Drive,Automatic,Brown/Gray,1 Owner,No flood or frame damage,No odometer problems,5N1DR3BD4PC207696,SUV - Large,Clean,No Issue,No Issue,No Open Recalls,No Issue,No Issue,No CPO Info Available,No Issue,
2023,Nissan,Rogue SV,28998,11000,28 city/35 hwy,3-cyl,Turbo Gas,All Wheel Drive,Automatic,Black/Black,2 Owners,No flood or frame damage,No odometer problems,5N1BT3BB8PC753229,CUV - Midsize,Clean,No Issue,No Issue,No Open Recalls,No Issue,No Issue,OEM-Certified,No Issue,
2023,Nissan,Frontier SV,31998,16000,17 city/22 hwy,,,,Automatic,Green/Gray,1 Owner,No flood or frame damage,No odometer problems,1N6ED1EK2PN615296,Pickup - Midsize,Clean,No Issue,No Issue,No Open Recalls,No Issue,No Issue,No CPO Info Available,No Issue,4.5 ft
2021,Nissan,Sentra SV,19998,23000,29 city/39 hwy,4-cyl,Gas,Front Wheel Drive,Automatic,Burgundy/Black,1 Owner,No flood or frame damage,No odometer problems,3N1AB8CV1MY326554,Car - Midsize,Clean,No Issue,No Issue,1 Open Recall(s),No Issue,No Issue,No CPO Info Available,No Issue,
2015,Nissan,Altima SV,13998,88000,27 city/38 hwy,4-cyl,Gas,Front Wheel Drive,Automatic,White/Tan,2 Owners,No flood or frame damage,No odometer problems,1N4AL3AP4FC203799,Car - Midsize,Clean,No Issue,No Issue,No Open Recalls,No Issue,No Issue,No CPO Info Available,No Issue,
2021,Nissan,Sentra SV,18998,30000,29 city/39 hwy,4-cyl,Gas,Front Wheel Drive,Automatic,White/Black,1 Owner,No flood or frame damage,No odometer problems,3N1AB8CV8MY307547,Car - Midsize,Clean,No Issue,No Issue,1 Open Recall(s),No Issue,No Issue,No CPO Info Available,No Issue,
2023,Nissan,Rogue SL,29998,22000,28 city/34 hwy,3-cyl,Turbo Gas,All Wheel Drive,Automatic,Blue/White,1 Owner,No flood or frame damage,No odometer problems,JN8BT3CBXPW186639,CUV - Midsize,Clean,No Issue,No Issue,No Open Recalls,No Issue,No Issue,No CPO Info Available,No Issue,
2021,Nissan,Rogue SV,24998,20000,25 city/32 hwy,4-cyl,Gas,All Wheel Drive,Automatic,Silver/Black,1 Owner,No flood or frame damage,No odometer problems,5N1AT3BB1MC829946,CUV - Midsize,Clean,No Issue,No Issue,No Open Recalls,No Issue,No Issue,No CPO Info Available,No Issue,
2021,Nissan,Rogue S,22998,20000,27 city/35 hwy,4-cyl,Gas,Front Wheel Drive,Automatic,Gray/Black,1 Owner,No flood or frame damage,No odometer problems,5N1AT3AA6MC768375,CUV - Midsize,Clean,No Issue,Minor,No Open Recalls,No Issue,No Issue,No CPO Info Available,No Issue,
2023,Nissan,Kicks SR,23998,7000,31 city/36 hwy,4-cyl,Gas,Front Wheel Drive,Automatic,Burgundy/Gray,1 Owner,No flood or frame damage,No odometer problems,3N1CP5DV0PL569796,CUV - Compact,Clean,No Issue,Moderate,No Open Recalls,No Issue,No Issue,No CPO Info Available,No Issue,
2021,Nissan,Rogue SV,22998,40000,25 city/32 hwy,4-cyl,Gas,All Wheel Drive,Automatic,Blue/Cream,1 Owner,No flood or frame damage,No odometer problems,5N1AT3BB9MC814207,CUV - Midsize,Clean,No Issue,Damage Reported,No Open Recalls,No Issue,No Issue,No CPO Info Available,No Issue,
2021,Nissan,Rogue SV,23998,18000,25 city/32 hwy,4-cyl,Gas,All Wheel Drive,Automatic,White/Gray,2 Owners,No flood or frame damage,No odometer problems,5N1AT3BB7MC839798,CUV - Midsize,Clean,No Issue,No Issue,No Open Recalls,No Issue,No Issue,No CPO Info Available,No Issue,
2023,Nissan,Pathfinder SL,34998,22000,21 city/27 hwy,6-cyl,Gas,Four Wheel Drive,Automatic,Red/Black,1 Owner,No flood or frame damage,No odometer problems,5N1DR3CD7PC246698,SUV - Large,Clean,No Issue,Moderate,No Open Recalls,No Issue,No Issue,No CPO Info Available,No Issue,
2013,Nissan,Frontier PRO-4X,15998,129000,15 city/21 hwy,6-cyl,Gas,Four Wheel Drive,Automatic,Blue/Black,2 Owners,No flood or frame damage,No odometer problems,1N6AD0CW8DN755833,Pickup - Midsize,Clean,No Issue,Damage Reported,1 Open Recall(s),No Issue,No Issue,No CPO Info Available,No Issue,6 ft
2024,Nissan,Altima SR,26998,14000,27 city/37 hwy,4-cyl,Gas,Front Wheel Drive,Automatic,Gray/Black,1 Owner,No flood or frame damage,No odometer problems,1N4BL4CV8RN309087,Car - Midsize,Clean,No Issue,No Issue,No Open Recalls,No Issue,No Issue,No CPO Info Available,No Issue,
2021,Nissan,Altima SR,21998,33000,26 city/36 hwy,4-cyl,Gas,All Wheel Drive,Automatic,Blue/Black,3 Owners,No flood or frame damage,No odometer problems,1N4BL4CWXMN303390,Car - Midsize,Clean,No Issue,No Issue,No Open Recalls,No Issue,No Issue,No CPO Info Available,No Issue,
2018,Nissan,Murano SV,22998,16000,21 city/28 hwy,6-cyl,Gas,All Wheel Drive,Automatic,Gray/Black,1 Owner,No flood or frame damage,No odometer problems,5N1AZ2MH1JN127930,CUV - Midsize,Clean,No Issue,No Issue,No Open Recalls,No Issue,No Issue,No CPO Info Available,No Issue,
2023,Nissan,Rogue SV,27998,2000,28 city/35 hwy,3-cyl,Turbo Gas,All Wheel Drive,Automatic,Gray/Gray,1 Owner,No flood or frame damage,No odometer problems,JN8BT3BB7PW357218,CUV - Midsize,Clean,No Issue,No Issue,No Open Recalls,No Issue,No Issue,No CPO Info Available,No Issue,
2019,Nissan,Rogue SV,20998,41000,25 city/32 hwy,4-cyl,Gas,All Wheel Drive,Automatic,White/Champagne,1 Owner,No flood or frame damage,No odometer problems,5N1AT2MV4KC722212,CUV - Midsize,Clean,No Issue,No Issue,No Open Recalls,No Issue,No Issue,No CPO Info Available,No Issue,
2021,Nissan,Rogue SV,24998,20000,25 city/32 hwy,4-cyl,Gas,All Wheel Drive,Automatic,Gray/Black,1 Owner,No flood or frame damage,No odometer problems,5N1AT3BB0MC838038,CUV - Midsize,Clean,No Issue,No Issue,No Open Recalls,No Issue,No Issue,No CPO Info Available,No Issue,
2017,Nissan,Pathfinder SL,17998,90000,20 city/27 hwy,6-cyl,Gas,Front Wheel Drive,Automatic,Gray/Black,2 Owners,No flood or frame damage,No odometer problems,5N1DR2MN2HC681986,CUV - Large,Clean,No Issue,No Issue,No Open Recalls,No Issue,No Issue,No CPO Info Available,No Issue,
2018,Nissan,Sentra S,15998,30000,29 city/37 hwy,4-cyl,Gas,Front Wheel Drive,Automatic,White/Black,2 Owners,No flood or frame damage,No odometer problems,3N1AB7AP4JY301321,Car - Midsize,Clean,No Issue,Minor,No Open Recalls,No Issue,No Issue,No CPO Info Available,No Issue,
2022,Nissan,Rogue S,24998,16000,28 city/35 hwy,3-cyl,Turbo Gas,All Wheel Drive,Automatic,Blue/Black,1 Owner,No flood or frame damage,No odometer problems,5N1BT3ABXNC714706,CUV - Midsize,Clean,No Issue,No Issue,No Open Recalls,No Issue,No Issue,OEM-Certified,No Issue,
2020,Nissan,Sentra S,19998,10000,29 city/39 hwy,4-cyl,Gas,Front Wheel Drive,Automatic,Gray/Black,1 Owner,No flood or frame damage,No odometer problems,3N1AB8BV3LY287143,Car - Midsize,Clean,No Issue,No Issue,1 Open Recall(s),No Issue,No Issue,No CPO Info Available,No Issue,
2016,Nissan,Rogue S,13998,93000,25 city/32 hwy,4-cyl,Gas,All Wheel Drive,Automatic,Silver/Black,2 Owners,No flood or frame damage,No odometer problems,KNMAT2MV1GP731728,CUV - Midsize,Clean,No Issue,No Issue,2 Open Recall(s),No Issue,No Issue,No CPO Info Available,No Issue,
2020,Nissan,Rogue Sport S,18998,42000,24 city/30 hwy,4-cyl,Gas,All Wheel Drive,Automatic,Silver/Black,2 Owners,No flood or frame damage,No odometer problems,JN1BJ1CW4LW361277,CUV - Compact,Clean,No Issue,No Issue,1 Open Recall(s),No Issue,No Issue,No CPO Info Available,No Issue,
2020,Nissan,Pathfinder S,17998,99000,20 city/27 hwy,6-cyl,Gas,Four Wheel Drive,Automatic,Gray/Black,2 Owners,No flood or frame damage,No odometer problems,5N1DR2AM8LC581007,SUV - Large,Clean,No Issue,No Issue,No Open Recalls,No Issue,No Issue,No CPO Info Available,No Issue,
2019,Nissan,Sentra S,16998,39000,29 city/37 hwy,4-cyl,Gas,Front Wheel Drive,Automatic,Gray/Black,2 Owners,No flood or frame damage,No odometer problems,3N1AB7AP9KY395021,Car - Midsize,Clean,No Issue,No Issue,No Open Recalls,No Issue,No Issue,No Recent CPO Reported,No Issue,
2019,Nissan,Rogue SL,22998,34000,25 city/32 hwy,4-cyl,Gas,All Wheel Drive,Automatic,Blue/Black,2 Owners,No flood or frame damage,No odometer problems,5N1AT2MV9KC761037,CUV - Midsize,Clean,No Issue,No Issue,No Open Recalls,No Issue,No Issue,No Recent CPO Reported,No Issue,
2018,Nissan,Frontier SV,22998,78000,15 city/21 hwy,6-cyl,Gas,Four Wheel Drive,Automatic,Black/Gray,1 Owner,No flood or frame damage,No odometer problems,1N6AD0EVXJN739939,Pickup - Midsize,Clean,No Issue,No Issue,No Open Recalls,No Issue,No Issue,No CPO Info Available,No Issue,4.5 ft
2019,Nissan,Altima S,20998,8000,28 city/39 hwy,4-cyl,Gas,Front Wheel Drive,Automatic,Silver/Black,2 Owners,No flood or frame damage,No odometer problems,1N4BL4BV9KC170221,Car - Midsize,Clean,No Issue,No Issue,No Open Recalls,No Issue,No Issue,No CPO Info Available,No Issue,
2015,Nissan,Rogue SV,15998,74000,25 city/32 hwy,4-cyl,Gas,All Wheel Drive,Automatic,Burgundy/Black,1 Owner,No flood or frame damage,No odometer problems,KNMAT2MV7FP550566,CUV - Midsize,Clean,No Issue,No Issue,1 Open Recall(s),No Issue,No Issue,No CPO Info Available,No Issue,
2022,Nissan,Sentra SV,20998,26000,29 city/39 hwy,4-cyl,Gas,Front Wheel Drive,Automatic,Silver/Black,2 Owners,No flood or frame damage,No odometer problems,3N1AB8CV2NY252840,Car - Midsize,Clean,No Issue,No Issue,1 Open Recall(s),No Issue,No Issue,OEM-Certified,No Issue,
2023,Nissan,Altima SR,26998,16000,27 city/37 hwy,4-cyl,Gas,All Wheel Drive,Automatic,White/Black,1 Owner,No flood or frame damage,No odometer problems,1N4BL4CW3PN355612,Car - Midsize,Clean,No Issue,No Issue,No Open Recalls,No Issue,No Issue,No CPO Info Available,No Issue,
2018,Nissan,Frontier SV,24998,32000,16 city/21 hwy,,,,Automatic,Gray/Gray,1 Owner,No flood or frame damage,No odometer problems,1N6AD0FV2JN745801,Pickup - Midsize,Clean,No Issue,Minor,No Open Recalls,No Issue,No Issue,No CPO Info Available,No Issue,6 ft
2018,Nissan,Murano S,18998,63000,21 city/28 hwy,6-cyl,Gas,All Wheel Drive,Automatic,Gray/Black,2 Owners,No flood or frame damage,No odometer problems,5N1AZ2MH6JN155013,CUV - Midsize,Clean,No Issue,No Issue,No Open Recalls,No Issue,No Issue,No CPO Info Available,No Issue,
2022,Nissan,Versa SR,19998,20000,32 city/40 hwy,4-cyl,Gas,Front Wheel Drive,Automatic,Orange/Black,1 Owner,No flood or frame damage,No odometer problems,3N1CN8FV9NL855325,Car - Compact,Clean,No Issue,Moderate,No Open Recalls,No Issue,No Issue,No CPO Info Available,No Issue,
2023,Nissan,Rogue SV,27998,9000,28 city/35 hwy,,,,Automatic,White/Gray,1 Owner,No flood or frame damage,No odometer problems,JN8BT3BB5PW479026,CUV - Midsize,Clean,No Issue,No Issue,No Open Recalls,No Issue,No Issue,No CPO Info Available,No Issue,
2016,Nissan,Frontier SV,17998,128000,15 city/21 hwy,6-cyl,Gas,Four Wheel Drive,Automatic,Blue/Gray,1 Owner,No flood or frame damage,No odometer problems,1N6AD0EV5GN735130,Pickup - Midsize,Clean,No Issue,No Issue,No Open Recalls,No Issue,No Issue,No CPO Info Available,No Issue,4.5 ft
2017,Nissan,Frontier SV,19998,82000,16 city/22 hwy,6-cyl,Gas,Rear Wheel Drive,Automatic,Black/Gray,4 Owners,No flood or frame damage,No odometer problems,1N6DD0ERXHN775964,Pickup - Midsize,Clean,No Issue,Minor-Moderate,No Open Recalls,No Issue,No Issue,No CPO Info Available,No Issue,4.5 ft
2016,Nissan,Rogue SL,14599,96000,25 city/32 hwy,4-cyl,Gas,All Wheel Drive,Automatic,White/Black,2 Owners,No flood or frame damage,No odometer problems,JN8AT2MV7GW140555,CUV - Midsize,Clean,No Issue,No Issue,No Open Recalls,No Issue,No Issue,No CPO Info Available,No Issue,
2016,Nissan,Pathfinder Platinum,19998,77000,19 city/26 hwy,6-cyl,Gas,Four Wheel Drive,Automatic,Brown/Black,2 Owners,No flood or frame damage,No odometer problems,5N1AR2MM5GC662440,CUV - Large,Clean,No Issue,No Issue,No Open Recalls,No Issue,No Issue,No CPO Info Available,No Issue,
2014,Nissan,Pathfinder Hybrid SL,17998,59000,25 city/27 hwy,4-cyl,Turbo Supercharged Hybrid,Four Wheel Drive,Automatic,Red/Tan,1 Owner,No flood or frame damage,No odometer problems,5N1CR2MM9EC635120,CUV - Large,Clean,No Issue,Damage Reported,No Open Recalls,No Issue,No Issue,No CPO Info Available,No Issue,
2016,Nissan,Sentra S,12599,105000,29 city/38 hwy,4-cyl,Gas,Front Wheel Drive,Automatic,Black/Black,2 Owners,No flood or frame damage,No odometer problems,3N1AB7AP2GY226952,Car - Midsize,Clean,No Issue,No Issue,No Open Recalls,No Issue,No Issue,No CPO Info Available,No Issue,
2020,Nissan,Rogue S,18998,57000,25 city/32 hwy,4-cyl,Gas,All Wheel Drive,Automatic,Gray/Black,2 Owners,No flood or frame damage,No odometer problems,KNMAT2MV0LP507974,CUV - Midsize,Clean,No Issue,Minor,No Open Recalls,No Issue,No Issue,No CPO Info Available,No Issue,
2024,Nissan,Sentra S,22998,3000,30 city/40 hwy,,,,Automatic,Gray/Black,1 Owner,No flood or frame damage,No odometer problems,3N1AB8BV4RY277097,Car - Midsize,Clean,No Issue,No Issue,No Open Recalls,No Issue,No Issue,No CPO Info Available,No Issue,
2018,Nissan,Rogue SV,18998,50000,26 city/33 hwy,4-cyl,Gas,Front Wheel Drive,Automatic,Silver/Black,3 Owners,No flood or frame damage,No odometer problems,JN8AT2MT9JW465195,CUV - Midsize,Clean,No Issue,Minor,1 Open Recall(s),No Issue,No Issue,No CPO Info Available,No Issue,
2021,Nissan,Kicks SR,19998,32000,31 city/36 hwy,4-cyl,Gas,Front Wheel Drive,Automatic,Gray/Black,2 Owners,No flood or frame damage,No odometer problems,3N1CP5DV5ML550611,CUV - Compact,Clean,No Issue,No Issue,No Open Recalls,No Issue,No Issue,OEM-Certified,No Issue,
2020,Nissan,Rogue Sport S,17998,63000,24 city/30 hwy,4-cyl,Gas,All Wheel Drive,Automatic,Black/Black,1 Owner,No flood or frame damage,No odometer problems,JN1BJ1CW2LW651713,CUV - Compact,Clean,No Issue,No Issue,1 Open Recall(s),No Issue,No Issue,No CPO Info Available,No Issue,
2020,Nissan,Altima SV,21998,20000,26 city/36 hwy,4-cyl,Gas,All Wheel Drive,Automatic,Gray/Black,3 Owners,No flood or frame damage,No odometer problems,1N4BL4DW0LC188534,Car - Midsize,Clean,No Issue,No Issue,No Open Recalls,No Issue,No Issue,No CPO Info Available,No Issue,
2021,Nissan,Rogue SL,27998,24000,25 city/32 hwy,4-cyl,Gas,All Wheel Drive,Automatic,Black/Black,1 Owner,No flood or frame damage,No odometer problems,JN8AT3CB3MW226907,CUV - Midsize,Clean,No Issue,No Issue,No Open Recalls,No Issue,No Issue,OEM-Certified,No Issue,
2015,Nissan,Rogue SV,12998,123000,26 city/33 hwy,4-cyl,Gas,Front Wheel Drive,Automatic,Black/Black,2 Owners,No flood or frame damage,No odometer problems,KNMAT2MV9FP572312,CUV - Midsize,Clean,No Issue,No Issue,No Open Recalls,No Issue,No Issue,No CPO Info Available,No Issue,
2017,Nissan,Versa S Plus,12998,77000,31 city/39 hwy,4-cyl,Gas,Front Wheel Drive,Automatic,Gray/Black,3 Owners,No flood or frame damage,No odometer problems,3N1CN7AP7HL830527,Car - Compact,Clean,No Issue,No Issue,No Open Recalls,No Issue,No Issue,No CPO Info Available,No Issue,
2017,Nissan,Sentra SV,14998,71000,29 city/37 hwy,4-cyl,Gas,Front Wheel Drive,Automatic,Black/Black,2 Owners,No flood or frame damage,No odometer problems,3N1AB7AP6HL660256,Car - Midsize,Clean,No Issue,No Issue,No Open Recalls,No Issue,No Issue,No CPO Info Available,No Issue,
2023,Nissan,Altima SR,24998,13000,27 city/37 hwy,4-cyl,Gas,Front Wheel Drive,Automatic,Silver/Black,1 Owner,No flood or frame damage,No odometer problems,1N4BL4CV8PN334259,Car - Midsize,Clean,No Issue,No Issue,No Open Recalls,No Issue,No Issue,No CPO Info Available,No Issue,
2018,Nissan,Maxima SL,22998,44000,21 city/30 hwy,6-cyl,Gas,Front Wheel Drive,Automatic,Black/Black,2 Owners,No flood or frame damage,No odometer problems,1N4AA6AP7JC403608,Car - Midsize,Clean,No Issue,No Issue,No Open Recalls,No Issue,No Issue,No CPO Info Available,No Issue,
2016,Nissan,Maxima Platinum,19998,86000,22 city/30 hwy,6-cyl,Gas,Front Wheel Drive,Automatic,White/Black,1 Owner,No flood or frame damage,No odometer problems,1N4AA6APXGC407144,Car - Midsize,Clean,No Issue,Minor,No Open Recalls,No Issue,No Issue,No CPO Info Available,No Issue,
2020,Nissan,Sentra SR,22998,7000,28 city/37 hwy,,,,Automatic,Gray/Black,1 Owner,No flood or frame damage,No odometer problems,3N1AB8DV8LY298152,Car - Midsize,Clean,No Issue,No Issue,1 Open Recall(s),No Issue,No Issue,No CPO Info Available,No Issue,
2021,Nissan,Rogue SV,24998,28000,25 city/32 hwy,4-cyl,Gas,All Wheel Drive,Automatic,Black/Black,1 Owner,No flood or frame damage,No odometer problems,5N1AT3BB8MC782124,CUV - Midsize,Clean,No Issue,No Issue,No Open Recalls,No Issue,No Issue,No CPO Info Available,No Issue,
2016,Nissan,Altima S,14998,85000,27 city/39 hwy,4-cyl,Gas,Front Wheel Drive,Automatic,Black/Black,1 Owner,No flood or frame damage,No odometer problems,1N4AL3AP4GN357628,Car - Midsize,Clean,No Issue,Minor,1 Open Recall(s),No Issue,No Issue,No CPO Info Available,No Issue,
2018,Nissan,Pathfinder SV,19998,51000,19 city/26 hwy,6-cyl,Gas,Four Wheel Drive,Automatic,Black/Black,2 Owners,No flood or frame damage,No odometer problems,5N1DR2MM2JC628198,CUV - Large,Clean,No Issue,Damage Reported,No Open Recalls,No Issue,No Issue,No CPO Info Available,No Issue,
2023,Nissan,Rogue SV,24998,27000,30 city/37 hwy,3-cyl,Turbo Gas,Front Wheel Drive,Automatic,Red/Black,1 Owner,No flood or frame damage,No odometer problems,5N1BT3BA1PC922000,CUV - Midsize,Clean,No Issue,No Issue,No Open Recalls,No Issue,No Issue,No CPO Info Available,No Issue,
2022,Nissan,Rogue SV,21998,65000,28 city/35 hwy,3-cyl,Turbo Gas,All Wheel Drive,Automatic,Silver/Black,2 Owners,No flood or frame damage,No odometer problems,5N1BT3BB5NC675201,CUV - Midsize,Clean,No Issue,No Issue,No Open Recalls,No Issue,No Issue,No CPO Info Available,No Issue,
2023,Nissan,Sentra SR,21998,29000,28 city/37 hwy,4-cyl,Gas,Front Wheel Drive,Automatic,White/Black,1 Owner,No flood or frame damage,No odometer problems,3N1AB8DVXPY258371,Car - Midsize,Clean,No Issue,Damage Reported,No Open Recalls,No Issue,No Issue,No CPO Info Available,No Issue,
2023,Nissan,Altima SV,21998,35000,27 city/39 hwy,4-cyl,Gas,Front Wheel Drive,Automatic,Burgundy/Black,1 Owner,No flood or frame damage,No odometer problems,1N4BL4DV5PN320625,Car - Midsize,Clean,No Issue,No Issue,No Open Recalls,No Issue,No Issue,No CPO Info Available,No Issue,
2014,Nissan,Altima SL,12599,115000,27 city/38 hwy,4-cyl,Gas,Front Wheel Drive,Automatic,Gray/Black,1 Owner,No flood or frame damage,No odometer problems,1N4AL3AP7EC128739,Car - Midsize,Clean,No Issue,Minor,No Open Recalls,No Issue,No Issue,No CPO Info Available,No Issue,
2017,Nissan,Rogue SV,15998,84000,25 city/32 hwy,4-cyl,Gas,All Wheel Drive,Automatic,Black/Black,1 Owner,No flood or frame damage,No odometer problems,JN8AT2MV3HW264758,CUV - Midsize,Clean,No Issue,No Issue,No Open Recalls,No Issue,No Issue,No CPO Info Available,No Issue,
2017,Nissan,Murano Platinum,22998,43000,21 city/28 hwy,6-cyl,Gas,All Wheel Drive,Automatic,Gray/Black,2 Owners,No flood or frame damage,No odometer problems,5N1AZ2MH4HN122506,CUV - Midsize,Clean,No Issue,Moderate,No Open Recalls,No Issue,No Issue,No CPO Info Available,No Issue,
2018,Nissan,Frontier SV,22998,37000,16 city/22 hwy,6-cyl,Gas,Rear Wheel Drive,Automatic,White/Gray,2 Owners,No flood or frame damage,No odometer problems,1N6AD0ER8JN758167,Pickup - Midsize,Clean,No Issue,No Issue,No Open Recalls,No Issue,No Issue,No CPO Info Available,No Issue,4.5 ft
2022,Nissan,Pathfinder Platinum,42998,9000,20 city/25 hwy,6-cyl,Gas,Four Wheel Drive,Automatic,White/Brown,1 Owner,No flood or frame damage,No odometer problems,5N1DR3DK8NC272673,SUV - Large,Clean,No Issue,No Issue,No Open Recalls,No Issue,No Issue,No CPO Info Available,No Issue,
2023,Nissan,Pathfinder Platinum,40998,17000,20 city/25 hwy,6-cyl,Gas,Four Wheel Drive,Automatic,Silver/Tan,1 Owner,No flood or frame damage,No odometer problems,5N1DR3DKXPC224787,SUV - Large,Clean,No Issue,No Issue,No Open Recalls,No Issue,No Issue,No CPO Info Available,No Issue,
2018,Nissan,Sentra SV,15998,47000,29 city/37 hwy,4-cyl,Gas,Front Wheel Drive,Automatic,Silver/Black,3 Owners,No flood or frame damage,No odometer problems,3N1AB7AP1JL637151,Car - Midsize,Clean,No Issue,No Issue,1 Open Recall(s),No Issue,No Issue,No CPO Info Available,No Issue,
2024,Nissan,Altima SR,27998,13000,27 city/37 hwy,4-cyl,Gas,Front Wheel Drive,Automatic,Gray/Black,1 Owner,No flood or frame damage,No odometer problems,1N4BL4CVXRN310659,Car - Midsize,Clean,No Issue,No Issue,No Open Recalls,No Issue,No Issue,No CPO Info Available,No Issue,
2024,Nissan,Sentra SV,23998,7000,30 city/40 hwy,4-cyl,Gas,Front Wheel Drive,Automatic,Gray/Black,1 Owner,No flood or frame damage,No odometer problems,3N1AB8CV1RY216921,Car - Midsize,Clean,No Issue,No Issue,No Open Recalls,No Issue,No Issue,No CPO Info Available,No Issue,
2018,Nissan,Rogue Sport S,17998,48000,24 city/30 hwy,4-cyl,Gas,All Wheel Drive,Automatic,Black/Black,1 Owner,No flood or frame damage,No odometer problems,JN1BJ1CR3JW201527,CUV - Compact,Clean,No Issue,Moderate,No Open Recalls,No Issue,No Issue,No CPO Info Available,No Issue,
2022,Nissan,Frontier SV,25998,51000,18 city/24 hwy,6-cyl,Gas,Rear Wheel Drive,Automatic,Red/Gray,1 Owner,No flood or frame damage,No odometer problems,1N6ED1FJ6NN616857,Pickup - Midsize,Clean,No Issue,No Issue,No Open Recalls,No Issue,No Issue,No CPO Info Available,No Issue,6 ft
2017,Nissan,Maxima S,16998,106000,21 city/30 hwy,6-cyl,Gas,Front Wheel Drive,Automatic,Black/Black,3 Owners,No flood or frame damage,No odometer problems,1N4AA6AP4HC439749,Car - Midsize,Clean,No Issue,Minor,No Open Recalls,No Issue,No Issue,No CPO Info Available,No Issue,
2023,Nissan,Kicks SR,22998,13000,31 city/36 hwy,4-cyl,Gas,Front Wheel Drive,Automatic,Gray/Black,2 Owners,No flood or frame damage,No odometer problems,3N1CP5DV6PL540450,CUV - Compact,Clean,No Issue,No Issue,No Open Recalls,No Issue,No Issue,OEM-Certified,No Issue,
2023,Nissan,Kicks SR,24998,7000,31 city/36 hwy,4-cyl,Gas,Front Wheel Drive,Automatic,Blue/Gray,1 Owner,No flood or frame damage,No odometer problems,3N1CP5DV7PL496832,CUV - Compact,Clean,No Issue,No Issue,No Open Recalls,No Issue,No Issue,No CPO Info Available,No Issue,
2017,Nissan,Rogue Sport SL,17998,70000,24 city/30 hwy,4-cyl,Gas,All Wheel Drive,Automatic,Black/Black,3 Owners,No flood or frame damage,No odometer problems,JN1BJ1CR5HW107014,CUV - Compact,Clean,No Issue,No Issue,No Open Recalls,No Issue,No Issue,No CPO Info Available,No Issue,
2018,Nissan,Rogue SV,14998,112000,25 city/32 hwy,4-cyl,Gas,All Wheel Drive,Automatic,White/Black,2 Owners,No flood or frame damage,No odometer problems,JN8AT2MV5JW351454,CUV - Midsize,Clean,No Issue,No Issue,2 Open Recall(s),No Issue,No Issue,No CPO Info Available,No Issue,
2023,Nissan,Altima S,22998,13000,27 city/39 hwy,4-cyl,Gas,Front Wheel Drive,Automatic,White/Black,1 Owner,No flood or frame damage,No odometer problems,1N4BL4BV4PN322594,Car - Midsize,Clean,No Issue,No Issue,No Open Recalls,No Issue,No Issue,No CPO Info Available,No Issue,
2021,Nissan,Sentra SV,20998,11000,29 city/39 hwy,4-cyl,Gas,Front Wheel Drive,Automatic,Black/Black,2 Owners,No flood or frame damage,No odometer problems,3N1AB8CV5MY310017,Car - Midsize,Clean,No Issue,No Issue,No Open Recalls,No Issue,No Issue,No CPO Info Available,No Issue,
2021,Nissan,Frontier SV,26998,36000,17 city/23 hwy,6-cyl,Gas,Four Wheel Drive,Automatic,White/Gray,1 Owner,No flood or frame damage,No odometer problems,1N6ED0EB9MN708760,Pickup - Midsize,Clean,No Issue,No Issue,No Open Recalls,No Issue,No Issue,No CPO Info Available,No Issue,4.5 ft
2020,Nissan,Sentra SV,18998,88000,29 city/39 hwy,4-cyl,Gas,Front Wheel Drive,Automatic,Gray/Brown,1 Owner,No flood or frame damage,No odometer problems,3N1AB8CV6LY243023,Car - Midsize,Clean,No Issue,No Issue,No Open Recalls,No Issue,No Issue,No CPO Info Available,No Issue,
2013,Nissan,Altima S,16998,38000,23 city/32 hwy,4-cyl,Gas,Front Wheel Drive,Automatic,Blue/Black,1 Owner,No flood or frame damage,No odometer problems,1N4AL2EPXDC189182,Car - Compact,Clean,No Issue,No Issue,No Open Recalls,No Issue,No Issue,No CPO Info Available,No Issue,
2019,Nissan,Rogue Sport SV,21998,22000,24 city/30 hwy,4-cyl,Gas,All Wheel Drive,Automatic,Black/Black,1 Owner,No flood or frame damage,No odometer problems,JN1BJ1CR4KW628622,CUV - Compact,Clean,No Issue,No Issue,No Open Recalls,No Issue,No Issue,No CPO Info Available,No Issue,
2015,Nissan,Rogue SV,14599,92000,25 city/32 hwy,4-cyl,Gas,All Wheel Drive,Automatic,White/Tan,2 Owners,No flood or frame damage,No odometer problems,5N1AT2MV6FC894912,CUV - Midsize,Clean,No Issue,No Issue,No Open Recalls,No Issue,No Issue,No CPO Info Available,No Issue,
2014,Nissan,Sentra SV,10998,111000,30 city/39 hwy,4-cyl,Gas,Front Wheel Drive,Automatic,Silver/Black,2 Owners,No flood or frame damage,No odometer problems,3N1AB7AP4EL671381,Car - Midsize,Clean,No Issue,No Issue,2 Open Recall(s),No Issue,No Issue,No CPO Info Available,No Issue,
2020,Nissan,Rogue SV,23998,22000,25 city/32 hwy,4-cyl,Gas,All Wheel Drive,Automatic,White/Black,1 Owner,No flood or frame damage,No odometer problems,JN8AT2MV9LW106711,CUV - Midsize,Clean,No Issue,Minor,No Open Recalls,No Issue,No Issue,No CPO Info Available,No Issue,
2022,Nissan,Frontier S,26998,21000,17 city/22 hwy,6-cyl,Gas,Four Wheel Drive,Automatic,White/Gray,1 Owner,No flood or frame damage,No odometer problems,1N6ED1CM6NN646181,Pickup - Midsize,Clean,No Issue,No Issue,No Open Recalls,No Issue,No Issue,No CPO Info Available,No Issue,6 ft
2018,Nissan,Murano SL,Price unavailable,65000,21 city/28 hwy,6-cyl,Gas,All Wheel Drive,Automatic,Black/Brown,2 Owners,No flood or frame damage,No odometer problems,5N1AZ2MH7JN164593,CUV - Midsize,Clean,No Issue,No Issue,No Open Recalls,No Issue,No Issue,No CPO Info Available,No Issue,
2021,Nissan,Kicks S,20998,5000,31 city/36 hwy,4-cyl,Gas,Front Wheel Drive,Automatic,Gray/Black,1 Owner,No flood or frame damage,No odometer problems,3N1CP5BV3ML513866,CUV - Compact,Clean,No Issue,No Issue,No Open Recalls,No Issue,No Issue,No CPO Info Available,No Issue,
2023,Nissan,Pathfinder Platinum,40998,19000,20 city/25 hwy,6-cyl,Gas,Four Wheel Drive,Automatic,White/Black,1 Owner,No flood or frame damage,No odometer problems,5N1DR3DK2PC218451,SUV - Large,Clean,No Issue,No Issue,No Open Recalls,No Issue,No Issue,No CPO Info Available,No Issue,
2015,Nissan,Rogue SL,13998,122000,25 city/32 hwy,4-cyl,Gas,All Wheel Drive,Automatic,Red/Black,2 Owners,No flood or frame damage,No odometer problems,5N1AT2MV6FC873624,CUV - Midsize,Clean,No Issue,No Issue,No Open Recalls,No Issue,No Issue,No CPO Info Available,No Issue,
2021,Nissan,Rogue SL,26998,25000,25 city/32 hwy,4-cyl,Gas,All Wheel Drive,Automatic,Blue/Black,1 Owner,No flood or frame damage,No odometer problems,5N1AT3CB8MC847553,CUV - Midsize,Clean,No Issue,No Issue,No Open Recalls,No Issue,No Issue,No CPO Info Available,No Issue,
2019,Nissan,Rogue SV,15998,112000,25 city/32 hwy,4-cyl,Gas,All Wheel Drive,Automatic,White/Black,1 Owner,No flood or frame damage,No odometer problems,JN8AT2MV7KW379273,CUV - Midsize,Clean,No Issue,No Issue,No Open Recalls,No Issue,No Issue,No CPO Info Available,No Issue,
2023,Nissan,Frontier PRO-4X,38998,13000,17 city/22 hwy,6-cyl,Gas,Four Wheel Drive,Automatic,Blue/Black,1 Owner,No flood or frame damage,No odometer problems,1N6ED1EK7PN623779,Pickup - Midsize,Clean,No Issue,No Issue,No Open Recalls,No Issue,No Issue,No CPO Info Available,No Issue,4.5 ft
2020,Nissan,Sentra SR,19998,43000,28 city/37 hwy,4-cyl,Gas,Front Wheel Drive,Automatic,Silver/Gray,1 Owner,No flood or frame damage,No odometer problems,3N1AB8DV3LY207529,Car - Midsize,Clean,No Issue,Minor,1 Open Recall(s),No Issue,No Issue,No CPO Info Available,No Issue,
2017,Nissan,Frontier SV,21998,75000,15 city/21 hwy,6-cyl,Gas,Four Wheel Drive,Automatic,Black/Black,2 Owners,No flood or frame damage,No odometer problems,1N6AD0CW7HN739287,Pickup - Midsize,Clean,No Issue,No Issue,No Open Recalls,No Issue,No Issue,OEM-Certified,No Issue,6 ft
2023,Nissan,Versa S,17998,17000,27 city/35 hwy,4-cyl,Gas,Front Wheel Drive,Manual 5 Speed,White/Black,1 Owner,No flood or frame damage,No odometer problems,3N1CN8BV8PL848259,Car - Compact,Clean,No Issue,No Issue,No Open Recalls,No Issue,No Issue,No CPO Info Available,No Issue,
2014,Nissan,Sentra SV,13599,62000,30 city/39 hwy,4-cyl,Gas,Front Wheel Drive,Automatic,White/Gray,2 Owners,No flood or frame damage,No odometer problems,3N1AB7AP9EY267656,Car - Midsize,Clean,No Issue,No Issue,1 Open Recall(s),No Issue,No Issue,No CPO Info Available,No Issue,
2019,Nissan,Kicks SV,16998,56000,31 city/36 hwy,4-cyl,Gas,Front Wheel Drive,Automatic,Silver/Black,1 Owner,No flood or frame damage,No odometer problems,3N1CP5CU4KL557166,CUV - Subcompact,Clean,No Issue,No Issue,No Open Recalls,No Issue,No Issue,No CPO Info Available,No Issue,
2023,Nissan,Altima SV,24998,11000,27 city/39 hwy,4-cyl,Gas,Front Wheel Drive,Automatic,Gray/Black,1 Owner,No flood or frame damage,No odometer problems,1N4BL4DV8PN304645,Car - Midsize,Clean,No Issue,No Issue,No Open Recalls,No Issue,No Issue,No CPO Info Available,No Issue,
2021,Nissan,Sentra SV,16998,78000,29 city/39 hwy,4-cyl,Gas,Front Wheel Drive,Automatic,Burgundy/Black,2 Owners,No flood or frame damage,No odometer problems,3N1AB8CV8MY233093,Car - Midsize,Clean,No Issue,No Issue,2 Open Recall(s),No Issue,No Issue,No CPO Info Available,No Issue,
2019,Nissan,Altima SV,23998,8000,26 city/36 hwy,4-cyl,Gas,All Wheel Drive,Automatic,Black/Black,1 Owner,No flood or frame damage,No odometer problems,1N4BL4DW1KN302544,Car - Midsize,Clean,No Issue,No Issue,1 Open Recall(s),No Issue,No Issue,No CPO Info Available,No Issue,
2023,Nissan,Versa S,17998,11000,27 city/35 hwy,4-cyl,Gas,Front Wheel Drive,Manual 5 Speed,Black/Black,2 Owners,No flood or frame damage,No odometer problems,3N1CN8BV7PL872066,Car - Compact,Clean,No Issue,No Issue,No Open Recalls,No Issue,No Issue,No CPO Info Available,No Issue,
2017,Nissan,Rogue Sport SV,17998,47000,24 city/30 hwy,4-cyl,Gas,All Wheel Drive,Automatic,Black/Black,2 Owners,No flood or frame damage,No odometer problems,JN1BJ1CR7HW104972,CUV - Compact,Clean,No Issue,No Issue,No Open Recalls,No Issue,No Issue,No CPO Info Available,No Issue,
2019,Nissan,Sentra S,16998,36000,29 city/37 hwy,4-cyl,Gas,Front Wheel Drive,Automatic,Gray/Black,1 Owner,No flood or frame damage,No odometer problems,3N1AB7AP6KY407819,Car - Midsize,Clean,No Issue,Moderate,No Open Recalls,No Issue,No Issue,No CPO Info Available,No Issue,
2016,Nissan,Sentra SV,13998,74000,27 city/35 hwy,,,,Automatic,Silver/Black,2 Owners,No flood or frame damage,No odometer problems,3N1AB7AP1GL683894,Car - Midsize,Clean,No Issue,No Issue,No Open Recalls,No Issue,No Issue,No CPO Info Available,No Issue,
2020,Nissan,Altima S,17998,71000,28 city/39 hwy,4-cyl,Gas,Front Wheel Drive,Automatic,Silver/Black,2 Owners,No flood or frame damage,No odometer problems,1N4BL4BV9LC215207,Car - Midsize,Clean,No Issue,No Issue,No Open Recalls,No Issue,No Issue,No CPO Info Available,No Issue,
2022,Nissan,Frontier PRO-X,28998,58000,18 city/24 hwy,6-cyl,Gas,Rear Wheel Drive,Automatic,White/Black,1 Owner,No flood or frame damage,No odometer problems,1N6ED1EJXNN668266,Pickup - Midsize,Clean,No Issue,No Issue,No Open Recalls,No Issue,No Issue,No CPO Info Available,No Issue,4.5 ft
2016,Nissan,Rogue SL,16998,73000,25 city/31 hwy,,,,Automatic,Black/Black,2 Owners,No flood or frame damage,No odometer problems,5N1AT2MV1GC788823,CUV - Midsize,Clean,No Issue,No Issue,No Open Recalls,No Issue,No Issue,No CPO Info Available,No Issue,
2017,Nissan,Rogue SV,14998,105000,25 city/32 hwy,4-cyl,Gas,All Wheel Drive,Automatic,White/Black,2 Owners,No flood or frame damage,No odometer problems,5N1AT2MVXHC867571,CUV - Midsize,Clean,No Issue,No Issue,No Open Recalls,No Issue,No Issue,No CPO Info Available,No Issue,
2021,Nissan,Sentra SV,20998,28000,29 city/39 hwy,4-cyl,Gas,Front Wheel Drive,Automatic,White,1 Owner,No flood or frame damage,No odometer problems,3N1AB8CV1MY280143,Car - Midsize,Clean,No Issue,No Issue,1 Open Recall(s),No Issue,No Issue,No CPO Info Available,No Issue,
2021,Nissan,Rogue SV,21998,63000,25 city/32 hwy,,,,Automatic,Red/Black,2 Owners,No flood or frame damage,No odometer problems,5N1AT3BB3MC766154,CUV - Midsize,Clean,No Issue,Minor,No Open Recalls,No Issue,No Issue,No CPO Info Available,No Issue,
2020,Nissan,Rogue Sport SV,19998,50000,24 city/30 hwy,4-cyl,Gas,All Wheel Drive,Automatic,White/Gray,2 Owners,No flood or frame damage,No odometer problems,JN1BJ1CW5LW373891,CUV - Compact,Clean,No Issue,No Issue,No Open Recalls,No Issue,No Issue,No CPO Info Available,No Issue,
2020,Nissan,Rogue Sport S,18998,47000,24 city/30 hwy,4-cyl,Gas,All Wheel Drive,Automatic,Silver/Black,2 Owners,No flood or frame damage,No odometer problems,JN1BJ1CW4LW369623,CUV - Compact,Clean,No Issue,Moderate,1 Open Recall(s),No Issue,No Issue,No CPO Info Available,No Issue,
2019,Nissan,Rogue SL,23998,24000,25 city/32 hwy,,,,Automatic,Red/Brown,1 Owner,No flood or frame damage,No odometer problems,5N1AT2MV8KC743693,CUV - Midsize,Clean,No Issue,No Issue,No Open Recalls,No Issue,No Issue,No CPO Info Available,No Issue,
2017,Nissan,Sentra SV,12599,112000,30 city/39 hwy,,,,Automatic,Silver/Black,1 Owner,No flood or frame damage,No odometer problems,3N1AB7APXHY370766,Car - Midsize,Clean,No Issue,No Issue,No Open Recalls,No Issue,No Issue,No CPO Info Available,No Issue,
2019,Nissan,Murano S,20998,43000,20 city/28 hwy,,,,Automatic,Gray/Black,1 Owner,No flood or frame damage,No odometer problems,5N1AZ2MS8KN140719,CUV - Midsize,Clean,No Issue,No Issue,No Open Recalls,No Issue,No Issue,No CPO Info Available,No Issue,
2015,Nissan,Altima SV,13599,112000,27 city/38 hwy,4-cyl,Gas,Front Wheel Drive,Automatic,Black/Gray,1 Owner,No flood or frame damage,No odometer problems,1N4AL3APXFC148436,Car - Midsize,Clean,No Issue,Minor,4 Open Recall(s),No Issue,No Issue,No CPO Info Available,No Issue,
2017,Nissan,Rogue S,15998,96000,25 city/32 hwy,4-cyl,Gas,All Wheel Drive,Automatic,White/Black,3 Owners,No flood or frame damage,No odometer problems,JN8AT2MV2HW027680,CUV - Midsize,Clean,No Issue,No Issue,1 Open Recall(s),No Issue,No Issue,No CPO Info Available,No Issue,
2021,Nissan,Rogue S,22998,34000,27 city/35 hwy,4-cyl,Gas,Front Wheel Drive,Automatic,Gray/Gray,1 Owner,No flood or frame damage,No odometer problems,5N1AT3AAXMC846236,CUV - Midsize,Clean,No Issue,No Issue,No Open Recalls,No Issue,No Issue,No CPO Info Available,No Issue,
2016,Nissan,Sentra FE+ S,13998,76000,27 city/35 hwy,,,,Automatic,Black/Black,2 Owners,No flood or frame damage,No odometer problems,3N1AB7AP7GY333253,Car - Midsize,Clean,No Issue,Damage Reported,1 Open Recall(s),No Issue,No Issue,No CPO Info Available,No Issue,
2018,Nissan,Rogue SV,17998,65000,25 city/32 hwy,4-cyl,Gas,All Wheel Drive,Automatic,Gray/Black,2 Owners,No flood or frame damage,No odometer problems,5N1AT2MV6JC809933,CUV - Midsize,Clean,No Issue,Damage Reported,No Open Recalls,No Issue,No Issue,No CPO Info Available,No Issue,
2018,Nissan,Rogue SL,17998,82000,25 city/32 hwy,4-cyl,Gas,All Wheel Drive,Automatic,Gray/Black,1 Owner,No flood or frame damage,No odometer problems,JN8AT2MV9JW327593,CUV - Midsize,Clean,No Issue,Damage Reported,No Open Recalls,No Issue,No Issue,No CPO Info Available,No Issue,
2016,Nissan,Rogue SV,14998,81000,25 city/32 hwy,4-cyl,Gas,All Wheel Drive,Automatic,Green/Tan,1 Owner,No flood or frame damage,No odometer problems,KNMAT2MV0GP657895,CUV - Midsize,Clean,No Issue,No Issue,No Open Recalls,No Issue,No Issue,No CPO Info Available,No Issue,
2021,Nissan,Rogue S,23998,16000,26 city/33 hwy,4-cyl,Gas,All Wheel Drive,Automatic,White/Black,1 Owner,No flood or frame damage,No odometer problems,JN8AT3AB1MW206268,CUV - Midsize,Clean,No Issue,Moderate,No Open Recalls,No Issue,No Issue,No CPO Info Available,No Issue,
2018,Nissan,Sentra S,16998,32000,27 city/35 hwy,4-cyl,Gas,Front Wheel Drive,Manual 6 Speed,Gray/Black,1 Owner,No flood or frame damage,No odometer problems,3N1AB7AP7JY340033,Car - Midsize,Clean,No Issue,No Issue,No Open Recalls,No Issue,No Issue,No CPO Info Available,No Issue,
2021,Nissan,Altima SV,21998,36000,25 city/35 hwy,4-cyl,Gas,All Wheel Drive,Automatic,Gray/Black,1 Owner,No flood or frame damage,No odometer problems,1N4BL4DW5MN342371,Car - Midsize,Clean,No Issue,Damage Reported,No Open Recalls,No Issue,No Issue,No CPO Info Available,No Issue,
2022,Nissan,Kicks S,16998,91000,31 city/36 hwy,4-cyl,Gas,Front Wheel Drive,Automatic,Black/Black,1 Owner,No flood or frame damage,No odometer problems,3N1CP5BV1NL525645,CUV - Compact,Clean,No Issue,No Issue,No Open Recalls,No Issue,No Issue,No CPO Info Available,No Issue,
2020,Nissan,Rogue S,17998,76000,25 city/32 hwy,4-cyl,Gas,All Wheel Drive,Automatic,Gray/Black,4 Owners,No flood or frame damage,No odometer problems,5N1AT2MV8LC765937,CUV - Midsize,Clean,No Issue,No Issue,No Open Recalls,No Issue,No Issue,No CPO Info Available,No Issue,
2015,Nissan,Rogue SV,13998,109000,25 city/32 hwy,4-cyl,Gas,All Wheel Drive,Automatic,Black/Black,1 Owner,No flood or frame damage,No odometer problems,5N1AT2MV1FC848520,CUV - Midsize,Clean,No Issue,Damage Reported,No Open Recalls,No Issue,No Issue,No CPO Info Available,No Issue,
2019,Nissan,Titan XD Platinum Reserve,44998,17000,Not available,8-cyl,Turbo Diesel,Four Wheel Drive,Automatic,Red/Brown,3 Owners,No flood or frame damage,No odometer problems,1N6BA1F45KN521076,Pickup - Fullsize,Clean,No Issue,No Issue,No Open Recalls,No Issue,No Issue,No CPO Info Available,No Issue,6.5 ft
2019,Nissan,Pathfinder SL,21998,66000,19 city/26 hwy,6-cyl,Gas,Four Wheel Drive,Automatic,Black/Black,3 Owners,No flood or frame damage,No odometer problems,5N1DR2MM1KC615928,CUV - Large,Clean,No Issue,No Issue,No Open Recalls,No Issue,No Issue,No CPO Info Available,No Issue,
2023,Nissan,Pathfinder Platinum,44998,5000,20 city/25 hwy,6-cyl,Gas,Four Wheel Drive,Automatic,White/Brown,1 Owner,No flood or frame damage,No odometer problems,5N1DR3DJ9PC223296,SUV - Large,Clean,No Issue,No Issue,No Open Recalls,No Issue,No Issue,No CPO Info Available,No Issue,
2017,Nissan,Rogue SV,17998,53000,25 city/32 hwy,4-cyl,Gas,All Wheel Drive,Automatic,Gray/Black,2 Owners,No flood or frame damage,No odometer problems,KNMAT2MV0HP594718,CUV - Midsize,Clean,No Issue,Minor,No Open Recalls,No Issue,No Issue,No CPO Info Available,No Issue,
2015,Nissan,Versa S Plus,13998,35000,31 city/40 hwy,4-cyl,Gas,Front Wheel Drive,Automatic,Silver/Black,1 Owner,No flood or frame damage,No odometer problems,3N1CN7AP0FL852625,Car - Compact,Clean,No Issue,No Issue,No Open Recalls,No Issue,No Issue,No CPO Info Available,No Issue,
2019,Nissan,Kicks SV,18998,29000,31 city/36 hwy,4-cyl,Gas,Front Wheel Drive,Automatic,White/Black,2 Owners,No flood or frame damage,No odometer problems,3N1CP5CU0KL470431,CUV - Subcompact,Clean,No Issue,No Issue,No Open Recalls,No Issue,No Issue,No CPO Info Available,No Issue,
2016,Nissan,Frontier SV,21998,65000,15 city/21 hwy,6-cyl,Gas,Four Wheel Drive,Automatic,Silver/Gray,1 Owner,No flood or frame damage,No odometer problems,1N6AD0EV6GN715937,Pickup - Midsize,Clean,No Issue,Moderate,No Open Recalls,No Issue,No Issue,No CPO Info Available,No Issue,4.5 ft
2018,Nissan,Pathfinder SV,20998,59000,19 city/26 hwy,6-cyl,Gas,Four Wheel Drive,Automatic,Black/Black,1 Owner,No flood or frame damage,No odometer problems,5N1DR2MM8JC643787,CUV - Large,Clean,No Issue,No Issue,No Open Recalls,No Issue,No Issue,No CPO Info Available,No Issue,
2019,Nissan,Pathfinder S,21998,44000,19 city/26 hwy,6-cyl,Gas,Four Wheel Drive,Automatic,White/Black,1 Owner,No flood or frame damage,No odometer problems,5N1DR2MM5KC654702,CUV - Large,Clean,No Issue,Damage Reported,No Open Recalls,No Issue,No Issue,No CPO Info Available,No Issue,
2015,Nissan,Rogue SV,13998,98000,26 city/33 hwy,4-cyl,Gas,Front Wheel Drive,Automatic,Black/Tan,2 Owners,No flood or frame damage,No odometer problems,KNMAT2MT0FP525281,CUV - Midsize,Clean,No Issue,No Issue,No Open Recalls,No Issue,No Issue,No CPO Info Available,No Issue,
2021,Nissan,NV 3500 SL,54998,25000,Not available,8-cyl,Gas,Rear Wheel Drive,Automatic,Black/Tan,1 Owner,No flood or frame damage,No odometer problems,5BZAF0AA6MN850539,Van - Fullsize,Clean,No Issue,No Issue,No Open Recalls,No Issue,No Issue,No CPO Info Available,No Issue,
2017,Nissan,Altima S,17998,41000,27 city/39 hwy,4-cyl,Gas,Front Wheel Drive,Automatic,Silver/Black,2 Owners,No flood or frame damage,No odometer problems,1N4AL3AP4HC240225,Car - Midsize,Clean,No Issue,No Issue,1 Open Recall(s),No Issue,No Issue,No CPO Info Available,No Issue,
2022,Nissan,Murano SV,25998,31000,20 city/28 hwy,6-cyl,Gas,All Wheel Drive,Automatic,Black/Black,1 Owner,No flood or frame damage,No odometer problems,5N1AZ2BS4NC111494,CUV - Midsize,Clean,No Issue,No Issue,No Open Recalls,No Issue,No Issue,No CPO Info Available,No Issue,
2022,Nissan,Rogue SV,24998,10000,30 city/37 hwy,4-cyl,Turbo Gas,Front Wheel Drive,Automatic,Silver/Black,1 Owner,No flood or frame damage,No odometer problems,5N1BT3BA7NC727614,CUV - Midsize,Clean,No Issue,No Issue,No Open Recalls,No Issue,No Issue,No CPO Info Available,No Issue,
2016,Nissan,Altima SR,13998,104000,26 city/37 hwy,4-cyl,Gas,Front Wheel Drive,Automatic,Gray/Black,2 Owners,No flood or frame damage,No odometer problems,1N4AL3AP0GC205034,Car - Midsize,Clean,No Issue,No Issue,No Open Recalls,No Issue,No Issue,No CPO Info Available,No Issue,
2017,Nissan,Altima SR,14998,122000,26 city/37 hwy,4-cyl,Gas,Front Wheel Drive,Automatic,Black/Black,1 Owner,No flood or frame damage,No odometer problems,1N4AL3APXHC489287,Car - Midsize,Clean,No Issue,Moderate,No Open Recalls,No Issue,No Issue,No CPO Info Available,No Issue,
2019,Nissan,Sentra SV,17998,40000,29 city/37 hwy,4-cyl,Gas,Front Wheel Drive,Automatic,Black/Black,2 Owners,No flood or frame damage,No odometer problems,3N1AB7AP4KY450460,Car - Midsize,Clean,No Issue,No Issue,No Open Recalls,No Issue,No Issue,No CPO Info Available,No Issue,
2017,Nissan,Frontier SV,20998,82000,15 city/21 hwy,6-cyl,Gas,Four Wheel Drive,Automatic,White/Gray,1 Owner,No flood or frame damage,No odometer problems,1N6AD0EV4HN768749,Pickup - Midsize,Clean,No Issue,Moderate,No Open Recalls,No Issue,No Issue,No CPO Info Available,No Issue,4.5 ft
2022,Nissan,Altima SR,23998,18000,27 city/37 hwy,,,,Automatic,Silver/Black,2 Owners,No flood or frame damage,No odometer problems,1N4BL4CV8NN362835,Car - Midsize,Clean,No Issue,No Issue,No Open Recalls,No Issue,No Issue,No CPO Info Available,No Issue,
2023,Nissan,Altima SV,23998,22000,26 city/36 hwy,4-cyl,Gas,All Wheel Drive,Automatic,Burgundy/Black,1 Owner,No flood or frame damage,No odometer problems,1N4BL4DW1PN311767,Car - Midsize,Clean,No Issue,No Issue,No Open Recalls,No Issue,No Issue,No CPO Info Available,No Issue,
2015,Nissan,Pathfinder S,16998,58000,19 city/26 hwy,6-cyl,Gas,Four Wheel Drive,Automatic,Green/Black,2 Owners,No flood or frame damage,No odometer problems,5N1AR2MM2FC696074,CUV - Large,Clean,No Issue,Damage Reported,No Open Recalls,No Issue,No Issue,No CPO Info Available,No Issue,
2024,Nissan,Altima SR,27998,1000,27 city/37 hwy,4-cyl,Gas,Front Wheel Drive,Automatic,Silver/Black,1 Owner,No flood or frame damage,No odometer problems,1N4BL4CV0RN415825,Car - Midsize,Clean,No Issue,No Issue,No Open Recalls,No Issue,No Issue,No CPO Info Available,No Issue,
2017,Nissan,Rogue SV,18998,42000,25 city/32 hwy,4-cyl,Gas,All Wheel Drive,Automatic,Gray/Gray,1 Owner,No flood or frame damage,No odometer problems,JN8AT2MV6HW269887,CUV - Midsize,Clean,No Issue,No Issue,1 Open Recall(s),No Issue,No Issue,No CPO Info Available,No Issue,
2019,Nissan,Frontier SV,25998,36000,15 city/21 hwy,6-cyl,Gas,Four Wheel Drive,Automatic,Black/Gray,2 Owners,No flood or frame damage,No odometer problems,1N6AD0EV3KN763629,Pickup - Midsize,Clean,No Issue,No Issue,No Open Recalls,No Issue,No Issue,No CPO Info Available,No Issue,4.5 ft
2017,Nissan,Maxima SV,17998,88000,21 city/30 hwy,6-cyl,Gas,Front Wheel Drive,Automatic,Gray/Black,1 Owner,No flood or frame damage,No odometer problems,1N4AA6AP1HC447503,Car - Midsize,Clean,No Issue,No Issue,No Open Recalls,No Issue,No Issue,No CPO Info Available,No Issue,
2022,Nissan,Frontier S,25998,20000,18 city/24 hwy,6-cyl,Gas,Rear Wheel Drive,Automatic,White/Black,1 Owner,No flood or frame damage,No odometer problems,1N6ED1CL0NN652761,Pickup - Midsize,Clean,No Issue,No Issue,No Open Recalls,No Issue,No Issue,No CPO Info Available,No Issue,6 ft
2022,Nissan,Pathfinder Platinum,36998,35000,20 city/25 hwy,6-cyl,Gas,Four Wheel Drive,Automatic,Red/Brown,1 Owner,No flood or frame damage,No odometer problems,5N1DR3DK1NC248196,SUV - Large,Clean,No Issue,No Issue,No Open Recalls,No Issue,No Issue,No CPO Info Available,No Issue,
2019,Nissan,Altima S,18998,50000,28 city/39 hwy,4-cyl,Gas,Front Wheel Drive,Automatic,Gray/Black,1 Owner,No flood or frame damage,No odometer problems,1N4BL4BV5KC236134,Car - Midsize,Clean,No Issue,Moderate,No Open Recalls,No Issue,No Issue,No CPO Info Available,No Issue,
2020,Nissan,Rogue SV,21998,29000,25 city/32 hwy,4-cyl,Gas,All Wheel Drive,Automatic,Gray/Black,2 Owners,No flood or frame damage,No odometer problems,KNMAT2MV4LP532019,CUV - Midsize,Clean,No Issue,No Issue,No Open Recalls,No Issue,No Issue,No CPO Info Available,No Issue,
2022,Nissan,Murano SV,28998,7000,20 city/28 hwy,6-cyl,Gas,All Wheel Drive,Automatic,Black/Black,1 Owner,No flood or frame damage,No odometer problems,5N1AZ2BSXNC130955,CUV - Midsize,Clean,No Issue,No Issue,No Open Recalls,No Issue,No Issue,No CPO Info Available,No Issue,
2021,Nissan,Rogue SV,24998,21000,25 city/32 hwy,4-cyl,Gas,All Wheel Drive,Automatic,Black/Black,1 Owner,No flood or frame damage,No odometer problems,5N1AT3BBXMC760271,CUV - Midsize,Clean,No Issue,No Issue,No Open Recalls,No Issue,No Issue,No CPO Info Available,No Issue,
2021,Nissan,Rogue Sport SV,21998,28000,24 city/30 hwy,4-cyl,Gas,All Wheel Drive,Automatic,White/Tan,1 Owner,No flood or frame damage,No odometer problems,JN1BJ1BW8MW440762,CUV - Compact,Clean,No Issue,No Issue,No Open Recalls,No Issue,No Issue,No CPO Info Available,No Issue,
2018,Nissan,Altima SL,21998,14000,27 city/38 hwy,,,,Automatic,White/Black,2 Owners,No flood or frame damage,No odometer problems,1N4AL3AP0JC181339,Car - Midsize,Clean,No Issue,No Issue,No Open Recalls,No Issue,No Issue,No CPO Info Available,No Issue,
2015,Nissan,Rogue SL,12998,113000,25 city/32 hwy,4-cyl,Gas,All Wheel Drive,Automatic,Red/Black,3 Owners,No flood or frame damage,No odometer problems,5N1AT2MV0FC898910,CUV - Midsize,Clean,No Issue,Minor,1 Open Recall(s),No Issue,No Issue,No CPO Info Available,No Issue,
2015,Nissan,Altima SV,13998,110000,27 city/38 hwy,4-cyl,Gas,Front Wheel Drive,Automatic,Silver/Black,1 Owner,No flood or frame damage,No odometer problems,1N4AL3AP0FC459440,Car - Midsize,Clean,No Issue,No Issue,No Open Recalls,No Issue,No Issue,No CPO Info Available,No Issue,
2017,Nissan,Rogue Sport SV,14998,90000,24 city/30 hwy,4-cyl,Gas,All Wheel Drive,Automatic,Gray/Black,3 Owners,No flood or frame damage,No odometer problems,JN1BJ1CR1HW137806,CUV - Compact,Clean,No Issue,Moderate,No Open Recalls,No Issue,No Issue,No CPO Info Available,No Issue,
2019,Nissan,Sentra S,13998,112000,29 city/37 hwy,4-cyl,Gas,Front Wheel Drive,Automatic,White/Black,2 Owners,No flood or frame damage,No odometer problems,3N1AB7AP6KY228132,Car - Midsize,Clean,No Issue,No Issue,1 Open Recall(s),No Issue,No Issue,No CPO Info Available,No Issue,
2020,Nissan,Murano SL,24998,42000,20 city/28 hwy,6-cyl,Gas,All Wheel Drive,Automatic,White/Tan,2 Owners,No flood or frame damage,No odometer problems,5N1AZ2CSXLN165527,CUV - Midsize,Clean,No Issue,Minor,No Open Recalls,No Issue,No Issue,No CPO Info Available,No Issue,
2017,Nissan,Sentra SV,14599,88000,29 city/37 hwy,4-cyl,Gas,Front Wheel Drive,Automatic,Black/Black,1 Owner,No flood or frame damage,No odometer problems,3N1AB7AP6HY228821,Car - Midsize,Clean,No Issue,No Issue,No Open Recalls,No Issue,No Issue,No CPO Info Available,No Issue,
2018,Nissan,Armada Platinum,29998,68000,13 city/18 hwy,8-cyl,Gas,All Wheel Drive,Automatic,Brown/Brown,1 Owner,No flood or frame damage,No odometer problems,JN8AY2NE5J9730100,SUV - Large,Clean,No Issue,No Issue,No Open Recalls,No Issue,No Issue,No CPO Info Available,No Issue,
2017,Nissan,Murano SL,20998,38000,21 city/28 hwy,,,,Automatic,Black/Black,3 Owners,No flood or frame damage,No odometer problems,5N1AZ2MH0HN147161,CUV - Midsize,Clean,No Issue,No Issue,No Open Recalls,No Issue,No Issue,No CPO Info Available,No Issue,
2017,Nissan,Rogue S,15998,86000,25 city/32 hwy,4-cyl,Gas,All Wheel Drive,Automatic,Silver/Black,3 Owners,No flood or frame damage,No odometer problems,KNMAT2MV4HP523926,CUV - Midsize,Clean,No Issue,No Issue,1 Open Recall(s),No Issue,No Issue,No CPO Info Available,No Issue,
2014,Nissan,Rogue SV,14998,78000,25 city/32 hwy,4-cyl,Gas,All Wheel Drive,Automatic,Red/Black,2 Owners,No flood or frame damage,No odometer problems,5N1AT2MV9EC771927,CUV - Midsize,Clean,No Issue,No Issue,No Open Recalls,No Issue,No Issue,No CPO Info Available,No Issue,
2015,Nissan,Altima SV,14998,94000,27 city/38 hwy,4-cyl,Gas,Front Wheel Drive,Automatic,Gray/Black,2 Owners,No flood or frame damage,No odometer problems,1N4AL3AP7FC154758,Car - Midsize,Clean,No Issue,Minor,No Open Recalls,No Issue,No Issue,No CPO Info Available,No Issue,
2016,Nissan,Rogue SV,15998,84000,25 city/32 hwy,4-cyl,Gas,All Wheel Drive,Automatic,Blue/Gray,2 Owners,No flood or frame damage,No odometer problems,KNMAT2MV3GP673945,CUV - Midsize,Clean,No Issue,Damage Reported,3 Open Recall(s),No Issue,No Issue,No CPO Info Available,No Issue,
2018,Nissan,Rogue SV,17998,85000,25 city/32 hwy,4-cyl,Gas,All Wheel Drive,Automatic,White/Black,2 Owners,No flood or frame damage,No odometer problems,5N1AT2MV0JC738566,CUV - Midsize,Clean,No Issue,Minor,No Open Recalls,No Issue,No Issue,No CPO Info Available,No Issue,
2024,Nissan,Versa SV,20998,4000,27 city/35 hwy,4-cyl,Gas,Front Wheel Drive,Automatic,Gray/Black,1 Owner,No flood or frame damage,No odometer problems,3N1CN8EV4RL871620,Car - Compact,Clean,No Issue,No Issue,No Open Recalls,No Issue,No Issue,No CPO Info Available,No Issue,
2014,Nissan,Rogue Select S,13599,89000,22 city/27 hwy,4-cyl,Gas,All Wheel Drive,Automatic,Silver/Black,2 Owners,No flood or frame damage,No odometer problems,JN8AS5MV9EW708984,CUV - Compact,Clean,No Issue,No Issue,No Open Recalls,No Issue,No Issue,No CPO Info Available,No Issue,
2014,Nissan,Maxima SV,15998,72000,19 city/26 hwy,6-cyl,Gas,Front Wheel Drive,Automatic,Purple/Tan,3 Owners,No flood or frame damage,No odometer problems,1N4AA5AP5EC451365,Car - Midsize,Clean,No Issue,Minor,No Open Recalls,No Issue,No Issue,No CPO Info Available,No Issue,
2015,Nissan,Rogue SV,16998,41000,25 city/32 hwy,4-cyl,Gas,All Wheel Drive,Automatic,Silver/Black,4 Owners,No flood or frame damage,No odometer problems,KNMAT2MV2FP500206,CUV - Midsize,Clean,No Issue,No Issue,1 Open Recall(s),No Issue,No Issue,No CPO Info Available,No Issue,
2020,Nissan,Rogue SV,19998,55000,25 city/32 hwy,4-cyl,Gas,All Wheel Drive,Automatic,Silver/Black,1 Owner,No flood or frame damage,No odometer problems,JN8AT2MV3LW124914,CUV - Midsize,Clean,No Issue,Minor,No Open Recalls,No Issue,No Issue,No CPO Info Available,No Issue,
2022,Nissan,Altima SV,22998,13000,27 city/37 hwy,4-cyl,Gas,Front Wheel Drive,Automatic,Silver/Black,1 Owner,No flood or frame damage,No odometer problems,1N4BL4DV8NN404550,Car - Midsize,Clean,No Issue,No Issue,No Open Recalls,No Issue,No Issue,No CPO Info Available,No Issue,
2022,Nissan,Altima SR,22998,33000,27 city/37 hwy,4-cyl,Gas,Front Wheel Drive,Automatic,White/Black,1 Owner,No flood or frame damage,No odometer problems,1N4BL4CV0NN419805,Car - Midsize,Clean,No Issue,No Issue,No Open Recalls,No Issue,No Issue,No CPO Info Available,No Issue,
2020,Nissan,Altima S,15998,89000,28 city/39 hwy,4-cyl,Gas,Front Wheel Drive,Automatic,Black/Black,2 Owners,No flood or frame damage,No odometer problems,1N4BL4BVXLC237166,Car - Midsize,Clean,No Issue,No Issue,No Open Recalls,No Issue,No Issue,No CPO Info Available,No Issue,
2024,Nissan,Kicks SR,24998,1000,31 city/36 hwy,4-cyl,Gas,Front Wheel Drive,Automatic,White/Black,1 Owner,No flood or frame damage,No odometer problems,3N1CP5DV1RL516785,CUV - Compact,Clean,No Issue,No Issue,No Open Recalls,No Issue,No Issue,No CPO Info Available,No Issue,
2024,Nissan,Altima SV,25998,1000,26 city/36 hwy,4-cyl,Gas,All Wheel Drive,Automatic,Silver/Black,1 Owner,No flood or frame damage,No odometer problems,1N4BL4DWXRN408811,Car - Midsize,Clean,No Issue,No Issue,No Open Recalls,No Issue,No Issue,No CPO Info Available,No Issue,
2020,Nissan,Rogue SV,20998,39000,25 city/32 hwy,4-cyl,Gas,All Wheel Drive,Automatic,Silver/Black,2 Owners,No flood or frame damage,No odometer problems,5N1AT2MV9LC787798,CUV - Midsize,Clean,No Issue,No Issue,No Open Recalls,No Issue,No Issue,No CPO Info Available,No Issue,
2020,Nissan,Pathfinder S,19998,54000,20 city/27 hwy,6-cyl,Gas,Four Wheel Drive,Automatic,Blue/Black,2 Owners,No flood or frame damage,No odometer problems,5N1DR2AM3LC610901,SUV - Large,Clean,No Issue,Minor,No Open Recalls,No Issue,No Issue,No CPO Info Available,No Issue,
2020,Nissan,Rogue SL,23998,40000,25 city/32 hwy,4-cyl,Gas,All Wheel Drive,Automatic,Gray/Black,1 Owner,No flood or frame damage,No odometer problems,5N1AT2MV8LC769728,CUV - Midsize,Clean,No Issue,No Issue,No Open Recalls,No Issue,No Issue,No CPO Info Available,No Issue,
2020,Nissan,Sentra SR,21998,10000,28 city/37 hwy,4-cyl,Gas,Front Wheel Drive,Automatic,Gray/Black,1 Owner,No flood or frame damage,No odometer problems,3N1AB8DV7LY251940,Car - Midsize,Clean,No Issue,No Issue,2 Open Recall(s),No Issue,No Issue,No CPO Info Available,No Issue,
2020,Nissan,Rogue SV,20998,43000,25 city/32 hwy,4-cyl,Gas,All Wheel Drive,Automatic,Black/Black,1 Owner,No flood or frame damage,No odometer problems,JN8AT2MV9LW136131,CUV - Midsize,Clean,No Issue,No Issue,No Open Recalls,No Issue,No Issue,No CPO Info Available,No Issue,
2020,Nissan,Kicks SV,18998,36000,31 city/36 hwy,4-cyl,Gas,Front Wheel Drive,Automatic,Silver/Black,2 Owners,No flood or frame damage,No odometer problems,3N1CP5CV9LL525694,CUV - Compact,Clean,No Issue,No Issue,No Open Recalls,No Issue,No Issue,No CPO Info Available,No Issue,
2021,Nissan,Sentra SV,19998,21000,29 city/39 hwy,4-cyl,Gas,Front Wheel Drive,Automatic,Gray/Gray,1 Owner,No flood or frame damage,No odometer problems,3N1AB8CVXMY298298,Car - Midsize,Clean,No Issue,No Issue,1 Open Recall(s),No Issue,No Issue,No CPO Info Available,No Issue,
2017,Nissan,Pathfinder SL,21998,55000,19 city/26 hwy,6-cyl,Gas,Four Wheel Drive,Automatic,Red/Black,2 Owners,No flood or frame damage,No odometer problems,5N1DR2MM9HC694905,CUV - Large,Clean,No Issue,No Issue,No Open Recalls,No Issue,No Issue,No CPO Info Available,No Issue,
2018,Nissan,Rogue SV,14599,115000,25 city/32 hwy,4-cyl,Gas,All Wheel Drive,Automatic,Silver/Black,1 Owner,No flood or frame damage,No odometer problems,5N1AT2MV2JC770869,CUV - Midsize,Clean,No Issue,Damage Reported,No Open Recalls,No Issue,No Issue,No CPO Info Available,No Issue,
2018,Nissan,Rogue Sport SV,18998,56000,24 city/30 hwy,4-cyl,Gas,All Wheel Drive,Automatic,Gray/Black,1 Owner,No flood or frame damage,No odometer problems,JN1BJ1CR3JW285266,CUV - Compact,Clean,No Issue,Minor,No Open Recalls,No Issue,No Issue,No CPO Info Available,No Issue,
2018,Nissan,Murano SV,20998,64000,21 city/28 hwy,6-cyl,Gas,All Wheel Drive,Automatic,Gray/Black,1 Owner,No flood or frame damage,No odometer problems,5N1AZ2MH8JN161850,CUV - Midsize,Clean,No Issue,No Issue,No Open Recalls,No Issue,No Issue,No CPO Info Available,No Issue,
2017,Nissan,Rogue S,13599,112000,25 city/32 hwy,4-cyl,Gas,All Wheel Drive,Automatic,Gray/Black,2 Owners,No flood or frame damage,No odometer problems,5N1AT2MV6HC819016,CUV - Midsize,Clean,No Issue,Damage Reported,2 Open Recall(s),No Issue,No Issue,No CPO Info Available,No Issue,
2019,Nissan,Altima SL,20998,59000,28 city/39 hwy,4-cyl,Gas,Front Wheel Drive,Automatic,Blue/Tan,2 Owners,No flood or frame damage,No odometer problems,1N4BL4EV6KC168597,Car - Midsize,Clean,No Issue,No Issue,No Open Recalls,No Issue,No Issue,No CPO Info Available,No Issue,
2019,Nissan,Armada SV,22998,93000,13 city/18 hwy,8-cyl,Gas,All Wheel Drive,Automatic,Gray/Black,2 Owners,No flood or frame damage,No odometer problems,JN8AY2NC5K9584037,SUV - Large,Clean,No Issue,No Issue,No Open Recalls,No Issue,No Issue,No CPO Info Available,No Issue,
2021,Nissan,Sentra SV,18998,33000,29 city/39 hwy,4-cyl,Gas,Front Wheel Drive,Automatic,Red/Black,1 Owner,No flood or frame damage,No odometer problems,3N1AB8CV3MY277079,Car - Midsize,Clean,No Issue,No Issue,1 Open Recall(s),No Issue,No Issue,No CPO Info Available,No Issue,
2017,Nissan,Maxima SR,19998,73000,21 city/30 hwy,6-cyl,Gas,Front Wheel Drive,Automatic,Black/Black,3 Owners,No flood or frame damage,No odometer problems,1N4AA6AP8HC437079,Car - Midsize,Clean,No Issue,No Issue,No Open Recalls,No Issue,No Issue,No CPO Info Available,No Issue,
2015,Nissan,Murano SL,19998,56000,21 city/28 hwy,6-cyl,Gas,All Wheel Drive,Automatic,Copper/Black,3 Owners,No flood or frame damage,No odometer problems,5N1AZ2MH6FN272310,CUV - Midsize,Clean,No Issue,No Issue,No Open Recalls,No Issue,No Issue,No CPO Info Available,No Issue,
2019,Nissan,Rogue SV,21998,32000,25 city/32 hwy,4-cyl,Gas,All Wheel Drive,Automatic,Gray/Black,2 Owners,No flood or frame damage,No odometer problems,JN8AT2MV7KW396798,CUV - Midsize,Clean,No Issue,No Issue,No Open Recalls,No Issue,No Issue,No CPO Info Available,No Issue,
2018,Nissan,Rogue SV,16998,93000,25 city/32 hwy,4-cyl,Gas,All Wheel Drive,Automatic,Gray/Black,2 Owners,No flood or frame damage,No odometer problems,5N1AT2MV4JC720443,CUV - Midsize,Clean,No Issue,No Issue,No Open Recalls,No Issue,No Issue,No CPO Info Available,No Issue,
2020,Nissan,Sentra SV,19998,41000,29 city/39 hwy,4-cyl,Gas,Front Wheel Drive,Automatic,Gray/Black,1 Owner,No flood or frame damage,No odometer problems,3N1AB8CV0LY268631,Car - Midsize,Clean,No Issue,No Issue,1 Open Recall(s),No Issue,No Issue,No CPO Info Available,No Issue,
2022,Nissan,Sentra SR,21998,11000,28 city/37 hwy,4-cyl,Gas,Front Wheel Drive,Automatic,Gray/Black,1 Owner,No flood or frame damage,No odometer problems,3N1AB8DV9NY299541,Car - Midsize,Clean,No Issue,Damage Reported,No Open Recalls,No Issue,No Issue,No CPO Info Available,No Issue,
2022,Nissan,Sentra SV,21998,10000,29 city/39 hwy,4-cyl,Gas,Front Wheel Drive,Automatic,White/Black,1 Owner,No flood or frame damage,No odometer problems,3N1AB8CV0NY317555,Car - Midsize,Clean,No Issue,No Issue,No Open Recalls,No Issue,No Issue,No CPO Info Available,No Issue,
2018,Nissan,Pathfinder SL,17998,103000,19 city/26 hwy,6-cyl,Gas,Four Wheel Drive,Automatic,Black/Black,2 Owners,No flood or frame damage,No odometer problems,5N1DR2MM4JC602377,CUV - Large,Clean,No Issue,No Issue,No Open Recalls,No Issue,No Issue,No CPO Info Available,No Issue,
2015,Nissan,Sentra S,12599,86000,29 city/39 hwy,4-cyl,Gas,Front Wheel Drive,Automatic,Silver/Black,1 Owner,No flood or frame damage,No odometer problems,3N1AB7AP7FY300042,Car - Midsize,Clean,No Issue,Minor,No Open Recalls,No Issue,No Issue,No CPO Info Available,No Issue,
2022,Nissan,Kicks SV,18998,59000,31 city/36 hwy,4-cyl,Gas,Front Wheel Drive,Automatic,Gray/Black,1 Owner,No flood or frame damage,No odometer problems,3N1CP5CV1NL482648,CUV - Compact,Clean,No Issue,No Issue,No Open Recalls,No Issue,No Issue,No CPO Info Available,No Issue,
2014,Nissan,Versa Note SV,11998,58000,31 city/40 hwy,,,,Automatic,Red/Black,1 Owner,No flood or frame damage,No odometer problems,3N1CE2CP6EL405571,Car - Midsize,Clean,No Issue,Damage Reported,No Open Recalls,No Issue,No Issue,No CPO Info Available,No Issue,
2021,Nissan,Altima SR,22998,29000,26 city/36 hwy,4-cyl,Gas,All Wheel Drive,Automatic,Black/Black,1 Owner,No flood or frame damage,No odometer problems,1N4BL4CW2MN386233,Car - Midsize,Clean,No Issue,No Issue,No Open Recalls,No Issue,No Issue,No CPO Info Available,No Issue,
2019,Nissan,Rogue Sport S,17998,47000,24 city/30 hwy,4-cyl,Gas,All Wheel Drive,Automatic,White/Black,3 Owners,No flood or frame damage,No odometer problems,JN1BJ1CR7KW326256,CUV - Compact,Clean,No Issue,No Issue,1 Open Recall(s),No Issue,No Issue,No CPO Info Available,No Issue,
2023,Nissan,Altima SR,25998,14000,27 city/37 hwy,4-cyl,Gas,Front Wheel Drive,Automatic,Gray/Black,1 Owner,No flood or frame damage,No odometer problems,1N4BL4CV1PN307663,Car - Midsize,Clean,No Issue,No Issue,No Open Recalls,No Issue,No Issue,No CPO Info Available,No Issue,
2022,Nissan,Altima SV,22998,12000,27 city/37 hwy,4-cyl,Gas,Front Wheel Drive,Automatic,Gray/Black,1 Owner,No flood or frame damage,No odometer problems,1N4BL4DV2NN367978,Car - Midsize,Clean,No Issue,No Issue,No Open Recalls,No Issue,No Issue,No CPO Info Available,No Issue,
2016,Nissan,Rogue S,15998,74000,25 city/32 hwy,4-cyl,Gas,All Wheel Drive,Automatic,Black/Black,3 Owners,No flood or frame damage,No odometer problems,JN8AT2MVXGW138072,CUV - Midsize,Clean,No Issue,No Issue,1 Open Recall(s),No Issue,No Issue,No CPO Info Available,No Issue,
2019,Nissan,Rogue Sport SL,20998,48000,24 city/30 hwy,4-cyl,Gas,All Wheel Drive,Automatic,Red/Black,2 Owners,No flood or frame damage,No odometer problems,JN1BJ1CRXKW322072,CUV - Compact,Clean,No Issue,No Issue,No Open Recalls,No Issue,No Issue,No CPO Info Available,No Issue,
2020,Nissan,Pathfinder S,22998,43000,20 city/27 hwy,6-cyl,Gas,Four Wheel Drive,Automatic,Silver/Black,1 Owner,No flood or frame damage,No odometer problems,5N1DR2AM0LC621581,SUV - Large,Clean,No Issue,No Issue,No Open Recalls,No Issue,No Issue,No CPO Info Available,No Issue,
2019,Nissan,Sentra S,15998,59000,29 city/37 hwy,4-cyl,Gas,Front Wheel Drive,Automatic,Gray/Black,1 Owner,No flood or frame damage,No odometer problems,3N1AB7AP7KY260829,Car - Midsize,Clean,No Issue,Moderate,No Open Recalls,No Issue,No Issue,No CPO Info Available,No Issue,
2015,Nissan,Altima SV,13998,90000,27 city/38 hwy,4-cyl,Gas,Front Wheel Drive,Automatic,Gold/Tan,3 Owners,No flood or frame damage,No odometer problems,1N4AL3AP8FC486711,Car - Midsize,Clean,No Issue,Moderate,1 Open Recall(s),No Issue,No Issue,No CPO Info Available,No Issue,
2020,Nissan,Altima S,19998,42000,28 city/39 hwy,4-cyl,Gas,Front Wheel Drive,Automatic,White/Black,2 Owners,No flood or frame damage,No odometer problems,1N4BL4BV6LC123472,Car - Midsize,Clean,No Issue,No Issue,No Open Recalls,No Issue,No Issue,No CPO Info Available,No Issue,
2019,Nissan,Rogue SV,17998,88000,25 city/32 hwy,4-cyl,Gas,All Wheel Drive,Automatic,Silver/Black,3 Owners,No flood or frame damage,No odometer problems,JN8AT2MV4KW392417,CUV - Midsize,Clean,No Issue,Minor,No Open Recalls,No Issue,No Issue,OEM-Certified,No Issue,
2024,Nissan,Altima SR,27998,1000,27 city/37 hwy,4-cyl,Gas,Front Wheel Drive,Automatic,White/Black,1 Owner,No flood or frame damage,No odometer problems,1N4BL4CVXRN429750,Car - Midsize,Clean,No Issue,No Issue,No Open Recalls,No Issue,No Issue,No CPO Info Available,No Issue,
2023,Nissan,Pathfinder SL,37998,12000,21 city/27 hwy,6-cyl,Gas,Four Wheel Drive,Automatic,Gray/Black,1 Owner,No flood or frame damage,No odometer problems,5N1DR3CD7PC244093,SUV - Large,Clean,No Issue,No Issue,No Open Recalls,No Issue,No Issue,No CPO Info Available,No Issue,
2023,Nissan,Rogue SV,28998,20000,28 city/35 hwy,3-cyl,Turbo Gas,All Wheel Drive,Automatic,Black/Gray,1 Owner,No flood or frame damage,No odometer problems,5N1BT3BB5PC684144,CUV - Midsize,Clean,No Issue,No Issue,No Open Recalls,No Issue,No Issue,No CPO Info Available,No Issue,
2020,Nissan,Sentra SV,18998,57000,29 city/39 hwy,4-cyl,Gas,Front Wheel Drive,Automatic,Gray/Black,1 Owner,No flood or frame damage,No odometer problems,3N1AB8CV9LY289414,Car - Midsize,Clean,No Issue,No Issue,1 Open Recall(s),No Issue,No Issue,No CPO Info Available,No Issue,
2016,Nissan,Murano SL,20998,40000,21 city/28 hwy,6-cyl,Gas,All Wheel Drive,Automatic,Blue/Black,1 Owner,No flood or frame damage,No odometer problems,5N1AZ2MH0GN166517,CUV - Midsize,Clean,No Issue,No Issue,No Open Recalls,No Issue,No Issue,No CPO Info Available,No Issue,
2018,Nissan,Altima SR,17998,68000,26 city/37 hwy,4-cyl,Gas,Front Wheel Drive,Automatic,White/Black,1 Owner,No flood or frame damage,No odometer problems,1N4AL3AP8JC239360,Car - Midsize,Clean,No Issue,No Issue,1 Open Recall(s),No Issue,No Issue,No CPO Info Available,No Issue,
2023,Nissan,Pathfinder SV,34998,17000,21 city/27 hwy,6-cyl,Gas,Four Wheel Drive,Automatic,Gray/Black,1 Owner,No flood or frame damage,No odometer problems,5N1DR3BD1PC262400,SUV - Large,Clean,No Issue,No Issue,No Open Recalls,No Issue,No Issue,No CPO Info Available,No Issue,
2021,Nissan,Sentra S,19998,16000,29 city/39 hwy,4-cyl,Gas,Front Wheel Drive,Automatic,Gray/Black,1 Owner,No flood or frame damage,No odometer problems,3N1AB8BV2MY305021,Car - Midsize,Clean,No Issue,No Issue,1 Open Recall(s),No Issue,No Issue,No CPO Info Available,No Issue,
2015,Nissan,Altima S,15998,51000,27 city/38 hwy,4-cyl,Gas,Front Wheel Drive,Automatic,Black/Tan,1 Owner,No flood or frame damage,No odometer problems,1N4AL3AP3FC429199,Car - Midsize,Clean,No Issue,No Issue,No Open Recalls,No Issue,No Issue,No CPO Info Available,No Issue,
2017,Nissan,Maxima Platinum,19998,77000,21 city/30 hwy,6-cyl,Gas,Front Wheel Drive,Automatic,Burgundy/Black,3 Owners,No flood or frame damage,No odometer problems,1N4AA6AP5HC403178,Car - Midsize,Clean,No Issue,Minor,No Open Recalls,No Issue,No Issue,No CPO Info Available,No Issue,
2014,Nissan,Sentra S,13599,60000,30 city/39 hwy,,,,Automatic,Black/Black,2 Owners,No flood or frame damage,No odometer problems,3N1AB7AP1EY245604,Car - Midsize,Clean,No Issue,No Issue,1 Open Recall(s),No Issue,No Issue,No CPO Info Available,No Issue,
2016,Nissan,Altima S,14599,84000,27 city/39 hwy,4-cyl,Gas,Front Wheel Drive,Automatic,Burgundy/Tan,2 Owners,No flood or frame damage,No odometer problems,1N4AL3AP3GC188469,Car - Midsize,Clean,No Issue,Minor,No Open Recalls,No Issue,No Issue,No CPO Info Available,No Issue,
2016,Nissan,Altima S,15998,59000,27 city/38 hwy,,,,Automatic,Black/Black,2 Owners,No flood or frame damage,No odometer problems,1N4AL3AP8GC233020,Car - Midsize,Clean,No Issue,Damage Reported,2 Open Recall(s),No Issue,No Issue,No CPO Info Available,No Issue,
2020,Nissan,Frontier SV,24998,47000,17 city/23 hwy,6-cyl,Gas,Four Wheel Drive,Automatic,Burgundy/Black,2 Owners,No flood or frame damage,No odometer problems,1N6ED0CF5LN712874,Pickup - Midsize,Clean,No Issue,No Issue,2 Open Recall(s),No Issue,No Issue,No CPO Info Available,No Issue,6 ft
2021,Nissan,Kicks S,18998,37000,31 city/36 hwy,4-cyl,Gas,Front Wheel Drive,Automatic,Black/Black,1 Owner,No flood or frame damage,No odometer problems,3N1CP5BV5ML566097,CUV - Compact,Clean,No Issue,No Issue,No Open Recalls,No Issue,No Issue,No CPO Info Available,No Issue,
2019,Nissan,Maxima SL,23998,47000,20 city/30 hwy,6-cyl,Gas,Front Wheel Drive,Automatic,Silver/Black,2 Owners,No flood or frame damage,No odometer problems,1N4AA6AV0KC383279,Car - Midsize,Clean,No Issue,No Issue,No Open Recalls,No Issue,No Issue,No CPO Info Available,No Issue,
2018,Nissan,Sentra SV,15998,57000,29 city/37 hwy,4-cyl,Gas,Front Wheel Drive,Automatic,Red/Black,2 Owners,No flood or frame damage,No odometer problems,3N1AB7AP6JL646864,Car - Midsize,Clean,No Issue,Damage Reported,No Open Recalls,No Issue,No Issue,No CPO Info Available,No Issue,
2020,Nissan,Rogue SV,21998,36000,25 city/32 hwy,4-cyl,Gas,All Wheel Drive,Automatic,White/Black,3 Owners,No flood or frame damage,No odometer problems,JN8AT2MVXLW136719,CUV - Midsize,Clean,No Issue,No Issue,No Open Recalls,No Issue,No Issue,No CPO Info Available,No Issue,
2022,Nissan,Altima SR,22998,47000,25 city/35 hwy,4-cyl,Gas,All Wheel Drive,Automatic,White/Black,2 Owners,No flood or frame damage,No odometer problems,1N4BL4CW2NN313042,Car - Midsize,Clean,No Issue,No Issue,No Open Recalls,No Issue,No Issue,OEM-Certified,No Issue,
2022,Nissan,Frontier PRO-4X,36998,23000,18 city/24 hwy,6-cyl,Gas,Four Wheel Drive,Automatic,Black/Black,2 Owners,No flood or frame damage,No odometer problems,1N6ED1EK6NN661257,Pickup - Midsize,Clean,No Issue,No Issue,No Open Recalls,No Issue,No Issue,No CPO Info Available,No Issue,4.5 ft
2020,Nissan,Rogue SV,19998,59000,25 city/32 hwy,4-cyl,Gas,All Wheel Drive,Automatic,Gray/Black,4 Owners,No flood or frame damage,No odometer problems,JN8AT2MVXLW136672,CUV - Midsize,Clean,No Issue,Damage Reported,1 Open Recall(s),No Issue,No Issue,OEM-Certified,No Issue,
2021,Nissan,Rogue SL,26998,28000,25 city/32 hwy,4-cyl,Gas,All Wheel Drive,Automatic,Black/Gray,1 Owner,No flood or frame damage,No odometer problems,JN8AT3CB6MW226223,CUV - Midsize,Clean,No Issue,No Issue,No Open Recalls,No Issue,No Issue,No CPO Info Available,No Issue,
2018,Nissan,Rogue S,18998,51000,25 city/32 hwy,4-cyl,Gas,All Wheel Drive,Automatic,White/Black,1 Owner,No flood or frame damage,No odometer problems,5N1AT2MV1JC791597,CUV - Midsize,Clean,No Issue,No Issue,2 Open Recall(s),No Issue,No Issue,No CPO Info Available,No Issue,
2020,Nissan,Rogue Sport S,19998,19000,24 city/30 hwy,4-cyl,Gas,All Wheel Drive,Automatic,Silver/Black,1 Owner,No flood or frame damage,No odometer problems,JN1BJ1CW6LW391056,CUV - Compact,Clean,No Issue,No Issue,1 Open Recall(s),No Issue,No Issue,No CPO Info Available,No Issue,
2016,Nissan,Altima S,15998,59000,27 city/39 hwy,4-cyl,Gas,Front Wheel Drive,Automatic,Silver/Black,2 Owners,No flood or frame damage,No odometer problems,1N4AL3AP8GC288793,Car - Midsize,Clean,No Issue,Minor,No Open Recalls,No Issue,No Issue,No CPO Info Available,No Issue,
2021,Nissan,Rogue SV,23998,32000,25 city/32 hwy,4-cyl,Gas,All Wheel Drive,Automatic,Black/Gray,2 Owners,No flood or frame damage,No odometer problems,JN8AT3BB5MW214727,CUV - Midsize,Clean,No Issue,No Issue,No Open Recalls,No Issue,No Issue,No CPO Info Available,No Issue,
2016,Nissan,Rogue SL,14998,106000,25 city/32 hwy,4-cyl,Gas,All Wheel Drive,Automatic,White/Tan,1 Owner,No flood or frame damage,No odometer problems,5N1AT2MV8GC769010,CUV - Midsize,Clean,No Issue,No Issue,No Open Recalls,No Issue,No Issue,No CPO Info Available,No Issue,
2018,Nissan,Murano Platinum,23998,54000,21 city/28 hwy,6-cyl,Gas,All Wheel Drive,Automatic,Black/Tan,1 Owner,No flood or frame damage,No odometer problems,5N1AZ2MH4JN144348,CUV - Midsize,Clean,No Issue,Minor,No Open Recalls,No Issue,No Issue,No CPO Info Available,No Issue,
2023,Nissan,Altima S,21998,20000,27 city/39 hwy,4-cyl,Gas,Front Wheel Drive,Automatic,Gray/Black,2 Owners,No flood or frame damage,No odometer problems,1N4BL4BV1PN301055,Car - Midsize,Clean,No Issue,No Issue,No Open Recalls,No Issue,No Issue,OEM-Certified,No Issue,
2021,Nissan,Sentra SV,20998,23000,29 city/39 hwy,4-cyl,Gas,Front Wheel Drive,Automatic,Silver/Black,1 Owner,No flood or frame damage,No odometer problems,3N1AB8CV5MY288505,Car - Midsize,Clean,No Issue,Minor,1 Open Recall(s),No Issue,No Issue,No CPO Info Available,No Issue,
2019,Nissan,Sentra SL,17998,29000,29 city/37 hwy,4-cyl,Gas,Front Wheel Drive,Automatic,White/Black,2 Owners,No flood or frame damage,No odometer problems,3N1AB7AP6KY232407,Car - Midsize,Clean,No Issue,Minor,No Open Recalls,No Issue,No Issue,No CPO Info Available,No Issue,
2020,Nissan,Sentra SV,20998,11000,29 city/39 hwy,4-cyl,Gas,Front Wheel Drive,Automatic,Silver/Black,2 Owners,No flood or frame damage,No odometer problems,3N1AB8CV9LY284763,Car - Midsize,Clean,No Issue,No Issue,No Open Recalls,No Issue,No Issue,No CPO Info Available,No Issue,
2022,Nissan,Frontier SV,31998,9000,18 city/24 hwy,6-cyl,Gas,Four Wheel Drive,Automatic,Black/Black,1 Owner,No flood or frame damage,No odometer problems,1N6ED1EK7NN642071,Pickup - Midsize,Clean,No Issue,No Issue,No Open Recalls,No Issue,No Issue,No CPO Info Available,No Issue,4.5 ft
2015,Nissan,Rogue SV,12998,108000,25 city/32 hwy,4-cyl,Gas,All Wheel Drive,Automatic,Red/Tan,2 Owners,No flood or frame damage,No odometer problems,5N1AT2MV2FC851023,CUV - Midsize,Clean,No Issue,Minor,1 Open Recall(s),No Issue,No Issue,No CPO Info Available,No Issue,
2020,Nissan,Altima SL,18998,93000,28 city/39 hwy,4-cyl,Gas,Front Wheel Drive,Automatic,Black/Black,2 Owners,No flood or frame damage,No odometer problems,1N4BL4EVXLC129934,Car - Midsize,Clean,No Issue,Moderate,No Open Recalls,No Issue,No Issue,No CPO Info Available,No Issue,
2016,Nissan,Rogue SV,15998,65000,25 city/32 hwy,4-cyl,Gas,All Wheel Drive,Automatic,Black/Black,2 Owners,No flood or frame damage,No odometer problems,KNMAT2MV0GP678018,CUV - Midsize,Clean,No Issue,No Issue,No Open Recalls,No Issue,No Issue,No CPO Info Available,No Issue,
2013,Nissan,Altima S,15998,10000,27 city/38 hwy,4-cyl,Gas,Front Wheel Drive,Automatic,Silver/Black,2 Owners,No flood or frame damage,No odometer problems,1N4AL3AP0DC285074,Car - Compact,Clean,No Issue,Damage Reported,3 Open Recall(s),No Issue,No Issue,No CPO Info Available,No Issue,
2021,Nissan,Sentra SV,17998,64000,29 city/39 hwy,,,,Automatic,Blue/Black,2 Owners,No flood or frame damage,No odometer problems,3N1AB8CV0MY217440,Car - Midsize,Clean,No Issue,Minor,No Open Recalls,No Issue,No Issue,No CPO Info Available,No Issue,
2023,Nissan,Altima SR,24998,22000,27 city/37 hwy,4-cyl,Gas,All Wheel Drive,Automatic,Purple/Black,1 Owner,No flood or frame damage,No odometer problems,1N4BL4CWXPN318881,Car - Midsize,Clean,No Issue,No Issue,No Open Recalls,No Issue,No Issue,No CPO Info Available,No Issue,
2021,Nissan,Rogue SV,25998,24000,25 city/32 hwy,4-cyl,Gas,All Wheel Drive,Automatic,Gray/Black,1 Owner,No flood or frame damage,No odometer problems,5N1AT3BB2MC844701,CUV - Midsize,Clean,No Issue,No Issue,No Open Recalls,No Issue,No Issue,No CPO Info Available,No Issue,
2023,Nissan,Rogue SL,26998,51000,28 city/34 hwy,3-cyl,Turbo Gas,All Wheel Drive,Automatic,Gray/Black,1 Owner,No flood or frame damage,No odometer problems,5N1BT3CB3PC750091,CUV - Midsize,Clean,No Issue,No Issue,No Open Recalls,No Issue,No Issue,No CPO Info Available,No Issue,
2023,Nissan,Rogue SL,28998,38000,28 city/34 hwy,3-cyl,Turbo Gas,All Wheel Drive,Automatic,Black/Black,1 Owner,No flood or frame damage,No odometer problems,5N1BT3CBXPC685417,CUV - Midsize,Clean,No Issue,No Issue,No Open Recalls,No Issue,No Issue,No CPO Info Available,No Issue,
2021,Nissan,Murano Platinum,30998,23000,20 city/28 hwy,6-cyl,Gas,All Wheel Drive,Automatic,Black/Black,1 Owner,No flood or frame damage,No odometer problems,5N1AZ2DS1MC133075,CUV - Midsize,Clean,No Issue,No Issue,No Open Recalls,No Issue,No Issue,No CPO Info Available,No Issue,
2023,Nissan,Pathfinder Platinum,41998,15000,20 city/25 hwy,6-cyl,Gas,Four Wheel Drive,Automatic,Gray/Brown,1 Owner,No flood or frame damage,No odometer problems,5N1DR3DK0PC229349,SUV - Large,Clean,No Issue,No Issue,No Open Recalls,No Issue,No Issue,No CPO Info Available,No Issue,
2021,Nissan,Altima SR,22998,35000,26 city/36 hwy,4-cyl,Gas,All Wheel Drive,Automatic,Blue/Black,1 Owner,No flood or frame damage,No odometer problems,1N4BL4CW2MN300404,Car - Midsize,Clean,No Issue,No Issue,No Open Recalls,No Issue,No Issue,No CPO Info Available,No Issue,
2018,Nissan,Altima SV,14998,104000,27 city/38 hwy,4-cyl,Gas,Front Wheel Drive,Automatic,White/Gray,2 Owners,No flood or frame damage,No odometer problems,1N4AL3APXJC210619,Car - Midsize,Clean,No Issue,No Issue,1 Open Recall(s),No Issue,No Issue,No CPO Info Available,No Issue,
2018,Nissan,Versa SV,13599,86000,31 city/39 hwy,4-cyl,Gas,Front Wheel Drive,Automatic,Burgundy/Gray,3 Owners,No flood or frame damage,No odometer problems,3N1CN7AP9JK412000,Car - Compact,Clean,No Issue,No Issue,No Open Recalls,No Issue,No Issue,No CPO Info Available,No Issue,
2021,Nissan,Rogue SV,24998,20000,25 city/32 hwy,4-cyl,Gas,All Wheel Drive,Automatic,Black/Black,1 Owner,No flood or frame damage,No odometer problems,5N1AT3BB4MC712751,CUV - Midsize,Clean,No Issue,No Issue,No Open Recalls,No Issue,No Issue,OEM-Certified,No Issue,
2021,Nissan,Rogue Sport S,19998,49000,24 city/30 hwy,4-cyl,Gas,All Wheel Drive,Automatic,White/Black,2 Owners,No flood or frame damage,No odometer problems,JN1BJ1AW6MW430202,CUV - Compact,Clean,No Issue,Damage Reported,No Open Recalls,No Issue,No Issue,No CPO Info Available,No Issue,
2022,Nissan,Sentra SV,21998,18000,29 city/39 hwy,4-cyl,Gas,Front Wheel Drive,Automatic,Red/Black,1 Owner,No flood or frame damage,No odometer problems,3N1AB8CV0NY285156,Car - Midsize,Clean,No Issue,No Issue,No Open Recalls,No Issue,No Issue,No CPO Info Available,No Issue,
2016,Nissan,Rogue SV,13998,82000,26 city/33 hwy,4-cyl,Gas,Front Wheel Drive,Automatic,Red/Black,3 Owners,No flood or frame damage,No odometer problems,KNMAT2MT6GP735451,CUV - Midsize,Clean,No Issue,Damage Reported,No Open Recalls,No Issue,No Issue,No CPO Info Available,No Issue,
2015,Nissan,Rogue SV,13599,127000,25 city/32 hwy,4-cyl,Gas,All Wheel Drive,Automatic,Black/Gray,2 Owners,No flood or frame damage,No odometer problems,5N1AT2MV9FC894418,CUV - Midsize,Clean,No Issue,No Issue,No Open Recalls,No Issue,No Issue,No CPO Info Available,No Issue,
2022,Nissan,Sentra SR,22998,14000,28 city/37 hwy,4-cyl,Gas,Front Wheel Drive,Automatic,White/Black,2 Owners,No flood or frame damage,No odometer problems,3N1AB8DV9NY224385,Car - Midsize,Clean,No Issue,No Issue,1 Open Recall(s),No Issue,No Issue,No CPO Info Available,No Issue,
2019,Nissan,Rogue SL,21998,33000,25 city/32 hwy,4-cyl,Gas,All Wheel Drive,Automatic,White/Black,2 Owners,No flood or frame damage,No odometer problems,5N1AT2MV4KC766663,CUV - Midsize,Clean,No Issue,No Issue,No Open Recalls,No Issue,No Issue,No CPO Info Available,No Issue,
2018,Nissan,Versa S,14998,10000,27 city/36 hwy,4-cyl,Gas,Front Wheel Drive,Manual 5 Speed,Silver/Black,1 Owner,No flood or frame damage,No odometer problems,3N1CN7APXJL833217,Car - Compact,Clean,No Issue,Damage Reported,No Open Recalls,No Issue,No Issue,No CPO Info Available,No Issue,
2022,Nissan,Rogue S,23998,30000,30 city/37 hwy,3-cyl,Turbo Gas,Front Wheel Drive,Automatic,White/Black,1 Owner,No flood or frame damage,No odometer problems,5N1BT3AA1NC706176,CUV - Midsize,Clean,No Issue,No Issue,No Open Recalls,No Issue,No Issue,No CPO Info Available,No Issue,
2018,Nissan,Sentra SV,15998,59000,29 city/37 hwy,4-cyl,Gas,Front Wheel Drive,Automatic,White/Black,1 Owner,No flood or frame damage,No odometer problems,3N1AB7AP8JY211931,Car - Midsize,Clean,No Issue,No Issue,No Open Recalls,No Issue,No Issue,No CPO Info Available,No Issue,
