year,make,model,price,mileage,Miles per gallon,cylinders,fuel,Drive type,Transmission,Color,owner,frame_damage,Odometer_problem,VIN,class,State Title Brand,Auction Brand / Issues,Accident / Damage,Open Recall Check,Insurance Loss / Transfer,Odometer Check,Certified Pre-Owned,Service / Repair,Miles per gallon equivalent (MPGe),Motor,Range (when new),Time to fully charge battery (240V)
2020,Porsche,Macan ,36998,40000,19 city/23 hwy,4-cyl,Turbo Gas,All Wheel Drive,Automatic,Black/Black,2 Owners,No flood or frame damage,No odometer problems,WP1AA2A56LLB11239,CUV - Compact Luxury,Clean,No Issue,Damage Reported,No Open Recalls,No Issue,No Issue,No Recent CPO Reported,No Issue,,,,
2021,Porsche,Macan S,45998,49000,18 city/24 hwy,6-cyl,Turbo Gas,All Wheel Drive,Automatic,Black/Tan,1 Owner,No flood or frame damage,No odometer problems,WP1AB2A59MLB34268,CUV - Compact Luxury,Clean,No Issue,No Issue,No Open Recalls,No Issue,No Issue,No CPO Info Available,No Issue,,,,
2021,Porsche,Macan ,42998,28000,19 city/23 hwy,4-cyl,Turbo Gas,All Wheel Drive,Automatic,Blue/Tan,1 Owner,No flood or frame damage,No odometer problems,WP1AA2A5XMLB05235,CUV - Compact Luxury,Clean,No Issue,No Issue,No Open Recalls,No Issue,No Issue,No CPO Info Available,No Issue,,,,
2019,Porsche,Cayenne ,44998,45000,19 city/23 hwy,6-cyl,Turbo Gas,All Wheel Drive,Automatic,Blue/Red,1 Owner,No flood or frame damage,No odometer problems,WP1AA2AY8KDA16300,CUV - Midsize Luxury,Clean,No Issue,No Issue,No Open Recalls,No Issue,No Issue,No Recent CPO Reported,No Issue,,,,
2021,Porsche,Macan ,40998,38000,19 city/23 hwy,4-cyl,Turbo Gas,All Wheel Drive,Automatic,Black/Black,1 Owner,No flood or frame damage,No odometer problems,WP1AA2A58MLB10403,CUV - Compact Luxury,Clean,No Issue,No Issue,No Open Recalls,No Issue,No Issue,No CPO Info Available,No Issue,,,,
2021,Porsche,Macan ,47998,20000,19 city/23 hwy,4-cyl,Turbo Gas,All Wheel Drive,Automatic,Black/Red,1 Owner,No flood or frame damage,No odometer problems,WP1AA2A56MLB10030,CUV - Compact Luxury,Clean,No Issue,No Issue,No Open Recalls,No Issue,No Issue,No CPO Info Available,No Issue,,,,
2017,Porsche,Macan S,31998,49000,17 city/23 hwy,6-cyl,Turbo Gas,All Wheel Drive,Automatic,Black/Black,2 Owners,No flood or frame damage,No odometer problems,WP1AB2A55HLB16825,CUV - Compact Luxury,Clean,No Issue,No Issue,No Open Recalls,No Issue,No Issue,No CPO Info Available,No Issue,,,,
2018,Porsche,Macan S,36998,17000,17 city/23 hwy,6-cyl,Turbo Gas,All Wheel Drive,Automatic,White/Black,1 Owner,No flood or frame damage,No odometer problems,WP1AB2A50JLB33618,CUV - Compact Luxury,Clean,No Issue,Damage Reported,No Open Recalls,No Issue,No Issue,No CPO Info Available,No Issue,,,,
2019,Porsche,Cayenne ,39998,47000,19 city/23 hwy,6-cyl,Turbo Gas,All Wheel Drive,Automatic,Gray/Black,1 Owner,No flood or frame damage,No odometer problems,WP1AA2AY0KDA10927,CUV - Midsize Luxury,Clean,No Issue,No Issue,No Open Recalls,No Issue,No Issue,No CPO Info Available,No Issue,,,,
2016,Porsche,Cayman ,50998,14000,20 city/30 hwy,6-cyl,Gas,Rear Wheel Drive,Manual 6 Speed,Red/Black,3 Owners,No flood or frame damage,No odometer problems,WP0AA2A89GK170325,Sport Car - Subcompact Luxury,Clean,No Issue,No Issue,No Open Recalls,No Issue,No Issue,No Recent CPO Reported,No Issue,,,,
2021,Porsche,Macan ,36998,48000,19 city/23 hwy,4-cyl,Turbo Gas,All Wheel Drive,Automatic,Gray/Black,1 Owner,No flood or frame damage,No odometer problems,WP1AA2A59MLB06845,CUV - Compact Luxury,Clean,No Issue,No Issue,1 Open Recall(s),No Issue,No Issue,No CPO Info Available,No Issue,,,,
2021,Porsche,Taycan Electric 4S,71998,6000,,,,All Wheel Drive,,Red/Tan,1 Owner,No flood or frame damage,No odometer problems,WP0AB2Y13MSA43459,Sport Car - Large Luxury,Clean,No Issue,No Issue,No Open Recalls,No Issue,No Issue,No CPO Info Available,No Issue,79 city/80 hwy,Electric,199 miles,9.5 hours
2019,Porsche,Cayenne ,51998,12000,19 city/23 hwy,6-cyl,Turbo Gas,All Wheel Drive,Automatic,Black/Black,1 Owner,No flood or frame damage,No odometer problems,WP1AA2AY7KDA16210,CUV - Midsize Luxury,Clean,No Issue,No Issue,No Open Recalls,No Issue,No Issue,No CPO Info Available,No Issue,,,,
2019,Porsche,718 Cayman ,55998,15000,21 city/28 hwy,4-cyl,Turbo Gas,,Automatic,White/Red,4 Owners,No flood or frame damage,No odometer problems,WP0AA2A82KS260523,Sport Car - Subcompact Luxury,Clean,No Issue,No Issue,No Open Recalls,No Issue,No Issue,No Recent CPO Reported,No Issue,,,,
2022,Porsche,Macan ,46998,30000,19 city/25 hwy,,,,Automatic,Silver/Black,1 Owner,No flood or frame damage,No odometer problems,WP1AA2A57NLB03654,CUV - Compact Luxury,Clean,No Issue,No Issue,No Open Recalls,No Issue,No Issue,No CPO Info Available,No Issue,,,,
2021,Porsche,Macan ,35998,57000,19 city/23 hwy,4-cyl,Turbo Gas,All Wheel Drive,Automatic,White/Black,1 Owner,No flood or frame damage,No odometer problems,WP1AA2A50MLB05079,CUV - Compact Luxury,Clean,No Issue,Minor,No Open Recalls,No Issue,No Issue,No Recent CPO Reported,No Issue,,,,
2021,Porsche,Macan S,46998,42000,18 city/24 hwy,6-cyl,Turbo Gas,All Wheel Drive,Automatic,Black/Black,2 Owners,No flood or frame damage,No odometer problems,WP1AB2A53MLB30054,CUV - Compact Luxury,Clean,No Issue,No Issue,No Open Recalls,No Issue,No Issue,No Recent CPO Reported,No Issue,,,,
2017,Porsche,Macan GTS,34998,59000,17 city/23 hwy,6-cyl,Turbo Gas,All Wheel Drive,Automatic,Silver/Black,6 Owners,No flood or frame damage,No odometer problems,WP1AG2A57HLB50850,CUV - Compact Luxury,Clean,No Issue,No Issue,No Open Recalls,No Issue,No Issue,No Recent CPO Reported,No Issue,,,,
2020,Porsche,Cayenne ,46998,40000,19 city/23 hwy,6-cyl,Turbo Gas,All Wheel Drive,Automatic,Gray/Black,1 Owner,No flood or frame damage,No odometer problems,WP1AA2AY9LDA00320,CUV - Midsize Luxury,Clean,No Issue,Damage Reported,No Open Recalls,No Issue,No Issue,No CPO Info Available,No Issue,,,,
2021,Porsche,Macan S,46998,38000,18 city/24 hwy,6-cyl,Turbo Gas,All Wheel Drive,Automatic,White/Black,1 Owner,No flood or frame damage,No odometer problems,WP1AB2A5XMLB35509,CUV - Compact Luxury,Clean,No Issue,No Issue,No Open Recalls,No Issue,No Issue,No CPO Info Available,No Issue,,,,
2024,Porsche,Macan T,61998,4000,19 city/25 hwy,4-cyl,Turbo Gas,All Wheel Drive,Automatic,White/Tan,1 Owner,No flood or frame damage,No odometer problems,WP1AA2A58RLB01210,CUV - Compact Luxury,Clean,No Issue,No Issue,No Open Recalls,No Issue,No Issue,No CPO Info Available,No Issue,,,,
2018,Porsche,Macan GTS,45998,40000,17 city/23 hwy,6-cyl,Turbo Gas,All Wheel Drive,Automatic,Gray/Black,1 Owner,No flood or frame damage,No odometer problems,WP1AG2A50JLB63669,CUV - Compact Luxury,Clean,No Issue,No Issue,No Open Recalls,No Issue,No Issue,No CPO Info Available,No Issue,,,,
2021,Porsche,Macan ,42998,25000,19 city/23 hwy,4-cyl,Turbo Gas,All Wheel Drive,Automatic,Blue/Tan,1 Owner,No flood or frame damage,No odometer problems,WP1AA2A55MLB00928,CUV - Compact Luxury,Clean,No Issue,Minor,No Open Recalls,No Issue,No Issue,No CPO Info Available,No Issue,,,,
2014,Porsche,Boxster ,40998,25000,20 city/30 hwy,6-cyl,Gas,Rear Wheel Drive,Automatic,Blue/Tan,5 Owners,No flood or frame damage,No odometer problems,WP0CA2A86ES121878,Sport Car - Subcompact Luxury,Clean,No Issue,No Issue,No Open Recalls,No Issue,No Issue,No Recent CPO Reported,No Issue,,,,
2019,Porsche,Cayenne ,42998,45000,19 city/23 hwy,6-cyl,Turbo Gas,All Wheel Drive,Automatic,Gray/Brown,2 Owners,No flood or frame damage,No odometer problems,WP1AA2AY3KDA05544,CUV - Midsize Luxury,Clean,No Issue,No Issue,No Open Recalls,No Issue,No Issue,No CPO Info Available,No Issue,,,,
2021,Porsche,Panamera 4,63998,31000,18 city/24 hwy,6-cyl,Turbo Gas,All Wheel Drive,Automatic,Blue/Black,1 Owner,No flood or frame damage,No odometer problems,WP0AJ2A76ML117188,Sport Car - Midsize Luxury,Clean,No Issue,No Issue,No Open Recalls,No Issue,No Issue,No CPO Info Available,No Issue,,,,
2020,Porsche,Macan ,38998,34000,19 city/23 hwy,4-cyl,Turbo Gas,All Wheel Drive,Automatic,Black/Tan,1 Owner,No flood or frame damage,No odometer problems,WP1AA2A51LLB09401,CUV - Compact Luxury,Clean,No Issue,Minor,No Open Recalls,No Issue,No Issue,No CPO Info Available,No Issue,,,,
2019,Porsche,718 Cayman ,50998,22000,21 city/28 hwy,4-cyl,Turbo Gas,Rear Wheel Drive,Manual 6 Speed,Black/Black,1 Owner,No flood or frame damage,No odometer problems,WP0AA2A86KS261237,Sport Car - Subcompact Luxury,Clean,No Issue,Damage Reported,No Open Recalls,No Issue,No Issue,No CPO Info Available,No Issue,,,,
2020,Porsche,Macan ,37998,40000,19 city/23 hwy,4-cyl,Turbo Gas,All Wheel Drive,Automatic,Blue/Tan,3 Owners,No flood or frame damage,No odometer problems,WP1AA2A58LLB05801,CUV - Compact Luxury,Clean,No Issue,No Issue,No Open Recalls,No Issue,No Issue,OEM-Certified,No Issue,,,,
2021,Porsche,Taycan Electric 4 Cross Turismo,77998,12000,,,,All Wheel Drive,,Black/Black,1 Owner,No flood or frame damage,No odometer problems,WP0BA2Y14MSA71262,Sport Car - Large Luxury,Clean,No Issue,No Issue,No Open Recalls,No Issue,No Issue,No CPO Info Available,No Issue,76 city/77 hwy,Electric,215 miles,10.5 hours
2019,Porsche,Cayenne ,44998,24000,19 city/23 hwy,6-cyl,Turbo Gas,All Wheel Drive,Automatic,Blue/Black,1 Owner,No flood or frame damage,No odometer problems,WP1AA2AY1KDA06370,CUV - Midsize Luxury,Clean,No Issue,No Issue,No Open Recalls,No Issue,No Issue,No CPO Info Available,No Issue,,,,
2015,Porsche,Boxster ,40998,33000,20 city/30 hwy,6-cyl,Gas,Rear Wheel Drive,Manual 6 Speed,Black/White,1 Owner,No flood or frame damage,No odometer problems,WP0CA2A88FS120071,Sport Car - Subcompact Luxury,Clean,No Issue,No Issue,No Open Recalls,No Issue,No Issue,No CPO Info Available,No Issue,,,,
2021,Porsche,Macan ,40998,24000,19 city/23 hwy,4-cyl,Turbo Gas,All Wheel Drive,Automatic,Blue/Black,1 Owner,No flood or frame damage,No odometer problems,WP1AA2A57MLB03538,CUV - Compact Luxury,Clean,No Issue,No Issue,No Open Recalls,No Issue,No Issue,No CPO Info Available,No Issue,,,,
2014,Porsche,Boxster S,41998,52000,20 city/28 hwy,6-cyl,Gas,,Automatic,Black/Black,2 Owners,No flood or frame damage,No odometer problems,WP0CB2A86EK140296,Sport Car - Subcompact Luxury,Clean,No Issue,No Issue,No Open Recalls,No Issue,No Issue,No Recent CPO Reported,No Issue,,,,
2023,Porsche,Macan ,54998,10000,19 city/25 hwy,4-cyl,Turbo Gas,All Wheel Drive,Automatic,Black/Red,1 Owner,No flood or frame damage,No odometer problems,WP1AA2A56PLB10856,CUV - Compact Luxury,Clean,No Issue,No Issue,No Open Recalls,No Issue,No Issue,No CPO Info Available,No Issue,,,,
2023,Porsche,Cayenne Coupe,70998,11000,17 city/22 hwy,,,,Automatic,White/Black,1 Owner,No flood or frame damage,No odometer problems,WP1BA2AY6PDA26528,CUV - Midsize Luxury,Clean,No Issue,Moderate,No Open Recalls,No Issue,No Issue,No CPO Info Available,No Issue,,,,
2021,Porsche,Macan ,37998,50000,19 city/23 hwy,4-cyl,Turbo Gas,All Wheel Drive,Automatic,Gray/Tan,1 Owner,No flood or frame damage,No odometer problems,WP1AA2A57MLB04382,CUV - Compact Luxury,Clean,No Issue,No Issue,No Open Recalls,No Issue,No Issue,No CPO Info Available,No Issue,,,,
2020,Porsche,Macan ,35998,37000,19 city/23 hwy,4-cyl,Turbo Gas,All Wheel Drive,Automatic,Gray/Black,2 Owners,No flood or frame damage,No odometer problems,WP1AA2A53LLB13157,CUV - Compact Luxury,Clean,No Issue,No Issue,No Open Recalls,No Issue,No Issue,No CPO Info Available,No Issue,,,,
2021,Porsche,Taycan Electric ,63998,29000,,,,Rear Wheel Drive,,Blue/Gray,4 Owners,No flood or frame damage,No odometer problems,WP0AA2Y1XMSA15807,Sport Car - Large Luxury,Clean,No Issue,Moderate,No Open Recalls,No Issue,No Issue,No CPO Info Available,No Issue,76 city/84 hwy,Electric,200 miles,9.5 hours
2018,Porsche,Macan S,33998,59000,17 city/23 hwy,6-cyl,Turbo Gas,All Wheel Drive,Automatic,White/Tan,1 Owner,No flood or frame damage,No odometer problems,WP1AB2A54JLB34156,CUV - Compact Luxury,Clean,No Issue,Minor,No Open Recalls,No Issue,No Issue,No CPO Info Available,No Issue,,,,
2021,Porsche,Macan S,44998,49000,18 city/24 hwy,6-cyl,Turbo Gas,All Wheel Drive,Automatic,Black/Red,1 Owner,No flood or frame damage,No odometer problems,WP1AB2A52MLB35505,CUV - Compact Luxury,Clean,No Issue,No Issue,No Open Recalls,No Issue,No Issue,No CPO Info Available,No Issue,,,,
2021,Porsche,Macan S,51998,22000,18 city/24 hwy,6-cyl,Turbo Gas,All Wheel Drive,Automatic,White/Black,1 Owner,No flood or frame damage,No odometer problems,WP1AB2A58MLB37792,CUV - Compact Luxury,Clean,No Issue,No Issue,No Open Recalls,No Issue,No Issue,No Recent CPO Reported,No Issue,,,,
2020,Porsche,Cayenne ,45998,41000,19 city/23 hwy,6-cyl,Turbo Gas,All Wheel Drive,Automatic,Blue/Tan,2 Owners,No flood or frame damage,No odometer problems,WP1AA2AY4LDA03724,CUV - Midsize Luxury,Clean,No Issue,No Issue,No Open Recalls,No Issue,No Issue,No CPO Info Available,No Issue,,,,
2021,Porsche,Cayenne ,48998,43000,19 city/23 hwy,6-cyl,Turbo Gas,All Wheel Drive,Automatic,Blue/Black,1 Owner,No flood or frame damage,No odometer problems,WP1AA2AY5MDA05595,CUV - Midsize Luxury,Clean,No Issue,No Issue,No Open Recalls,No Issue,No Issue,No CPO Info Available,No Issue,,,,
2020,Porsche,Macan S,44998,24000,18 city/23 hwy,6-cyl,Turbo Gas,All Wheel Drive,Automatic,White/Black,2 Owners,No flood or frame damage,No odometer problems,WP1AB2A55LLB32788,CUV - Compact Luxury,Clean,No Issue,Moderate,No Open Recalls,No Issue,No Issue,No CPO Info Available,No Issue,,,,
2021,Porsche,Macan GTS,61998,25000,17 city/22 hwy,6-cyl,Turbo Gas,All Wheel Drive,Automatic,White/Burgundy,2 Owners,No flood or frame damage,No odometer problems,WP1AG2A52MLB52791,CUV - Compact Luxury,Clean,No Issue,No Issue,No Open Recalls,No Issue,No Issue,No Recent CPO Reported,No Issue,,,,
2020,Porsche,Cayenne ,43998,50000,19 city/23 hwy,6-cyl,Turbo Gas,All Wheel Drive,Automatic,Gray/Black,2 Owners,No flood or frame damage,No odometer problems,WP1AA2AY6LDA02901,CUV - Midsize Luxury,Clean,No Issue,No Issue,No Open Recalls,No Issue,No Issue,No CPO Info Available,No Issue,,,,
2019,Porsche,Cayenne ,39998,56000,19 city/23 hwy,6-cyl,Turbo Gas,All Wheel Drive,Automatic,White/Tan,1 Owner,No flood or frame damage,No odometer problems,WP1AA2AY6KDA06509,CUV - Midsize Luxury,Clean,No Issue,No Issue,No Open Recalls,No Issue,No Issue,No CPO Info Available,No Issue,,,,
2023,Porsche,Macan ,54998,7000,19 city/25 hwy,4-cyl,Turbo Gas,All Wheel Drive,Automatic,Orange/Black,1 Owner,No flood or frame damage,No odometer problems,WP1AA2A51PLB01532,CUV - Compact Luxury,Clean,No Issue,Moderate,No Open Recalls,No Issue,No Issue,No CPO Info Available,No Issue,,,,
2019,Porsche,Cayenne ,41998,50000,19 city/23 hwy,6-cyl,Turbo Gas,All Wheel Drive,Automatic,White/Red,1 Owner,No flood or frame damage,No odometer problems,WP1AA2AYXKDA12734,CUV - Midsize Luxury,Clean,No Issue,No Issue,No Open Recalls,No Issue,No Issue,No CPO Info Available,No Issue,,,,
2021,Porsche,Macan ,44998,21000,19 city/23 hwy,4-cyl,Turbo Gas,All Wheel Drive,Automatic,White/Tan,1 Owner,No flood or frame damage,No odometer problems,WP1AA2A58MLB16640,CUV - Compact Luxury,Clean,No Issue,No Issue,No Open Recalls,No Issue,No Issue,No CPO Info Available,No Issue,,,,
2018,Porsche,Macan S,34998,45000,17 city/23 hwy,6-cyl,Turbo Gas,All Wheel Drive,Automatic,Gray/Black,2 Owners,No flood or frame damage,No odometer problems,WP1AB2A5XJLB37658,CUV - Compact Luxury,Clean,No Issue,Damage Reported,No Open Recalls,No Issue,No Issue,No CPO Info Available,No Issue,,,,
2018,Porsche,Macan ,28998,53000,20 city/25 hwy,4-cyl,Turbo Gas,All Wheel Drive,Automatic,Black/Black,2 Owners,No flood or frame damage,No odometer problems,WP1AA2A52JLB11753,CUV - Compact Luxury,Clean,No Issue,No Issue,No Open Recalls,No Issue,No Issue,No CPO Info Available,No Issue,,,,
2021,Porsche,Macan ,44998,20000,19 city/23 hwy,4-cyl,Turbo Gas,All Wheel Drive,Automatic,White/Red,2 Owners,No flood or frame damage,No odometer problems,WP1AA2A54MLB02105,CUV - Compact Luxury,Clean,No Issue,Moderate,No Open Recalls,No Issue,No Issue,No CPO Info Available,No Issue,,,,
2020,Porsche,Cayenne ,48998,37000,19 city/23 hwy,6-cyl,Turbo Gas,All Wheel Drive,Automatic,Black/Black,1 Owner,No flood or frame damage,No odometer problems,WP1AA2AY6LDA09976,CUV - Midsize Luxury,Clean,No Issue,No Issue,No Open Recalls,No Issue,No Issue,No CPO Info Available,No Issue,,,,
2018,Porsche,Cayenne ,29998,55000,18 city/24 hwy,6-cyl,Gas,All Wheel Drive,Automatic,Blue/Black,4 Owners,No flood or frame damage,No odometer problems,WP1AA2A20JKA07421,CUV - Midsize Luxury,Clean,No Issue,Moderate,No Open Recalls,No Issue,No Issue,No CPO Info Available,No Issue,,,,
2018,Porsche,Panamera ,48998,34000,21 city/28 hwy,6-cyl,Turbo Gas,Rear Wheel Drive,Automatic,Gray/Tan,2 Owners,No flood or frame damage,No odometer problems,WP0AA2A71JL114288,Sport Car - Midsize Luxury,Clean,No Issue,No Issue,No Open Recalls,No Issue,No Issue,No Recent CPO Reported,No Issue,,,,
2021,Porsche,Macan ,44998,20000,19 city/23 hwy,4-cyl,Turbo Gas,All Wheel Drive,Automatic,White/Black,1 Owner,No flood or frame damage,No odometer problems,WP1AA2A57MLB05998,CUV - Compact Luxury,Clean,No Issue,Minor,No Open Recalls,No Issue,No Issue,No CPO Info Available,No Issue,,,,
2021,Porsche,Macan ,43998,21000,19 city/23 hwy,4-cyl,Turbo Gas,All Wheel Drive,Automatic,Black/Black,1 Owner,No flood or frame damage,No odometer problems,WP1AA2A54MLB07661,CUV - Compact Luxury,Clean,No Issue,No Issue,No Open Recalls,No Issue,No Issue,No CPO Info Available,No Issue,,,,
2021,Porsche,Macan ,44998,15000,19 city/23 hwy,4-cyl,Turbo Gas,All Wheel Drive,Automatic,White/Tan,1 Owner,No flood or frame damage,No odometer problems,WP1AA2A55MLB07457,CUV - Compact Luxury,Clean,No Issue,No Issue,No Open Recalls,No Issue,No Issue,No CPO Info Available,No Issue,,,,
2021,Porsche,Macan ,44998,19000,19 city/23 hwy,4-cyl,Turbo Gas,All Wheel Drive,Automatic,White/Tan,1 Owner,No flood or frame damage,No odometer problems,WP1AA2A52MLB10297,CUV - Compact Luxury,Clean,No Issue,No Issue,No Open Recalls,No Issue,No Issue,No CPO Info Available,No Issue,,,,
2020,Porsche,Macan ,37998,41000,19 city/23 hwy,4-cyl,Turbo Gas,All Wheel Drive,Automatic,Gray/Black,1 Owner,No flood or frame damage,No odometer problems,WP1AA2A51LLB14193,CUV - Compact Luxury,Clean,No Issue,No Issue,No Open Recalls,No Issue,No Issue,No CPO Info Available,No Issue,,,,
2018,Porsche,Cayenne Platinum,35998,54000,17 city/23 hwy,6-cyl,Gas,All Wheel Drive,Automatic,Black/Black,2 Owners,No flood or frame damage,No odometer problems,WP1AA2A22JKA05461,CUV - Midsize Luxury,Clean,No Issue,No Issue,No Open Recalls,No Issue,No Issue,No CPO Info Available,No Issue,,,,
2017,Porsche,718 Cayman ,47998,45000,21 city/28 hwy,4-cyl,Turbo Gas,,Automatic,Black/Black,4 Owners,No flood or frame damage,No odometer problems,WP0AA2A81HS270176,Sport Car - Subcompact Luxury,Clean,No Issue,No Issue,No Open Recalls,No Issue,No Issue,No Recent CPO Reported,No Issue,,,,
2020,Porsche,Macan ,44998,13000,19 city/23 hwy,4-cyl,Turbo Gas,All Wheel Drive,Automatic,Black/Black,2 Owners,No flood or frame damage,No odometer problems,WP1AA2A53LLB04233,CUV - Compact Luxury,Clean,No Issue,No Issue,No Open Recalls,No Issue,No Issue,No CPO Info Available,No Issue,,,,
2021,Porsche,Macan ,39998,36000,19 city/23 hwy,4-cyl,Turbo Gas,All Wheel Drive,Automatic,Black/Black,1 Owner,No flood or frame damage,No odometer problems,WP1AA2A53MLB02001,CUV - Compact Luxury,Clean,No Issue,No Issue,No Open Recalls,No Issue,No Issue,No CPO Info Available,No Issue,,,,
2023,Porsche,Cayenne Coupe,69998,22000,17 city/22 hwy,6-cyl,Turbo Gas,All Wheel Drive,Automatic,Gray/Tan,1 Owner,No flood or frame damage,No odometer problems,WP1AA2AY1PDA04481,CUV - Midsize Luxury,Clean,No Issue,Moderate,No Open Recalls,No Issue,No Issue,No CPO Info Available,No Issue,,,,
2020,Porsche,Macan ,37998,40000,19 city/23 hwy,4-cyl,Turbo Gas,All Wheel Drive,Automatic,Gray/Tan,2 Owners,No flood or frame damage,No odometer problems,WP1AA2A53LLB04961,CUV - Compact Luxury,Clean,No Issue,No Issue,No Open Recalls,No Issue,No Issue,No Recent CPO Reported,No Issue,,,,
2016,Porsche,Cayenne ,30998,53000,19 city/24 hwy,6-cyl,Gas,All Wheel Drive,Automatic,Black/Tan,1 Owner,No flood or frame damage,No odometer problems,WP1AA2A2XGKA37146,CUV - Midsize Luxury,Clean,No Issue,No Issue,No Open Recalls,No Issue,No Issue,No CPO Info Available,No Issue,,,,
2021,Porsche,Macan ,43998,25000,19 city/23 hwy,4-cyl,Turbo Gas,All Wheel Drive,Automatic,Blue/Tan,1 Owner,No flood or frame damage,No odometer problems,WP1AA2A54MLB09992,CUV - Compact Luxury,Clean,No Issue,No Issue,No Open Recalls,No Issue,No Issue,No CPO Info Available,No Issue,,,,
2018,Porsche,Panamera Hybrid 4,50998,40000,,,,,Automatic,Blue/Tan,3 Owners,No flood or frame damage,No odometer problems,WP0AE2A71JL128373,Sport Car - Midsize Luxury,Clean,No Issue,Damage Reported,No Open Recalls,No Issue,No Issue,No CPO Info Available,No Issue,,,,
2021,Porsche,Macan ,42998,35000,19 city/23 hwy,4-cyl,Turbo Gas,All Wheel Drive,Automatic,Gray/Red,1 Owner,No flood or frame damage,No odometer problems,WP1AA2A52MLB11577,CUV - Compact Luxury,Clean,No Issue,No Issue,No Open Recalls,No Issue,No Issue,No CPO Info Available,No Issue,,,,
2021,Porsche,Macan ,38998,41000,19 city/23 hwy,,,,Automatic,Blue/Tan,1 Owner,No flood or frame damage,No odometer problems,WP1AA2A52MLB04435,CUV - Compact Luxury,Clean,No Issue,No Issue,No Open Recalls,No Issue,No Issue,No Recent CPO Reported,No Issue,,,,
2020,Porsche,Macan ,33998,57000,19 city/23 hwy,4-cyl,Turbo Gas,All Wheel Drive,Automatic,White/Black,2 Owners,No flood or frame damage,No odometer problems,WP1AA2A55LLB05111,CUV - Compact Luxury,Clean,No Issue,No Issue,No Open Recalls,No Issue,No Issue,No CPO Info Available,No Issue,,,,
2020,Porsche,Macan ,32998,53000,19 city/23 hwy,4-cyl,Turbo Gas,All Wheel Drive,Automatic,Silver/Black,4 Owners,No flood or frame damage,No odometer problems,WP1AA2A55LLB00510,CUV - Compact Luxury,Clean,No Issue,No Issue,No Open Recalls,No Issue,No Issue,No CPO Info Available,No Issue,,,,
2018,Porsche,Macan GTS,45998,28000,17 city/23 hwy,6-cyl,Turbo Gas,All Wheel Drive,Automatic,Gray/Red,3 Owners,No flood or frame damage,No odometer problems,WP1AG2A51JLB60179,CUV - Compact Luxury,Clean,No Issue,Moderate,No Open Recalls,No Issue,No Issue,No CPO Info Available,No Issue,,,,
2019,Porsche,Cayenne ,40998,42000,19 city/23 hwy,6-cyl,Turbo Gas,All Wheel Drive,Automatic,Black/Black,2 Owners,No flood or frame damage,No odometer problems,WP1AA2AYXKDA01796,CUV - Midsize Luxury,Clean,No Issue,No Issue,No Open Recalls,No Issue,No Issue,No CPO Info Available,No Issue,,,,
2020,Porsche,Cayenne ,47998,30000,19 city/23 hwy,6-cyl,Turbo Gas,All Wheel Drive,Automatic,Black/Black,1 Owner,No flood or frame damage,No odometer problems,WP1AA2AYXLDA09706,CUV - Midsize Luxury,Clean,No Issue,No Issue,No Open Recalls,No Issue,No Issue,No Recent CPO Reported,No Issue,,,,
2020,Porsche,Cayenne S,49998,50000,18 city/22 hwy,6-cyl,Turbo Gas,All Wheel Drive,Automatic,Gray/Black,3 Owners,No flood or frame damage,No odometer problems,WP1AB2AY7LDA28100,CUV - Midsize Luxury,Clean,No Issue,No Issue,No Open Recalls,No Issue,No Issue,No CPO Info Available,No Issue,,,,
2020,Porsche,Macan ,36998,33000,19 city/23 hwy,4-cyl,Turbo Gas,All Wheel Drive,Automatic,White/Black,1 Owner,No flood or frame damage,No odometer problems,WP1AA2A53LLB13403,CUV - Compact Luxury,Clean,No Issue,Moderate,No Open Recalls,No Issue,No Issue,No Recent CPO Reported,No Issue,,,,
2021,Porsche,Macan ,39998,27000,19 city/23 hwy,4-cyl,Turbo Gas,All Wheel Drive,Automatic,Blue/Black,1 Owner,No flood or frame damage,No odometer problems,WP1AA2A53MLB06159,CUV - Compact Luxury,Clean,No Issue,No Issue,No Open Recalls,No Issue,No Issue,No CPO Info Available,No Issue,,,,
2022,Porsche,Macan ,46998,29000,19 city/25 hwy,4-cyl,Turbo Gas,All Wheel Drive,Automatic,White/Black,1 Owner,No flood or frame damage,No odometer problems,WP1AA2A59NLB12274,CUV - Compact Luxury,Clean,No Issue,No Issue,No Open Recalls,No Issue,No Issue,OEM-Certified,No Issue,,,,
2021,Porsche,Macan ,41998,32000,19 city/23 hwy,4-cyl,Turbo Gas,All Wheel Drive,Automatic,Gray/Black,3 Owners,No flood or frame damage,No odometer problems,WP1AA2A5XMLB01475,CUV - Compact Luxury,Clean,No Issue,No Issue,No Open Recalls,No Issue,No Issue,No CPO Info Available,No Issue,,,,
2021,Porsche,Cayenne ,50998,41000,19 city/23 hwy,6-cyl,Turbo Gas,All Wheel Drive,Automatic,Black/Black,1 Owner,No flood or frame damage,No odometer problems,WP1AA2AY2MDA05389,CUV - Midsize Luxury,Clean,No Issue,No Issue,No Open Recalls,No Issue,No Issue,No CPO Info Available,No Issue,,,,
2019,Porsche,Cayenne ,36998,47000,19 city/23 hwy,6-cyl,Turbo Gas,All Wheel Drive,Automatic,Black/Black,1 Owner,No flood or frame damage,No odometer problems,WP1AA2AY7KDA03876,CUV - Midsize Luxury,Clean,No Issue,Minor,No Open Recalls,No Issue,No Issue,No CPO Info Available,No Issue,,,,
2019,Porsche,Cayenne ,41998,42000,19 city/23 hwy,6-cyl,Turbo Gas,All Wheel Drive,Automatic,Black/Black,2 Owners,No flood or frame damage,No odometer problems,WP1AA2AY7KDA05031,CUV - Midsize Luxury,Clean,No Issue,Damage Reported,No Open Recalls,No Issue,No Issue,No CPO Info Available,No Issue,,,,
2020,Porsche,Macan ,38998,36000,19 city/23 hwy,4-cyl,Turbo Gas,All Wheel Drive,Automatic,Black/Tan,2 Owners,No flood or frame damage,No odometer problems,WP1AA2A57LLB06051,CUV - Compact Luxury,Clean,No Issue,Minor,No Open Recalls,No Issue,No Issue,No CPO Info Available,No Issue,,,,
2020,Porsche,Macan S,40998,44000,18 city/23 hwy,6-cyl,Turbo Gas,All Wheel Drive,Automatic,Black/Black,2 Owners,No flood or frame damage,No odometer problems,WP1AB2A52LLB32098,CUV - Compact Luxury,Clean,No Issue,No Issue,No Open Recalls,No Issue,No Issue,No CPO Info Available,No Issue,,,,
2021,Porsche,Macan ,42998,26000,19 city/23 hwy,4-cyl,Turbo Gas,All Wheel Drive,Automatic,Black/Burgundy,1 Owner,No flood or frame damage,No odometer problems,WP1AA2A51MLB06452,CUV - Compact Luxury,Clean,No Issue,No Issue,No Open Recalls,No Issue,No Issue,No CPO Info Available,No Issue,,,,
2022,Porsche,718 Cayman ,63998,16000,20 city/26 hwy,4-cyl,Turbo Gas,,Automatic,Silver/Gray,1 Owner,No flood or frame damage,No odometer problems,WP0AA2A84NS255344,Sport Car - Subcompact Luxury,Clean,No Issue,Moderate,No Open Recalls,No Issue,No Issue,No CPO Info Available,No Issue,,,,
2021,Porsche,Macan ,45998,17000,19 city/23 hwy,4-cyl,Turbo Gas,All Wheel Drive,Automatic,White/Black,3 Owners,No flood or frame damage,No odometer problems,WP1AA2A5XMLB07065,CUV - Compact Luxury,Clean,No Issue,No Issue,No Open Recalls,No Issue,No Issue,OEM-Certified,No Issue,,,,
2018,Porsche,Panamera 4,53998,29000,21 city/27 hwy,6-cyl,Turbo Gas,All Wheel Drive,Automatic,Silver/Black,3 Owners,No flood or frame damage,No odometer problems,WP0AA2A73JL107651,Sport Car - Midsize Luxury,Clean,No Issue,No Issue,No Open Recalls,No Issue,No Issue,No Recent CPO Reported,No Issue,,,,
2015,Porsche,Macan Turbo,32998,59000,17 city/23 hwy,6-cyl,Turbo Gas,All Wheel Drive,Automatic,Blue/Brown,2 Owners,No flood or frame damage,No odometer problems,WP1AF2A53FLB97079,CUV - Compact Luxury,Clean,No Issue,No Issue,No Open Recalls,No Issue,No Issue,No CPO Info Available,No Issue,,,,
2020,Porsche,Macan ,34998,49000,19 city/23 hwy,4-cyl,Turbo Gas,All Wheel Drive,Automatic,White/Black,1 Owner,No flood or frame damage,No odometer problems,WP1AA2A55LLB08770,CUV - Compact Luxury,Clean,No Issue,No Issue,No Open Recalls,No Issue,No Issue,No CPO Info Available,No Issue,,,,
2020,Porsche,Macan ,41998,19000,19 city/23 hwy,4-cyl,Turbo Gas,All Wheel Drive,Automatic,Black/Tan,2 Owners,No flood or frame damage,No odometer problems,WP1AA2A57LLB02789,CUV - Compact Luxury,Clean,No Issue,No Issue,No Open Recalls,No Issue,No Issue,OEM-Certified,No Issue,,,,
2018,Porsche,Macan ,29998,57000,20 city/25 hwy,4-cyl,Turbo Gas,All Wheel Drive,Automatic,White/Brown,1 Owner,No flood or frame damage,No odometer problems,WP1AA2A50JLB12318,CUV - Compact Luxury,Clean,No Issue,Damage Reported,No Open Recalls,No Issue,No Issue,No CPO Info Available,No Issue,,,,
2019,Porsche,Macan ,31998,56000,19 city/23 hwy,4-cyl,Turbo Gas,All Wheel Drive,Automatic,Black/Black,2 Owners,No flood or frame damage,No odometer problems,WP1AA2A53KLB05364,CUV - Compact Luxury,Clean,No Issue,No Issue,No Open Recalls,No Issue,No Issue,No Recent CPO Reported,No Issue,,,,
2021,Porsche,Macan ,40998,44000,19 city/23 hwy,4-cyl,Turbo Gas,All Wheel Drive,Automatic,White/Tan,4 Owners,No flood or frame damage,No odometer problems,WP1AA2A59MLB16713,CUV - Compact Luxury,Clean,No Issue,No Issue,No Open Recalls,No Issue,No Issue,No CPO Info Available,No Issue,,,,
2020,Porsche,Cayenne ,40998,48000,19 city/23 hwy,6-cyl,Turbo Gas,All Wheel Drive,Automatic,Black/Black,2 Owners,No flood or frame damage,No odometer problems,WP1AA2AY4LDA02055,CUV - Midsize Luxury,Clean,No Issue,No Issue,No Open Recalls,No Issue,No Issue,No Recent CPO Reported,No Issue,,,,
2021,Porsche,Macan ,41998,24000,19 city/23 hwy,4-cyl,Turbo Gas,All Wheel Drive,Automatic,White/Black,1 Owner,No flood or frame damage,No odometer problems,WP1AA2A57MLB09775,CUV - Compact Luxury,Clean,No Issue,No Issue,No Open Recalls,No Issue,No Issue,No CPO Info Available,No Issue,,,,
2021,Porsche,Macan ,42998,29000,19 city/23 hwy,4-cyl,Turbo Gas,All Wheel Drive,Automatic,White/Black,2 Owners,No flood or frame damage,No odometer problems,WP1AA2A59MLB13116,CUV - Compact Luxury,Clean,No Issue,No Issue,No Open Recalls,No Issue,No Issue,OEM-Certified,No Issue,,,,
2020,Porsche,Macan S,41998,46000,18 city/23 hwy,6-cyl,Turbo Gas,All Wheel Drive,Automatic,Red/Black,2 Owners,No flood or frame damage,No odometer problems,WP1AB2A54LLB36234,CUV - Compact Luxury,Clean,No Issue,No Issue,No Open Recalls,No Issue,No Issue,No CPO Info Available,No Issue,,,,
2018,Porsche,Macan Sport Edition,30998,48000,20 city/25 hwy,4-cyl,Turbo Gas,All Wheel Drive,Automatic,Blue/Black,4 Owners,No flood or frame damage,No odometer problems,WP1AA2A58JLB16567,CUV - Compact Luxury,Clean,No Issue,No Issue,No Open Recalls,No Issue,No Issue,No CPO Info Available,No Issue,,,,
2020,Porsche,Macan ,31998,50000,19 city/23 hwy,4-cyl,Turbo Gas,All Wheel Drive,Automatic,White/Black,4 Owners,No flood or frame damage,No odometer problems,WP1AA2A58LLB13090,CUV - Compact Luxury,Clean,No Issue,No Issue,No Open Recalls,No Issue,No Issue,No Recent CPO Reported,No Issue,,,,
2019,Porsche,Macan ,36998,40000,19 city/23 hwy,4-cyl,Turbo Gas,All Wheel Drive,Automatic,White/Black,2 Owners,No flood or frame damage,No odometer problems,WP1AA2A5XKLB07435,CUV - Compact Luxury,Clean,No Issue,No Issue,No Open Recalls,No Issue,No Issue,No CPO Info Available,No Issue,,,,
2020,Porsche,Macan ,39998,20000,19 city/23 hwy,4-cyl,Turbo Gas,All Wheel Drive,Automatic,White/Gray,1 Owner,No flood or frame damage,No odometer problems,WP1AA2A56LLB00080,CUV - Compact Luxury,Clean,No Issue,No Issue,No Open Recalls,No Issue,No Issue,No CPO Info Available,No Issue,,,,
2021,Porsche,Macan GTS,59998,27000,17 city/22 hwy,6-cyl,Turbo Gas,All Wheel Drive,Automatic,White/Red,3 Owners,No flood or frame damage,No odometer problems,WP1AG2A54MLB53084,CUV - Compact Luxury,Clean,No Issue,Moderate,No Open Recalls,No Issue,No Issue,OEM-Certified,No Issue,,,,
2019,Porsche,Cayenne ,46998,35000,19 city/23 hwy,6-cyl,Turbo Gas,All Wheel Drive,Automatic,White/Tan,1 Owner,No flood or frame damage,No odometer problems,WP1AA2AY6KDA13489,CUV - Midsize Luxury,Clean,No Issue,No Issue,No Open Recalls,No Issue,No Issue,No CPO Info Available,No Issue,,,,
2017,Porsche,Macan ,29998,55000,20 city/25 hwy,4-cyl,Turbo Gas,All Wheel Drive,Automatic,White/Black,1 Owner,No flood or frame damage,No odometer problems,WP1AA2A57HLB03089,CUV - Compact Luxury,Clean,No Issue,No Issue,No Open Recalls,No Issue,No Issue,No CPO Info Available,No Issue,,,,
2019,Porsche,Panamera ,55998,46000,19 city/27 hwy,6-cyl,Turbo Gas,Rear Wheel Drive,Automatic,Gray/Black,1 Owner,No flood or frame damage,No odometer problems,WP0AA2A70KL100786,Sport Car - Midsize Luxury,Clean,No Issue,No Issue,No Open Recalls,No Issue,No Issue,No CPO Info Available,No Issue,,,,
2018,Porsche,Macan S,32998,39000,17 city/23 hwy,6-cyl,Turbo Gas,All Wheel Drive,Automatic,Blue/Tan,3 Owners,No flood or frame damage,No odometer problems,WP1AB2A55JLB34859,CUV - Compact Luxury,Clean,No Issue,Moderate,No Open Recalls,No Issue,No Issue,No CPO Info Available,No Issue,,,,
2018,Porsche,718 Cayman ,48998,23000,21 city/28 hwy,4-cyl,Turbo Gas,,Automatic,Red/Black,1 Owner,No flood or frame damage,No odometer problems,WP0AA2A8XJK260218,Sport Car - Subcompact Luxury,Clean,No Issue,No Issue,No Open Recalls,No Issue,No Issue,No CPO Info Available,No Issue,,,,
2021,Porsche,Macan S,50998,35000,18 city/24 hwy,6-cyl,Turbo Gas,All Wheel Drive,Automatic,White/Cream,1 Owner,No flood or frame damage,No odometer problems,WP1AB2A58MLB34021,CUV - Compact Luxury,Clean,No Issue,No Issue,No Open Recalls,No Issue,No Issue,No CPO Info Available,No Issue,,,,
2018,Porsche,Macan ,27998,52000,20 city/25 hwy,4-cyl,Turbo Gas,All Wheel Drive,Automatic,Black/Tan,1 Owner,No flood or frame damage,No odometer problems,WP1AA2A55JLB17515,CUV - Compact Luxury,Clean,No Issue,No Issue,No Open Recalls,No Issue,No Issue,No CPO Info Available,No Issue,,,,
2020,Porsche,Macan ,34998,52000,19 city/23 hwy,4-cyl,Turbo Gas,All Wheel Drive,Automatic,Gray/Black,0 Owner,No flood or frame damage,No odometer problems,WP1AA2A55LLB12916,CUV - Compact Luxury,Clean,No Issue,Damage Reported,No Open Recalls,No Issue,No Issue,No CPO Info Available,No Issue,,,,
2018,Porsche,Macan ,31998,33000,20 city/25 hwy,,,,Automatic,Black/Black,2 Owners,No flood or frame damage,No odometer problems,WP1AA2A51JLB23134,CUV - Compact Luxury,Clean,No Issue,No Issue,No Open Recalls,No Issue,No Issue,No CPO Info Available,No Issue,,,,
2020,Porsche,Cayenne ,43998,58000,19 city/23 hwy,6-cyl,Turbo Gas,All Wheel Drive,Automatic,White/Tan,1 Owner,No flood or frame damage,No odometer problems,WP1AA2AYXLDA04358,CUV - Midsize Luxury,Clean,No Issue,No Issue,No Open Recalls,No Issue,No Issue,No CPO Info Available,No Issue,,,,
2019,Porsche,Cayenne ,42998,38000,19 city/23 hwy,6-cyl,Turbo Gas,All Wheel Drive,Automatic,Blue/Black,1 Owner,No flood or frame damage,No odometer problems,WP1AA2AY7KDA13761,CUV - Midsize Luxury,Clean,No Issue,No Issue,No Open Recalls,No Issue,No Issue,No CPO Info Available,No Issue,,,,
2022,Porsche,Macan ,51998,16000,19 city/25 hwy,4-cyl,Turbo Gas,All Wheel Drive,Automatic,White/Tan,1 Owner,No flood or frame damage,No odometer problems,WP1AA2A54NLB12019,CUV - Compact Luxury,Clean,No Issue,No Issue,No Open Recalls,No Issue,No Issue,No CPO Info Available,No Issue,,,,
2019,Porsche,Macan S,40998,42000,18 city/23 hwy,6-cyl,Turbo Gas,All Wheel Drive,Automatic,Silver/Black,2 Owners,No flood or frame damage,No odometer problems,WP1AB2A56KLB30630,CUV - Compact Luxury,Clean,No Issue,No Issue,No Open Recalls,No Issue,No Issue,No CPO Info Available,No Issue,,,,
2021,Porsche,Cayenne ,47998,58000,19 city/23 hwy,6-cyl,Turbo Gas,All Wheel Drive,Automatic,White/Brown,2 Owners,No flood or frame damage,No odometer problems,WP1AA2AY4MDA01330,CUV - Midsize Luxury,Clean,No Issue,No Issue,No Open Recalls,No Issue,No Issue,No CPO Info Available,No Issue,,,,
2018,Porsche,Panamera ,50998,43000,21 city/28 hwy,6-cyl,Turbo Gas,Rear Wheel Drive,Automatic,Silver/Black,2 Owners,No flood or frame damage,No odometer problems,WP0AA2A78JL101005,Sport Car - Midsize Luxury,Clean,No Issue,No Issue,No Open Recalls,No Issue,No Issue,No Recent CPO Reported,No Issue,,,,
2020,Porsche,Panamera ,58998,47000,19 city/27 hwy,6-cyl,Turbo Gas,Rear Wheel Drive,Automatic,Silver/Black,3 Owners,No flood or frame damage,No odometer problems,WP0AA2A72LL100287,Sport Car - Midsize Luxury,Clean,No Issue,No Issue,No Open Recalls,No Issue,No Issue,No Recent CPO Reported,No Issue,,,,
2021,Porsche,Macan GTS,54998,57000,17 city/22 hwy,6-cyl,Turbo Gas,All Wheel Drive,Automatic,Black/Red,2 Owners,No flood or frame damage,No odometer problems,WP1AG2A58MLB51645,CUV - Compact Luxury,Clean,No Issue,No Issue,No Open Recalls,No Issue,No Issue,No Recent CPO Reported,No Issue,,,,
2018,Porsche,Macan ,33998,34000,20 city/25 hwy,4-cyl,Turbo Gas,All Wheel Drive,Automatic,White/Black,1 Owner,No flood or frame damage,No odometer problems,WP1AA2A59JLB25570,CUV - Compact Luxury,Clean,No Issue,No Issue,No Open Recalls,No Issue,No Issue,No CPO Info Available,No Issue,,,,
2019,Porsche,Cayenne ,43998,35000,19 city/23 hwy,6-cyl,Turbo Gas,All Wheel Drive,Automatic,Blue/Tan,1 Owner,No flood or frame damage,No odometer problems,WP1AA2AY8KDA05197,CUV - Midsize Luxury,Clean,No Issue,Damage Reported,No Open Recalls,No Issue,No Issue,No CPO Info Available,No Issue,,,,
2021,Porsche,Macan ,38998,39000,19 city/23 hwy,4-cyl,Turbo Gas,All Wheel Drive,Automatic,Black/Black,1 Owner,No flood or frame damage,No odometer problems,WP1AA2A50MLB01291,CUV - Compact Luxury,Clean,No Issue,Damage Reported,No Open Recalls,No Issue,No Issue,No CPO Info Available,No Issue,,,,
2020,Porsche,Macan ,37998,37000,19 city/23 hwy,4-cyl,Turbo Gas,All Wheel Drive,Automatic,White/Red,2 Owners,No flood or frame damage,No odometer problems,WP1AA2A53LLB08394,CUV - Compact Luxury,Clean,No Issue,No Issue,No Open Recalls,No Issue,No Issue,No Recent CPO Reported,No Issue,,,,
2021,Porsche,Macan ,36998,39000,19 city/23 hwy,4-cyl,Turbo Gas,All Wheel Drive,Automatic,Black/Black,1 Owner,No flood or frame damage,No odometer problems,WP1AA2A58MLB16444,CUV - Compact Luxury,Clean,No Issue,Minor,No Open Recalls,No Issue,No Issue,No CPO Info Available,No Issue,,,,
2020,Porsche,Macan ,35998,37000,19 city/23 hwy,4-cyl,Turbo Gas,All Wheel Drive,Automatic,Gray/Black,2 Owners,No flood or frame damage,No odometer problems,WP1AA2A54LLB14995,CUV - Compact Luxury,Clean,No Issue,No Issue,No Open Recalls,No Issue,No Issue,No CPO Info Available,No Issue,,,,
2014,Porsche,Cayman ,35998,54000,20 city/30 hwy,6-cyl,Gas,Rear Wheel Drive,Automatic,White/Black,2 Owners,No flood or frame damage,No odometer problems,WP0AA2A83EK174724,Sport Car - Subcompact Luxury,Clean,No Issue,No Issue,No Open Recalls,No Issue,No Issue,No Recent CPO Reported,No Issue,,,,
2023,Porsche,Cayenne Platinum Coupe,70998,28000,19 city/23 hwy,6-cyl,Turbo Gas,All Wheel Drive,Automatic,Black/Black,1 Owner,No flood or frame damage,No odometer problems,WP1BA2AY1PDA25433,CUV - Midsize Luxury,Clean,No Issue,No Issue,No Open Recalls,No Issue,No Issue,No CPO Info Available,No Issue,,,,
2017,Porsche,Macan ,28998,41000,20 city/25 hwy,4-cyl,Turbo Gas,All Wheel Drive,Automatic,Gray/Black,1 Owner,No flood or frame damage,No odometer problems,WP1AA2A58HLB82868,CUV - Compact Luxury,Clean,No Issue,No Issue,No Open Recalls,No Issue,No Issue,No CPO Info Available,No Issue,,,,
2020,Porsche,Panamera ,64998,25000,19 city/27 hwy,6-cyl,Turbo Gas,Rear Wheel Drive,Automatic,White/Tan,2 Owners,No flood or frame damage,No odometer problems,WP0AA2A73LL104204,Sport Car - Midsize Luxury,Clean,No Issue,No Issue,No Open Recalls,No Issue,No Issue,No CPO Info Available,No Issue,,,,
2021,Porsche,Macan ,38998,40000,19 city/23 hwy,4-cyl,Turbo Gas,All Wheel Drive,Automatic,Blue/Tan,1 Owner,No flood or frame damage,No odometer problems,WP1AA2A52MLB11711,CUV - Compact Luxury,Clean,No Issue,No Issue,No Open Recalls,No Issue,No Issue,No CPO Info Available,No Issue,,,,
2021,Porsche,Cayenne ,46998,41000,19 city/23 hwy,,,,Automatic,Blue/Black,2 Owners,No flood or frame damage,No odometer problems,WP1AA2AY7MDA00219,CUV - Midsize Luxury,Clean,No Issue,No Issue,No Open Recalls,No Issue,No Issue,No Recent CPO Reported,No Issue,,,,
2021,Porsche,718 Cayman T,64998,11000,20 city/26 hwy,4-cyl,Turbo Gas,,Automatic,White/Black,1 Owner,No flood or frame damage,No odometer problems,WP0AA2A89MS260571,Sport Car - Subcompact Luxury,Clean,No Issue,Damage Reported,No Open Recalls,No Issue,No Issue,No CPO Info Available,No Issue,,,,
2021,Porsche,Macan ,35998,41000,19 city/23 hwy,4-cyl,Turbo Gas,All Wheel Drive,Automatic,Gray/Black,1 Owner,No flood or frame damage,No odometer problems,WP1AA2A59MLB14797,CUV - Compact Luxury,Clean,No Issue,No Issue,No Open Recalls,No Issue,No Issue,No CPO Info Available,No Issue,,,,
2019,Porsche,Macan S,36998,56000,18 city/23 hwy,6-cyl,Turbo Gas,All Wheel Drive,Automatic,Gray/Red,4 Owners,No flood or frame damage,No odometer problems,WP1AB2A53KLB33212,CUV - Compact Luxury,Clean,No Issue,No Issue,No Open Recalls,No Issue,No Issue,No CPO Info Available,No Issue,,,,
2019,Porsche,718 Cayman ,58998,9000,21 city/28 hwy,4-cyl,Turbo Gas,,Automatic,Gray/Black,2 Owners,No flood or frame damage,No odometer problems,WP0AA2A82KS260487,Sport Car - Subcompact Luxury,Clean,No Issue,No Issue,No Open Recalls,No Issue,No Issue,No Recent CPO Reported,No Issue,,,,
2019,Porsche,Cayenne ,53998,48000,19 city/23 hwy,6-cyl,Turbo Gas,All Wheel Drive,Automatic,Blue/Tan,3 Owners,No flood or frame damage,No odometer problems,WP1AA2AY6KDA08597,CUV - Midsize Luxury,Clean,No Issue,Minor-Moderate,No Open Recalls,No Issue,No Issue,No CPO Info Available,No Issue,,,,
2021,Porsche,Macan S,43998,49000,18 city/24 hwy,6-cyl,Turbo Gas,All Wheel Drive,Automatic,White/Black,1 Owner,No flood or frame damage,No odometer problems,WP1AB2A57MLB30171,CUV - Compact Luxury,Clean,No Issue,No Issue,No Open Recalls,No Issue,No Issue,No CPO Info Available,No Issue,,,,
2018,Porsche,Macan ,32998,30000,20 city/25 hwy,4-cyl,Turbo Gas,All Wheel Drive,Automatic,Black/Black,2 Owners,No flood or frame damage,No odometer problems,WP1AA2A50JLB17518,CUV - Compact Luxury,Clean,No Issue,No Issue,No Open Recalls,No Issue,No Issue,No Recent CPO Reported,No Issue,,,,
2020,Porsche,Macan ,37998,32000,19 city/23 hwy,4-cyl,Turbo Gas,All Wheel Drive,Automatic,Black/Black,1 Owner,No flood or frame damage,No odometer problems,WP1AA2A55LLB08011,CUV - Compact Luxury,Clean,No Issue,No Issue,No Open Recalls,No Issue,No Issue,No CPO Info Available,No Issue,,,,
2020,Porsche,Macan ,39998,19000,19 city/23 hwy,4-cyl,Turbo Gas,All Wheel Drive,Automatic,Blue/Brown,1 Owner,No flood or frame damage,No odometer problems,WP1AA2A55LLB00359,CUV - Compact Luxury,Clean,No Issue,Minor,No Open Recalls,No Issue,No Issue,No CPO Info Available,No Issue,,,,
2023,Porsche,Macan ,52998,22000,19 city/25 hwy,4-cyl,Turbo Gas,All Wheel Drive,Automatic,Black/Black,1 Owner,No flood or frame damage,No odometer problems,WP1AA2A51PLB18797,CUV - Compact Luxury,Clean,No Issue,No Issue,No Open Recalls,No Issue,No Issue,No CPO Info Available,No Issue,,,,
2020,Porsche,Macan ,39998,24000,19 city/23 hwy,4-cyl,Turbo Gas,All Wheel Drive,Automatic,White/Black,1 Owner,No flood or frame damage,No odometer problems,WP1AA2A55LLB06226,CUV - Compact Luxury,Clean,No Issue,No Issue,No Open Recalls,No Issue,No Issue,No CPO Info Available,No Issue,,,,
2019,Porsche,Panamera ,51998,50000,19 city/27 hwy,6-cyl,Turbo Gas,Rear Wheel Drive,Automatic,Blue/Black,1 Owner,No flood or frame damage,No odometer problems,WP0AA2A74KL101276,Sport Car - Midsize Luxury,Clean,No Issue,Minor,No Open Recalls,No Issue,No Issue,No CPO Info Available,No Issue,,,,
2020,Porsche,Macan ,37998,30000,19 city/23 hwy,4-cyl,Turbo Gas,All Wheel Drive,Automatic,Black/Red,2 Owners,No flood or frame damage,No odometer problems,WP1AA2A57LLB07264,CUV - Compact Luxury,Clean,No Issue,Minor,No Open Recalls,No Issue,No Issue,OEM-Certified,No Issue,,,,
2019,Porsche,718 Cayman ,57998,12000,21 city/28 hwy,4-cyl,Turbo Gas,,Automatic,Red/Black,2 Owners,No flood or frame damage,No odometer problems,WP0AA2A88KS260560,Sport Car - Subcompact Luxury,Clean,No Issue,No Issue,No Open Recalls,No Issue,No Issue,No CPO Info Available,No Issue,,,,
2020,Porsche,Macan ,33998,55000,19 city/23 hwy,4-cyl,Turbo Gas,All Wheel Drive,Automatic,White/Black,2 Owners,No flood or frame damage,No odometer problems,WP1AA2A56LLB00404,CUV - Compact Luxury,Clean,No Issue,No Issue,No Open Recalls,No Issue,No Issue,No Recent CPO Reported,No Issue,,,,
2020,Porsche,Macan ,36998,26000,19 city/23 hwy,4-cyl,Turbo Gas,All Wheel Drive,Automatic,Silver/Black,2 Owners,No flood or frame damage,No odometer problems,WP1AA2A51LLB14825,CUV - Compact Luxury,Clean,No Issue,No Issue,No Open Recalls,No Issue,No Issue,No Recent CPO Reported,No Issue,,,,
2018,Porsche,Panamera Hybrid 4,47998,45000,,6-cyl,Plug-in Hybrid,All Wheel Drive,,Brown/Brown,3 Owners,No flood or frame damage,No odometer problems,WP0AE2A77JL127647,Sport Car - Midsize Luxury,Clean,No Issue,No Issue,No Open Recalls,No Issue,No Issue,No Recent CPO Reported,No Issue,40 city/57 hwy,,16 miles,3 hours
2021,Porsche,Macan ,44998,18000,19 city/23 hwy,4-cyl,Turbo Gas,All Wheel Drive,Automatic,Black/Black,1 Owner,No flood or frame damage,No odometer problems,WP1AA2A56MLB17219,CUV - Compact Luxury,Clean,No Issue,No Issue,No Open Recalls,No Issue,No Issue,No CPO Info Available,No Issue,,,,
2017,Porsche,Macan S,29998,57000,17 city/23 hwy,6-cyl,Turbo Gas,All Wheel Drive,Automatic,White/Burgundy,2 Owners,No flood or frame damage,No odometer problems,WP1AB2A56HLB17465,CUV - Compact Luxury,Clean,No Issue,No Issue,No Open Recalls,No Issue,No Issue,No CPO Info Available,No Issue,,,,
2022,Porsche,Cayenne Platinum,64998,18000,19 city/23 hwy,6-cyl,Turbo Gas,All Wheel Drive,Automatic,Black/Tan,1 Owner,No flood or frame damage,No odometer problems,WP1AA2AY8NDA06791,CUV - Midsize Luxury,Clean,No Issue,No Issue,No Open Recalls,No Issue,No Issue,No CPO Info Available,No Issue,,,,
2019,Porsche,Panamera ,50998,59000,19 city/27 hwy,6-cyl,Turbo Gas,Rear Wheel Drive,Automatic,White/Tan,1 Owner,No flood or frame damage,No odometer problems,WP0AA2A74KL101195,Sport Car - Midsize Luxury,Clean,No Issue,No Issue,No Open Recalls,No Issue,No Issue,No CPO Info Available,No Issue,,,,
2022,Porsche,Cayenne ,55998,29000,17 city/22 hwy,6-cyl,Turbo Gas,All Wheel Drive,Automatic,Gray/Black,1 Owner,No flood or frame damage,No odometer problems,WP1AA2AY9NDA02751,CUV - Midsize Luxury,Clean,No Issue,No Issue,No Open Recalls,No Issue,No Issue,No CPO Info Available,No Issue,,,,
2015,Porsche,Macan S,29998,47000,17 city/23 hwy,6-cyl,Turbo Gas,All Wheel Drive,Automatic,Black/Black,2 Owners,No flood or frame damage,No odometer problems,WP1AB2A55FLB68386,CUV - Compact Luxury,Clean,No Issue,Minor-Moderate,No Open Recalls,No Issue,No Issue,No Recent CPO Reported,No Issue,,,,
2019,Porsche,Cayenne ,43998,33000,19 city/23 hwy,6-cyl,Turbo Gas,All Wheel Drive,Automatic,Black/Black,1 Owner,No flood or frame damage,No odometer problems,WP1AA2AY3KDA15944,CUV - Midsize Luxury,Clean,No Issue,No Issue,No Open Recalls,No Issue,No Issue,No CPO Info Available,No Issue,,,,
2020,Porsche,Macan ,42998,20000,19 city/23 hwy,,,,Automatic,Black/Gray,1 Owner,No flood or frame damage,No odometer problems,WP1AA2A50LLB10409,CUV - Compact Luxury,Clean,No Issue,No Issue,No Open Recalls,No Issue,No Issue,No CPO Info Available,No Issue,,,,
2020,Porsche,Macan ,35998,43000,19 city/23 hwy,4-cyl,Turbo Gas,All Wheel Drive,Automatic,Gray/Black,2 Owners,No flood or frame damage,No odometer problems,WP1AA2A57LLB10844,CUV - Compact Luxury,Clean,No Issue,No Issue,No Open Recalls,No Issue,No Issue,No Recent CPO Reported,No Issue,,,,
2021,Porsche,Macan ,38998,39000,19 city/23 hwy,4-cyl,Turbo Gas,All Wheel Drive,Automatic,Black/Tan,1 Owner,No flood or frame damage,No odometer problems,WP1AA2A59MLB07803,CUV - Compact Luxury,Clean,No Issue,No Issue,No Open Recalls,No Issue,No Issue,No CPO Info Available,No Issue,,,,
2021,Porsche,Macan ,41998,9000,19 city/23 hwy,4-cyl,Turbo Gas,All Wheel Drive,Automatic,Silver/Black,1 Owner,No flood or frame damage,No odometer problems,WP1AA2A5XMLB11214,CUV - Compact Luxury,Clean,No Issue,No Issue,No Open Recalls,No Issue,No Issue,No CPO Info Available,No Issue,,,,
2020,Porsche,Cayenne Hybrid ,57998,29000,,6-cyl,Plug-in Hybrid,All Wheel Drive,,White/Black,2 Owners,No flood or frame damage,No odometer problems,WP1AE2AY3LDA22804,CUV - Midsize Luxury,Clean,No Issue,Minor,No Open Recalls,No Issue,No Issue,No CPO Info Available,No Issue,45 city/37 hwy,,13 miles,3 hours
2019,Porsche,Macan ,34998,28000,19 city/23 hwy,4-cyl,Turbo Gas,All Wheel Drive,Automatic,White/Red,2 Owners,No flood or frame damage,No odometer problems,WP1AA2A59KLB09421,CUV - Compact Luxury,Clean,No Issue,Damage Reported,2 Open Recall(s),No Issue,No Issue,No CPO Info Available,No Issue,,,,
2021,Porsche,Macan S,47998,29000,18 city/24 hwy,6-cyl,Turbo Gas,All Wheel Drive,Automatic,Black/Black,2 Owners,No flood or frame damage,No odometer problems,WP1AB2A50MLB31128,CUV - Compact Luxury,Clean,No Issue,Damage Reported,No Open Recalls,No Issue,No Issue,No Recent CPO Reported,No Issue,,,,
2024,Porsche,Macan S,73998,4000,17 city/23 hwy,6-cyl,Turbo Gas,All Wheel Drive,Automatic,White/Red,1 Owner,No flood or frame damage,No odometer problems,WP1AG2A51RLB38050,CUV - Compact Luxury,Clean,No Issue,No Issue,No Open Recalls,No Issue,No Issue,No CPO Info Available,No Issue,,,,
2021,Porsche,Macan S,46998,42000,18 city/24 hwy,6-cyl,Turbo Gas,All Wheel Drive,Automatic,Black/Black,1 Owner,No flood or frame damage,No odometer problems,WP1AB2A54MLB30158,CUV - Compact Luxury,Clean,No Issue,No Issue,No Open Recalls,No Issue,No Issue,No CPO Info Available,No Issue,,,,
2021,Porsche,Macan ,36998,38000,19 city/23 hwy,4-cyl,Turbo Gas,All Wheel Drive,Automatic,White/Black,2 Owners,No flood or frame damage,No odometer problems,WP1AA2A53MLB08980,CUV - Compact Luxury,Clean,No Issue,No Issue,No Open Recalls,No Issue,No Issue,No Recent CPO Reported,No Issue,,,,
2019,Porsche,Panamera ,56998,40000,19 city/27 hwy,6-cyl,Turbo Gas,Rear Wheel Drive,Automatic,White/Red,3 Owners,No flood or frame damage,No odometer problems,WP0AA2A75KL100136,Sport Car - Midsize Luxury,Clean,No Issue,No Issue,No Open Recalls,No Issue,No Issue,No CPO Info Available,No Issue,,,,
2022,Porsche,Cayenne Platinum,65998,34000,19 city/23 hwy,6-cyl,Turbo Gas,All Wheel Drive,Automatic,White/Black,1 Owner,No flood or frame damage,No odometer problems,WP1AA2AYXNDA06873,CUV - Midsize Luxury,Clean,No Issue,No Issue,No Open Recalls,No Issue,No Issue,No CPO Info Available,No Issue,,,,
2022,Porsche,Macan ,51998,20000,19 city/25 hwy,4-cyl,Turbo Gas,All Wheel Drive,Automatic,White/Burgundy,1 Owner,No flood or frame damage,No odometer problems,WP1AA2A55NLB01255,CUV - Compact Luxury,Clean,No Issue,No Issue,No Open Recalls,No Issue,No Issue,No CPO Info Available,No Issue,,,,
2020,Porsche,Macan S,45998,39000,18 city/23 hwy,6-cyl,Turbo Gas,All Wheel Drive,Automatic,Black/Burgundy,1 Owner,No flood or frame damage,No odometer problems,WP1AB2A55LLB37344,CUV - Compact Luxury,Clean,No Issue,No Issue,No Open Recalls,No Issue,No Issue,No CPO Info Available,No Issue,,,,
2021,Porsche,Macan ,40998,20000,19 city/23 hwy,4-cyl,Turbo Gas,All Wheel Drive,Automatic,Black/Black,1 Owner,No flood or frame damage,No odometer problems,WP1AA2A57MLB09257,CUV - Compact Luxury,Clean,No Issue,No Issue,No Open Recalls,No Issue,No Issue,No CPO Info Available,No Issue,,,,
2019,Porsche,Cayenne ,43998,30000,19 city/23 hwy,6-cyl,Turbo Gas,All Wheel Drive,Automatic,Gray/Black,1 Owner,No flood or frame damage,No odometer problems,WP1AA2AY7KDA17745,CUV - Midsize Luxury,Clean,No Issue,Minor,No Open Recalls,No Issue,No Issue,No CPO Info Available,No Issue,,,,
2023,Porsche,Macan T,54998,17000,19 city/25 hwy,4-cyl,Turbo Gas,All Wheel Drive,Automatic,Red/Burgundy,2 Owners,No flood or frame damage,No odometer problems,WP1AA2A59PLB02444,CUV - Compact Luxury,Clean,No Issue,No Issue,No Open Recalls,No Issue,No Issue,OEM-Certified,No Issue,,,,
2017,Porsche,Panamera Turbo,64998,40000,18 city/25 hwy,8-cyl,Turbo Gas,All Wheel Drive,Automatic,Black/Black,2 Owners,No flood or frame damage,No odometer problems,WP0AF2A75HL150738,Sport Car - Midsize Luxury,Clean,No Issue,No Issue,No Open Recalls,No Issue,No Issue,No Recent CPO Reported,No Issue,,,,
2021,Porsche,Macan S,50998,22000,18 city/24 hwy,6-cyl,Turbo Gas,All Wheel Drive,Automatic,Black/Red,1 Owner,No flood or frame damage,No odometer problems,WP1AB2A50MLB31470,CUV - Compact Luxury,Clean,No Issue,Damage Reported,No Open Recalls,No Issue,No Issue,No CPO Info Available,No Issue,,,,
2021,Porsche,Macan GTS,57998,38000,17 city/22 hwy,6-cyl,Turbo Gas,All Wheel Drive,Automatic,Black/Black,1 Owner,No flood or frame damage,No odometer problems,WP1AG2A50MLB50859,CUV - Compact Luxury,Clean,No Issue,No Issue,No Open Recalls,No Issue,No Issue,No CPO Info Available,No Issue,,,,
2021,Porsche,Cayenne Coupe,59998,25000,19 city/23 hwy,6-cyl,Turbo Gas,All Wheel Drive,Automatic,Gray/Black,1 Owner,No flood or frame damage,No odometer problems,WP1BA2AY6MDA43356,CUV - Midsize Luxury,Clean,No Issue,No Issue,No Open Recalls,No Issue,No Issue,No CPO Info Available,No Issue,,,,
2021,Porsche,Taycan Electric ,59998,22000,,,,Rear Wheel Drive,,Silver/Red,1 Owner,No flood or frame damage,No odometer problems,WP0AA2Y11MSA14108,Sport Car - Large Luxury,Clean,No Issue,No Issue,No Open Recalls,No Issue,No Issue,No CPO Info Available,No Issue,76 city/84 hwy,Electric,200 miles,9.5 hours
2018,Porsche,Cayenne S,38998,46000,17 city/24 hwy,6-cyl,Turbo Gas,All Wheel Drive,Automatic,White/Tan,3 Owners,No flood or frame damage,No odometer problems,WP1AB2A22JLA61116,CUV - Midsize Luxury,Clean,No Issue,No Issue,No Open Recalls,No Issue,No Issue,OEM-Certified,No Issue,,,,
2021,Porsche,Macan ,37998,37000,19 city/23 hwy,4-cyl,Turbo Gas,All Wheel Drive,Automatic,Black/Black,1 Owner,No flood or frame damage,No odometer problems,WP1AA2A59MLB07333,CUV - Compact Luxury,Clean,No Issue,No Issue,No Open Recalls,No Issue,No Issue,No CPO Info Available,No Issue,,,,
2022,Porsche,Macan ,49998,15000,19 city/25 hwy,4-cyl,Turbo Gas,All Wheel Drive,Automatic,White/Black,1 Owner,No flood or frame damage,No odometer problems,WP1AA2A59NLB09388,CUV - Compact Luxury,Clean,No Issue,No Issue,No Open Recalls,No Issue,No Issue,No CPO Info Available,No Issue,,,,
2021,Porsche,Macan ,40998,51000,19 city/23 hwy,4-cyl,Turbo Gas,All Wheel Drive,Automatic,White/Red,2 Owners,No flood or frame damage,No odometer problems,WP1AA2A59MLB00947,CUV - Compact Luxury,Clean,No Issue,No Issue,No Open Recalls,No Issue,No Issue,No CPO Info Available,No Issue,,,,
2020,Porsche,Macan S,42998,39000,18 city/23 hwy,6-cyl,Turbo Gas,All Wheel Drive,Automatic,Blue/Tan,2 Owners,No flood or frame damage,No odometer problems,WP1AB2A56LLB34517,CUV - Compact Luxury,Clean,No Issue,Moderate,1 Open Recall(s),No Issue,No Issue,No CPO Info Available,No Issue,,,,
2022,Porsche,Taycan Electric 4S,Price unavailable,9000,,,,All Wheel Drive,,Black/Black,1 Owner,No flood or frame damage,No odometer problems,WP0AB2Y19NSA45878,Sport Car - Large Luxury,Clean,No Issue,No Issue,No Open Recalls,No Issue,No Issue,No CPO Info Available,No Issue,79 city/80 hwy,Electric,199 miles,9.5 hours
2021,Porsche,Macan GTS,61998,22000,17 city/22 hwy,6-cyl,Turbo Gas,All Wheel Drive,Automatic,White/Red,1 Owner,No flood or frame damage,No odometer problems,WP1AG2A56MLB51241,CUV - Compact Luxury,Clean,No Issue,No Issue,No Open Recalls,No Issue,No Issue,No CPO Info Available,No Issue,,,,
2020,Porsche,Cayenne Hybrid ,61998,27000,,6-cyl,Plug-in Hybrid,All Wheel Drive,,Blue/Black,3 Owners,No flood or frame damage,No odometer problems,WP1AE2AY9LDA22855,CUV - Midsize Luxury,Clean,No Issue,No Issue,No Open Recalls,No Issue,No Issue,OEM-Certified,No Issue,45 city/37 hwy,,13 miles,3 hours
2021,Porsche,Macan ,40998,26000,19 city/23 hwy,4-cyl,Turbo Gas,All Wheel Drive,Automatic,Gray/Tan,1 Owner,No flood or frame damage,No odometer problems,WP1AA2A58MLB12765,CUV - Compact Luxury,Clean,No Issue,No Issue,No Open Recalls,No Issue,No Issue,No CPO Info Available,No Issue,,,,
2022,Porsche,Cayenne Platinum,64998,26000,19 city/23 hwy,6-cyl,Turbo Gas,All Wheel Drive,Automatic,White/Black,1 Owner,No flood or frame damage,No odometer problems,WP1AA2AY3NDA05807,CUV - Midsize Luxury,Clean,No Issue,No Issue,No Open Recalls,No Issue,No Issue,No CPO Info Available,No Issue,,,,
2018,Porsche,Macan ,33998,29000,20 city/25 hwy,,,,Automatic,White/Tan,1 Owner,No flood or frame damage,No odometer problems,WP1AA2A53JLB21742,CUV - Compact Luxury,Clean,No Issue,No Issue,No Open Recalls,No Issue,No Issue,No CPO Info Available,No Issue,,,,
2020,Porsche,Cayenne ,50998,21000,19 city/23 hwy,6-cyl,Turbo Gas,All Wheel Drive,Automatic,White/Black,2 Owners,No flood or frame damage,No odometer problems,WP1AA2AY1LDA05107,CUV - Midsize Luxury,Clean,No Issue,No Issue,No Open Recalls,No Issue,No Issue,No Recent CPO Reported,No Issue,,,,
2020,Porsche,Panamera Hybrid 4,57998,43000,,6-cyl,Plug-in Hybrid,All Wheel Drive,,White/Tan,2 Owners,No flood or frame damage,No odometer problems,WP0AE2A79LL133419,Sport Car - Midsize Luxury,Clean,No Issue,No Issue,No Open Recalls,No Issue,No Issue,No Recent CPO Reported,No Issue,48 city/54 hwy,,14 miles,3 hours
2021,Porsche,Macan ,41998,19000,19 city/23 hwy,,,,Automatic,Black/Black,1 Owner,No flood or frame damage,No odometer problems,WP1AA2A5XMLB07728,CUV - Compact Luxury,Clean,No Issue,No Issue,No Open Recalls,No Issue,No Issue,No CPO Info Available,No Issue,,,,
2020,Porsche,Macan S,37998,43000,18 city/23 hwy,6-cyl,Turbo Gas,All Wheel Drive,Automatic,White/Black,3 Owners,No flood or frame damage,No odometer problems,WP1AB2A50LLB35176,CUV - Compact Luxury,Clean,No Issue,Damage Reported,No Open Recalls,No Issue,No Issue,No Recent CPO Reported,No Issue,,,,
2018,Porsche,Macan Sport Edition,29998,47000,20 city/25 hwy,4-cyl,Turbo Gas,All Wheel Drive,Automatic,Black/Black,2 Owners,No flood or frame damage,No odometer problems,WP1AA2A57JLB14339,CUV - Compact Luxury,Clean,No Issue,No Issue,No Open Recalls,No Issue,No Issue,No Recent CPO Reported,No Issue,,,,
2019,Porsche,Macan ,36998,29000,19 city/23 hwy,4-cyl,Turbo Gas,All Wheel Drive,Automatic,Black/Black,2 Owners,No flood or frame damage,No odometer problems,WP1AA2A59KLB05305,CUV - Compact Luxury,Clean,No Issue,No Issue,No Open Recalls,No Issue,No Issue,No Recent CPO Reported,No Issue,,,,
2019,Porsche,Macan ,30998,57000,19 city/23 hwy,4-cyl,Turbo Gas,All Wheel Drive,Automatic,Black/Tan,1 Owner,No flood or frame damage,No odometer problems,WP1AA2A52KLB05226,CUV - Compact Luxury,Clean,No Issue,Minor,No Open Recalls,No Issue,No Issue,No CPO Info Available,No Issue,,,,
2020,Porsche,Cayenne ,42998,58000,19 city/23 hwy,6-cyl,Turbo Gas,All Wheel Drive,Automatic,Brown/Tan,1 Owner,No flood or frame damage,No odometer problems,WP1AA2AY2LDA01017,CUV - Midsize Luxury,Clean,No Issue,No Issue,No Open Recalls,No Issue,No Issue,No CPO Info Available,No Issue,,,,
2021,Porsche,Macan ,38998,22000,19 city/23 hwy,4-cyl,Turbo Gas,All Wheel Drive,Automatic,Gray/Black,2 Owners,No flood or frame damage,No odometer problems,WP1AA2A57MLB00915,CUV - Compact Luxury,Clean,No Issue,Minor,No Open Recalls,No Issue,No Issue,No Recent CPO Reported,No Issue,,,,
2019,Porsche,Cayenne ,46998,26000,19 city/23 hwy,6-cyl,Turbo Gas,All Wheel Drive,Automatic,Gray/Brown,2 Owners,No flood or frame damage,No odometer problems,WP1AA2AYXKDA06397,CUV - Midsize Luxury,Clean,No Issue,No Issue,No Open Recalls,No Issue,No Issue,No CPO Info Available,No Issue,,,,
2021,Porsche,Macan GTS,53998,41000,17 city/22 hwy,6-cyl,Turbo Gas,All Wheel Drive,Automatic,White/Black,2 Owners,No flood or frame damage,No odometer problems,WP1AG2A57MLB51801,CUV - Compact Luxury,Clean,No Issue,No Issue,No Open Recalls,No Issue,No Issue,OEM-Certified,No Issue,,,,
2022,Porsche,Macan ,44998,42000,19 city/25 hwy,4-cyl,Turbo Gas,All Wheel Drive,Automatic,White/Tan,1 Owner,No flood or frame damage,No odometer problems,WP1AA2A53NLB09371,CUV - Compact Luxury,Clean,No Issue,No Issue,No Open Recalls,No Issue,No Issue,No CPO Info Available,No Issue,,,,
2020,Porsche,Macan S,48998,16000,18 city/23 hwy,6-cyl,Turbo Gas,All Wheel Drive,Automatic,White/Black,2 Owners,No flood or frame damage,No odometer problems,WP1AB2A57LLB31402,CUV - Compact Luxury,Clean,No Issue,No Issue,No Open Recalls,No Issue,No Issue,No CPO Info Available,No Issue,,,,
2017,Porsche,Macan S,31998,35000,17 city/23 hwy,6-cyl,Turbo Gas,All Wheel Drive,Automatic,White/Black,1 Owner,No flood or frame damage,No odometer problems,WP1AB2A59HLB16035,CUV - Compact Luxury,Clean,No Issue,No Issue,No Open Recalls,No Issue,No Issue,No CPO Info Available,No Issue,,,,
2021,Porsche,Panamera ,68998,11000,18 city/24 hwy,6-cyl,Turbo Gas,Rear Wheel Drive,Automatic,Gray/Black,1 Owner,No flood or frame damage,No odometer problems,WP0AJ2A79ML114270,Sport Car - Midsize Luxury,Clean,No Issue,No Issue,No Open Recalls,No Issue,No Issue,No CPO Info Available,No Issue,,,,
2021,Porsche,Macan ,42998,18000,19 city/23 hwy,4-cyl,Turbo Gas,All Wheel Drive,Automatic,Gray/Black,1 Owner,No flood or frame damage,No odometer problems,WP1AA2A53MLB10812,CUV - Compact Luxury,Clean,No Issue,No Issue,No Open Recalls,No Issue,No Issue,No CPO Info Available,No Issue,,,,
2021,Porsche,Cayenne S,56998,41000,18 city/22 hwy,6-cyl,Turbo Gas,All Wheel Drive,Automatic,Gray/Black,1 Owner,No flood or frame damage,No odometer problems,WP1AB2AY4MDA27178,CUV - Midsize Luxury,Clean,No Issue,No Issue,No Open Recalls,No Issue,No Issue,No CPO Info Available,No Issue,,,,
2018,Porsche,Panamera 4S,55998,56000,21 city/28 hwy,6-cyl,Turbo Gas,All Wheel Drive,Automatic,Black/Red,3 Owners,No flood or frame damage,No odometer problems,WP0AB2A70JL136697,Sport Car - Midsize Luxury,Clean,No Issue,Damage Reported,No Open Recalls,No Issue,No Issue,No CPO Info Available,No Issue,,,,
2014,Porsche,911 Carrera S,71998,34000,19 city/27 hwy,6-cyl,Gas,Rear Wheel Drive,Automatic,Silver/Black,3 Owners,No flood or frame damage,No odometer problems,WP0AB2A93ES122743,Sport Car - Subcompact Luxury,Clean,No Issue,No Issue,No Open Recalls,No Issue,No Issue,No CPO Info Available,No Issue,,,,
2021,Porsche,Macan ,37998,31000,19 city/23 hwy,4-cyl,Turbo Gas,All Wheel Drive,Automatic,Blue/Black,2 Owners,No flood or frame damage,No odometer problems,WP1AA2A58MLB00289,CUV - Compact Luxury,Clean,No Issue,No Issue,No Open Recalls,No Issue,No Issue,No Recent CPO Reported,No Issue,,,,
2020,Porsche,Cayenne Coupe,49998,50000,19 city/23 hwy,,,,Automatic,Gray/Black,2 Owners,No flood or frame damage,No odometer problems,WP1BA2AY3LDA48044,CUV - Midsize Luxury,Clean,No Issue,Minor,No Open Recalls,No Issue,No Issue,No CPO Info Available,No Issue,,,,
2022,Porsche,718 Boxster ,66998,14000,20 city/26 hwy,,,,Automatic,Blue/Red,1 Owner,No flood or frame damage,No odometer problems,WP0CA2A80NS205324,Sport Car - Subcompact Luxury,Clean,No Issue,No Issue,No Open Recalls,No Issue,No Issue,No CPO Info Available,No Issue,,,,
2020,Porsche,Cayenne ,52998,29000,19 city/23 hwy,6-cyl,Turbo Gas,All Wheel Drive,Automatic,Blue/Gray,2 Owners,No flood or frame damage,No odometer problems,WP1AA2AY6LDA02221,CUV - Midsize Luxury,Clean,No Issue,No Issue,No Open Recalls,No Issue,No Issue,No CPO Info Available,No Issue,,,,
2023,Porsche,Macan S,66998,2000,17 city/23 hwy,6-cyl,Turbo Gas,All Wheel Drive,Automatic,Gray/Red,1 Owner,No flood or frame damage,No odometer problems,WP1AG2A54PLB40582,CUV - Compact Luxury,Clean,No Issue,No Issue,No Open Recalls,No Issue,No Issue,No CPO Info Available,No Issue,,,,
2017,Porsche,Panamera Turbo,63998,45000,18 city/25 hwy,8-cyl,Turbo Gas,All Wheel Drive,Automatic,Blue/Black,4 Owners,No flood or frame damage,No odometer problems,WP0AF2A79HL150872,Sport Car - Midsize Luxury,Clean,No Issue,No Issue,No Open Recalls,No Issue,No Issue,No Recent CPO Reported,No Issue,,,,
2022,Porsche,Macan S,57998,20000,17 city/23 hwy,6-cyl,Turbo Gas,All Wheel Drive,Automatic,Gray/Red,1 Owner,No flood or frame damage,No odometer problems,WP1AG2A53NLB24838,CUV - Compact Luxury,Clean,No Issue,No Issue,No Open Recalls,No Issue,No Issue,No CPO Info Available,No Issue,,,,
2018,Porsche,Macan S,33998,48000,17 city/23 hwy,6-cyl,Turbo Gas,All Wheel Drive,Automatic,Red/Red,2 Owners,No flood or frame damage,No odometer problems,WP1AB2A51JLB32493,CUV - Compact Luxury,Clean,No Issue,No Issue,No Open Recalls,No Issue,No Issue,No CPO Info Available,No Issue,,,,
2018,Porsche,Panamera Turbo,60998,53000,18 city/25 hwy,8-cyl,Turbo Gas,All Wheel Drive,Automatic,Black/Brown,3 Owners,No flood or frame damage,No odometer problems,WP0AF2A72JL142313,Sport Car - Midsize Luxury,Clean,No Issue,No Issue,No Open Recalls,No Issue,No Issue,No Recent CPO Reported,No Issue,,,,
2020,Porsche,Cayenne S Coupe,57998,51000,18 city/22 hwy,,,,Automatic,Black/Black,1 Owner,No flood or frame damage,No odometer problems,WP1BB2AY2LDA57329,CUV - Midsize Luxury,Clean,No Issue,No Issue,No Open Recalls,No Issue,No Issue,No CPO Info Available,No Issue,,,,
2021,Porsche,Macan ,39998,26000,19 city/23 hwy,4-cyl,Turbo Gas,All Wheel Drive,Automatic,Gray/Black,2 Owners,No flood or frame damage,No odometer problems,WP1AA2A58MLB08764,CUV - Compact Luxury,Clean,No Issue,No Issue,No Open Recalls,No Issue,No Issue,OEM-Certified,No Issue,,,,
2016,Porsche,Cayenne ,30998,50000,19 city/24 hwy,6-cyl,Gas,All Wheel Drive,Automatic,White/Brown,1 Owner,No flood or frame damage,No odometer problems,WP1AA2A26GKA11319,CUV - Midsize Luxury,Clean,No Issue,No Issue,No Open Recalls,No Issue,No Issue,No Recent CPO Reported,No Issue,,,,
2018,Porsche,718 Boxster ,47998,51000,21 city/28 hwy,4-cyl,Turbo Gas,Rear Wheel Drive,Automatic,Black/Black,3 Owners,No flood or frame damage,No odometer problems,WP0CA2A83JS210897,Sport Car - Subcompact Luxury,Clean,No Issue,No Issue,No Open Recalls,No Issue,No Issue,No Recent CPO Reported,No Issue,,,,
2017,Porsche,718 Boxster ,51998,30000,21 city/28 hwy,4-cyl,Turbo Gas,,Automatic,White/Red,3 Owners,No flood or frame damage,No odometer problems,WP0CA2A8XHS221373,Sport Car - Subcompact Luxury,Clean,No Issue,No Issue,No Open Recalls,No Issue,No Issue,No CPO Info Available,No Issue,,,,
2022,Porsche,Macan ,53998,7000,19 city/25 hwy,,,,Automatic,Blue/Black,2 Owners,No flood or frame damage,No odometer problems,WP1AA2A54NLB06334,CUV - Compact Luxury,Clean,No Issue,Minor,No Open Recalls,No Issue,No Issue,OEM-Certified,No Issue,,,,
2017,Porsche,718 Cayman ,47998,36000,21 city/28 hwy,4-cyl,Turbo Gas,,Automatic,Blue/Gray,3 Owners,No flood or frame damage,No odometer problems,WP0AA2A81HS270078,Sport Car - Subcompact Luxury,Clean,No Issue,Damage Reported,No Open Recalls,No Issue,No Issue,No Recent CPO Reported,No Issue,,,,
2021,Porsche,Macan ,40998,26000,19 city/23 hwy,4-cyl,Turbo Gas,All Wheel Drive,Automatic,White/Black,2 Owners,No flood or frame damage,No odometer problems,WP1AA2A57MLB07816,CUV - Compact Luxury,Clean,No Issue,Moderate,No Open Recalls,No Issue,No Issue,No CPO Info Available,No Issue,,,,
2018,Porsche,Macan Sport Edition,33998,45000,20 city/25 hwy,4-cyl,Turbo Gas,All Wheel Drive,Automatic,Blue/Tan,2 Owners,No flood or frame damage,No odometer problems,WP1AA2A50JLB14635,CUV - Compact Luxury,Clean,No Issue,No Issue,No Open Recalls,No Issue,No Issue,No CPO Info Available,No Issue,,,,
2020,Porsche,Macan S,42998,48000,18 city/23 hwy,6-cyl,Turbo Gas,All Wheel Drive,Automatic,White/Tan,1 Owner,No flood or frame damage,No odometer problems,WP1AB2A57LLB36910,CUV - Compact Luxury,Clean,No Issue,No Issue,No Open Recalls,No Issue,No Issue,No CPO Info Available,No Issue,,,,
2022,Porsche,Panamera Platinum,81998,10000,18 city/24 hwy,,,,Automatic,Black/Black,1 Owner,No flood or frame damage,No odometer problems,WP0AJ2A73NL101693,Sport Car - Midsize Luxury,Clean,No Issue,No Issue,No Open Recalls,No Issue,No Issue,No CPO Info Available,No Issue,,,,
2021,Porsche,Macan ,47998,15000,19 city/23 hwy,,,,Automatic,Black/Tan,2 Owners,No flood or frame damage,No odometer problems,WP1AA2A58MLB10689,CUV - Compact Luxury,Clean,No Issue,No Issue,No Open Recalls,No Issue,No Issue,No CPO Info Available,No Issue,,,,
2019,Porsche,Cayenne ,39998,56000,19 city/23 hwy,,,,Automatic,Black/Tan,3 Owners,No flood or frame damage,No odometer problems,WP1AA2AY1KDA01282,CUV - Midsize Luxury,Clean,No Issue,No Issue,No Open Recalls,No Issue,No Issue,No CPO Info Available,No Issue,,,,
2022,Porsche,Macan S,57998,14000,17 city/23 hwy,,,,Automatic,White/Tan,1 Owner,No flood or frame damage,No odometer problems,WP1AG2A50NLB23050,CUV - Compact Luxury,Clean,No Issue,No Issue,No Open Recalls,No Issue,No Issue,No CPO Info Available,No Issue,,,,
