year,make,model,price,mileage,Miles per gallon,cylinders,fuel,Drive type,Transmission,Bed Length,Color,owner,frame_damage,Odometer_problem,VIN,class,State Title Brand,Auction Brand / Issues,Accident / Damage,Open Recall Check,Insurance Loss / Transfer,Odometer Check,Certified Pre-Owned,Service / Repair
2019,Ram,1500 Classic Warlock,28998,58000,16 city/23 hwy,6-cyl,Gas,Four Wheel Drive,Automatic,6 ft,Black/Black,1 Owner,No flood or frame damage,No odometer problems,1C6RR7GG6KS708860,Pickup - Fullsize,Clean,No Issue,No Issue,No Open Recalls,No Issue,No Issue,No CPO Info Available,No Issue
2021,Ram,1500 Bighorn,34998,42000,15 city/21 hwy,8-cyl,Gas,Four Wheel Drive,Automatic,5.5 ft,Gray/Gray,1 Owner,No flood or frame damage,No odometer problems,1C6SRFFT2MN668191,Pickup - Fullsize,Clean,No Issue,No Issue,No Open Recalls,No Issue,No Issue,No CPO Info Available,No Issue
2020,Ram,1500 Laramie,28998,84000,17 city/23 hwy,8-cyl,Gas,Rear Wheel Drive,Automatic,6 ft,Blue/Black,1 Owner,No flood or frame damage,No odometer problems,1C6RRERT1LN320692,Pickup - Fullsize,Clean,No Issue,Moderate,No Open Recalls,No Issue,No Issue,No CPO Info Available,No Issue
2021,Ram,1500 Bighorn,36998,7000,15 city/21 hwy,8-cyl,Gas,Four Wheel Drive,Automatic,6 ft,Gray/Black,1 Owner,No flood or frame damage,No odometer problems,1C6SRFBT2MN787252,Pickup - Fullsize,Clean,No Issue,No Issue,No Open Recalls,No Issue,No Issue,No CPO Info Available,No Issue
2020,Ram,1500 Rebel,38998,42000,17 city/22 hwy,8-cyl,Gas,Four Wheel Drive,Automatic,6 ft,White/Black,2 Owners,No flood or frame damage,No odometer problems,1C6SRFET8LN131082,Pickup - Fullsize,Clean,No Issue,Minor,No Open Recalls,No Issue,No Issue,No CPO Info Available,No Issue
2022,Ram,1500 Limited,52998,20000,15 city/21 hwy,8-cyl,Gas,Four Wheel Drive,Automatic,5.5 ft,Blue/Tan,2 Owners,No flood or frame damage,No odometer problems,1C6SRFHTXNN194327,Pickup - Fullsize,Clean,No Issue,No Issue,No Open Recalls,No Issue,No Issue,No CPO Info Available,No Issue
2021,Ram,1500 Classic Warlock,32998,22000,16 city/23 hwy,6-cyl,Gas,Four Wheel Drive,Automatic,6 ft,Black/Black,1 Owner,No flood or frame damage,No odometer problems,1C6RR7GG7MS519864,Pickup - Fullsize,Clean,No Issue,No Issue,No Open Recalls,No Issue,No Issue,No CPO Info Available,No Issue
2019,Ram,1500 Rebel,37998,76000,15 city/21 hwy,8-cyl,Gas,Four Wheel Drive,Automatic,5.5 ft,Black/Black,2 Owners,No flood or frame damage,No odometer problems,1C6SRFLT7KN854827,Pickup - Fullsize,Clean,No Issue,No Issue,No Open Recalls,No Issue,No Issue,No CPO Info Available,No Issue
2021,Ram,1500 Rebel,42998,44000,15 city/21 hwy,8-cyl,Gas,Four Wheel Drive,Automatic,5.5 ft,Red/Black,3 Owners,No flood or frame damage,No odometer problems,1C6SRFLT1MN555403,Pickup - Fullsize,Clean,No Issue,Damage Reported,No Open Recalls,No Issue,No Issue,No CPO Info Available,No Issue
2017,Ram,1500 Express,20998,94000,16 city/23 hwy,6-cyl,Gas,Four Wheel Drive,Automatic,6 ft,Red/Gray,2 Owners,No flood or frame damage,No odometer problems,1C6RR7FG1HS826843,Pickup - Fullsize,Clean,No Issue,No Issue,No Open Recalls,No Issue,No Issue,No CPO Info Available,No Issue
2018,Ram,1500 Bighorn,30998,55000,15 city/21 hwy,8-cyl,Gas,Four Wheel Drive,Automatic,5.5 ft,White/Gray,2 Owners,No flood or frame damage,No odometer problems,1C6RR7LT5JS343718,Pickup - Fullsize,Clean,No Issue,Damage Reported,No Open Recalls,No Issue,No Issue,No CPO Info Available,No Issue
2018,Ram,1500 Night,36998,21000,15 city/21 hwy,8-cyl,Gas,Four Wheel Drive,Automatic,6 ft,White/Black,1 Owner,No flood or frame damage,No odometer problems,1C6RR7HTXJS190326,Pickup - Fullsize,Clean,No Issue,Damage Reported,No Open Recalls,No Issue,No Issue,No CPO Info Available,No Issue
2020,Ram,1500 Bighorn,36998,46000,15 city/21 hwy,8-cyl,Gas,Four Wheel Drive,Automatic,5.5 ft,Red/Black,2 Owners,No flood or frame damage,No odometer problems,1C6SRFFTXLN329113,Pickup - Fullsize,Clean,No Issue,Minor,No Open Recalls,No Issue,No Issue,No CPO Info Available,No Issue
2021,Ram,1500 Laramie,39998,54000,15 city/21 hwy,8-cyl,Gas,Four Wheel Drive,Automatic,5.5 ft,White/Black,1 Owner,No flood or frame damage,No odometer problems,1C6SRFJT6MN738993,Pickup - Fullsize,Clean,No Issue,No Issue,No Open Recalls,No Issue,No Issue,No CPO Info Available,No Issue
2022,Ram,1500 Bighorn,29998,45000,19 city/24 hwy,8-cyl,Gas,Four Wheel Drive,Automatic,6 ft,Black/Gray,2 Owners,No flood or frame damage,No odometer problems,1C6RREBT8NN273190,Pickup - Fullsize,Clean,No Issue,No Issue,No Open Recalls,No Issue,No Issue,No CPO Info Available,No Issue
2020,Ram,1500 Bighorn,32998,15000,17 city/22 hwy,8-cyl,Gas,Four Wheel Drive,Automatic,6 ft,Red/Gray,1 Owner,No flood or frame damage,No odometer problems,1C6SRFBT5LN190160,Pickup - Fullsize,Clean,No Issue,Minor,No Open Recalls,No Issue,No Issue,No CPO Info Available,No Issue
2020,Ram,1500 Laramie,40998,45000,17 city/22 hwy,,,,Automatic,5.5 ft,Gray/Black,2 Owners,No flood or frame damage,No odometer problems,1C6SRFJT3LN276715,Pickup - Fullsize,Clean,No Issue,Damage Reported,No Open Recalls,No Issue,No Issue,No CPO Info Available,No Issue
2014,Ram,1500 Bighorn,21998,115000,16 city/23 hwy,6-cyl,Gas,Four Wheel Drive,Automatic,5.5 ft,Blue/Gray,1 Owner,No flood or frame damage,No odometer problems,1C6RR7LG1ES209748,Pickup - Fullsize,Clean,No Issue,No Issue,No Open Recalls,No Issue,No Issue,No CPO Info Available,No Issue
2021,Ram,1500 Rebel,44998,39000,15 city/21 hwy,8-cyl,Gas,Four Wheel Drive,Automatic,5.5 ft,Black/Black,2 Owners,No flood or frame damage,No odometer problems,1C6SRFLT8MN732139,Pickup - Fullsize,Clean,No Issue,Minor,No Open Recalls,No Issue,No Issue,No CPO Info Available,No Issue
2019,Ram,1500 Classic Express,25998,70000,15 city/21 hwy,,,,Automatic,6 ft,Black/Black,2 Owners,No flood or frame damage,No odometer problems,1C6RR7FT0KS541698,Pickup - Fullsize,Clean,No Issue,Minor,No Open Recalls,No Issue,No Issue,No CPO Info Available,No Issue
2021,Ram,1500 Classic Warlock,33998,16000,16 city/23 hwy,6-cyl,Gas,Four Wheel Drive,Automatic,6 ft,Black/Black,1 Owner,No flood or frame damage,No odometer problems,1C6RR7GG0MS568727,Pickup - Fullsize,Clean,No Issue,No Issue,No Open Recalls,No Issue,No Issue,No CPO Info Available,No Issue
2022,Ram,1500 Rebel,47998,29000,15 city/21 hwy,8-cyl,Gas,Four Wheel Drive,Automatic,5.5 ft,Burgundy/Black,2 Owners,No flood or frame damage,No odometer problems,1C6SRFLT0NN473745,Pickup - Fullsize,Clean,No Issue,No Issue,No Open Recalls,No Issue,No Issue,OEM-Certified,No Issue
2022,Ram,1500 Laramie,44998,10000,15 city/22 hwy,8-cyl,Gas,Rear Wheel Drive,Automatic,5.5 ft,Red/Black,1 Owner,No flood or frame damage,No odometer problems,1C6RREJT8NN451245,Pickup - Fullsize,Clean,No Issue,No Issue,No Open Recalls,No Issue,No Issue,No CPO Info Available,No Issue
2021,Ram,1500 Classic SLT,27998,46000,16 city/23 hwy,6-cyl,Gas,Four Wheel Drive,Automatic,5.5 ft,White/Gray,1 Owner,No flood or frame damage,No odometer problems,1C6RR7LG1MS536035,Pickup - Fullsize,Clean,No Issue,No Issue,No Open Recalls,No Issue,No Issue,No CPO Info Available,No Issue
2022,Ram,2500 Laramie,50998,38000,12 city/18 hwy,8-cyl,Gas,Four Wheel Drive,Automatic,6 ft,White/Black,2 Owners,No flood or frame damage,No odometer problems,3C6UR5FJ9NG229419,Pickup - Fullsize,Clean,No Issue,No Issue,No Open Recalls,No Issue,No Issue,No CPO Info Available,No Issue
2022,Ram,1500 Rebel,44998,23000,21 city/29 hwy,6-cyl,Turbo Diesel,Four Wheel Drive,Automatic,5.5 ft,White/Black,1 Owner,No flood or frame damage,No odometer problems,1C6SRFLM3NN156020,Pickup - Fullsize,Clean,No Issue,Damage Reported,No Open Recalls,No Issue,No Issue,OEM-Certified,No Issue
2021,Ram,1500 Longhorn,45998,55000,15 city/21 hwy,,,,Automatic,5.5 ft,Black/Brown,1 Owner,No flood or frame damage,No odometer problems,1C6SRFKT0MN587437,Pickup - Fullsize,Clean,No Issue,No Issue,No Open Recalls,No Issue,No Issue,No CPO Info Available,No Issue
2022,Ram,1500 Bighorn,30998,53000,19 city/24 hwy,6-cyl,Gas,Four Wheel Drive,Automatic,6 ft,Gray/Black,1 Owner,No flood or frame damage,No odometer problems,1C6RRFBG7NN199513,Pickup - Fullsize,Clean,No Issue,No Issue,No Open Recalls,No Issue,No Issue,No CPO Info Available,No Issue
2021,Ram,1500 Bighorn,29998,35000,19 city/24 hwy,6-cyl,Gas,Four Wheel Drive,Automatic,6 ft,Blue/Black,1 Owner,No flood or frame damage,No odometer problems,1C6RRFBG7MN784882,Pickup - Fullsize,Clean,No Issue,No Issue,No Open Recalls,No Issue,No Issue,No CPO Info Available,No Issue
2022,Ram,1500 Bighorn,30998,31000,15 city/22 hwy,8-cyl,Gas,Rear Wheel Drive,Automatic,6 ft,Gray/Black,1 Owner,No flood or frame damage,No odometer problems,1C6RREBT6NN254153,Pickup - Fullsize,Clean,No Issue,No Issue,No Open Recalls,No Issue,No Issue,No CPO Info Available,No Issue
2019,Ram,1500 Bighorn,32998,52000,15 city/22 hwy,8-cyl,Gas,Four Wheel Drive,Automatic,5.5 ft,Burgundy/Tan,2 Owners,No flood or frame damage,No odometer problems,1C6SRFFT8KN587046,Pickup - Fullsize,Clean,No Issue,Damage Reported,No Open Recalls,No Issue,No Issue,No CPO Info Available,No Issue
2017,Ram,1500 Bighorn,27998,51000,16 city/23 hwy,8-cyl,Gas,Four Wheel Drive,Automatic,6 ft,Black/Gray,2 Owners,No flood or frame damage,No odometer problems,1C6RR7GT3HS815791,Pickup - Fullsize,Clean,No Issue,Minor,No Open Recalls,No Issue,No Issue,No CPO Info Available,No Issue
2019,Ram,1500 Classic SLT,25998,72000,15 city/21 hwy,8-cyl,Gas,Four Wheel Drive,Automatic,6 ft,White/Gray,3 Owners,No flood or frame damage,No odometer problems,1C6RR7TT3KS702839,Pickup - Fullsize,Clean,No Issue,No Issue,No Open Recalls,No Issue,No Issue,No CPO Info Available,No Issue
2019,Ram,1500 Laramie,39998,50000,15 city/22 hwy,8-cyl,Gas,Four Wheel Drive,Automatic,5.5 ft,White/Black,2 Owners,No flood or frame damage,No odometer problems,1C6SRFJT0KN642693,Pickup - Fullsize,Clean,No Issue,No Issue,No Open Recalls,No Issue,No Issue,No CPO Info Available,No Issue
2021,Ram,1500 Classic Warlock,29998,32000,15 city/21 hwy,8-cyl,Gas,Four Wheel Drive,Automatic,6 ft,Red/Black,1 Owner,No flood or frame damage,No odometer problems,1C6RR7GTXMS522691,Pickup - Fullsize,Clean,No Issue,No Issue,No Open Recalls,No Issue,No Issue,No CPO Info Available,No Issue
2019,Ram,1500 Classic Warlock,30998,36000,16 city/23 hwy,6-cyl,Gas,Four Wheel Drive,Automatic,6 ft,Gray/Gray,1 Owner,No flood or frame damage,No odometer problems,1C6RR7GGXKS633080,Pickup - Fullsize,Clean,No Issue,No Issue,No Open Recalls,No Issue,No Issue,No CPO Info Available,No Issue
2021,Ram,1500 Classic Tradesman,22998,27000,17 city/25 hwy,6-cyl,Gas,Rear Wheel Drive,Automatic,8 ft,White/Gray,1 Owner,No flood or frame damage,No odometer problems,3C6JR6DG7MG705228,Pickup - Fullsize,Clean,No Issue,No Issue,No Open Recalls,No Issue,No Issue,No CPO Info Available,No Issue
2022,Ram,2500 Tradesman,49998,28000,12 city/16 hwy,6-cyl,Turbo Diesel,Four Wheel Drive,Automatic,6 ft,Silver/Gray,2 Owners,No flood or frame damage,No odometer problems,3C6UR5CL0NG372927,Pickup - Fullsize,Clean,No Issue,No Issue,No Open Recalls,No Issue,No Issue,No CPO Info Available,No Issue
2021,Ram,1500 Bighorn,37998,29000,15 city/21 hwy,8-cyl,Gas,Four Wheel Drive,Automatic,5.5 ft,White/Black,2 Owners,No flood or frame damage,No odometer problems,1C6SRFFT9MN826025,Pickup - Fullsize,Clean,No Issue,Damage Reported,No Open Recalls,No Issue,No Issue,No CPO Info Available,No Issue
2019,Ram,1500 Limited,46998,35000,17 city/22 hwy,8-cyl,Gas,Four Wheel Drive,Automatic,5.5 ft,Black/Black,2 Owners,No flood or frame damage,No odometer problems,1C6SRFHT0KN625589,Pickup - Fullsize,Clean,No Issue,No Issue,No Open Recalls,No Issue,No Issue,No CPO Info Available,No Issue
2021,Ram,1500 Classic Warlock,31998,23000,16 city/23 hwy,6-cyl,Gas,Four Wheel Drive,Automatic,6 ft,Black/Gray,1 Owner,No flood or frame damage,No odometer problems,1C6RR7GGXMS525982,Pickup - Fullsize,Clean,No Issue,No Issue,No Open Recalls,No Issue,No Issue,No CPO Info Available,No Issue
2022,Ram,1500 Laramie,41998,18000,22 city/32 hwy,6-cyl,Turbo Diesel,Rear Wheel Drive,Automatic,5.5 ft,White/Black,1 Owner,No flood or frame damage,No odometer problems,1C6RREJM2NN347035,Pickup - Fullsize,Clean,No Issue,No Issue,No Open Recalls,No Issue,No Issue,No CPO Info Available,No Issue
2019,Ram,1500 Bighorn,28998,86000,15 city/21 hwy,,,,Automatic,5.5 ft,Black/Gray,1 Owner,No flood or frame damage,No odometer problems,1C6SRFFT7KN709735,Pickup - Fullsize,Clean,No Issue,No Issue,No Open Recalls,No Issue,No Issue,No CPO Info Available,No Issue
2022,Ram,1500 Bighorn,33998,24000,19 city/24 hwy,8-cyl,Gas,Four Wheel Drive,Automatic,6 ft,Silver/Gray,2 Owners,No flood or frame damage,No odometer problems,1C6SRFBT5NN203721,Pickup - Fullsize,Clean,No Issue,No Issue,No Open Recalls,No Issue,No Issue,No CPO Info Available,No Issue
2021,Ram,1500 Rebel,43998,49000,15 city/21 hwy,8-cyl,Gas,Four Wheel Drive,Automatic,5.5 ft,White/Black,1 Owner,No flood or frame damage,No odometer problems,1C6SRFLT0MN579322,Pickup - Fullsize,Clean,No Issue,Damage Reported,No Open Recalls,No Issue,No Issue,No CPO Info Available,No Issue
2022,Ram,1500 Classic Warlock,32998,20000,,,,,Automatic,6 ft,White/Black,2 Owners,No flood or frame damage,No odometer problems,1C6RR7GG9NS164293,Pickup - Fullsize,Clean,No Issue,Moderate,No Open Recalls,No Issue,No Issue,No CPO Info Available,No Issue
2019,Ram,1500 Rebel,37998,70000,15 city/21 hwy,8-cyl,Gas,Four Wheel Drive,Automatic,5.5 ft,Black/Black,2 Owners,No flood or frame damage,No odometer problems,1C6SRFLT0KN629892,Pickup - Fullsize,Clean,No Issue,Minor,No Open Recalls,No Issue,No Issue,No CPO Info Available,No Issue
2019,Ram,1500 Classic SLT,25998,40000,15 city/21 hwy,8-cyl,Gas,Four Wheel Drive,Automatic,8 ft,White/Black,1 Owner,No flood or frame damage,No odometer problems,3C6JR7ET3KG522701,Pickup - Fullsize,Clean,No Issue,No Issue,No Open Recalls,No Issue,No Issue,No CPO Info Available,No Issue
2021,Ram,1500 Rebel,47998,43000,15 city/21 hwy,8-cyl,Gas,Four Wheel Drive,Automatic,5.5 ft,Blue/Black,1 Owner,No flood or frame damage,No odometer problems,1C6SRFLT5MN595550,Pickup - Fullsize,Clean,No Issue,No Issue,No Open Recalls,No Issue,No Issue,No CPO Info Available,No Issue
2022,Ram,3500 Tradesman,48998,34000,Not available,6-cyl,Turbo Diesel,Four Wheel Drive,Automatic,8 ft,White/Black,1 Owner,No flood or frame damage,No odometer problems,3C63R3GL9NG163597,Pickup - Fullsize,Clean,No Issue,No Issue,No Open Recalls,No Issue,No Issue,No CPO Info Available,No Issue
2021,Ram,1500 Bighorn,33998,56000,15 city/21 hwy,8-cyl,Gas,Four Wheel Drive,Automatic,6 ft,Silver/Black,1 Owner,No flood or frame damage,No odometer problems,1C6SRFBT1MN785539,Pickup - Fullsize,Clean,No Issue,No Issue,No Open Recalls,No Issue,No Issue,No CPO Info Available,No Issue
2020,Ram,1500 Classic Warlock,31998,28000,16 city/23 hwy,6-cyl,Gas,Four Wheel Drive,Automatic,6 ft,Gray/Black,1 Owner,No flood or frame damage,No odometer problems,1C6RR7GG2LS115269,Pickup - Fullsize,Clean,No Issue,No Issue,No Open Recalls,No Issue,No Issue,No CPO Info Available,No Issue
2019,Ram,1500 Classic Tradesman,20998,56000,15 city/22 hwy,8-cyl,Gas,Rear Wheel Drive,Automatic,8 ft,White/Gray,1 Owner,No flood or frame damage,No odometer problems,3C6JR6DT8KG527694,Pickup - Fullsize,Clean,No Issue,No Issue,No Open Recalls,No Issue,No Issue,No CPO Info Available,No Issue
2021,Ram,1500 Bighorn,33998,33000,19 city/24 hwy,6-cyl,Gas,Four Wheel Drive,Automatic,5.5 ft,White/Black,2 Owners,No flood or frame damage,No odometer problems,1C6RRFFG8MN785243,Pickup - Fullsize,Clean,No Issue,No Issue,No Open Recalls,No Issue,No Issue,No CPO Info Available,No Issue
2023,Ram,Promaster 2500 ,41998,33000,,6-cyl,Gas,Front Wheel Drive,Automatic,,White/Black,2 Owners,No flood or frame damage,No odometer problems,3C6LRVCG2PE519570,Van - Fullsize,Clean,No Issue,No Issue,No Open Recalls,No Issue,No Issue,No CPO Info Available,No Issue
2021,Ram,1500 Laramie,39998,36000,15 city/21 hwy,8-cyl,Gas,Four Wheel Drive,Automatic,5.5 ft,White/Black,2 Owners,No flood or frame damage,No odometer problems,1C6SRFJT1MN643564,Pickup - Fullsize,Clean,No Issue,No Issue,No Open Recalls,No Issue,No Issue,No CPO Info Available,No Issue
2020,Ram,1500 Laramie,40998,34000,17 city/22 hwy,8-cyl,Gas,Four Wheel Drive,Automatic,5.5 ft,Black/Black,1 Owner,No flood or frame damage,No odometer problems,1C6SRFJT1LN217145,Pickup - Fullsize,Clean,No Issue,No Issue,No Open Recalls,No Issue,No Issue,No CPO Info Available,No Issue
2022,Ram,1500 Limited,49998,16000,15 city/21 hwy,8-cyl,Gas,Four Wheel Drive,Automatic,5.5 ft,White/Black,1 Owner,No flood or frame damage,No odometer problems,1C6SRFHT4NN282404,Pickup - Fullsize,Clean,No Issue,Damage Reported,No Open Recalls,No Issue,No Issue,No CPO Info Available,No Issue
2019,Ram,1500 Laramie Longhorn,39998,74000,17 city/22 hwy,8-cyl,Gas,Four Wheel Drive,Automatic,6 ft,Black/Brown,2 Owners,No flood or frame damage,No odometer problems,1C6SRFST7KN896092,Pickup - Fullsize,Clean,No Issue,No Issue,No Open Recalls,No Issue,No Issue,No CPO Info Available,No Issue
2020,Ram,1500 Bighorn,30998,35000,17 city/22 hwy,8-cyl,Gas,Four Wheel Drive,Automatic,6 ft,Black/Gray,1 Owner,No flood or frame damage,No odometer problems,1C6SRFBT6LN343144,Pickup - Fullsize,Clean,No Issue,No Issue,No Open Recalls,No Issue,No Issue,No CPO Info Available,No Issue
2021,Ram,2500 Tradesman,38998,4000,Not available,8-cyl,Gas,Four Wheel Drive,Automatic,8 ft,White/Black,1 Owner,No flood or frame damage,No odometer problems,3C6MR5AJ0MG503483,Pickup - Fullsize,Clean,No Issue,No Issue,No Open Recalls,No Issue,No Issue,No CPO Info Available,No Issue
2019,Ram,1500 Laramie,34998,67000,15 city/22 hwy,8-cyl,Gas,Four Wheel Drive,Automatic,5.5 ft,Blue/Black,3 Owners,No flood or frame damage,No odometer problems,1C6SRFJT9KN621437,Pickup - Fullsize,Clean,No Issue,No Issue,No Open Recalls,No Issue,No Issue,No CPO Info Available,No Issue
2019,Ram,1500 Rebel,33998,73000,17 city/22 hwy,8-cyl,Gas,Four Wheel Drive,Automatic,6 ft,Gray/Black,2 Owners,No flood or frame damage,No odometer problems,1C6SRFET3KN906290,Pickup - Fullsize,Clean,No Issue,No Issue,No Open Recalls,No Issue,No Issue,No CPO Info Available,No Issue
2021,Ram,1500 Bighorn,32998,45000,15 city/21 hwy,8-cyl,Gas,Four Wheel Drive,Automatic,6 ft,Black/Black,1 Owner,No flood or frame damage,No odometer problems,1C6SRFBTXMN783658,Pickup - Fullsize,Clean,No Issue,No Issue,No Open Recalls,No Issue,No Issue,No CPO Info Available,No Issue
2015,Ram,1500 Bighorn,22998,85000,15 city/21 hwy,8-cyl,Gas,Four Wheel Drive,Automatic,6 ft,Red/Gray,5 Owners,No flood or frame damage,No odometer problems,1C6RR7GT6FS723765,Pickup - Fullsize,Clean,No Issue,No Issue,No Open Recalls,No Issue,No Issue,No CPO Info Available,No Issue
2021,Ram,1500 Laramie,43998,26000,15 city/21 hwy,8-cyl,Gas,Four Wheel Drive,Automatic,5.5 ft,White/Black,1 Owner,No flood or frame damage,No odometer problems,1C6SRFJT8MN612621,Pickup - Fullsize,Clean,No Issue,Moderate,No Open Recalls,No Issue,No Issue,No CPO Info Available,No Issue
2015,Ram,1500 Tradesman,21998,105000,15 city/21 hwy,8-cyl,Gas,Four Wheel Drive,Automatic,6 ft,White/Gray,2 Owners,No flood or frame damage,No odometer problems,1C6RR7FT1FS790467,Pickup - Fullsize,Clean,No Issue,Minor,No Open Recalls,No Issue,No Issue,No CPO Info Available,No Issue
2016,Ram,1500 Sport,26998,104000,15 city/21 hwy,8-cyl,Gas,Four Wheel Drive,Automatic,5.5 ft,Yellow/Black,3 Owners,No flood or frame damage,No odometer problems,1C6RR7MT8GS336611,Pickup - Fullsize,Clean,No Issue,No Issue,No Open Recalls,No Issue,No Issue,No CPO Info Available,No Issue
2023,Ram,1500 Limited,58998,15000,17 city/22 hwy,8-cyl,Gas,Four Wheel Drive,Automatic,5.5 ft,White/Gray,1 Owner,No flood or frame damage,No odometer problems,1C6SRFHTXPN519934,Pickup - Fullsize,Clean,No Issue,No Issue,No Open Recalls,No Issue,No Issue,No CPO Info Available,No Issue
2022,Ram,2500 Laramie,52998,31000,12 city/18 hwy,8-cyl,Gas,Four Wheel Drive,Automatic,6 ft,White/Black,1 Owner,No flood or frame damage,No odometer problems,3C6UR5FJ5NG306447,Pickup - Fullsize,Clean,No Issue,No Issue,No Open Recalls,No Issue,No Issue,No CPO Info Available,No Issue
2021,Ram,1500 Classic Warlock,32998,14000,16 city/23 hwy,6-cyl,Gas,Four Wheel Drive,Automatic,6 ft,Gray/Black,1 Owner,No flood or frame damage,No odometer problems,1C6RR7GG7MS576968,Pickup - Fullsize,Clean,No Issue,No Issue,No Open Recalls,No Issue,No Issue,No CPO Info Available,No Issue
2019,Ram,1500 Rebel,31998,83000,19 city/24 hwy,6-cyl,Gas,Four Wheel Drive,Automatic,6 ft,Black/Black,2 Owners,No flood or frame damage,No odometer problems,1C6RRFEG8KN806820,Pickup - Fullsize,Clean,No Issue,No Issue,No Open Recalls,No Issue,No Issue,No CPO Info Available,No Issue
2019,Ram,1500 Classic Laramie,31998,53000,20 city/27 hwy,6-cyl,Turbo Diesel,Rear Wheel Drive,Automatic,5.5 ft,White/Black,1 Owner,No flood or frame damage,No odometer problems,1C6RR6NM0KS720716,Pickup - Fullsize,Clean,No Issue,No Issue,No Open Recalls,No Issue,No Issue,No CPO Info Available,No Issue
2021,Ram,1500 Bighorn,32998,36000,19 city/24 hwy,6-cyl,Gas,Four Wheel Drive,Automatic,5.5 ft,Burgundy/Gray,1 Owner,No flood or frame damage,No odometer problems,1C6RRFFG9MN527409,Pickup - Fullsize,Clean,No Issue,Minor,No Open Recalls,No Issue,No Issue,No CPO Info Available,No Issue
2022,Ram,1500 Bighorn,38998,22000,19 city/24 hwy,8-cyl,Gas,Four Wheel Drive,Automatic,6 ft,Silver/Black,2 Owners,No flood or frame damage,No odometer problems,1C6SRFBT4NN210613,Pickup - Fullsize,Clean,No Issue,No Issue,No Open Recalls,No Issue,No Issue,No CPO Info Available,No Issue
2021,Ram,1500 Classic Warlock,32998,30000,15 city/21 hwy,8-cyl,Gas,Four Wheel Drive,Automatic,6 ft,Burgundy/Black,1 Owner,No flood or frame damage,No odometer problems,1C6RR7GT1MS536429,Pickup - Fullsize,Clean,No Issue,Damage Reported,No Open Recalls,No Issue,No Issue,No CPO Info Available,No Issue
2021,Ram,Promaster 2500 ,38998,26000,,6-cyl,Gas,Front Wheel Drive,Automatic,,White/Gray,1 Owner,No flood or frame damage,No odometer problems,3C6LRVDG4ME584835,Van - Fullsize,Clean,No Issue,No Issue,No Open Recalls,No Issue,No Issue,No CPO Info Available,No Issue
2021,Ram,1500 Bighorn,35998,32000,15 city/21 hwy,8-cyl,Gas,Four Wheel Drive,Automatic,5.5 ft,Silver/Gray,1 Owner,No flood or frame damage,No odometer problems,1C6SRFFT4MN701837,Pickup - Fullsize,Clean,No Issue,No Issue,No Open Recalls,No Issue,No Issue,No CPO Info Available,No Issue
2022,Ram,2500 Laramie,65998,36000,12 city/16 hwy,8-cyl,Turbo Diesel,Four Wheel Drive,Automatic,6 ft,Black/Black,2 Owners,No flood or frame damage,No odometer problems,3C6UR5NL6NG110620,Pickup - Fullsize,Clean,No Issue,No Issue,No Open Recalls,No Issue,No Issue,No CPO Info Available,No Issue
2021,Ram,1500 Bighorn,34998,20000,19 city/24 hwy,6-cyl,Gas,Four Wheel Drive,Automatic,6 ft,White/Gray,1 Owner,No flood or frame damage,No odometer problems,1C6RRFBG8MN733035,Pickup - Fullsize,Clean,No Issue,No Issue,No Open Recalls,No Issue,No Issue,No CPO Info Available,No Issue
2019,Ram,1500 Bighorn,28998,92000,15 city/22 hwy,8-cyl,Gas,Four Wheel Drive,Automatic,5.5 ft,Gray/Gray,2 Owners,No flood or frame damage,No odometer problems,1C6SRFFT3KN765624,Pickup - Fullsize,Clean,No Issue,Minor,No Open Recalls,No Issue,No Issue,No CPO Info Available,No Issue
2021,Ram,1500 Bighorn,33998,33000,19 city/24 hwy,6-cyl,Gas,Four Wheel Drive,Automatic,6 ft,Black/Black,1 Owner,No flood or frame damage,No odometer problems,1C6RRFBG7MN780914,Pickup - Fullsize,Clean,No Issue,No Issue,No Open Recalls,No Issue,No Issue,No CPO Info Available,No Issue
2023,Ram,1500 Classic Tradesman,26998,14000,15 city/21 hwy,8-cyl,Gas,Rear Wheel Drive,Automatic,8 ft,White/Black,1 Owner,No flood or frame damage,No odometer problems,3C6JR6DT4PG663599,Pickup - Fullsize,Clean,No Issue,No Issue,No Open Recalls,No Issue,No Issue,No CPO Info Available,No Issue
2014,Ram,1500 Bighorn,21998,122000,15 city/21 hwy,8-cyl,Gas,Four Wheel Drive,Automatic,5.5 ft,Black/Gray,3 Owners,No flood or frame damage,No odometer problems,1C6RR7LT8ES420815,Pickup - Fullsize,Clean,No Issue,Minor,No Open Recalls,No Issue,No Issue,No CPO Info Available,No Issue
2023,Ram,2500 Bighorn,54998,25000,Not available,6-cyl,Turbo Diesel,Four Wheel Drive,Automatic,6 ft,White/Gray,1 Owner,No flood or frame damage,No odometer problems,3C6UR5DL1PG519645,Pickup - Fullsize,Clean,No Issue,No Issue,No Open Recalls,No Issue,No Issue,No CPO Info Available,No Issue
2017,Ram,1500 Express,23998,96000,16 city/23 hwy,8-cyl,Gas,Four Wheel Drive,Automatic,5.5 ft,Silver/Gray,1 Owner,No flood or frame damage,No odometer problems,3C6RR7KT7HG739197,Pickup - Fullsize,Clean,No Issue,Moderate,No Open Recalls,No Issue,No Issue,No CPO Info Available,No Issue
2021,Ram,1500 Classic SLT,25998,34000,15 city/21 hwy,8-cyl,Gas,Rear Wheel Drive,Automatic,8 ft,White/Gray,1 Owner,No flood or frame damage,No odometer problems,3C6JR7ET8MG563425,Pickup - Fullsize,Clean,No Issue,No Issue,No Open Recalls,No Issue,No Issue,No CPO Info Available,No Issue
2016,Ram,2500 Laramie,45998,67000,Not available,6-cyl,Turbo Diesel,Four Wheel Drive,Automatic,8 ft,Black/Black,1 Owner,No flood or frame damage,No odometer problems,3C6UR5KL3GG236411,Pickup - Fullsize,Clean,No Issue,No Issue,No Open Recalls,No Issue,No Issue,No CPO Info Available,No Issue
2023,Ram,2500 Bighorn,59998,18000,Not available,6-cyl,Turbo Diesel,Four Wheel Drive,Automatic,6 ft,Gray/Black,1 Owner,No flood or frame damage,No odometer problems,3C6UR5DL2PG618023,Pickup - Fullsize,Clean,No Issue,No Issue,No Open Recalls,No Issue,No Issue,No CPO Info Available,No Issue
2023,Ram,2500 Power Wagon,64998,25000,Not available,8-cyl,Gas,Four Wheel Drive,Automatic,6 ft,Green/Black,1 Owner,No flood or frame damage,No odometer problems,3C6TR5EJ4PG627069,Pickup - Fullsize,Clean,No Issue,No Issue,No Open Recalls,No Issue,No Issue,No CPO Info Available,No Issue
2018,Ram,1500 Express,22998,103000,15 city/21 hwy,8-cyl,Gas,Four Wheel Drive,Automatic,5.5 ft,Burgundy/Gray,1 Owner,No flood or frame damage,No odometer problems,1C6RR7KT2JS352961,Pickup - Fullsize,Clean,No Issue,No Issue,No Open Recalls,No Issue,No Issue,No CPO Info Available,No Issue
2020,Ram,1500 Bighorn,30998,28000,19 city/24 hwy,6-cyl,Gas,Four Wheel Drive,Automatic,6 ft,Black/Black,1 Owner,No flood or frame damage,No odometer problems,1C6RRFBGXLN329409,Pickup - Fullsize,Clean,No Issue,No Issue,No Open Recalls,No Issue,No Issue,No CPO Info Available,No Issue
2020,Ram,2500 Tradesman,40998,40000,22 city/30 hwy,6-cyl,Turbo Diesel,Rear Wheel Drive,Automatic,6 ft,Red/Black,2 Owners,No flood or frame damage,No odometer problems,3C6UR4CL1LG110521,Pickup - Fullsize,Clean,No Issue,No Issue,No Open Recalls,No Issue,No Issue,No CPO Info Available,No Issue
2019,Ram,1500 Classic Bighorn,28998,64000,15 city/21 hwy,8-cyl,Gas,Four Wheel Drive,Automatic,5.5 ft,Gray/Gray,2 Owners,No flood or frame damage,No odometer problems,1C6RR7LT7KS526748,Pickup - Fullsize,Clean,No Issue,Minor,No Open Recalls,No Issue,No Issue,No CPO Info Available,No Issue
2023,Ram,1500 Classic Tradesman,26998,13000,15 city/21 hwy,8-cyl,Gas,Rear Wheel Drive,Automatic,8 ft,White/Black,1 Owner,No flood or frame damage,No odometer problems,3C6JR6DT3PG665537,Pickup - Fullsize,Clean,No Issue,No Issue,No Open Recalls,No Issue,No Issue,No CPO Info Available,No Issue
2019,Ram,1500 Bighorn,29998,92000,15 city/22 hwy,8-cyl,Gas,Four Wheel Drive,Automatic,5.5 ft,White/Black,1 Owner,No flood or frame damage,No odometer problems,1C6SRFFT1KN782017,Pickup - Fullsize,Clean,No Issue,No Issue,No Open Recalls,No Issue,No Issue,No CPO Info Available,No Issue
2020,Ram,1500 Laramie,35998,63000,17 city/22 hwy,8-cyl,Gas,Four Wheel Drive,Automatic,5.5 ft,Gray/Black,2 Owners,No flood or frame damage,No odometer problems,1C6SRFJTXLN192049,Pickup - Fullsize,Clean,No Issue,No Issue,No Open Recalls,No Issue,No Issue,No CPO Info Available,No Issue
2023,Ram,1500 Classic Tradesman,26998,14000,15 city/21 hwy,8-cyl,Gas,Rear Wheel Drive,Automatic,8 ft,White/Black,1 Owner,No flood or frame damage,No odometer problems,3C6JR6DT7PG655514,Pickup - Fullsize,Clean,No Issue,No Issue,No Open Recalls,No Issue,No Issue,No CPO Info Available,No Issue
2018,Ram,1500 Laramie,31998,70000,15 city/21 hwy,8-cyl,Gas,Four Wheel Drive,Automatic,5.5 ft,Black/Black,2 Owners,No flood or frame damage,No odometer problems,1C6RR7NTXJS233471,Pickup - Fullsize,Clean,No Issue,No Issue,No Open Recalls,No Issue,No Issue,No CPO Info Available,No Issue
2022,Ram,2500 Laramie,60998,40000,12 city/16 hwy,6-cyl,Turbo Diesel,Four Wheel Drive,Automatic,8 ft,Burgundy/Black,1 Owner,No flood or frame damage,No odometer problems,3C6UR5KL9NG119140,Pickup - Fullsize,Clean,No Issue,Minor,No Open Recalls,No Issue,No Issue,No CPO Info Available,No Issue
2018,Ram,2500 Tradesman,32998,61000,11 city/16 hwy,8-cyl,Gas,Four Wheel Drive,Automatic,6 ft,Gray/Gray,2 Owners,No flood or frame damage,No odometer problems,3C6UR5CJ9JG145566,Pickup - Fullsize,Clean,No Issue,Damage Reported,No Open Recalls,No Issue,No Issue,No CPO Info Available,No Issue
2020,Ram,1500 Bighorn,30998,37000,17 city/22 hwy,8-cyl,Gas,Four Wheel Drive,Automatic,6 ft,Black/Gray,1 Owner,No flood or frame damage,No odometer problems,1C6SRFBT8LN343131,Pickup - Fullsize,Clean,No Issue,No Issue,No Open Recalls,No Issue,No Issue,No CPO Info Available,No Issue
2020,Ram,2500 Tradesman,36998,11000,12 city/18 hwy,8-cyl,Gas,Rear Wheel Drive,Automatic,8 ft,White/Black,1 Owner,No flood or frame damage,No odometer problems,3C6UR4HJ9LG204704,Pickup - Fullsize,Clean,No Issue,No Issue,No Open Recalls,No Issue,No Issue,No CPO Info Available,No Issue
2021,Ram,1500 Laramie,41998,47000,15 city/21 hwy,8-cyl,Gas,Four Wheel Drive,Automatic,5.5 ft,Burgundy/Black,1 Owner,No flood or frame damage,No odometer problems,1C6SRFJT0MN671906,Pickup - Fullsize,Clean,No Issue,No Issue,No Open Recalls,No Issue,No Issue,No CPO Info Available,No Issue
2022,Ram,1500 Limited,49998,31000,21 city/29 hwy,6-cyl,Turbo Diesel,Four Wheel Drive,Automatic,5.5 ft,Red/Black,1 Owner,No flood or frame damage,No odometer problems,1C6SRFHM4NN195756,Pickup - Fullsize,Clean,No Issue,No Issue,No Open Recalls,No Issue,No Issue,No CPO Info Available,No Issue
2020,Ram,1500 Bighorn,32998,41000,19 city/24 hwy,6-cyl,Gas,Four Wheel Drive,Automatic,5.5 ft,Black/Gray,1 Owner,No flood or frame damage,No odometer problems,1C6RRFFG7LN397600,Pickup - Fullsize,Clean,No Issue,No Issue,No Open Recalls,No Issue,No Issue,No CPO Info Available,No Issue
2020,Ram,1500 Bighorn,31998,49000,15 city/21 hwy,8-cyl,Gas,Four Wheel Drive,Automatic,5.5 ft,Black/Black,1 Owner,No flood or frame damage,No odometer problems,1C6SRFFT3LN301766,Pickup - Fullsize,Clean,No Issue,No Issue,No Open Recalls,No Issue,No Issue,No CPO Info Available,No Issue
2020,Ram,1500 Rebel,42998,47000,17 city/22 hwy,8-cyl,Gas,Four Wheel Drive,Automatic,5.5 ft,Silver/Black,1 Owner,No flood or frame damage,No odometer problems,1C6SRFLT6LN118673,Pickup - Fullsize,Clean,No Issue,No Issue,No Open Recalls,No Issue,No Issue,No CPO Info Available,No Issue
2021,Ram,1500 Rebel,44998,48000,15 city/21 hwy,8-cyl,Gas,Four Wheel Drive,Automatic,5.5 ft,Red/Black,1 Owner,No flood or frame damage,No odometer problems,1C6SRFLT0MN519671,Pickup - Fullsize,Clean,No Issue,No Issue,No Open Recalls,No Issue,No Issue,No CPO Info Available,No Issue
2021,Ram,1500 Bighorn,36998,30000,15 city/21 hwy,8-cyl,Gas,Four Wheel Drive,Automatic,5.5 ft,Gray/Black,1 Owner,No flood or frame damage,No odometer problems,1C6SRFFT8MN564398,Pickup - Fullsize,Clean,No Issue,No Issue,No Open Recalls,No Issue,No Issue,No CPO Info Available,No Issue
2019,Ram,1500 Rebel,41998,54000,15 city/21 hwy,8-cyl,Gas,Four Wheel Drive,Automatic,5.5 ft,Black/Black,2 Owners,No flood or frame damage,No odometer problems,1C6SRFLT3KN737262,Pickup - Fullsize,Clean,No Issue,No Issue,No Open Recalls,No Issue,No Issue,OEM-Certified,No Issue
2014,Ram,1500 Lonestar,20998,92000,17 city/25 hwy,6-cyl,Gas,Rear Wheel Drive,Automatic,5.5 ft,Gray/Gray,2 Owners,No flood or frame damage,No odometer problems,1C6RR6LG4ES173225,Pickup - Fullsize,Clean,No Issue,Minor-Moderate,No Open Recalls,No Issue,No Issue,No CPO Info Available,No Issue
2016,Ram,1500 Bighorn,30998,36000,16 city/23 hwy,8-cyl,Gas,Four Wheel Drive,Automatic,5.5 ft,Blue/Black,1 Owner,No flood or frame damage,No odometer problems,3C6RR7LT7GG383377,Pickup - Fullsize,Clean,No Issue,No Issue,No Open Recalls,No Issue,No Issue,No CPO Info Available,No Issue
2021,Ram,1500 Bighorn,37998,25000,15 city/21 hwy,8-cyl,Gas,Four Wheel Drive,Automatic,5.5 ft,Black/Black,1 Owner,No flood or frame damage,No odometer problems,1C6SRFFT1MN572388,Pickup - Fullsize,Clean,No Issue,No Issue,No Open Recalls,No Issue,No Issue,No CPO Info Available,No Issue
2019,Ram,1500 Rebel,32998,100000,17 city/22 hwy,8-cyl,Gas,Four Wheel Drive,Automatic,6 ft,White/Black,2 Owners,No flood or frame damage,No odometer problems,1C6SRFET2KN593328,Pickup - Fullsize,Clean,No Issue,No Issue,No Open Recalls,No Issue,No Issue,No CPO Info Available,No Issue
2021,Ram,1500 Laramie,41998,28000,15 city/21 hwy,8-cyl,Gas,Four Wheel Drive,Automatic,5.5 ft,White/Black,2 Owners,No flood or frame damage,No odometer problems,1C6SRFJT0MN742294,Pickup - Fullsize,Clean,No Issue,Moderate,No Open Recalls,No Issue,No Issue,No CPO Info Available,No Issue
2021,Ram,1500 Laramie,40998,26000,15 city/21 hwy,8-cyl,Gas,Four Wheel Drive,Automatic,5.5 ft,White/Black,1 Owner,No flood or frame damage,No odometer problems,1C6SRFJT1MN652992,Pickup - Fullsize,Clean,No Issue,No Issue,No Open Recalls,No Issue,No Issue,No CPO Info Available,No Issue
2017,Ram,1500 SLT,21998,101000,16 city/23 hwy,6-cyl,Gas,Four Wheel Drive,Automatic,6 ft,Black/Gray,3 Owners,No flood or frame damage,No odometer problems,1C6RR7GG7HS704583,Pickup - Fullsize,Clean,No Issue,No Issue,No Open Recalls,No Issue,No Issue,No CPO Info Available,No Issue
2022,Ram,2500 Tradesman,48998,36000,12 city/16 hwy,6-cyl,Turbo Diesel,Four Wheel Drive,Automatic,6 ft,White/Gray,1 Owner,No flood or frame damage,No odometer problems,3C6UR5CL5NG428764,Pickup - Fullsize,Clean,No Issue,No Issue,No Open Recalls,No Issue,No Issue,No CPO Info Available,No Issue
2018,Ram,3500 Laramie Limited,60998,44000,Not available,6-cyl,Turbo Diesel,Four Wheel Drive,Automatic,8 ft,Blue/Tan,2 Owners,No flood or frame damage,No odometer problems,3C63RRKL9JG120494,Pickup - Fullsize,Clean,No Issue,Moderate,No Open Recalls,No Issue,No Issue,No CPO Info Available,No Issue
2022,Ram,2500 Laramie,54998,45000,12 city/18 hwy,6-cyl,Gas,Four Wheel Drive,Automatic,6 ft,Gray/Black,4 Owners,No flood or frame damage,No odometer problems,3C6UR5FJ3NG232669,Pickup - Fullsize,Clean,No Issue,No Issue,No Open Recalls,No Issue,No Issue,No CPO Info Available,No Issue
2022,Ram,2500 Power Wagon,61998,13000,12 city/18 hwy,8-cyl,Gas,Four Wheel Drive,Automatic,6 ft,Green/Black,1 Owner,No flood or frame damage,No odometer problems,3C6TR5EJ5NG137429,Pickup - Fullsize,Clean,No Issue,No Issue,No Open Recalls,No Issue,No Issue,No CPO Info Available,No Issue
2019,Ram,1500 Laramie,37998,53000,15 city/22 hwy,8-cyl,Gas,Four Wheel Drive,Automatic,6 ft,Blue/Black,2 Owners,No flood or frame damage,No odometer problems,1C6SRFRTXKN544291,Pickup - Fullsize,Clean,No Issue,No Issue,No Open Recalls,No Issue,No Issue,No CPO Info Available,No Issue
2021,Ram,1500 Bighorn,33998,43000,17 city/21 hwy,8-cyl,Gas,Rear Wheel Drive,Automatic,5.5 ft,Gray/Black,2 Owners,No flood or frame damage,No odometer problems,1C6RREFTXMN609771,Pickup - Fullsize,Clean,No Issue,No Issue,No Open Recalls,No Issue,No Issue,No CPO Info Available,No Issue
2014,Ram,1500 Laramie,25998,70000,15 city/22 hwy,8-cyl,Gas,Rear Wheel Drive,Automatic,6 ft,Black/Tan,1 Owner,No flood or frame damage,No odometer problems,1C6RR6VT3ES190608,Pickup - Fullsize,Clean,No Issue,No Issue,No Open Recalls,No Issue,No Issue,No CPO Info Available,No Issue
2020,Ram,1500 Limited,47998,34000,17 city/22 hwy,8-cyl,Gas,Four Wheel Drive,Automatic,5.5 ft,Black/Black,1 Owner,No flood or frame damage,No odometer problems,1C6SRFHT1LN409137,Pickup - Fullsize,Clean,No Issue,No Issue,No Open Recalls,No Issue,No Issue,No CPO Info Available,No Issue
2022,Ram,1500 Bighorn,34998,43000,22 city/32 hwy,6-cyl,Turbo Diesel,Rear Wheel Drive,Automatic,5.5 ft,White/Black,1 Owner,No flood or frame damage,No odometer problems,1C6RREFM5NN446196,Pickup - Fullsize,Clean,No Issue,No Issue,No Open Recalls,No Issue,No Issue,No CPO Info Available,No Issue
2019,Ram,1500 Bighorn,27998,50000,17 city/22 hwy,8-cyl,Gas,Rear Wheel Drive,Automatic,5.5 ft,Silver/Gray,2 Owners,No flood or frame damage,No odometer problems,1C6RR6LT7KS572977,Pickup - Fullsize,Clean,No Issue,Damage Reported,No Open Recalls,No Issue,No Issue,No CPO Info Available,No Issue
2022,Ram,1500 Laramie,37998,26000,15 city/21 hwy,8-cyl,Gas,Four Wheel Drive,Automatic,5.5 ft,Red/Black,1 Owner,No flood or frame damage,No odometer problems,1C6SRFJT2NN483003,Pickup - Fullsize,Clean,No Issue,Moderate,No Open Recalls,No Issue,No Issue,No CPO Info Available,No Issue
2019,Ram,1500 Bighorn,30998,67000,15 city/22 hwy,8-cyl,Gas,Four Wheel Drive,Automatic,5.5 ft,Mint/Black,1 Owner,No flood or frame damage,No odometer problems,1C6SRFFT3KN886105,Pickup - Fullsize,Clean,No Issue,No Issue,No Open Recalls,No Issue,No Issue,No CPO Info Available,No Issue
2020,Ram,1500 Laramie,37998,42000,17 city/22 hwy,8-cyl,Gas,Four Wheel Drive,Automatic,5.5 ft,Gray/Black,1 Owner,No flood or frame damage,No odometer problems,1C6SRFJT3LN414625,Pickup - Fullsize,Clean,No Issue,No Issue,No Open Recalls,No Issue,No Issue,No CPO Info Available,No Issue
2015,Ram,1500 Laramie,26998,84000,19 city/27 hwy,6-cyl,Turbo Diesel,Four Wheel Drive,Automatic,5.5 ft,Black/Black,3 Owners,No flood or frame damage,No odometer problems,1C6RR7NM8FS635666,Pickup - Fullsize,Clean,No Issue,Damage Reported,No Open Recalls,No Issue,No Issue,No CPO Info Available,No Issue
2021,Ram,1500 Laramie,37998,50000,19 city/24 hwy,6-cyl,Gas,Four Wheel Drive,Automatic,5.5 ft,Burgundy/Black,1 Owner,No flood or frame damage,No odometer problems,1C6RRFJG2MN541871,Pickup - Fullsize,Clean,No Issue,No Issue,No Open Recalls,No Issue,No Issue,No CPO Info Available,No Issue
2020,Ram,1500 Bighorn,36998,40000,19 city/24 hwy,6-cyl,Gas,Four Wheel Drive,Automatic,5.5 ft,Black/Black,1 Owner,No flood or frame damage,No odometer problems,1C6RRFFG8LN381759,Pickup - Fullsize,Clean,No Issue,No Issue,No Open Recalls,No Issue,No Issue,No CPO Info Available,No Issue
2020,Ram,1500 Laramie,40998,55000,17 city/22 hwy,8-cyl,Gas,Four Wheel Drive,Automatic,5.5 ft,White/Black,1 Owner,No flood or frame damage,No odometer problems,1C6SRFJT7LN309327,Pickup - Fullsize,Clean,No Issue,No Issue,No Open Recalls,No Issue,No Issue,No CPO Info Available,No Issue
2020,Ram,1500 Bighorn,34998,34000,19 city/24 hwy,6-cyl,Gas,Four Wheel Drive,Automatic,5.5 ft,Black/Black,2 Owners,No flood or frame damage,No odometer problems,1C6RRFFG5LN268285,Pickup - Fullsize,Clean,No Issue,Minor,No Open Recalls,No Issue,No Issue,No CPO Info Available,No Issue
2020,Ram,1500 Tradesman,23998,52000,20 city/25 hwy,6-cyl,Gas,Rear Wheel Drive,Automatic,6 ft,White/Gray,3 Owners,No flood or frame damage,No odometer problems,1C6RR6FG1LS158674,Pickup - Fullsize,Clean,No Issue,No Issue,No Open Recalls,No Issue,No Issue,No CPO Info Available,No Issue
2022,Ram,2500 Bighorn,45998,42000,12 city/16 hwy,6-cyl,Turbo Diesel,Four Wheel Drive,Automatic,6 ft,White/Gray,2 Owners,No flood or frame damage,No odometer problems,3C6UR5DL9NG103839,Pickup - Fullsize,Clean,No Issue,No Issue,No Open Recalls,No Issue,No Issue,No CPO Info Available,No Issue
2022,Ram,1500 Bighorn,37998,28000,19 city/24 hwy,8-cyl,Gas,Four Wheel Drive,Automatic,6 ft,Black/Black,1 Owner,No flood or frame damage,No odometer problems,1C6SRFBT9NN129896,Pickup - Fullsize,Clean,No Issue,Damage Reported,No Open Recalls,No Issue,No Issue,No CPO Info Available,No Issue
2022,Ram,1500 Classic SLT,27998,47000,15 city/21 hwy,8-cyl,Gas,Rear Wheel Drive,Automatic,6 ft,Red/Black,1 Owner,No flood or frame damage,No odometer problems,1C6RR6TT9NS161147,Pickup - Fullsize,Clean,No Issue,No Issue,No Open Recalls,No Issue,No Issue,No CPO Info Available,No Issue
2022,Ram,1500 Bighorn,33998,40000,15 city/22 hwy,8-cyl,Gas,Rear Wheel Drive,Automatic,5.5 ft,Gray/Gray,1 Owner,No flood or frame damage,No odometer problems,1C6RREFT7NN389474,Pickup - Fullsize,Clean,No Issue,No Issue,No Open Recalls,No Issue,No Issue,No CPO Info Available,No Issue
2019,Ram,1500 Rebel,39998,52000,15 city/21 hwy,8-cyl,Gas,Four Wheel Drive,Automatic,6 ft,Black/Black,1 Owner,No flood or frame damage,No odometer problems,1C6SRFET9KN742902,Pickup - Fullsize,Clean,No Issue,No Issue,No Open Recalls,No Issue,No Issue,No CPO Info Available,No Issue
2020,Ram,1500 Classic Warlock,32998,17000,,6-cyl,Gas,Four Wheel Drive,Automatic,6 ft,Gray/Black,1 Owner,No flood or frame damage,No odometer problems,1C6RR7GG3LS120612,Pickup - Fullsize,Clean,No Issue,No Issue,No Open Recalls,No Issue,No Issue,No CPO Info Available,No Issue
2019,Ram,2500 Bighorn,34998,61000,Not available,8-cyl,Gas,Four Wheel Drive,Automatic,6 ft,Gray/Gray,3 Owners,No flood or frame damage,No odometer problems,3C6UR5DJ9KG543747,Pickup - Fullsize,Clean,No Issue,No Issue,No Open Recalls,No Issue,No Issue,No CPO Info Available,No Issue
2020,Ram,1500 Tradesman,29998,20000,19 city/24 hwy,6-cyl,Gas,Four Wheel Drive,Automatic,,White/Black,1 Owner,No flood or frame damage,No odometer problems,3C6RR7KG5LG134249,Pickup - Fullsize,Clean,No Issue,No Issue,No Open Recalls,No Issue,No Issue,No CPO Info Available,No Issue
2022,Ram,1500 Rebel,47998,49000,15 city/21 hwy,8-cyl,Gas,Four Wheel Drive,Automatic,5.5 ft,Red/Black,3 Owners,No flood or frame damage,No odometer problems,1C6SRFLT8NN144467,Pickup - Fullsize,Clean,No Issue,No Issue,No Open Recalls,No Issue,No Issue,No CPO Info Available,No Issue
2019,Ram,1500 Bighorn,31998,33000,19 city/24 hwy,6-cyl,Gas,Four Wheel Drive,Automatic,5.5 ft,Black/Gray,2 Owners,No flood or frame damage,No odometer problems,1C6RRFFG0KN917327,Pickup - Fullsize,Clean,No Issue,No Issue,No Open Recalls,No Issue,No Issue,No CPO Info Available,No Issue
2021,Ram,1500 Laramie,41998,43000,15 city/21 hwy,8-cyl,Gas,Four Wheel Drive,Automatic,5.5 ft,Black/Black,2 Owners,No flood or frame damage,No odometer problems,1C6SRFJT5MN637654,Pickup - Fullsize,Clean,No Issue,No Issue,No Open Recalls,No Issue,No Issue,No CPO Info Available,No Issue
2022,Ram,1500 Bighorn,31998,38000,20 city/25 hwy,6-cyl,Gas,Rear Wheel Drive,Automatic,6 ft,Silver/Black,1 Owner,No flood or frame damage,No odometer problems,1C6RREBG5NN276342,Pickup - Fullsize,Clean,No Issue,No Issue,No Open Recalls,No Issue,No Issue,No CPO Info Available,No Issue
2018,Ram,1500 SLT,20998,88000,17 city/25 hwy,6-cyl,Gas,Rear Wheel Drive,Automatic,6 ft,Red/Gray,2 Owners,No flood or frame damage,No odometer problems,1C6RR6GG0JS156815,Pickup - Fullsize,Clean,No Issue,No Issue,No Open Recalls,No Issue,No Issue,No CPO Info Available,No Issue
2017,Ram,1500 SLT,18998,107000,17 city/25 hwy,6-cyl,Gas,Rear Wheel Drive,Automatic,6 ft,Red/Gray,3 Owners,No flood or frame damage,No odometer problems,1C6RR6GG1HS722815,Pickup - Fullsize,Clean,No Issue,Moderate,No Open Recalls,No Issue,No Issue,No CPO Info Available,No Issue
2022,Ram,2500 Tradesman,35998,45000,12 city/18 hwy,8-cyl,Gas,Four Wheel Drive,Automatic,8 ft,Black/Black,3 Owners,No flood or frame damage,No odometer problems,3C6MR5AJXNG197362,Pickup - Fullsize,Clean,No Issue,No Issue,No Open Recalls,No Issue,No Issue,No CPO Info Available,No Issue
2018,Ram,1500 Express,26998,42000,15 city/22 hwy,8-cyl,Gas,Rear Wheel Drive,Automatic,6 ft,White/Gray,3 Owners,No flood or frame damage,No odometer problems,1C6RR6FT7JS219469,Pickup - Fullsize,Clean,No Issue,Damage Reported,No Open Recalls,No Issue,No Issue,No CPO Info Available,No Issue
2023,Ram,1500 Bighorn,35998,16000,19 city/24 hwy,6-cyl,Gas,Four Wheel Drive,Automatic,5.5 ft,Gray/Gray,1 Owner,No flood or frame damage,No odometer problems,1C6RRFFG1PN567228,Pickup - Fullsize,Clean,No Issue,No Issue,No Open Recalls,No Issue,No Issue,No CPO Info Available,No Issue
2018,Ram,3500 Laramie Longhorn,56998,72000,Not available,6-cyl,Turbo Diesel,Four Wheel Drive,Automatic,8 ft,Burgundy/Taupe,1 Owner,No flood or frame damage,No odometer problems,3C63RRKL1JG330815,Pickup - Fullsize,Clean,No Issue,No Issue,No Open Recalls,No Issue,No Issue,No CPO Info Available,No Issue
2022,Ram,1500 Bighorn,31998,49000,19 city/24 hwy,6-cyl,Gas,Four Wheel Drive,Automatic,6 ft,Silver/Gray,1 Owner,No flood or frame damage,No odometer problems,1C6RRFBG4NN206286,Pickup - Fullsize,Clean,No Issue,No Issue,No Open Recalls,No Issue,No Issue,No CPO Info Available,No Issue
2014,Ram,1500 SLT,19998,100000,15 city/22 hwy,8-cyl,Gas,Rear Wheel Drive,Automatic,6 ft,Black/Gray,4 Owners,No flood or frame damage,No odometer problems,1C6RR6GT1ES139914,Pickup - Fullsize,Clean,No Issue,No Issue,No Open Recalls,No Issue,No Issue,No CPO Info Available,No Issue
2019,Ram,1500 Bighorn,33998,27000,15 city/22 hwy,8-cyl,Gas,Four Wheel Drive,Automatic,6 ft,Black/Gray,1 Owner,No flood or frame damage,No odometer problems,1C6SRFBT0KN914416,Pickup - Fullsize,Clean,No Issue,Minor,No Open Recalls,No Issue,No Issue,No CPO Info Available,No Issue
2021,Ram,1500 Bighorn,36998,28000,15 city/21 hwy,8-cyl,Gas,Four Wheel Drive,Automatic,5.5 ft,Black/Black,1 Owner,No flood or frame damage,No odometer problems,1C6SRFFT0MN666214,Pickup - Fullsize,Clean,No Issue,No Issue,No Open Recalls,No Issue,No Issue,No CPO Info Available,No Issue
2021,Ram,1500 Rebel,43998,53000,15 city/21 hwy,8-cyl,Gas,Four Wheel Drive,Automatic,5.5 ft,White/Black,1 Owner,No flood or frame damage,No odometer problems,1C6SRFLT8MN547377,Pickup - Fullsize,Clean,No Issue,No Issue,No Open Recalls,No Issue,No Issue,No CPO Info Available,No Issue
2019,Ram,1500 Classic Express,27998,57000,16 city/23 hwy,6-cyl,Gas,Four Wheel Drive,Automatic,6 ft,Black/Gray,3 Owners,No flood or frame damage,No odometer problems,1C6RR7FG0KS504136,Pickup - Fullsize,Clean,No Issue,No Issue,No Open Recalls,No Issue,No Issue,No CPO Info Available,No Issue
2018,Ram,3500 Laramie Limited,57998,58000,Not available,6-cyl,Turbo Diesel,Four Wheel Drive,Automatic,8 ft,Gray/Tan,2 Owners,No flood or frame damage,No odometer problems,3C63RRKL9JG221986,Pickup - Fullsize,Clean,No Issue,Minor,No Open Recalls,No Issue,No Issue,No CPO Info Available,No Issue
2021,Ram,1500 Classic Tradesman,23998,43000,15 city/22 hwy,8-cyl,Gas,Rear Wheel Drive,Automatic,8 ft,White/Gray,1 Owner,No flood or frame damage,No odometer problems,3C6JR6DT5MG573924,Pickup - Fullsize,Clean,No Issue,No Issue,No Open Recalls,No Issue,No Issue,No CPO Info Available,No Issue
2021,Ram,1500 Bighorn,37998,17000,15 city/21 hwy,8-cyl,Gas,Four Wheel Drive,Automatic,5.5 ft,Burgundy/Black,1 Owner,No flood or frame damage,No odometer problems,1C6SRFFT3MN745568,Pickup - Fullsize,Clean,No Issue,Moderate,No Open Recalls,No Issue,No Issue,No CPO Info Available,No Issue
2020,Ram,1500 Classic Warlock,30998,45000,16 city/23 hwy,6-cyl,Gas,Four Wheel Drive,Automatic,6 ft,Gray/Black,1 Owner,No flood or frame damage,No odometer problems,1C6RR7GG5LS130400,Pickup - Fullsize,Clean,No Issue,No Issue,No Open Recalls,No Issue,No Issue,No CPO Info Available,No Issue
2019,Ram,2500 Power Wagon,44998,69000,Not available,8-cyl,Gas,Four Wheel Drive,Automatic,6 ft,Gray/Black,3 Owners,No flood or frame damage,No odometer problems,3C6TR5EJ3KG561249,Pickup - Fullsize,Clean,No Issue,No Issue,No Open Recalls,No Issue,No Issue,No CPO Info Available,No Issue
2022,Ram,1500 Laramie,43998,24000,22 city/32 hwy,6-cyl,Turbo Diesel,Rear Wheel Drive,Automatic,5.5 ft,Black/Black,1 Owner,No flood or frame damage,No odometer problems,1C6RREJM8NN377754,Pickup - Fullsize,Clean,No Issue,No Issue,No Open Recalls,No Issue,No Issue,No CPO Info Available,No Issue
2022,Ram,1500 Rebel,49998,18000,15 city/21 hwy,8-cyl,Gas,Four Wheel Drive,Automatic,5.5 ft,Red/Black,1 Owner,No flood or frame damage,No odometer problems,1C6SRFLTXNN360935,Pickup - Fullsize,Clean,No Issue,Damage Reported,No Open Recalls,No Issue,No Issue,No CPO Info Available,No Issue
2014,Ram,1500 Bighorn,23998,100000,15 city/21 hwy,8-cyl,Gas,Four Wheel Drive,Automatic,5.5 ft,Gray/Gray,2 Owners,No flood or frame damage,No odometer problems,1C6RR7LT6ES346813,Pickup - Fullsize,Clean,No Issue,Minor,No Open Recalls,No Issue,No Issue,No CPO Info Available,No Issue
2021,Ram,1500 Bighorn,32998,39000,19 city/24 hwy,6-cyl,Gas,Four Wheel Drive,Automatic,6 ft,Gray/Black,1 Owner,No flood or frame damage,No odometer problems,1C6RRFBG1MN724094,Pickup - Fullsize,Clean,No Issue,Moderate,No Open Recalls,No Issue,No Issue,No CPO Info Available,No Issue
2021,Ram,1500 Laramie,41998,37000,15 city/21 hwy,8-cyl,Gas,Four Wheel Drive,Automatic,5.5 ft,Black/Black,1 Owner,No flood or frame damage,No odometer problems,1C6SRFJT1MN757984,Pickup - Fullsize,Clean,No Issue,No Issue,No Open Recalls,No Issue,No Issue,No CPO Info Available,No Issue
2021,Ram,1500 Laramie,42998,29000,15 city/21 hwy,8-cyl,Gas,Four Wheel Drive,Automatic,5.5 ft,Black/Black,2 Owners,No flood or frame damage,No odometer problems,1C6SRFJT9MN694004,Pickup - Fullsize,Clean,No Issue,Damage Reported,No Open Recalls,No Issue,No Issue,No CPO Info Available,No Issue
2018,Ram,1500 Express,22998,100000,15 city/22 hwy,8-cyl,Gas,Rear Wheel Drive,Automatic,5.5 ft,Silver/Gray,2 Owners,No flood or frame damage,No odometer problems,3C6RR6KT0JG252231,Pickup - Fullsize,Clean,No Issue,Moderate,No Open Recalls,No Issue,No Issue,No CPO Info Available,No Issue
2017,Ram,1500 Express,25998,55000,16 city/23 hwy,6-cyl,Gas,Four Wheel Drive,Automatic,5.5 ft,Burgundy/Gray,2 Owners,No flood or frame damage,No odometer problems,1C6RR7KG8HS548450,Pickup - Fullsize,Clean,No Issue,Moderate,No Open Recalls,No Issue,No Issue,No CPO Info Available,No Issue
2023,Ram,1500 Bighorn,33998,27000,20 city/26 hwy,6-cyl,Gas,Rear Wheel Drive,Automatic,5.5 ft,Blue/Black,1 Owner,No flood or frame damage,No odometer problems,1C6RREFG9PN516151,Pickup - Fullsize,Clean,No Issue,No Issue,No Open Recalls,No Issue,No Issue,No CPO Info Available,No Issue
2015,Ram,1500 Outdoorsman,23998,100000,16 city/23 hwy,6-cyl,Gas,Four Wheel Drive,Automatic,5.5 ft,Black/Black,3 Owners,No flood or frame damage,No odometer problems,1C6RR7LG2FS633344,Pickup - Fullsize,Clean,No Issue,Damage Reported,No Open Recalls,No Issue,No Issue,No CPO Info Available,No Issue
2022,Ram,1500 Bighorn,36998,31000,19 city/24 hwy,8-cyl,Gas,Four Wheel Drive,Automatic,6 ft,Red/Black,3 Owners,No flood or frame damage,No odometer problems,1C6SRFBT8NN154949,Pickup - Fullsize,Clean,No Issue,Damage Reported,No Open Recalls,No Issue,No Issue,No CPO Info Available,No Issue
2021,Ram,1500 Rebel,43998,39000,15 city/21 hwy,8-cyl,Gas,Four Wheel Drive,Automatic,5.5 ft,Gray/Black,1 Owner,No flood or frame damage,No odometer problems,1C6SRFLT9MN613256,Pickup - Fullsize,Clean,No Issue,No Issue,No Open Recalls,No Issue,No Issue,No CPO Info Available,No Issue
2019,Ram,2500 Longhorn,61998,50000,Not available,6-cyl,Turbo Diesel,Four Wheel Drive,Automatic,6 ft,White/Brown,1 Owner,No flood or frame damage,No odometer problems,3C6UR5GLXKG531233,Pickup - Fullsize,Clean,No Issue,No Issue,No Open Recalls,No Issue,No Issue,No CPO Info Available,No Issue
2021,Ram,1500 Bighorn,33998,36000,19 city/24 hwy,6-cyl,Gas,Four Wheel Drive,Automatic,5.5 ft,Green/Black,1 Owner,No flood or frame damage,No odometer problems,1C6RRFFG0MN784202,Pickup - Fullsize,Clean,No Issue,No Issue,No Open Recalls,No Issue,No Issue,No CPO Info Available,No Issue
2019,Ram,1500 Limited,38998,46000,17 city/23 hwy,8-cyl,Gas,Rear Wheel Drive,Automatic,5.5 ft,Black/Black,1 Owner,No flood or frame damage,No odometer problems,1C6RREHT9KN514547,Pickup - Fullsize,Clean,No Issue,No Issue,No Open Recalls,No Issue,No Issue,No CPO Info Available,No Issue
2019,Ram,1500 Bighorn,31998,65000,19 city/24 hwy,6-cyl,Gas,Four Wheel Drive,Automatic,5.5 ft,White/Black,2 Owners,No flood or frame damage,No odometer problems,1C6RRFFG5KN723165,Pickup - Fullsize,Clean,No Issue,Minor,No Open Recalls,No Issue,No Issue,No CPO Info Available,No Issue
2022,Ram,1500 Bighorn,31998,38000,19 city/24 hwy,6-cyl,Gas,Four Wheel Drive,Automatic,5.5 ft,Gray/Black,1 Owner,No flood or frame damage,No odometer problems,1C6RRFFG7NN238434,Pickup - Fullsize,Clean,No Issue,No Issue,No Open Recalls,No Issue,No Issue,No CPO Info Available,No Issue
2022,Ram,1500 Rebel,47998,13000,15 city/21 hwy,8-cyl,Gas,Four Wheel Drive,Automatic,5.5 ft,White/Black,1 Owner,No flood or frame damage,No odometer problems,1C6SRFLT7NN262347,Pickup - Fullsize,Clean,No Issue,No Issue,No Open Recalls,No Issue,No Issue,No CPO Info Available,No Issue
2023,Ram,3500 Tradesman,39998,3000,Not available,6-cyl,Gas,Rear Wheel Drive,Automatic,8 ft,Silver/Gray,1 Owner,No flood or frame damage,No odometer problems,3C63R2AJ2PG602692,Pickup - Fullsize,Clean,No Issue,No Issue,No Open Recalls,No Issue,No Issue,OEM-Certified,No Issue
2021,Ram,1500 Bighorn,36998,35000,15 city/21 hwy,8-cyl,Gas,Four Wheel Drive,Automatic,5.5 ft,Gray/Black,1 Owner,No flood or frame damage,No odometer problems,1C6SRFFT5MN728822,Pickup - Fullsize,Clean,No Issue,Minor,No Open Recalls,No Issue,No Issue,No CPO Info Available,No Issue
2021,Ram,1500 Bighorn,32998,54000,15 city/21 hwy,8-cyl,Gas,Four Wheel Drive,Automatic,6 ft,Gray/Black,2 Owners,No flood or frame damage,No odometer problems,1C6SRFBTXMN695466,Pickup - Fullsize,Clean,No Issue,No Issue,No Open Recalls,No Issue,No Issue,No CPO Info Available,No Issue
2015,Ram,1500 Bighorn,23998,106000,15 city/21 hwy,8-cyl,Gas,Four Wheel Drive,Automatic,5.5 ft,Silver/Gray,3 Owners,No flood or frame damage,No odometer problems,1C6RR7LT4FS733670,Pickup - Fullsize,Clean,No Issue,No Issue,No Open Recalls,No Issue,No Issue,No CPO Info Available,No Issue
2021,Ram,1500 Laramie,44998,25000,15 city/21 hwy,8-cyl,Gas,Four Wheel Drive,Automatic,5.5 ft,Gray/Black,1 Owner,No flood or frame damage,No odometer problems,1C6SRFJT5MN653322,Pickup - Fullsize,Clean,No Issue,Minor,No Open Recalls,No Issue,No Issue,No CPO Info Available,No Issue
2024,Ram,3500 Bighorn,62998,33000,Not available,6-cyl,Turbo Diesel,Four Wheel Drive,Automatic,8 ft,Black/Gray,1 Owner,No flood or frame damage,No odometer problems,3C63RRHL9RG122555,Pickup - Fullsize,Clean,No Issue,No Issue,No Open Recalls,No Issue,No Issue,No CPO Info Available,No Issue
2016,Ram,1500 Lonestar,21998,126000,15 city/22 hwy,8-cyl,Gas,Rear Wheel Drive,Automatic,5.5 ft,Red/Black,2 Owners,No flood or frame damage,No odometer problems,1C6RR6LT9GS165007,Pickup - Fullsize,Clean,No Issue,Minor,No Open Recalls,No Issue,No Issue,No CPO Info Available,No Issue
2020,Ram,1500 Laramie,33998,83000,17 city/23 hwy,8-cyl,Gas,Rear Wheel Drive,Automatic,5.5 ft,Black/Black,1 Owner,No flood or frame damage,No odometer problems,1C6RREJT1LN304925,Pickup - Fullsize,Clean,No Issue,No Issue,No Open Recalls,No Issue,No Issue,No CPO Info Available,No Issue
2021,Ram,1500 Bighorn,35998,38000,15 city/21 hwy,8-cyl,Gas,Four Wheel Drive,Automatic,5.5 ft,Blue/Gray,1 Owner,No flood or frame damage,No odometer problems,1C6SRFFT9MN668141,Pickup - Fullsize,Clean,No Issue,No Issue,No Open Recalls,No Issue,No Issue,No CPO Info Available,No Issue
2020,Ram,1500 Limited,46998,37000,17 city/22 hwy,8-cyl,Gas,Four Wheel Drive,Automatic,5.5 ft,White/Black,2 Owners,No flood or frame damage,No odometer problems,1C6SRFHT1LN141724,Pickup - Fullsize,Clean,No Issue,Damage Reported,No Open Recalls,No Issue,No Issue,OEM-Certified,No Issue
2021,Ram,1500 Bighorn,34998,50000,15 city/21 hwy,8-cyl,Gas,Four Wheel Drive,Automatic,5.5 ft,Gray/Gray,1 Owner,No flood or frame damage,No odometer problems,1C6SRFFT5MN637761,Pickup - Fullsize,Clean,No Issue,No Issue,No Open Recalls,No Issue,No Issue,No CPO Info Available,No Issue
2021,Ram,1500 Bighorn,35998,34000,15 city/21 hwy,8-cyl,Gas,Four Wheel Drive,Automatic,5.5 ft,Silver/Black,2 Owners,No flood or frame damage,No odometer problems,1C6SRFFT5MN578548,Pickup - Fullsize,Clean,No Issue,Damage Reported,No Open Recalls,No Issue,No Issue,No CPO Info Available,No Issue
2015,Ram,1500 Bighorn,20998,124000,19 city/27 hwy,,,,Automatic,6 ft,White/Gray,4 Owners,No flood or frame damage,No odometer problems,1C6RR7GM1FS507895,Pickup - Fullsize,Clean,No Issue,No Issue,No Open Recalls,No Issue,No Issue,No CPO Info Available,No Issue
2021,Ram,1500 Tradesman,30998,38000,19 city/24 hwy,6-cyl,Gas,Four Wheel Drive,Automatic,6 ft,White/Gray,1 Owner,No flood or frame damage,No odometer problems,1C6RRFCG9MN714377,Pickup - Fullsize,Clean,No Issue,No Issue,No Open Recalls,No Issue,No Issue,No CPO Info Available,No Issue
2019,Ram,1500 Bighorn,28998,44000,19 city/24 hwy,6-cyl,Gas,Four Wheel Drive,Automatic,6 ft,Black/Black,2 Owners,No flood or frame damage,No odometer problems,1C6RRFBG3KN890355,Pickup - Fullsize,Clean,No Issue,No Issue,No Open Recalls,No Issue,No Issue,No CPO Info Available,No Issue
2021,Ram,1500 Rebel,34998,88000,15 city/21 hwy,8-cyl,Gas,Four Wheel Drive,Automatic,5.5 ft,Silver/Black,2 Owners,No flood or frame damage,No odometer problems,1C6SRFLT1MN788472,Pickup - Fullsize,Clean,No Issue,No Issue,No Open Recalls,No Issue,No Issue,No CPO Info Available,No Issue
2019,Ram,1500 Classic Bighorn,29998,60000,15 city/21 hwy,8-cyl,Gas,Four Wheel Drive,Automatic,5.5 ft,Silver/Black,1 Owner,No flood or frame damage,No odometer problems,1C6RR6LT0KS633392,Pickup - Fullsize,Clean,No Issue,No Issue,No Open Recalls,No Issue,No Issue,No CPO Info Available,No Issue
2019,Ram,1500 Classic Tradesman,22998,46000,15 city/22 hwy,8-cyl,Gas,Rear Wheel Drive,Automatic,8 ft,White/Gray,1 Owner,No flood or frame damage,No odometer problems,3C6JR6DT6KG667551,Pickup - Fullsize,Clean,No Issue,No Issue,No Open Recalls,No Issue,No Issue,No CPO Info Available,No Issue
2017,Ram,1500 Tradesman,23998,81000,16 city/23 hwy,6-cyl,Gas,Four Wheel Drive,Automatic,5.5 ft,White/Gray,1 Owner,No flood or frame damage,No odometer problems,1C6RR7KG7HS857486,Pickup - Fullsize,Clean,No Issue,No Issue,No Open Recalls,No Issue,No Issue,No CPO Info Available,No Issue
2023,Ram,1500 Bighorn,41998,7000,19 city/24 hwy,6-cyl,Gas,Four Wheel Drive,Automatic,5.5 ft,White/Gray,1 Owner,No flood or frame damage,No odometer problems,1C6RRFFG1PN672240,Pickup - Fullsize,Clean,No Issue,No Issue,No Open Recalls,No Issue,No Issue,No CPO Info Available,No Issue
2021,Ram,1500 Rebel,38998,58000,15 city/21 hwy,8-cyl,Gas,Four Wheel Drive,Automatic,5.5 ft,Red/Black,3 Owners,No flood or frame damage,No odometer problems,1C6SRFLT4MN536912,Pickup - Fullsize,Clean,No Issue,Moderate,No Open Recalls,No Issue,No Issue,OEM-Certified,No Issue
2021,Ram,1500 Bighorn,32998,32000,15 city/21 hwy,8-cyl,Gas,Four Wheel Drive,Automatic,6 ft,Black/Gray,1 Owner,No flood or frame damage,No odometer problems,1C6SRFBT9MN783618,Pickup - Fullsize,Clean,No Issue,No Issue,No Open Recalls,No Issue,No Issue,No CPO Info Available,No Issue
2019,Ram,1500 Bighorn,32998,44000,15 city/22 hwy,8-cyl,Gas,Four Wheel Drive,Automatic,5.5 ft,Black/Black,2 Owners,No flood or frame damage,No odometer problems,1C6SRFFT8KN737737,Pickup - Fullsize,Clean,No Issue,No Issue,No Open Recalls,No Issue,No Issue,No CPO Info Available,No Issue
2022,Ram,1500 Laramie,40998,37000,15 city/21 hwy,8-cyl,Gas,Four Wheel Drive,Automatic,5.5 ft,Black/Black,1 Owner,No flood or frame damage,No odometer problems,1C6SRFJT2NN226777,Pickup - Fullsize,Clean,No Issue,No Issue,No Open Recalls,No Issue,No Issue,No CPO Info Available,No Issue
2019,Ram,1500 Classic Laramie,29998,66000,20 city/27 hwy,6-cyl,Turbo Diesel,Rear Wheel Drive,Automatic,5.5 ft,Burgundy/Black,2 Owners,No flood or frame damage,No odometer problems,1C6RR6NM6KS723040,Pickup - Fullsize,Clean,No Issue,No Issue,No Open Recalls,No Issue,No Issue,No CPO Info Available,No Issue
2022,Ram,1500 Bighorn,31998,31000,15 city/22 hwy,8-cyl,Gas,Rear Wheel Drive,Automatic,6 ft,Gray/Black,2 Owners,No flood or frame damage,No odometer problems,1C6RREBT2NN114049,Pickup - Fullsize,Clean,No Issue,No Issue,No Open Recalls,No Issue,No Issue,No CPO Info Available,No Issue
2018,Ram,1500 Bighorn,28998,60000,15 city/21 hwy,8-cyl,Gas,Four Wheel Drive,Automatic,5.5 ft,Black/Black,1 Owner,No flood or frame damage,No odometer problems,3C6RR7LT2JG227805,Pickup - Fullsize,Clean,No Issue,Minor,No Open Recalls,No Issue,No Issue,No CPO Info Available,No Issue
2022,Ram,1500 Classic Warlock,33998,27000,16 city,6-cyl,Gas,Four Wheel Drive,Automatic,5.5 ft,White/Black,1 Owner,No flood or frame damage,No odometer problems,1C6RR7LGXNS238097,Pickup - Fullsize,Clean,No Issue,No Issue,No Open Recalls,No Issue,No Issue,No CPO Info Available,No Issue
2023,Ram,1500 Classic Tradesman,25998,15000,,6-cyl,Gas,Rear Wheel Drive,Automatic,8 ft,White/Black,1 Owner,No flood or frame damage,No odometer problems,3C6JR6DG0PG665031,Pickup - Fullsize,Clean,No Issue,No Issue,No Open Recalls,No Issue,No Issue,No CPO Info Available,No Issue
2022,Ram,1500 Bighorn,33998,11000,19 city/24 hwy,6-cyl,Gas,Four Wheel Drive,Automatic,6 ft,Gray/Black,1 Owner,No flood or frame damage,No odometer problems,1C6RRFBG0NN477782,Pickup - Fullsize,Clean,No Issue,Minor,No Open Recalls,No Issue,No Issue,No CPO Info Available,No Issue
2023,Ram,1500 Classic Tradesman,24998,15000,,6-cyl,Gas,Rear Wheel Drive,Automatic,8 ft,White/Gray,1 Owner,No flood or frame damage,No odometer problems,3C6JR6DG0PG664977,Pickup - Fullsize,Clean,No Issue,Damage Reported,No Open Recalls,No Issue,No Issue,No CPO Info Available,No Issue
2023,Ram,1500 Classic Tradesman,24998,14000,,6-cyl,Gas,Rear Wheel Drive,Automatic,8 ft,White/Black,1 Owner,No flood or frame damage,No odometer problems,3C6JR6DG2PG665032,Pickup - Fullsize,Clean,No Issue,No Issue,No Open Recalls,No Issue,No Issue,No CPO Info Available,No Issue
2016,Ram,Promaster 2500 ,31998,79000,,6-cyl,Gas,Front Wheel Drive,Automatic,,White/Black,1 Owner,No flood or frame damage,No odometer problems,3C6TRVDG5GE107822,Van - Fullsize,Clean,No Issue,Damage Reported,No Open Recalls,No Issue,No Issue,No CPO Info Available,No Issue
2021,Ram,1500 Bighorn,36998,8000,19 city/24 hwy,6-cyl,Gas,Four Wheel Drive,Automatic,6 ft,Green/Gray,1 Owner,No flood or frame damage,No odometer problems,1C6RRFBG0MN787154,Pickup - Fullsize,Clean,No Issue,No Issue,No Open Recalls,No Issue,No Issue,No CPO Info Available,No Issue
2023,Ram,1500 Classic Tradesman,25998,13000,,6-cyl,Gas,Rear Wheel Drive,Automatic,8 ft,White/Black,1 Owner,No flood or frame damage,No odometer problems,3C6JR6DG6PG655572,Pickup - Fullsize,Clean,No Issue,No Issue,No Open Recalls,No Issue,No Issue,No CPO Info Available,No Issue
2019,Ram,1500 Limited,42998,47000,17 city/22 hwy,8-cyl,Gas,Four Wheel Drive,Automatic,5.5 ft,Blue/Black,1 Owner,No flood or frame damage,No odometer problems,1C6SRFHTXKN711962,Pickup - Fullsize,Clean,No Issue,No Issue,No Open Recalls,No Issue,No Issue,No CPO Info Available,No Issue
2021,Ram,1500 Bighorn,37998,17000,15 city/21 hwy,8-cyl,Gas,Four Wheel Drive,Automatic,5.5 ft,Black/Black,1 Owner,No flood or frame damage,No odometer problems,1C6SRFFTXMN731599,Pickup - Fullsize,Clean,No Issue,No Issue,No Open Recalls,No Issue,No Issue,No CPO Info Available,No Issue
2019,Ram,1500 Classic Bighorn,31998,35000,15 city/21 hwy,8-cyl,Gas,Four Wheel Drive,Automatic,5.5 ft,Black/Gray,1 Owner,No flood or frame damage,No odometer problems,1C6RR7LT2KS560435,Pickup - Fullsize,Clean,No Issue,Damage Reported,No Open Recalls,No Issue,No Issue,No CPO Info Available,No Issue
2023,Ram,1500 Classic Tradesman,24998,13000,,6-cyl,Gas,Rear Wheel Drive,Automatic,8 ft,White/Gray,1 Owner,No flood or frame damage,No odometer problems,3C6JR6DG0PG660816,Pickup - Fullsize,Clean,No Issue,No Issue,No Open Recalls,No Issue,No Issue,No CPO Info Available,No Issue
2021,Ram,1500 Classic Tradesman,25998,70000,15 city/22 hwy,8-cyl,Gas,Rear Wheel Drive,Automatic,5.5 ft,Black/Black,2 Owners,No flood or frame damage,No odometer problems,3C6RR6KT9MG563094,Pickup - Fullsize,Clean,No Issue,Minor,No Open Recalls,No Issue,No Issue,No CPO Info Available,No Issue
2022,Ram,1500 Bighorn,35998,7000,19 city/24 hwy,6-cyl,Gas,Four Wheel Drive,Automatic,6 ft,White/Gray,2 Owners,No flood or frame damage,No odometer problems,1C6RRFBG7NN378814,Pickup - Fullsize,Clean,No Issue,No Issue,No Open Recalls,No Issue,No Issue,No CPO Info Available,No Issue
2022,Ram,1500 Limited,44998,30000,15 city/22 hwy,8-cyl,Gas,Rear Wheel Drive,Automatic,5.5 ft,Gray/Black,1 Owner,No flood or frame damage,No odometer problems,1C6RREHT0NN335866,Pickup - Fullsize,Clean,No Issue,No Issue,No Open Recalls,No Issue,No Issue,No CPO Info Available,No Issue
2021,Ram,1500 Bighorn,32998,36000,15 city/21 hwy,8-cyl,Gas,Four Wheel Drive,Automatic,6 ft,Gray/Gray,1 Owner,No flood or frame damage,No odometer problems,1C6SRFBT9MN722804,Pickup - Fullsize,Clean,No Issue,Damage Reported,No Open Recalls,No Issue,No Issue,No CPO Info Available,No Issue
2019,Ram,1500 Limited,43998,30000,17 city/22 hwy,8-cyl,Gas,Four Wheel Drive,Automatic,5.5 ft,Red/Tan,1 Owner,No flood or frame damage,No odometer problems,1C6SRFHT7KN634578,Pickup - Fullsize,Clean,No Issue,No Issue,No Open Recalls,No Issue,No Issue,No CPO Info Available,No Issue
2023,Ram,1500 Classic Tradesman,24998,13000,,6-cyl,Gas,Rear Wheel Drive,Automatic,8 ft,White/Gray,1 Owner,No flood or frame damage,No odometer problems,3C6JR6DG1PG639988,Pickup - Fullsize,Clean,No Issue,No Issue,No Open Recalls,No Issue,No Issue,No CPO Info Available,No Issue
2021,Ram,1500 Bighorn,35998,44000,15 city/21 hwy,8-cyl,Gas,Four Wheel Drive,Automatic,6 ft,Red/Black,1 Owner,No flood or frame damage,No odometer problems,1C6SRFBT1MN824663,Pickup - Fullsize,Clean,No Issue,No Issue,No Open Recalls,No Issue,No Issue,No CPO Info Available,No Issue
2023,Ram,1500 Classic Tradesman,24998,15000,,6-cyl,Gas,Rear Wheel Drive,Automatic,8 ft,White/Gray,1 Owner,No flood or frame damage,No odometer problems,3C6JR6DG4PG660804,Pickup - Fullsize,Clean,No Issue,No Issue,No Open Recalls,No Issue,No Issue,No CPO Info Available,No Issue
2019,Ram,1500 Rebel,32998,57000,19 city/24 hwy,6-cyl,Gas,Four Wheel Drive,Automatic,6 ft,Gray/Black,2 Owners,No flood or frame damage,No odometer problems,1C6RRFEG2KN860730,Pickup - Fullsize,Clean,No Issue,Minor,No Open Recalls,No Issue,No Issue,No CPO Info Available,No Issue
2020,Ram,1500 Rebel,40998,52000,17 city/22 hwy,8-cyl,Gas,Four Wheel Drive,Automatic,5.5 ft,Black/Black,1 Owner,No flood or frame damage,No odometer problems,1C6SRFLT0LN135985,Pickup - Fullsize,Clean,No Issue,No Issue,No Open Recalls,No Issue,No Issue,No CPO Info Available,No Issue
2020,Ram,2500 Bighorn,56998,10000,22 city/30 hwy,6-cyl,Turbo Diesel,Four Wheel Drive,Automatic,6 ft,Blue/Gray,1 Owner,No flood or frame damage,No odometer problems,3C6UR5DL9LG245329,Pickup - Fullsize,Clean,No Issue,No Issue,No Open Recalls,No Issue,No Issue,No CPO Info Available,No Issue
2016,Ram,1500 Bighorn,24998,63000,17 city/25 hwy,8-cyl,Gas,Rear Wheel Drive,Automatic,6 ft,Gray/Gray,1 Owner,No flood or frame damage,No odometer problems,1C6RR6GT7GS201433,Pickup - Fullsize,Clean,No Issue,No Issue,No Open Recalls,No Issue,No Issue,No CPO Info Available,No Issue
2021,Ram,1500 Bighorn,37998,33000,15 city/21 hwy,8-cyl,Gas,Four Wheel Drive,Automatic,5.5 ft,White/Black,1 Owner,No flood or frame damage,No odometer problems,1C6SRFFT8MN638662,Pickup - Fullsize,Clean,No Issue,No Issue,No Open Recalls,No Issue,No Issue,No CPO Info Available,No Issue
2021,Ram,1500 Classic Warlock,28998,57000,16 city/23 hwy,6-cyl,Gas,Four Wheel Drive,Automatic,6 ft,Red/Black,1 Owner,No flood or frame damage,No odometer problems,1C6RR7GG1MS577498,Pickup - Fullsize,Clean,No Issue,Minor,No Open Recalls,No Issue,No Issue,No CPO Info Available,No Issue
2020,Ram,2500 Limited,59998,64000,22 city/30 hwy,8-cyl,Turbo Diesel,Four Wheel Drive,Automatic,6 ft,White/Black,2 Owners,No flood or frame damage,No odometer problems,3C6UR5TL1LG283560,Pickup - Fullsize,Clean,No Issue,No Issue,No Open Recalls,No Issue,No Issue,No CPO Info Available,No Issue
2017,Ram,1500 Rebel,27998,108000,13 city/19 hwy,,,,Automatic,5.5 ft,Red/Black,2 Owners,No flood or frame damage,No odometer problems,1C6RR7YTXHS529466,Pickup - Fullsize,Clean,No Issue,No Issue,No Open Recalls,No Issue,No Issue,No CPO Info Available,No Issue
2018,Ram,1500 Bighorn,26998,97000,15 city/21 hwy,8-cyl,Gas,Four Wheel Drive,Automatic,5.5 ft,White/Black,2 Owners,No flood or frame damage,No odometer problems,3C6RR7LT0JG266280,Pickup - Fullsize,Clean,No Issue,No Issue,No Open Recalls,No Issue,No Issue,No CPO Info Available,No Issue
2022,Ram,1500 Bighorn,34998,18000,19 city/24 hwy,6-cyl,Gas,Four Wheel Drive,Automatic,6 ft,White/Black,1 Owner,No flood or frame damage,No odometer problems,1C6RRFBG7NN384323,Pickup - Fullsize,Clean,No Issue,No Issue,No Open Recalls,No Issue,No Issue,No CPO Info Available,No Issue
2019,Ram,1500 Classic Tradesman,19998,59000,17 city/25 hwy,6-cyl,Gas,Rear Wheel Drive,Automatic,8 ft,White/Gray,1 Owner,No flood or frame damage,No odometer problems,3C6JR6DG4KG510264,Pickup - Fullsize,Clean,No Issue,Damage Reported,No Open Recalls,No Issue,No Issue,No CPO Info Available,No Issue
2022,Ram,1500 Classic Warlock,34998,12000,16 city/23 hwy,6-cyl,Gas,Four Wheel Drive,Automatic,6 ft,Red/Black,2 Owners,No flood or frame damage,No odometer problems,1C6RR7GG5NS176747,Pickup - Fullsize,Clean,No Issue,No Issue,No Open Recalls,No Issue,No Issue,No CPO Info Available,No Issue
2021,Ram,1500 Limited,49998,18000,15 city/21 hwy,8-cyl,Gas,Four Wheel Drive,Automatic,5.5 ft,White/Black,2 Owners,No flood or frame damage,No odometer problems,1C6SRFHT3MN625749,Pickup - Fullsize,Clean,No Issue,No Issue,No Open Recalls,No Issue,No Issue,No CPO Info Available,No Issue
2021,Ram,1500 Bighorn,36998,29000,15 city/21 hwy,8-cyl,Gas,Four Wheel Drive,Automatic,6 ft,Silver/Black,1 Owner,No flood or frame damage,No odometer problems,1C6SRFBT1MN686980,Pickup - Fullsize,Clean,No Issue,No Issue,No Open Recalls,No Issue,No Issue,No CPO Info Available,No Issue
2022,Ram,1500 Bighorn,35998,14000,19 city/24 hwy,6-cyl,Gas,Four Wheel Drive,Automatic,6 ft,Silver/Gray,1 Owner,No flood or frame damage,No odometer problems,1C6RRFBG0NN466345,Pickup - Fullsize,Clean,No Issue,No Issue,No Open Recalls,No Issue,No Issue,No CPO Info Available,No Issue
2017,Ram,1500 SLT,20998,107000,15 city/22 hwy,,,,Automatic,6 ft,Burgundy/Gray,2 Owners,No flood or frame damage,No odometer problems,1C6RR6TT7HS804020,Pickup - Fullsize,Clean,No Issue,No Issue,No Open Recalls,No Issue,No Issue,No CPO Info Available,No Issue
2018,Ram,1500 Bighorn,21998,100000,17 city/25 hwy,6-cyl,Gas,Rear Wheel Drive,Automatic,6 ft,Blue/Gray,1 Owner,No flood or frame damage,No odometer problems,1C6RR6GG1JS304440,Pickup - Fullsize,Clean,No Issue,Moderate,No Open Recalls,No Issue,No Issue,No CPO Info Available,No Issue
2024,Ram,1500 Laramie,48998,4000,18 city/22 hwy,8-cyl,Gas,Four Wheel Drive,Automatic,5.5 ft,White/Black,1 Owner,No flood or frame damage,No odometer problems,1C6SRFJT2RN210701,Pickup - Fullsize,Clean,No Issue,No Issue,No Open Recalls,No Issue,No Issue,No CPO Info Available,No Issue
2019,Ram,1500 Laramie,30998,77000,15 city/22 hwy,8-cyl,Gas,Rear Wheel Drive,Automatic,5.5 ft,Blue/Black,2 Owners,No flood or frame damage,No odometer problems,1C6RREJT6KN523068,Pickup - Fullsize,Clean,No Issue,No Issue,No Open Recalls,No Issue,No Issue,No CPO Info Available,No Issue
2022,Ram,Promaster City ,30998,26000,21 city/28 hwy,4-cyl,Gas,Front Wheel Drive,Automatic,,White/Gray,1 Owner,No flood or frame damage,No odometer problems,ZFBHRFAB2N6W56476,Van - Mini,Clean,No Issue,No Issue,No Open Recalls,No Issue,No Issue,No CPO Info Available,No Issue
2019,Ram,3500 Limited,51998,101000,Not available,6-cyl,Turbo Diesel,Four Wheel Drive,Automatic,6 ft,Red/Black,2 Owners,No flood or frame damage,No odometer problems,3C63R3PL5KG658679,Pickup - Fullsize,Clean,No Issue,No Issue,No Open Recalls,No Issue,No Issue,No CPO Info Available,No Issue
2017,Ram,1500 Tradesman,18998,107000,17 city/25 hwy,8-cyl,Gas,Rear Wheel Drive,Automatic,6 ft,White/Gray,2 Owners,No flood or frame damage,No odometer problems,1C6RR6FT6HS622854,Pickup - Fullsize,Clean,No Issue,Minor,No Open Recalls,No Issue,No Issue,No CPO Info Available,No Issue
2017,Ram,1500 Bighorn,23998,115000,16 city/23 hwy,6-cyl,Gas,Four Wheel Drive,Automatic,5.5 ft,Black/Black,2 Owners,No flood or frame damage,No odometer problems,1C6RR7LGXHS852278,Pickup - Fullsize,Clean,No Issue,No Issue,No Open Recalls,No Issue,No Issue,No CPO Info Available,No Issue
2019,Ram,1500 Laramie,34998,5000,17 city/22 hwy,8-cyl,Gas,Rear Wheel Drive,Automatic,6 ft,Black/Black,1 Owner,No flood or frame damage,No odometer problems,1C6RREDT5KN523008,Pickup - Fullsize,Clean,No Issue,No Issue,No Open Recalls,No Issue,No Issue,No CPO Info Available,No Issue
2022,Ram,1500 Laramie,44998,13000,15 city/22 hwy,8-cyl,Gas,Rear Wheel Drive,Automatic,5.5 ft,Gray/Black,1 Owner,No flood or frame damage,No odometer problems,1C6RREJT3NN354843,Pickup - Fullsize,Clean,No Issue,No Issue,No Open Recalls,No Issue,No Issue,No CPO Info Available,No Issue
2020,Ram,1500 Limited,46998,32000,17 city/22 hwy,8-cyl,Gas,Four Wheel Drive,Automatic,5.5 ft,White/Black,1 Owner,No flood or frame damage,No odometer problems,1C6SRFHT6LN266704,Pickup - Fullsize,Clean,No Issue,No Issue,No Open Recalls,No Issue,No Issue,No CPO Info Available,No Issue
2014,Ram,1500 Express,20998,102000,15 city/22 hwy,8-cyl,Gas,Rear Wheel Drive,Automatic,5.5 ft,Gray/Gray,2 Owners,No flood or frame damage,No odometer problems,3C6RR6KT0EG316502,Pickup - Fullsize,Clean,No Issue,No Issue,No Open Recalls,No Issue,No Issue,No CPO Info Available,No Issue
2018,Ram,1500 Express,23998,71000,17 city/25 hwy,6-cyl,Gas,Rear Wheel Drive,Automatic,6 ft,Black/Gray,2 Owners,No flood or frame damage,No odometer problems,1C6RR6FG3JS252066,Pickup - Fullsize,Clean,No Issue,Moderate,No Open Recalls,No Issue,No Issue,No CPO Info Available,No Issue
2023,Ram,1500 Classic Tradesman,28998,28000,,6-cyl,Gas,Rear Wheel Drive,Automatic,5.5 ft,Silver/Black,1 Owner,No flood or frame damage,No odometer problems,3C6RR6KG4PG571742,Pickup - Fullsize,Clean,No Issue,No Issue,No Open Recalls,No Issue,No Issue,No CPO Info Available,No Issue
2022,Ram,1500 Classic Tradesman,25998,8000,25 hwy,6-cyl,Gas,Rear Wheel Drive,Automatic,8 ft,White/Gray,1 Owner,No flood or frame damage,No odometer problems,3C6JR6DG8NG395835,Pickup - Fullsize,Clean,No Issue,No Issue,No Open Recalls,No Issue,No Issue,No CPO Info Available,No Issue
2019,Ram,1500 Laramie,32998,57000,15 city/22 hwy,8-cyl,Gas,Rear Wheel Drive,Automatic,6 ft,Black/Black,3 Owners,No flood or frame damage,No odometer problems,1C6RRERT4KN526605,Pickup - Fullsize,Clean,No Issue,No Issue,No Open Recalls,No Issue,No Issue,No CPO Info Available,No Issue
2023,Ram,1500 Classic Tradesman,34998,12000,,,,,Automatic,5.5 ft,White/Gray,1 Owner,No flood or frame damage,No odometer problems,1C6RR7KG5PS533127,Pickup - Fullsize,Clean,No Issue,No Issue,No Open Recalls,No Issue,No Issue,No CPO Info Available,No Issue
2018,Ram,3500 Laramie,44998,109000,Not available,6-cyl,Turbo Diesel,Four Wheel Drive,Automatic,6 ft,Gray/Black,2 Owners,No flood or frame damage,No odometer problems,3C63R3EL2JG319833,Pickup - Fullsize,Clean,No Issue,No Issue,No Open Recalls,No Issue,No Issue,No CPO Info Available,No Issue
2022,Ram,1500 Laramie,44998,20000,15 city/21 hwy,8-cyl,Gas,Four Wheel Drive,Automatic,5.5 ft,Black/Black,1 Owner,No flood or frame damage,No odometer problems,1C6SRFJT6NN387360,Pickup - Fullsize,Clean,No Issue,No Issue,No Open Recalls,No Issue,No Issue,No CPO Info Available,No Issue
2022,Ram,2500 Bighorn,47998,37000,12 city/16 hwy,6-cyl,Turbo Diesel,Four Wheel Drive,Automatic,6 ft,White/Gray,1 Owner,No flood or frame damage,No odometer problems,3C6UR5DL7NG386578,Pickup - Fullsize,Clean,No Issue,No Issue,No Open Recalls,No Issue,No Issue,No CPO Info Available,No Issue
2017,Ram,1500 Bighorn,25998,74000,16 city/23 hwy,8-cyl,Gas,Four Wheel Drive,Automatic,5.5 ft,Red/Gray,1 Owner,No flood or frame damage,No odometer problems,1C6RR7LT5HS519015,Pickup - Fullsize,Clean,No Issue,Moderate,No Open Recalls,No Issue,No Issue,No CPO Info Available,No Issue
2021,Ram,1500 Bighorn,36998,29000,15 city/21 hwy,8-cyl,Gas,Four Wheel Drive,Automatic,5.5 ft,Black/Black,1 Owner,No flood or frame damage,No odometer problems,1C6SRFFT8MN729978,Pickup - Fullsize,Clean,No Issue,Moderate,No Open Recalls,No Issue,No Issue,No CPO Info Available,No Issue
2020,Ram,1500 Laramie,41998,48000,17 city/22 hwy,8-cyl,Gas,Four Wheel Drive,Automatic,5.5 ft,White/Black,1 Owner,No flood or frame damage,No odometer problems,1C6SRFJT5LN358641,Pickup - Fullsize,Clean,No Issue,Damage Reported,No Open Recalls,No Issue,No Issue,No CPO Info Available,No Issue
2022,Ram,1500 Bighorn,34998,35000,15 city/22 hwy,8-cyl,Gas,Rear Wheel Drive,Automatic,6 ft,Red/Gray,1 Owner,No flood or frame damage,No odometer problems,1C6RREBT8NN126528,Pickup - Fullsize,Clean,No Issue,No Issue,No Open Recalls,No Issue,No Issue,No CPO Info Available,No Issue
2023,Ram,1500 Bighorn,33998,23000,18 city/23 hwy,8-cyl,Gas,Rear Wheel Drive,Automatic,6 ft,White/Gray,1 Owner,No flood or frame damage,No odometer problems,1C6RREBT0PN553205,Pickup - Fullsize,Clean,No Issue,No Issue,No Open Recalls,No Issue,No Issue,No CPO Info Available,No Issue
2021,Ram,1500 Classic Warlock,30998,24000,16 city/23 hwy,6-cyl,Gas,Four Wheel Drive,Automatic,6 ft,Silver/Gray,1 Owner,No flood or frame damage,No odometer problems,1C6RR7GG1MS537373,Pickup - Fullsize,Clean,No Issue,No Issue,No Open Recalls,No Issue,No Issue,No CPO Info Available,No Issue
2024,Ram,1500 Limited,62998,17000,18 city/22 hwy,8-cyl,Gas,Four Wheel Drive,Automatic,5.5 ft,Black/Black,1 Owner,No flood or frame damage,No odometer problems,1C6SRFHT0RN132683,Pickup - Fullsize,Clean,No Issue,No Issue,No Open Recalls,No Issue,No Issue,No CPO Info Available,No Issue
2022,Ram,2500 Tradesman,42998,21000,12 city/18 hwy,8-cyl,Gas,Four Wheel Drive,Automatic,6 ft,Silver/Gray,2 Owners,No flood or frame damage,No odometer problems,3C6UR5CJ6NG322273,Pickup - Fullsize,Clean,No Issue,Damage Reported,No Open Recalls,No Issue,No Issue,No CPO Info Available,No Issue
2021,Ram,1500 Laramie,44998,19000,15 city/21 hwy,8-cyl,Gas,Four Wheel Drive,Automatic,5.5 ft,Gray/Black,1 Owner,No flood or frame damage,No odometer problems,1C6SRFJT3MN788735,Pickup - Fullsize,Clean,No Issue,Damage Reported,No Open Recalls,No Issue,No Issue,No CPO Info Available,No Issue
2021,Ram,1500 Classic Warlock,32998,26000,16 city/23 hwy,6-cyl,Gas,Four Wheel Drive,Automatic,6 ft,Black/Black,1 Owner,No flood or frame damage,No odometer problems,1C6RR7GG4MS538713,Pickup - Fullsize,Clean,No Issue,No Issue,No Open Recalls,No Issue,No Issue,No CPO Info Available,No Issue
2020,Ram,1500 Laramie,31998,57000,17 city/23 hwy,8-cyl,Gas,Rear Wheel Drive,Automatic,6 ft,Gray/Black,2 Owners,No flood or frame damage,No odometer problems,1C6RREDT9LN138679,Pickup - Fullsize,Clean,No Issue,No Issue,No Open Recalls,No Issue,No Issue,No CPO Info Available,No Issue
2018,Ram,1500 Bighorn,27998,87000,15 city/21 hwy,8-cyl,Gas,Four Wheel Drive,Automatic,5.5 ft,Gray/Black,1 Owner,No flood or frame damage,No odometer problems,1C6RR7LT2JS222581,Pickup - Fullsize,Clean,No Issue,Moderate,No Open Recalls,No Issue,No Issue,No CPO Info Available,No Issue
2019,Ram,1500 Classic Tradesman,20998,42000,15 city/22 hwy,8-cyl,Gas,Rear Wheel Drive,Automatic,8 ft,White/Gray,1 Owner,No flood or frame damage,No odometer problems,3C6JR6DT4KG671016,Pickup - Fullsize,Clean,No Issue,No Issue,No Open Recalls,No Issue,No Issue,No CPO Info Available,No Issue
2020,Ram,1500 Classic Tradesman,22998,35000,15 city/22 hwy,8-cyl,Gas,Rear Wheel Drive,Automatic,8 ft,White/Gray,1 Owner,No flood or frame damage,No odometer problems,3C6JR6DT6LG310601,Pickup - Fullsize,Clean,No Issue,No Issue,No Open Recalls,No Issue,No Issue,No CPO Info Available,No Issue
2019,Ram,1500 Classic Tradesman,20998,28000,15 city/22 hwy,8-cyl,Gas,Rear Wheel Drive,Automatic,8 ft,White/Gray,1 Owner,No flood or frame damage,No odometer problems,3C6JR6DT3KG671394,Pickup - Fullsize,Clean,No Issue,No Issue,No Open Recalls,No Issue,No Issue,No CPO Info Available,No Issue
2019,Ram,1500 Classic Tradesman,21998,48000,15 city/22 hwy,8-cyl,Gas,Rear Wheel Drive,Automatic,8 ft,White/Gray,1 Owner,No flood or frame damage,No odometer problems,3C6JR6DT9KG506031,Pickup - Fullsize,Clean,No Issue,No Issue,No Open Recalls,No Issue,No Issue,No CPO Info Available,No Issue
2019,Ram,1500 Classic Warlock,30998,68000,15 city/21 hwy,8-cyl,Gas,Four Wheel Drive,Automatic,6 ft,Gray/Black,1 Owner,No flood or frame damage,No odometer problems,1C6RR7GT0KS725635,Pickup - Fullsize,Clean,No Issue,No Issue,No Open Recalls,No Issue,No Issue,No CPO Info Available,No Issue
2020,Ram,1500 Classic Tradesman,21998,57000,15 city/22 hwy,8-cyl,Gas,Rear Wheel Drive,Automatic,8 ft,White/Gray,1 Owner,No flood or frame damage,No odometer problems,3C6JR6DT1LG310604,Pickup - Fullsize,Clean,No Issue,No Issue,No Open Recalls,No Issue,No Issue,No CPO Info Available,No Issue
2019,Ram,1500 Classic Tradesman,21998,52000,15 city/22 hwy,8-cyl,Gas,Rear Wheel Drive,Automatic,8 ft,White/Black,1 Owner,No flood or frame damage,No odometer problems,3C6JR6DT8KG667552,Pickup - Fullsize,Clean,No Issue,No Issue,No Open Recalls,No Issue,No Issue,No CPO Info Available,No Issue
2020,Ram,1500 Bighorn,31998,41000,19 city/24 hwy,6-cyl,Gas,Four Wheel Drive,Automatic,5.5 ft,Silver/Gray,1 Owner,No flood or frame damage,No odometer problems,1C6RRFFG8LN230470,Pickup - Fullsize,Clean,No Issue,No Issue,No Open Recalls,No Issue,No Issue,No CPO Info Available,No Issue
2022,Ram,2500 Power Wagon,52998,41000,12 city/18 hwy,8-cyl,Gas,Four Wheel Drive,Automatic,6 ft,Gray/Gray,1 Owner,No flood or frame damage,No odometer problems,3C6TR5EJ8NG326320,Pickup - Fullsize,Clean,No Issue,No Issue,No Open Recalls,No Issue,No Issue,No CPO Info Available,No Issue
2021,Ram,2500 Tradesman,38998,33000,Not available,8-cyl,Gas,Four Wheel Drive,Automatic,6 ft,Red/Gray,1 Owner,No flood or frame damage,No odometer problems,3C6UR5CJ3MG622982,Pickup - Fullsize,Clean,No Issue,No Issue,No Open Recalls,No Issue,No Issue,No CPO Info Available,No Issue
2021,Ram,1500 Classic Warlock,32998,17000,16 city/23 hwy,6-cyl,Gas,Four Wheel Drive,Automatic,6 ft,Blue/Black,1 Owner,No flood or frame damage,No odometer problems,1C6RR7GG9MS568466,Pickup - Fullsize,Clean,No Issue,Damage Reported,No Open Recalls,No Issue,No Issue,No CPO Info Available,No Issue
2016,Ram,1500 Laramie Longhorn,27998,114000,15 city/21 hwy,8-cyl,Gas,Four Wheel Drive,Automatic,5.5 ft,White/Brown,2 Owners,No flood or frame damage,No odometer problems,1C6RR7PT5GS386782,Pickup - Fullsize,Clean,No Issue,No Issue,No Open Recalls,No Issue,No Issue,No CPO Info Available,No Issue
2021,Ram,1500 Bighorn,33998,42000,19 city/24 hwy,6-cyl,Gas,Four Wheel Drive,Automatic,5.5 ft,Blue/Black,1 Owner,No flood or frame damage,No odometer problems,1C6RRFFG6MN831894,Pickup - Fullsize,Clean,No Issue,No Issue,No Open Recalls,No Issue,No Issue,No CPO Info Available,No Issue
2020,Ram,1500 Laramie,37998,47000,17 city/22 hwy,8-cyl,Gas,Four Wheel Drive,Automatic,6 ft,White/Black,1 Owner,No flood or frame damage,No odometer problems,1C6SRFRT1LN395609,Pickup - Fullsize,Clean,No Issue,No Issue,No Open Recalls,No Issue,No Issue,No CPO Info Available,No Issue
2020,Ram,1500 Laramie,39998,27000,17 city/22 hwy,8-cyl,Gas,Four Wheel Drive,Automatic,5.5 ft,Red/Black,1 Owner,No flood or frame damage,No odometer problems,1C6SRFJT0LN390817,Pickup - Fullsize,Clean,No Issue,No Issue,No Open Recalls,No Issue,No Issue,No CPO Info Available,No Issue
2019,Ram,1500 Classic Warlock,28998,50000,16 city/23 hwy,6-cyl,Gas,Four Wheel Drive,Automatic,6 ft,Gray/Black,1 Owner,No flood or frame damage,No odometer problems,1C6RR7GG8KS717740,Pickup - Fullsize,Clean,No Issue,Minor,No Open Recalls,No Issue,No Issue,No CPO Info Available,No Issue
