year,make,model,price,mileage,Miles per gallon,Transmission,Color,owner,frame_damage,Odometer_problem,VIN,class,State Title Brand,Auction Brand / Issues,Accident / Damage,Open Recall Check,Insurance Loss / Transfer,Odometer Check,Certified Pre-Owned,Service / Repair,cylinders,fuel,Drive type,Miles per gallon equivalent (MPGe),Range (when new),Time to fully charge battery (240V)
2015,Subaru,Outback Limited,16998,92000,25 city/32 hwy,Automatic,Silver/Black,2 Owners,No flood or frame damage,No odometer problems,4S4BSANC4F3279791,CUV - Midsize,Clean,No Issue,No Issue,No Open Recalls,No Issue,No Issue,No CPO Info Available,No Issue,,,,,,
2017,Subaru,Forester 2.5I,16998,79000,22 city/28 hwy,Manual 6 Speed,Silver/Gray,1 Owner,No flood or frame damage,No odometer problems,JF2SJAACXHG452398,CUV - Midsize,Clean,No Issue,Moderate,1 Open Recall(s),No Issue,No Issue,No CPO Info Available,No Issue,4-cyl,Gas,All Wheel Drive,,,
2020,Subaru,Impreza ,18998,43000,28 city/36 hwy,Automatic,Blue/Black,1 Owner,No flood or frame damage,No odometer problems,4S3GKAB64L3608865,Car - Midsize,Clean,No Issue,No Issue,No Open Recalls,No Issue,No Issue,No CPO Info Available,No Issue,4-cyl,Gas,All Wheel Drive,,,
2016,Subaru,Legacy 2.5I,14998,91000,26 city/36 hwy,Automatic,Gray/Black,3 Owners,No flood or frame damage,No odometer problems,4S3BNAA63G3004121,Car - Midsize,Clean,No Issue,No Issue,No Open Recalls,No Issue,No Issue,No CPO Info Available,No Issue,4-cyl,Gas,All Wheel Drive,,,
2021,Subaru,Crosstrek Premium,24998,53000,28 city/33 hwy,Automatic,Black/Black,1 Owner,No flood or frame damage,No odometer problems,JF2GTAEC8MH670080,CUV - Compact,Clean,No Issue,No Issue,No Open Recalls,No Issue,No Issue,No CPO Info Available,No Issue,4-cyl,Gas,All Wheel Drive,,,
2017,Subaru,Crosstrek Premium,16998,102000,26 city/33 hwy,Automatic,Black/Black,2 Owners,No flood or frame damage,No odometer problems,JF2GPABC9H8207377,CUV - Compact,Clean,No Issue,No Issue,No Open Recalls,No Issue,No Issue,No CPO Info Available,No Issue,4-cyl,Gas,All Wheel Drive,,,
2023,Subaru,Forester Premium,29998,16000,26 city/33 hwy,Automatic,Black/Black,1 Owner,No flood or frame damage,No odometer problems,JF2SKAEC9PH421806,CUV - Midsize,Clean,No Issue,No Issue,No Open Recalls,No Issue,No Issue,No CPO Info Available,No Issue,,,,,,
2021,Subaru,Forester Touring,29998,26000,26 city/33 hwy,Automatic,White/Black,1 Owner,No flood or frame damage,No odometer problems,JF2SKAXC2MH535221,CUV - Midsize,Clean,No Issue,No Issue,No Open Recalls,No Issue,No Issue,No CPO Info Available,No Issue,4-cyl,Gas,All Wheel Drive,,,
2022,Subaru,Ascent Onyx Edition,33998,36000,20 city/26 hwy,Automatic,White/Gray,2 Owners,No flood or frame damage,No odometer problems,4S4WMAJD5N3422630,CUV - Large,Clean,No Issue,No Issue,No Open Recalls,No Issue,No Issue,No CPO Info Available,No Issue,,,,,,
2023,Subaru,Crosstrek ,25998,18000,28 city/33 hwy,Automatic,Silver/Black,1 Owner,No flood or frame damage,No odometer problems,JF2GTABC5PH293121,CUV - Compact,Clean,No Issue,No Issue,No Open Recalls,No Issue,No Issue,No CPO Info Available,No Issue,4-cyl,Gas,All Wheel Drive,,,
2018,Subaru,Impreza Sport,19998,47000,27 city/35 hwy,Automatic,Gray/Black,2 Owners,No flood or frame damage,No odometer problems,4S3GTAM64J3711582,Car - Compact,Clean,No Issue,No Issue,1 Open Recall(s),No Issue,No Issue,No CPO Info Available,No Issue,4-cyl,Gas,All Wheel Drive,,,
2021,Subaru,Forester Premium,25998,22000,26 city/33 hwy,Automatic,Gray/Black,1 Owner,No flood or frame damage,No odometer problems,JF2SKAFC0MH568591,CUV - Midsize,Clean,No Issue,No Issue,No Open Recalls,No Issue,No Issue,No CPO Info Available,No Issue,4-cyl,Gas,All Wheel Drive,,,
2018,Subaru,Impreza Sport,18998,53000,23 city/31 hwy,Manual 5 Speed,Red/Black,2 Owners,No flood or frame damage,No odometer problems,4S3GKAK62J1616908,Car - Midsize,Clean,No Issue,No Issue,1 Open Recall(s),No Issue,No Issue,No CPO Info Available,No Issue,4-cyl,Gas,All Wheel Drive,,,
2024,Subaru,Ascent Limited,40998,1000,19 city/25 hwy,Automatic,Silver/Black,1 Owner,No flood or frame damage,No odometer problems,4S4WMAUD1R3438499,CUV - Large,Clean,No Issue,No Issue,No Open Recalls,No Issue,No Issue,No CPO Info Available,No Issue,4-cyl,Turbo Gas,All Wheel Drive,,,
2017,Subaru,Crosstrek Premium,17998,95000,26 city/33 hwy,Automatic,White/Tan,3 Owners,No flood or frame damage,No odometer problems,JF2GPADCXH8261221,CUV - Compact,Clean,No Issue,No Issue,No Open Recalls,No Issue,No Issue,No CPO Info Available,No Issue,4-cyl,Gas,All Wheel Drive,,,
2022,Subaru,Legacy Limited,24998,38000,27 city/35 hwy,Automatic,Gray/Black,1 Owner,No flood or frame damage,No odometer problems,4S3BWAN63N3007377,Car - Midsize,Clean,No Issue,No Issue,No Open Recalls,No Issue,No Issue,No CPO Info Available,No Issue,4-cyl,Gas,All Wheel Drive,,,
2023,Subaru,Impreza Sport,24998,24000,27 city/35 hwy,Automatic,Silver/Black,1 Owner,No flood or frame damage,No odometer problems,4S3GTAM68P3711626,Car - Compact,Clean,No Issue,No Issue,No Open Recalls,No Issue,No Issue,No CPO Info Available,No Issue,4-cyl,Gas,All Wheel Drive,,,
2018,Subaru,Impreza 2.0I Premium,17998,67000,28 city/37 hwy,Automatic,Gray/Black,1 Owner,No flood or frame damage,No odometer problems,4S3GTAB63J3719160,Car - Compact,Clean,No Issue,No Issue,No Open Recalls,No Issue,No Issue,No CPO Info Available,No Issue,4-cyl,Gas,All Wheel Drive,,,
2016,Subaru,Impreza 2.0I Sport Premium,13998,120000,27 city/36 hwy,Automatic,Gray/Black,3 Owners,No flood or frame damage,No odometer problems,JF1GPAP66G8241959,Car - Compact,Clean,No Issue,Damage Reported,No Open Recalls,No Issue,No Issue,No CPO Info Available,No Issue,4-cyl,Gas,All Wheel Drive,,,
2021,Subaru,Ascent Limited,27998,61000,20 city/26 hwy,Automatic,Brown/Tan,2 Owners,No flood or frame damage,No odometer problems,4S4WMAPD2M3400140,CUV - Large,Clean,No Issue,No Issue,No Open Recalls,No Issue,No Issue,No CPO Info Available,No Issue,4-cyl,Turbo Gas,All Wheel Drive,,,
2023,Subaru,Crosstrek ,20998,88000,22 city/29 hwy,Manual 6 Speed,White/Black,1 Owner,No flood or frame damage,No odometer problems,JF2GTAAC4P9295325,CUV - Compact,Clean,No Issue,No Issue,No Open Recalls,No Issue,No Issue,No CPO Info Available,No Issue,4-cyl,Gas,All Wheel Drive,,,
2022,Subaru,Crosstrek Sport,27998,22000,27 city/34 hwy,Automatic,Black/Gray,1 Owner,No flood or frame damage,No odometer problems,JF2GTHSC1NH258551,CUV - Compact,Clean,No Issue,No Issue,No Open Recalls,No Issue,No Issue,No CPO Info Available,No Issue,4-cyl,Gas,All Wheel Drive,,,
2023,Subaru,Forester Touring,34998,5000,26 city/33 hwy,Automatic,Silver/Black,1 Owner,No flood or frame damage,No odometer problems,JF2SKARC2PH522308,CUV - Midsize,Clean,No Issue,Damage Reported,No Open Recalls,No Issue,No Issue,No CPO Info Available,No Issue,4-cyl,Gas,All Wheel Drive,,,
2022,Subaru,Outback ,25998,22000,26 city/33 hwy,Automatic,Gray/Black,1 Owner,No flood or frame damage,No odometer problems,4S4BTAAC4N3136938,CUV - Midsize,Clean,No Issue,No Issue,No Open Recalls,No Issue,No Issue,No CPO Info Available,No Issue,4-cyl,Gas,All Wheel Drive,,,
2019,Subaru,Ascent Premium,21998,72000,21 city/27 hwy,Automatic,Gray/Black,2 Owners,No flood or frame damage,No odometer problems,4S4WMAFD7K3427137,CUV - Large,Clean,No Issue,No Issue,No Open Recalls,No Issue,No Issue,No CPO Info Available,No Issue,4-cyl,Turbo Gas,All Wheel Drive,,,
2014,Subaru,Impreza WRX Premium,22998,63000,19 city/25 hwy,Manual 5 Speed,Blue/Black,1 Owner,No flood or frame damage,No odometer problems,JF1GR7E68EG222607,Car - Compact,Clean,No Issue,No Issue,No Open Recalls,No Issue,No Issue,No CPO Info Available,No Issue,4-cyl,Turbo Gas,All Wheel Drive,,,
2019,Subaru,Impreza 2.0I Premium,16998,77000,28 city/38 hwy,Automatic,Gray/Black,2 Owners,No flood or frame damage,No odometer problems,4S3GKAC67K3628637,Car - Midsize,Clean,No Issue,Minor,No Open Recalls,No Issue,No Issue,No CPO Info Available,No Issue,4-cyl,Gas,All Wheel Drive,,,
2020,Subaru,Crosstrek PHEV ,24998,68000,,,Gray/Gray,1 Owner,No flood or frame damage,No odometer problems,JF2GTDEC4LH283400,CUV - Compact,Clean,No Issue,Minor,1 Open Recall(s),No Issue,No Issue,No CPO Info Available,No Issue,4-cyl,Plug-in Hybrid,All Wheel Drive,99 city/80 hwy,17 miles,2 hours
2018,Subaru,Crosstrek ,17998,93000,23 city/29 hwy,Manual 6 Speed,Blue/Black,2 Owners,No flood or frame damage,No odometer problems,JF2GTAAC7J9336005,CUV - Compact,Clean,No Issue,No Issue,No Open Recalls,No Issue,No Issue,No CPO Info Available,No Issue,4-cyl,Gas,All Wheel Drive,,,
2017,Subaru,Forester 2.5I Premium,15998,104000,26 city/32 hwy,Automatic,Black/Black,6 Owners,No flood or frame damage,No odometer problems,JF2SJAGC2HH483727,CUV - Midsize,Clean,No Issue,Minor,No Open Recalls,No Issue,No Issue,No CPO Info Available,No Issue,4-cyl,Gas,All Wheel Drive,,,
2018,Subaru,Forester 2.0XT  Touring,21998,60000,23 city/27 hwy,Automatic,Blue/Black,3 Owners,No flood or frame damage,No odometer problems,JF2SJGWC9JH573807,CUV - Midsize,Clean,No Issue,Damage Reported,No Open Recalls,No Issue,No Issue,No CPO Info Available,No Issue,4-cyl,Turbo Gas,All Wheel Drive,,,
2021,Subaru,Crosstrek Premium,22998,60000,28 city/33 hwy,Automatic,Gray/Gray,2 Owners,No flood or frame damage,No odometer problems,JF2GTAEC5M8388270,CUV - Compact,Clean,No Issue,No Issue,No Open Recalls,No Issue,No Issue,No CPO Info Available,No Issue,4-cyl,Gas,All Wheel Drive,,,
2019,Subaru,Impreza 2.0I Premium,15998,100000,28 city/38 hwy,Automatic,Gray/Black,1 Owner,No flood or frame damage,No odometer problems,4S3GKAD64K3628870,Car - Midsize,Clean,No Issue,No Issue,No Open Recalls,No Issue,No Issue,No CPO Info Available,No Issue,,,,,,
2018,Subaru,Forester 2.5I Premium,16998,107000,26 city/32 hwy,Automatic,Blue/Gray,2 Owners,No flood or frame damage,No odometer problems,JF2SJAGC4JH428282,CUV - Midsize,Clean,No Issue,No Issue,No Open Recalls,No Issue,No Issue,No CPO Info Available,No Issue,4-cyl,Gas,All Wheel Drive,,,
2018,Subaru,Forester 2.5I Premium,22998,35000,24 city/32 hwy,Automatic,Blue/Gray,1 Owner,No flood or frame damage,No odometer problems,JF2SJAGC2JH479022,CUV - Midsize,Clean,No Issue,No Issue,No Open Recalls,No Issue,No Issue,No CPO Info Available,No Issue,,,,,,
2021,Subaru,Outback Limited,26998,39000,26 city/33 hwy,Automatic,White/Black,2 Owners,No flood or frame damage,No odometer problems,4S4BTAMC3M3154910,CUV - Midsize,Clean,No Issue,No Issue,1 Open Recall(s),No Issue,No Issue,No CPO Info Available,No Issue,4-cyl,Gas,All Wheel Drive,,,
2017,Subaru,Impreza ,14998,80000,28 city/38 hwy,Automatic,Gray/Black,2 Owners,No flood or frame damage,No odometer problems,4S3GKAA6XH3614727,Car - Midsize,Clean,No Issue,Damage Reported,No Open Recalls,No Issue,No Issue,No CPO Info Available,No Issue,,,,,,
2013,Subaru,XV Crosstrek Premium,14998,100000,25 city/33 hwy,Automatic,White/Tan,2 Owners,No flood or frame damage,No odometer problems,JF2GPACC1DH855191,CUV - Compact,Clean,No Issue,No Issue,2 Open Recall(s),No Issue,No Issue,No CPO Info Available,No Issue,4-cyl,Gas,All Wheel Drive,,,
2021,Subaru,Outback Limited,25998,52000,26 city/33 hwy,Automatic,Green/Black,2 Owners,No flood or frame damage,No odometer problems,4S4BTANC1M3111908,CUV - Midsize,Clean,No Issue,No Issue,1 Open Recall(s),No Issue,No Issue,No Recent CPO Reported,No Issue,4-cyl,Gas,All Wheel Drive,,,
2019,Subaru,Forester 2.5I Sport,22998,77000,26 city/33 hwy,Automatic,Silver/Gray,1 Owner,No flood or frame damage,No odometer problems,JF2SKAJC7KH561206,CUV - Midsize,Clean,No Issue,No Issue,No Open Recalls,No Issue,No Issue,No CPO Info Available,No Issue,4-cyl,Gas,All Wheel Drive,,,
2017,Subaru,Outback 3.6R Limited,22998,63000,20 city/27 hwy,Automatic,Tan/Tan,1 Owner,No flood or frame damage,No odometer problems,4S4BSENC9H3399726,CUV - Midsize,Clean,No Issue,No Issue,1 Open Recall(s),No Issue,No Issue,No CPO Info Available,No Issue,6-cyl,Gas,All Wheel Drive,,,
2019,Subaru,Crosstrek Premium,16998,114000,27 city/33 hwy,Automatic,Black/Gray,1 Owner,No flood or frame damage,No odometer problems,JF2GTADC7K8354958,CUV - Compact,Clean,No Issue,No Issue,No Open Recalls,No Issue,No Issue,No CPO Info Available,No Issue,4-cyl,Gas,All Wheel Drive,,,
2015,Subaru,Outback Premium,18998,69000,25 city/33 hwy,Automatic,Blue/Tan,2 Owners,No flood or frame damage,No odometer problems,4S4BSBHC6F3266509,CUV - Midsize,Clean,No Issue,Minor,1 Open Recall(s),No Issue,No Issue,No CPO Info Available,No Issue,4-cyl,Gas,All Wheel Drive,,,
2017,Subaru,Impreza 2.0I Premium,17998,60000,28 city/37 hwy,Automatic,Black/Taupe,1 Owner,No flood or frame damage,No odometer problems,4S3GTAB64H3720781,Car - Compact,Clean,No Issue,Minor,5 Open Recall(s),No Issue,No Issue,No CPO Info Available,No Issue,4-cyl,Gas,All Wheel Drive,,,
2017,Subaru,Impreza Sport,19998,52000,27 city/35 hwy,Automatic,White/Black,2 Owners,No flood or frame damage,No odometer problems,4S3GTAK60H3721703,Car - Compact,Clean,No Issue,Damage Reported,1 Open Recall(s),No Issue,No Issue,No CPO Info Available,No Issue,4-cyl,Gas,All Wheel Drive,,,
2024,Subaru,Crosstrek Premium,28998,4000,27 city/34 hwy,Automatic,Silver/Black,1 Owner,No flood or frame damage,No odometer problems,JF2GUADC7RH228011,CUV - Compact,Clean,No Issue,No Issue,No Open Recalls,No Issue,No Issue,No CPO Info Available,No Issue,4-cyl,Gas,All Wheel Drive,,,
2019,Subaru,Ascent Touring,28998,61000,20 city/26 hwy,Automatic,White/Brown,3 Owners,No flood or frame damage,No odometer problems,4S4WMARD0K3412555,CUV - Large,Clean,No Issue,No Issue,No Open Recalls,No Issue,No Issue,OEM-Certified,No Issue,4-cyl,Turbo Gas,All Wheel Drive,,,
2015,Subaru,Forester 2.5I Limited,14998,103000,24 city/32 hwy,Automatic,Green/Gray,3 Owners,No flood or frame damage,No odometer problems,JF2SJAKC7FH510179,CUV - Midsize,Clean,No Issue,No Issue,1 Open Recall(s),No Issue,No Issue,No CPO Info Available,No Issue,4-cyl,Gas,All Wheel Drive,,,
2018,Subaru,Forester 2.5I Premium,20998,44000,26 city/32 hwy,Automatic,Gray/Gray,1 Owner,No flood or frame damage,No odometer problems,JF2SJAGC6JH602174,CUV - Midsize,Clean,No Issue,Damage Reported,No Open Recalls,No Issue,No Issue,No CPO Info Available,No Issue,4-cyl,Gas,All Wheel Drive,,,
2018,Subaru,Crosstrek Premium,20998,47000,27 city/33 hwy,Automatic,Black/Black,2 Owners,No flood or frame damage,No odometer problems,JF2GTABC6JH287819,CUV - Compact,Clean,No Issue,No Issue,No Open Recalls,No Issue,No Issue,No CPO Info Available,No Issue,4-cyl,Gas,All Wheel Drive,,,
2018,Subaru,Legacy 2.5I Premium,19998,59000,25 city/34 hwy,Automatic,White/Tan,1 Owner,No flood or frame damage,No odometer problems,4S3BNAF63J3010744,Car - Midsize,Clean,No Issue,No Issue,No Open Recalls,No Issue,No Issue,No CPO Info Available,No Issue,4-cyl,Gas,All Wheel Drive,,,
2022,Subaru,Outback Limited,27998,41000,26 city/33 hwy,Automatic,Gray/Gray,1 Owner,No flood or frame damage,No odometer problems,4S4BTANC7N3137091,CUV - Midsize,Clean,No Issue,No Issue,No Open Recalls,No Issue,No Issue,No CPO Info Available,No Issue,4-cyl,Gas,All Wheel Drive,,,
2020,Subaru,BRZ Limited,27998,17000,21 city/29 hwy,Manual 6 Speed,Blue/Black,1 Owner,No flood or frame damage,No odometer problems,JF1ZCAC16L9702970,Sport Car - Subcompact,Clean,No Issue,No Issue,No Open Recalls,No Issue,No Issue,No CPO Info Available,No Issue,,,,,,
2021,Subaru,Forester Premium,25998,38000,26 city/33 hwy,Automatic,Brown/Black,1 Owner,No flood or frame damage,No odometer problems,JF2SKAFC4MH568898,CUV - Midsize,Clean,No Issue,No Issue,No Open Recalls,No Issue,No Issue,No CPO Info Available,No Issue,4-cyl,Gas,All Wheel Drive,,,
2021,Subaru,Forester ,25998,19000,26 city/33 hwy,Automatic,Green/Gray,1 Owner,No flood or frame damage,No odometer problems,JF2SKADC7MH589148,CUV - Midsize,Clean,No Issue,No Issue,No Open Recalls,No Issue,No Issue,No CPO Info Available,No Issue,4-cyl,Gas,All Wheel Drive,,,
2017,Subaru,Crosstrek Limited,20998,56000,26 city/33 hwy,Automatic,Black/Black,2 Owners,No flood or frame damage,No odometer problems,JF2GPANC7H8254449,CUV - Compact,Clean,No Issue,Moderate,No Open Recalls,No Issue,No Issue,No CPO Info Available,No Issue,4-cyl,Gas,All Wheel Drive,,,
2022,Subaru,Forester Touring,31998,17000,26 city/33 hwy,Automatic,White/Black,1 Owner,No flood or frame damage,No odometer problems,JF2SKARC0NH511482,CUV - Midsize,Clean,No Issue,No Issue,No Open Recalls,No Issue,No Issue,No CPO Info Available,No Issue,4-cyl,Gas,All Wheel Drive,,,
2023,Subaru,Forester Premium,31998,1000,26 city/33 hwy,Automatic,Green/Gray,1 Owner,No flood or frame damage,No odometer problems,JF2SKAEC0PH537878,CUV - Midsize,Clean,No Issue,No Issue,No Open Recalls,No Issue,No Issue,No CPO Info Available,No Issue,4-cyl,Gas,All Wheel Drive,,,
2023,Subaru,Crosstrek Sport,29998,8000,27 city/34 hwy,Automatic,Blue/Gray,1 Owner,No flood or frame damage,No odometer problems,JF2GTHRCXPH227906,CUV - Compact,Clean,No Issue,No Issue,No Open Recalls,No Issue,No Issue,No CPO Info Available,No Issue,4-cyl,Gas,All Wheel Drive,,,
2017,Subaru,Outback 2.5I Limited,20998,78000,25 city/32 hwy,Automatic,Black/Black,2 Owners,No flood or frame damage,No odometer problems,4S4BSANC5H3205623,CUV - Midsize,Clean,No Issue,Moderate,No Open Recalls,No Issue,No Issue,No CPO Info Available,No Issue,4-cyl,Gas,All Wheel Drive,,,
2024,Subaru,Crosstrek Wilderness,33998,3000,25 city/29 hwy,Automatic,White/Black,1 Owner,No flood or frame damage,No odometer problems,4S4GUHU62R3736218,CUV - Compact,Clean,No Issue,No Issue,No Open Recalls,No Issue,No Issue,No CPO Info Available,No Issue,,,,,,
2019,Subaru,Crosstrek Premium,20998,76000,27 city/33 hwy,Automatic,Orange/Black,1 Owner,No flood or frame damage,No odometer problems,JF2GTACC4KH391886,CUV - Compact,Clean,No Issue,Minor,No Open Recalls,No Issue,No Issue,No CPO Info Available,No Issue,4-cyl,Gas,All Wheel Drive,,,
2024,Subaru,Impreza Sport,25998,9000,27 city/34 hwy,Automatic,Black/Black,1 Owner,No flood or frame damage,No odometer problems,JF1GUAFC1R8286164,Car - Compact,Clean,No Issue,No Issue,No Open Recalls,No Issue,No Issue,No CPO Info Available,No Issue,4-cyl,Gas,All Wheel Drive,,,
2015,Subaru,Forester 2.5I Touring,14599,128000,24 city/32 hwy,Automatic,Silver/Gray,2 Owners,No flood or frame damage,No odometer problems,JF2SJAWC7FH509866,CUV - Midsize,Clean,No Issue,Minor,No Open Recalls,No Issue,No Issue,No CPO Info Available,No Issue,4-cyl,Gas,All Wheel Drive,,,
2022,Subaru,Forester Touring,31998,13000,26 city/33 hwy,Automatic,Black/Black,1 Owner,No flood or frame damage,No odometer problems,JF2SKARC6NH442944,CUV - Midsize,Clean,No Issue,No Issue,No Open Recalls,No Issue,No Issue,No CPO Info Available,No Issue,,,,,,
2023,Subaru,Crosstrek Premium,25998,15000,28 city/33 hwy,Automatic,White/Black,1 Owner,No flood or frame damage,No odometer problems,JF2GTAPCXP8222215,CUV - Compact,Clean,No Issue,No Issue,No Open Recalls,No Issue,No Issue,No CPO Info Available,No Issue,4-cyl,Gas,All Wheel Drive,,,
2022,Subaru,Outback Premium,26998,31000,26 city/33 hwy,Automatic,Gray/Black,2 Owners,No flood or frame damage,No odometer problems,4S4BTAFC9N3125605,CUV - Midsize,Clean,No Issue,Damage Reported,No Open Recalls,No Issue,No Issue,OEM-Certified,No Issue,4-cyl,Gas,All Wheel Drive,,,
2016,Subaru,Forester 2.5I,16998,91000,24 city/32 hwy,Automatic,Silver/Gray,2 Owners,No flood or frame damage,No odometer problems,JF2SJABC5GH484943,CUV - Midsize,Clean,No Issue,No Issue,No Open Recalls,No Issue,No Issue,No CPO Info Available,No Issue,4-cyl,Gas,All Wheel Drive,,,
2020,Subaru,Crosstrek Limited,24998,38000,27 city/33 hwy,Automatic,Gray/Black,1 Owner,No flood or frame damage,No odometer problems,JF2GTAMC0LH239913,CUV - Compact,Clean,No Issue,No Issue,No Open Recalls,No Issue,No Issue,No CPO Info Available,No Issue,4-cyl,Gas,All Wheel Drive,,,
2013,Subaru,Outback 2.5I Limited,14998,102000,24 city/30 hwy,Automatic,Silver/Black,2 Owners,No flood or frame damage,No odometer problems,4S4BRBPC5D3291170,CUV - Midsize,Clean,No Issue,No Issue,No Open Recalls,No Issue,No Issue,No CPO Info Available,No Issue,4-cyl,Gas,All Wheel Drive,,,
2019,Subaru,Ascent Premium,24998,62000,21 city/27 hwy,Automatic,White/Black,2 Owners,No flood or frame damage,No odometer problems,4S4WMAHD2K3481846,CUV - Large,Clean,No Issue,No Issue,No Open Recalls,No Issue,No Issue,No CPO Info Available,No Issue,4-cyl,Turbo Gas,All Wheel Drive,,,
2015,Subaru,Impreza 2.0I Premium,13998,97000,28 city/37 hwy,Automatic,Blue/Black,1 Owner,No flood or frame damage,No odometer problems,JF1GJAC69FH015601,Car - Compact,Clean,No Issue,Damage Reported,No Open Recalls,No Issue,No Issue,No CPO Info Available,No Issue,,,,,,
2015,Subaru,Forester 2.5I Premium,14599,114000,24 city/32 hwy,Automatic,Green/Tan,2 Owners,No flood or frame damage,No odometer problems,JF2SJADC9FH504803,CUV - Midsize,Clean,No Issue,No Issue,No Open Recalls,No Issue,No Issue,No CPO Info Available,No Issue,4-cyl,Gas,All Wheel Drive,,,
2015,Subaru,Forester 2.5I Premium,17998,61000,24 city/32 hwy,Automatic,Gold/Black,1 Owner,No flood or frame damage,No odometer problems,JF2SJADC9FH422361,CUV - Midsize,Clean,No Issue,Minor,No Open Recalls,No Issue,No Issue,No CPO Info Available,No Issue,4-cyl,Gas,All Wheel Drive,,,
2015,Subaru,Legacy Limited,15998,95000,26 city/36 hwy,Automatic,Silver/Tan,2 Owners,No flood or frame damage,No odometer problems,4S3BNAN64F3044295,Car - Midsize,Clean,No Issue,No Issue,No Open Recalls,No Issue,No Issue,No CPO Info Available,No Issue,4-cyl,Gas,All Wheel Drive,,,
2024,Subaru,Impreza RS,24998,35000,26 city/33 hwy,Automatic,White/Black,1 Owner,No flood or frame damage,No odometer problems,JF1GUHHC0R8309729,Car - Compact,Clean,No Issue,No Issue,No Open Recalls,No Issue,No Issue,No CPO Info Available,No Issue,,,,,,
2013,Subaru,Outback 2.5I Premium,13599,117000,24 city/30 hwy,Automatic,Blue/Gray,1 Owner,No flood or frame damage,No odometer problems,4S4BRCCC7D3307011,CUV - Midsize,Clean,No Issue,No Issue,No Open Recalls,No Issue,No Issue,No CPO Info Available,No Issue,4-cyl,Gas,All Wheel Drive,,,
2016,Subaru,Outback 2.5I Premium,17998,87000,25 city/33 hwy,Automatic,Silver/Black,1 Owner,No flood or frame damage,No odometer problems,4S4BSAHC1G3329768,CUV - Midsize,Clean,No Issue,No Issue,No Open Recalls,No Issue,No Issue,No CPO Info Available,No Issue,4-cyl,Gas,All Wheel Drive,,,
2024,Subaru,Crosstrek Sport,28998,10000,26 city/33 hwy,Automatic,Gray/Black,1 Owner,No flood or frame damage,No odometer problems,4S4GUHF69R3756625,CUV - Compact,Clean,No Issue,Minor-Moderate,No Open Recalls,No Issue,No Issue,No CPO Info Available,No Issue,4-cyl,Gas,All Wheel Drive,,,
2019,Subaru,Outback 3.6R Limited,26998,42000,20 city/27 hwy,Automatic,Black/Black,1 Owner,No flood or frame damage,No odometer problems,4S4BSENC6K3378212,CUV - Midsize,Clean,No Issue,No Issue,No Open Recalls,No Issue,No Issue,No CPO Info Available,No Issue,6-cyl,Gas,All Wheel Drive,,,
2022,Subaru,Crosstrek Limited,29998,10000,27 city/34 hwy,Automatic,Blue/Black,1 Owner,No flood or frame damage,No odometer problems,JF2GTHNC6NH252370,CUV - Compact,Clean,No Issue,No Issue,No Open Recalls,No Issue,No Issue,No CPO Info Available,No Issue,4-cyl,Gas,All Wheel Drive,,,
2021,Subaru,Forester Touring,28998,36000,26 city/33 hwy,Automatic,White/Black,2 Owners,No flood or frame damage,No odometer problems,JF2SKAXC0MH407107,CUV - Midsize,Clean,No Issue,No Issue,No Open Recalls,No Issue,No Issue,OEM-Certified,No Issue,4-cyl,Gas,All Wheel Drive,,,
2018,Subaru,Forester 2.5I,20998,49000,26 city/32 hwy,Automatic,Black/Black,1 Owner,No flood or frame damage,No odometer problems,JF2SJABC0JH492617,CUV - Midsize,Clean,No Issue,No Issue,No Open Recalls,No Issue,No Issue,No CPO Info Available,No Issue,4-cyl,Gas,All Wheel Drive,,,
2021,Subaru,Ascent Touring,32998,41000,20 city/26 hwy,Automatic,Blue/Brown,1 Owner,No flood or frame damage,No odometer problems,4S4WMARDXM3440155,CUV - Large,Clean,No Issue,No Issue,No Open Recalls,No Issue,No Issue,No CPO Info Available,No Issue,4-cyl,Turbo Gas,All Wheel Drive,,,
2023,Subaru,Crosstrek Premium,24998,25000,28 city/33 hwy,Automatic,Silver/Black,1 Owner,No flood or frame damage,No odometer problems,JF2GTAPC6P8229601,CUV - Compact,Clean,No Issue,Damage Reported,No Open Recalls,No Issue,No Issue,No CPO Info Available,No Issue,4-cyl,Gas,All Wheel Drive,,,
2021,Subaru,Crosstrek Premium,23998,24000,28 city/33 hwy,Automatic,White/Gray,1 Owner,No flood or frame damage,No odometer problems,JF2GTAPC7M8365893,CUV - Compact,Clean,No Issue,No Issue,No Open Recalls,No Issue,No Issue,No CPO Info Available,No Issue,4-cyl,Gas,All Wheel Drive,,,
2019,Subaru,Outback 2.5I Premium,20998,84000,25 city/32 hwy,Automatic,Green/Tan,1 Owner,No flood or frame damage,No odometer problems,4S4BSAFC0K3349571,CUV - Midsize,Clean,No Issue,No Issue,No Open Recalls,No Issue,No Issue,No CPO Info Available,No Issue,4-cyl,Gas,All Wheel Drive,,,
2022,Subaru,Outback Onyx Edition XT,31998,20000,23 city/30 hwy,Automatic,Black/Gray,1 Owner,No flood or frame damage,No odometer problems,4S4BTGLD8N3225212,CUV - Midsize,Clean,No Issue,No Issue,No Open Recalls,No Issue,No Issue,No CPO Info Available,No Issue,4-cyl,Turbo Gas,All Wheel Drive,,,
2022,Subaru,Impreza ,20998,29000,28 city/36 hwy,Automatic,Gray/Black,1 Owner,No flood or frame damage,No odometer problems,4S3GTAB63N3712246,Car - Compact,Clean,No Issue,Damage Reported,No Open Recalls,No Issue,No Issue,No CPO Info Available,No Issue,4-cyl,Gas,All Wheel Drive,,,
2015,Subaru,Legacy Limited,16998,73000,26 city/36 hwy,Automatic,White/Black,4 Owners,No flood or frame damage,No odometer problems,4S3BNAN67F3047577,Car - Midsize,Clean,No Issue,Minor,No Open Recalls,No Issue,No Issue,No CPO Info Available,No Issue,4-cyl,Gas,All Wheel Drive,,,
2022,Subaru,Impreza ,21998,13000,28 city/36 hwy,Automatic,Blue/Black,1 Owner,No flood or frame damage,No odometer problems,4S3GKAB61N3600015,Car - Midsize,Clean,No Issue,No Issue,No Open Recalls,No Issue,No Issue,No CPO Info Available,No Issue,4-cyl,Gas,All Wheel Drive,,,
2018,Subaru,Impreza 2.0I Premium,15998,87000,28 city/38 hwy,Automatic,White/Black,1 Owner,No flood or frame damage,No odometer problems,4S3GKAB68J3603343,Car - Midsize,Clean,No Issue,Minor,No Open Recalls,No Issue,No Issue,No CPO Info Available,No Issue,4-cyl,Gas,All Wheel Drive,,,
2022,Subaru,Legacy Limited,22998,58000,27 city/35 hwy,Automatic,Red/Black,1 Owner,No flood or frame damage,No odometer problems,4S3BWAN61N3014182,Car - Midsize,Clean,No Issue,No Issue,No Open Recalls,No Issue,No Issue,No CPO Info Available,No Issue,,,,,,
2018,Subaru,Impreza Sport,14998,121000,27 city/35 hwy,Automatic,White/Black,1 Owner,No flood or frame damage,No odometer problems,4S3GTAL60J3708115,Car - Compact,Clean,No Issue,Moderate,1 Open Recall(s),No Issue,No Issue,No CPO Info Available,No Issue,4-cyl,Gas,All Wheel Drive,,,
2017,Subaru,Crosstrek Premium,17998,82000,23 city/30 hwy,Manual 5 Speed,White/Black,2 Owners,No flood or frame damage,No odometer problems,JF2GPABC6H9202339,CUV - Compact,Clean,No Issue,Minor,No Open Recalls,No Issue,No Issue,No CPO Info Available,No Issue,4-cyl,Gas,All Wheel Drive,,,
2021,Subaru,Crosstrek Limited,26998,23000,27 city/34 hwy,Automatic,White/Black,1 Owner,No flood or frame damage,No odometer problems,JF2GTHNC0MH361664,CUV - Compact,Clean,No Issue,No Issue,1 Open Recall(s),No Issue,No Issue,No CPO Info Available,No Issue,4-cyl,Gas,All Wheel Drive,,,
2022,Subaru,Outback Limited,31998,11000,26 city/33 hwy,Automatic,Green/Tan,1 Owner,No flood or frame damage,No odometer problems,4S4BTANC9N3224703,CUV - Midsize,Clean,No Issue,No Issue,No Open Recalls,No Issue,No Issue,No CPO Info Available,No Issue,4-cyl,Gas,All Wheel Drive,,,
2013,Subaru,XV Crosstrek Premium,16998,64000,25 city/33 hwy,Automatic,Red/Cream,1 Owner,No flood or frame damage,No odometer problems,JF2GPACC7D2850886,CUV - Compact,Clean,No Issue,No Issue,No Open Recalls,No Issue,No Issue,No CPO Info Available,No Issue,4-cyl,Gas,All Wheel Drive,,,
2012,Subaru,Forester 2.5X Limited,13599,115000,21 city/27 hwy,Automatic,Gray/Gray,1 Owner,No flood or frame damage,No odometer problems,JF2SHAEC7CH421604,CUV - Midsize,Clean,No Issue,Minor,No Open Recalls,No Issue,No Issue,No CPO Info Available,No Issue,4-cyl,Gas,All Wheel Drive,,,
2022,Subaru,Outback Limited,30998,18000,26 city/33 hwy,Automatic,Blue/Black,1 Owner,No flood or frame damage,No odometer problems,4S4BTANC5N3264728,CUV - Midsize,Clean,No Issue,No Issue,No Open Recalls,No Issue,No Issue,No CPO Info Available,No Issue,4-cyl,Gas,All Wheel Drive,,,
2021,Subaru,WRX ,27998,16000,20 city/27 hwy,Manual 6 Speed,Blue/Black,2 Owners,No flood or frame damage,No odometer problems,JF1VA1A64M9804515,Sport Car - Compact,Clean,No Issue,No Issue,No Open Recalls,No Issue,No Issue,No CPO Info Available,No Issue,4-cyl,Turbo Gas,All Wheel Drive,,,
2018,Subaru,Crosstrek Premium,17998,100000,27 city/33 hwy,Automatic,White/Gray,1 Owner,No flood or frame damage,No odometer problems,JF2GTABC0JH217409,CUV - Compact,Clean,No Issue,Minor,No Open Recalls,No Issue,No Issue,No CPO Info Available,No Issue,4-cyl,Gas,All Wheel Drive,,,
2017,Subaru,Outback 3.6R Limited,19998,88000,20 city/27 hwy,Automatic,Silver/Black,2 Owners,No flood or frame damage,No odometer problems,4S4BSENC1H3299085,CUV - Midsize,Clean,No Issue,No Issue,No Open Recalls,No Issue,No Issue,No CPO Info Available,No Issue,6-cyl,Gas,All Wheel Drive,,,
2016,Subaru,Forester 2.5I Premium,18998,59000,24 city/32 hwy,Automatic,Silver/Gray,1 Owner,No flood or frame damage,No odometer problems,JF2SJADC5GH508798,CUV - Midsize,Clean,No Issue,No Issue,No Open Recalls,No Issue,No Issue,No CPO Info Available,No Issue,,,,,,
2022,Subaru,Impreza Limited,24998,16000,28 city/36 hwy,Automatic,Gray/Black,1 Owner,No flood or frame damage,No odometer problems,4S3GTAT62N3700460,Car - Compact,Clean,No Issue,No Issue,No Open Recalls,No Issue,No Issue,No CPO Info Available,No Issue,4-cyl,Gas,All Wheel Drive,,,
2019,Subaru,Crosstrek Premium,26998,6000,27 city/33 hwy,Automatic,Gray/Black,1 Owner,No flood or frame damage,No odometer problems,JF2GTAEC6K8355050,CUV - Compact,Clean,No Issue,No Issue,No Open Recalls,No Issue,No Issue,No CPO Info Available,No Issue,4-cyl,Gas,All Wheel Drive,,,
2019,Subaru,Impreza Sport,20998,38000,27 city/35 hwy,Automatic,Gray/Black,1 Owner,No flood or frame damage,No odometer problems,4S3GTAJ68K3753324,Car - Compact,Clean,No Issue,Minor,No Open Recalls,No Issue,No Issue,No CPO Info Available,No Issue,4-cyl,Gas,All Wheel Drive,,,
2025,Subaru,Outback Premium,33998,1000,Not available,Automatic,Green/Black,1 Owner,No flood or frame damage,No odometer problems,4S4BTADC6S3113040,CUV - Midsize,Clean,No Issue,No Issue,No Open Recalls,No Issue,No Issue,No CPO Info Available,No Issue,,,,,,
2019,Subaru,Outback 2.5I Touring,24998,49000,25 city/32 hwy,Automatic,Black/Brown,2 Owners,No flood or frame damage,No odometer problems,4S4BSATC0K3202610,CUV - Midsize,Clean,No Issue,Minor,No Open Recalls,No Issue,No Issue,No CPO Info Available,No Issue,4-cyl,Gas,All Wheel Drive,,,
2021,Subaru,Ascent Limited,30998,38000,20 city/26 hwy,Automatic,Silver/Black,1 Owner,No flood or frame damage,No odometer problems,4S4WMAPDXM3421110,CUV - Large,Clean,No Issue,No Issue,No Open Recalls,No Issue,No Issue,No CPO Info Available,No Issue,4-cyl,Turbo Gas,All Wheel Drive,,,
2015,Subaru,Outback Limited,17998,89000,25 city/33 hwy,Automatic,Blue/Tan,1 Owner,No flood or frame damage,No odometer problems,4S4BSALC9F3262861,CUV - Midsize,Clean,No Issue,No Issue,No Open Recalls,No Issue,No Issue,No CPO Info Available,No Issue,4-cyl,Gas,All Wheel Drive,,,
2022,Subaru,Outback Limited XT,28998,42000,23 city/30 hwy,Automatic,Black/Tan,1 Owner,No flood or frame damage,No odometer problems,4S4BTGND8N3106170,CUV - Midsize,Clean,No Issue,No Issue,No Open Recalls,No Issue,No Issue,No CPO Info Available,No Issue,4-cyl,Turbo Gas,All Wheel Drive,,,
2021,Subaru,Outback ,25998,13000,26 city/33 hwy,Automatic,Blue/Black,1 Owner,No flood or frame damage,No odometer problems,4S4BTAACXM3181235,CUV - Midsize,Clean,No Issue,No Issue,No Open Recalls,No Issue,No Issue,No CPO Info Available,No Issue,4-cyl,Gas,All Wheel Drive,,,
2019,Subaru,Ascent Touring,28998,46000,20 city/26 hwy,Automatic,Brown/Brown,2 Owners,No flood or frame damage,No odometer problems,4S4WMARD7K3429322,CUV - Large,Clean,No Issue,No Issue,No Open Recalls,No Issue,No Issue,No CPO Info Available,No Issue,4-cyl,Turbo Gas,All Wheel Drive,,,
2015,Subaru,Forester 2.5I Limited,18998,62000,24 city/32 hwy,Automatic,Silver/Gray,1 Owner,No flood or frame damage,No odometer problems,JF2SJAHC7FH445020,CUV - Midsize,Clean,No Issue,No Issue,No Open Recalls,No Issue,No Issue,No CPO Info Available,No Issue,4-cyl,Gas,All Wheel Drive,,,
2021,Subaru,Crosstrek Limited,26998,27000,27 city/34 hwy,Automatic,Green/Black,1 Owner,No flood or frame damage,No odometer problems,JF2GTHMC1MH375994,CUV - Compact,Clean,No Issue,No Issue,No Open Recalls,No Issue,No Issue,No CPO Info Available,No Issue,4-cyl,Gas,All Wheel Drive,,,
2022,Subaru,Outback ,24998,33000,26 city/33 hwy,Automatic,Gray/Black,1 Owner,No flood or frame damage,No odometer problems,4S4BTAACXN3144980,CUV - Midsize,Clean,No Issue,No Issue,No Open Recalls,No Issue,No Issue,No CPO Info Available,No Issue,4-cyl,Gas,All Wheel Drive,,,
2021,Subaru,Forester ,24998,26000,26 city/33 hwy,Automatic,White/Gray,2 Owners,No flood or frame damage,No odometer problems,JF2SKAAC4MH434030,CUV - Midsize,Clean,No Issue,No Issue,No Open Recalls,No Issue,No Issue,No CPO Info Available,No Issue,4-cyl,Gas,All Wheel Drive,,,
2021,Subaru,Crosstrek Sport,26998,28000,27 city/34 hwy,Automatic,White/Gray,1 Owner,No flood or frame damage,No odometer problems,JF2GTHSC4MH660885,CUV - Compact,Clean,No Issue,No Issue,No Open Recalls,No Issue,No Issue,No CPO Info Available,No Issue,4-cyl,Gas,All Wheel Drive,,,
2017,Subaru,Forester 2.5I Premium,18998,81000,24 city/32 hwy,Automatic,Black/Black,2 Owners,No flood or frame damage,No odometer problems,JF2SJAEC7HH405057,CUV - Midsize,Clean,No Issue,No Issue,No Open Recalls,No Issue,No Issue,No CPO Info Available,No Issue,,,,,,
2022,Subaru,Impreza Limited,25998,19000,28 city/36 hwy,Automatic,Black/Tan,1 Owner,No flood or frame damage,No odometer problems,4S3GTAU69N3710756,Car - Compact,Clean,No Issue,No Issue,No Open Recalls,No Issue,No Issue,No CPO Info Available,No Issue,4-cyl,Gas,All Wheel Drive,,,
2018,Subaru,Forester 2.5I Limited,19998,74000,26 city/32 hwy,Automatic,Gray/Gray,1 Owner,No flood or frame damage,No odometer problems,JF2SJAJCXJH439957,CUV - Midsize,Clean,No Issue,No Issue,No Open Recalls,No Issue,No Issue,No CPO Info Available,No Issue,4-cyl,Gas,All Wheel Drive,,,
2022,Subaru,Legacy Limited XT,26998,23000,24 city/32 hwy,Automatic,Gray/Gray,1 Owner,No flood or frame damage,No odometer problems,4S3BWGN6XN3028004,Car - Midsize,Clean,No Issue,No Issue,No Open Recalls,No Issue,No Issue,No CPO Info Available,No Issue,4-cyl,Turbo Gas,All Wheel Drive,,,
2020,Subaru,Forester Limited,26998,33000,26 city/33 hwy,Automatic,White/Black,1 Owner,No flood or frame damage,No odometer problems,JF2SKAUC0LH586221,CUV - Midsize,Clean,No Issue,No Issue,No Open Recalls,No Issue,No Issue,No CPO Info Available,No Issue,4-cyl,Gas,All Wheel Drive,,,
2024,Subaru,Impreza ,23998,9000,27 city/34 hwy,Automatic,White/Black,1 Owner,No flood or frame damage,No odometer problems,JF1GUABC0R8301372,Car - Compact,Clean,No Issue,No Issue,No Open Recalls,No Issue,No Issue,No CPO Info Available,No Issue,4-cyl,Gas,All Wheel Drive,,,
2014,Subaru,XV Crosstrek Limited,13998,121000,25 city/33 hwy,Automatic,Silver/Black,1 Owner,No flood or frame damage,No odometer problems,JF2GPAGC1E8276245,CUV - Compact,Clean,No Issue,No Issue,No Open Recalls,No Issue,No Issue,No CPO Info Available,No Issue,4-cyl,Gas,All Wheel Drive,,,
2020,Subaru,Forester Touring,30998,8000,26 city/33 hwy,Automatic,Silver/Black,1 Owner,No flood or frame damage,No odometer problems,JF2SKAXC5LH586789,CUV - Midsize,Clean,No Issue,No Issue,No Open Recalls,No Issue,No Issue,No CPO Info Available,No Issue,4-cyl,Gas,All Wheel Drive,,,
2020,Subaru,Forester Limited,27998,21000,26 city/33 hwy,Automatic,Silver/Black,1 Owner,No flood or frame damage,No odometer problems,JF2SKAUCXLH430803,CUV - Midsize,Clean,No Issue,No Issue,No Open Recalls,No Issue,No Issue,No CPO Info Available,No Issue,,,,,,
2017,Subaru,Outback 2.5I Premium,18998,89000,25 city/32 hwy,Automatic,White/Black,2 Owners,No flood or frame damage,No odometer problems,4S4BSAHC8H3344785,CUV - Midsize,Clean,No Issue,Minor,No Open Recalls,No Issue,No Issue,No CPO Info Available,No Issue,4-cyl,Gas,All Wheel Drive,,,
2017,Subaru,Impreza 2.0I Limited,20998,37000,28 city/37 hwy,Automatic,Silver/Black,2 Owners,No flood or frame damage,No odometer problems,4S3GTAU61H3730942,Car - Compact,Clean,No Issue,Minor,No Open Recalls,No Issue,No Issue,No CPO Info Available,No Issue,4-cyl,Gas,All Wheel Drive,,,
2019,Subaru,Forester 2.5I Sport,24998,50000,26 city/33 hwy,Automatic,Gray/Black,1 Owner,No flood or frame damage,No odometer problems,JF2SKAKC1KH423417,CUV - Midsize,Clean,No Issue,Minor,No Open Recalls,No Issue,No Issue,No CPO Info Available,No Issue,4-cyl,Gas,All Wheel Drive,,,
2019,Subaru,Impreza Sport,20998,28000,27 city/35 hwy,Automatic,White/Gray,1 Owner,No flood or frame damage,No odometer problems,4S3GTAA64K3724919,Car - Compact,Clean,No Issue,No Issue,1 Open Recall(s),No Issue,No Issue,No CPO Info Available,No Issue,4-cyl,Gas,All Wheel Drive,,,
2020,Subaru,Forester Limited,26998,35000,26 city/33 hwy,Automatic,White/Gray,2 Owners,No flood or frame damage,No odometer problems,JF2SKAUC7LH473818,CUV - Midsize,Clean,No Issue,No Issue,No Open Recalls,No Issue,No Issue,OEM-Certified,No Issue,4-cyl,Gas,All Wheel Drive,,,
2017,Subaru,Forester 2.5I Premium,14998,112000,26 city/32 hwy,Automatic,White/Gray,1 Owner,No flood or frame damage,No odometer problems,JF2SJAECXHH486071,CUV - Midsize,Clean,No Issue,Damage Reported,No Open Recalls,No Issue,No Issue,No CPO Info Available,No Issue,4-cyl,Gas,All Wheel Drive,,,
2022,Subaru,Crosstrek Premium,25998,26000,28 city/33 hwy,Automatic,White/Tan,1 Owner,No flood or frame damage,No odometer problems,JF2GTAEC0N8208453,CUV - Compact,Clean,No Issue,Minor,No Open Recalls,No Issue,No Issue,No CPO Info Available,No Issue,4-cyl,Gas,All Wheel Drive,,,
2024,Subaru,Outback Premium,30998,11000,26 city/32 hwy,Automatic,White/Gray,1 Owner,No flood or frame damage,No odometer problems,4S4BTACC9R3181702,CUV - Midsize,Clean,No Issue,No Issue,No Open Recalls,No Issue,No Issue,No CPO Info Available,No Issue,4-cyl,Gas,All Wheel Drive,,,
2020,Subaru,Crosstrek ,22998,50000,27 city/33 hwy,Automatic,Blue/Black,1 Owner,No flood or frame damage,No odometer problems,JF2GTABC3LH246776,CUV - Compact,Clean,No Issue,No Issue,No Open Recalls,No Issue,No Issue,No CPO Info Available,No Issue,4-cyl,Gas,All Wheel Drive,,,
2018,Subaru,Outback 2.5I Touring,24998,47000,25 city/32 hwy,Automatic,Green/Brown,1 Owner,No flood or frame damage,No odometer problems,4S4BSATCXJ3343425,CUV - Midsize,Clean,No Issue,No Issue,No Open Recalls,No Issue,No Issue,No CPO Info Available,No Issue,4-cyl,Gas,All Wheel Drive,,,
2021,Subaru,Crosstrek ,23998,30000,28 city/33 hwy,Automatic,Green/Black,1 Owner,No flood or frame damage,No odometer problems,JF2GTABC4MH358407,CUV - Compact,Clean,No Issue,Moderate,No Open Recalls,No Issue,No Issue,No CPO Info Available,No Issue,4-cyl,Gas,All Wheel Drive,,,
2022,Subaru,Outback Premium,25998,34000,26 city/33 hwy,Automatic,Silver/Black,1 Owner,No flood or frame damage,No odometer problems,4S4BTADCXN3101087,CUV - Midsize,Clean,No Issue,No Issue,1 Open Recall(s),No Issue,No Issue,No CPO Info Available,No Issue,4-cyl,Gas,All Wheel Drive,,,
2021,Subaru,Ascent Limited,31998,37000,20 city/26 hwy,Automatic,Gray/Gray,1 Owner,No flood or frame damage,No odometer problems,4S4WMAPDXM3447531,CUV - Large,Clean,No Issue,No Issue,No Open Recalls,No Issue,No Issue,No CPO Info Available,No Issue,4-cyl,Turbo Gas,All Wheel Drive,,,
2022,Subaru,Crosstrek ,25998,39000,28 city/33 hwy,Automatic,Blue/Black,1 Owner,No flood or frame damage,No odometer problems,JF2GTABCXNH203247,CUV - Compact,Clean,No Issue,No Issue,No Open Recalls,No Issue,No Issue,No CPO Info Available,No Issue,4-cyl,Gas,All Wheel Drive,,,
2015,Subaru,Forester 2.5I Premium,14599,109000,24 city/32 hwy,Automatic,Silver/Black,2 Owners,No flood or frame damage,No odometer problems,JF2SJADCXFH529032,CUV - Midsize,Clean,No Issue,No Issue,No Open Recalls,No Issue,No Issue,No CPO Info Available,No Issue,4-cyl,Gas,All Wheel Drive,,,
2014,Subaru,Legacy 2.5I Premium,14599,84000,24 city/32 hwy,Automatic,Champagne/Gray,4 Owners,No flood or frame damage,No odometer problems,4S3BMBC69E3003090,Car - Midsize,Clean,No Issue,No Issue,No Open Recalls,No Issue,No Issue,No CPO Info Available,No Issue,4-cyl,Gas,All Wheel Drive,,,
2021,Subaru,Forester Premium,24998,41000,26 city/33 hwy,Automatic,Blue/Gray,1 Owner,No flood or frame damage,No odometer problems,JF2SKAFC3MH590620,CUV - Midsize,Clean,No Issue,No Issue,No Open Recalls,No Issue,No Issue,No CPO Info Available,No Issue,,,,,,
2020,Subaru,Ascent Touring,31998,37000,20 city/26 hwy,Automatic,Red/Brown,2 Owners,No flood or frame damage,No odometer problems,4S4WMARD2L3458485,CUV - Large,Clean,No Issue,No Issue,No Open Recalls,No Issue,No Issue,No CPO Info Available,No Issue,4-cyl,Turbo Gas,All Wheel Drive,,,
2020,Subaru,Crosstrek Premium,22998,44000,27 city/33 hwy,Automatic,White/Gray,3 Owners,No flood or frame damage,No odometer problems,JF2GTAPC8L8200238,CUV - Compact,Clean,No Issue,No Issue,No Open Recalls,No Issue,No Issue,OEM-Certified,No Issue,4-cyl,Gas,All Wheel Drive,,,
2023,Subaru,Outback Wilderness,34998,13000,21 city/26 hwy,Automatic,Gray/Gray,1 Owner,No flood or frame damage,No odometer problems,4S4BTGUD8P3118789,CUV - Midsize,Clean,No Issue,No Issue,No Open Recalls,No Issue,No Issue,No CPO Info Available,No Issue,4-cyl,Turbo Gas,All Wheel Drive,,,
2020,Subaru,Impreza Limited,20998,47000,28 city/36 hwy,Automatic,White/Black,2 Owners,No flood or frame damage,No odometer problems,4S3GKAU66L3605964,Car - Midsize,Clean,No Issue,Damage Reported,No Open Recalls,No Issue,No Issue,No CPO Info Available,No Issue,4-cyl,Gas,All Wheel Drive,,,
2019,Subaru,Impreza 2.0I Premium,19998,47000,28 city/36 hwy,Automatic,Silver/Black,1 Owner,No flood or frame damage,No odometer problems,4S3GTAD65K3745936,Car - Compact,Clean,No Issue,Moderate,1 Open Recall(s),No Issue,No Issue,No CPO Info Available,No Issue,4-cyl,Gas,All Wheel Drive,,,
2017,Subaru,Impreza ,18998,48000,24 city/31 hwy,Manual 5 Speed,Black/Gray,2 Owners,No flood or frame damage,No odometer problems,4S3GTAA65H1721130,Car - Compact,Clean,No Issue,Minor,No Open Recalls,No Issue,No Issue,No CPO Info Available,No Issue,4-cyl,Gas,All Wheel Drive,,,
2019,Subaru,Impreza Sport,22998,18000,22 city/30 hwy,Manual 5 Speed,Blue/Black,1 Owner,No flood or frame damage,No odometer problems,4S3GTAJ60K1727425,Car - Compact,Clean,No Issue,No Issue,No Open Recalls,No Issue,No Issue,No CPO Info Available,No Issue,4-cyl,Gas,All Wheel Drive,,,
2021,Subaru,Outback Limited XT,29998,29000,23 city/30 hwy,Automatic,Green/Black,2 Owners,No flood or frame damage,No odometer problems,4S4BTGND0M3131353,CUV - Midsize,Clean,No Issue,No Issue,1 Open Recall(s),No Issue,No Issue,OEM-Certified,No Issue,4-cyl,Turbo Gas,All Wheel Drive,,,
2019,Subaru,Crosstrek ,20998,68000,23 city/29 hwy,Automatic,White/Black,2 Owners,No flood or frame damage,No odometer problems,JF2GTABC2K8344065,CUV - Compact,Clean,No Issue,No Issue,No Open Recalls,No Issue,No Issue,No CPO Info Available,No Issue,,,,,,
2018,Subaru,Forester 2.5I Premium,22998,37000,24 city/32 hwy,Automatic,Gray/Gray,1 Owner,No flood or frame damage,No odometer problems,JF2SJAGC4JH562788,CUV - Midsize,Clean,No Issue,No Issue,No Open Recalls,No Issue,No Issue,No CPO Info Available,No Issue,,,,,,
2022,Subaru,Outback Wilderness,32998,19000,22 city/26 hwy,Automatic,White/Black,1 Owner,No flood or frame damage,No odometer problems,4S4BTGUD5N3207510,CUV - Midsize,Clean,No Issue,No Issue,No Open Recalls,No Issue,No Issue,No CPO Info Available,No Issue,4-cyl,Turbo Gas,All Wheel Drive,,,
2018,Subaru,Impreza 2.0I Premium,20998,34000,28 city/37 hwy,Automatic,White/Gray,1 Owner,No flood or frame damage,No odometer problems,4S3GTAD67J3750344,Car - Compact,Clean,No Issue,No Issue,1 Open Recall(s),No Issue,No Issue,No CPO Info Available,No Issue,4-cyl,Gas,All Wheel Drive,,,
2017,Subaru,Crosstrek Limited,20998,52000,26 city/33 hwy,Automatic,Silver/Black,3 Owners,No flood or frame damage,No odometer problems,JF2GPANC8HH233898,CUV - Compact,Clean,No Issue,Minor,No Open Recalls,No Issue,No Issue,No CPO Info Available,No Issue,4-cyl,Gas,All Wheel Drive,,,
2013,Subaru,Forester 2.5X,15998,57000,21 city/27 hwy,Automatic,Red/Tan,2 Owners,No flood or frame damage,No odometer problems,JF2SHABC5DH437029,CUV - Midsize,Clean,No Issue,Minor,No Open Recalls,No Issue,No Issue,No CPO Info Available,No Issue,4-cyl,Gas,All Wheel Drive,,,
2020,Subaru,Ascent Limited,26998,55000,20 city/26 hwy,Automatic,Tan/Tan,2 Owners,No flood or frame damage,No odometer problems,4S4WMAJD6L3409351,CUV - Large,Clean,No Issue,Damage Reported,No Open Recalls,No Issue,No Issue,No CPO Info Available,No Issue,4-cyl,Turbo Gas,All Wheel Drive,,,
2021,Subaru,Forester Limited,29998,16000,26 city/33 hwy,Automatic,White/Black,2 Owners,No flood or frame damage,No odometer problems,JF2SKAUC6MH543729,CUV - Midsize,Clean,No Issue,Damage Reported,No Open Recalls,No Issue,No Issue,No CPO Info Available,No Issue,4-cyl,Gas,All Wheel Drive,,,
2022,Subaru,Ascent Touring,34998,39000,20 city/26 hwy,Automatic,White/Brown,1 Owner,No flood or frame damage,No odometer problems,4S4WMARD1N3427599,CUV - Large,Clean,No Issue,No Issue,No Open Recalls,No Issue,No Issue,No CPO Info Available,No Issue,4-cyl,Turbo Gas,All Wheel Drive,,,
2019,Subaru,Ascent Limited,27998,56000,20 city/26 hwy,Automatic,Pearl/Tan,2 Owners,No flood or frame damage,No odometer problems,4S4WMALD8K3413994,CUV - Large,Clean,No Issue,No Issue,No Open Recalls,No Issue,No Issue,No CPO Info Available,No Issue,4-cyl,Turbo Gas,All Wheel Drive,,,
2022,Subaru,Crosstrek Sport,26998,33000,27 city/34 hwy,Automatic,Blue/Gray,1 Owner,No flood or frame damage,No odometer problems,JF2GTHSC4NH232462,CUV - Compact,Clean,No Issue,Damage Reported,No Open Recalls,No Issue,No Issue,No CPO Info Available,No Issue,4-cyl,Gas,All Wheel Drive,,,
2023,Subaru,Forester Sport,31998,13000,26 city/33 hwy,Automatic,Black/Gray,1 Owner,No flood or frame damage,No odometer problems,JF2SKAJC0PH466266,CUV - Midsize,Clean,No Issue,No Issue,No Open Recalls,No Issue,No Issue,No CPO Info Available,No Issue,4-cyl,Gas,All Wheel Drive,,,
2021,Subaru,Outback Premium,25998,27000,26 city/33 hwy,Automatic,Silver/Black,1 Owner,No flood or frame damage,No odometer problems,4S4BTACC1M3210201,CUV - Midsize,Clean,No Issue,No Issue,No Open Recalls,No Issue,No Issue,No CPO Info Available,No Issue,4-cyl,Gas,All Wheel Drive,,,
2019,Subaru,WRX Premium,25998,36000,21 city/27 hwy,Manual 6 Speed,Red/Black,2 Owners,No flood or frame damage,No odometer problems,JF1VA1C62K9823025,Sport Car - Compact,Clean,No Issue,No Issue,No Open Recalls,No Issue,No Issue,No CPO Info Available,No Issue,,,,,,
2019,Subaru,Legacy 2.5I Limited,20998,46000,25 city/34 hwy,Automatic,Red/Tan,2 Owners,No flood or frame damage,No odometer problems,4S3BNAN61K3032230,Car - Midsize,Clean,No Issue,Minor,No Open Recalls,No Issue,No Issue,No CPO Info Available,No Issue,4-cyl,Gas,All Wheel Drive,,,
2022,Subaru,Crosstrek Limited,27998,26000,27 city/34 hwy,Automatic,White/Gray,1 Owner,No flood or frame damage,No odometer problems,JF2GTHMC1N8202087,CUV - Compact,Clean,No Issue,No Issue,No Open Recalls,No Issue,No Issue,No CPO Info Available,No Issue,4-cyl,Gas,All Wheel Drive,,,
2020,Subaru,Forester Premium,23998,57000,26 city/33 hwy,Automatic,White/Gray,1 Owner,No flood or frame damage,No odometer problems,JF2SKAJC5LH442782,CUV - Midsize,Clean,No Issue,No Issue,No Open Recalls,No Issue,No Issue,No CPO Info Available,No Issue,4-cyl,Gas,All Wheel Drive,,,
2023,Subaru,Crosstrek Premium,26998,15000,28 city/33 hwy,Automatic,White/Black,1 Owner,No flood or frame damage,No odometer problems,JF2GTAPC9P8222321,CUV - Compact,Clean,No Issue,No Issue,No Open Recalls,No Issue,No Issue,No CPO Info Available,No Issue,4-cyl,Gas,All Wheel Drive,,,
2018,Subaru,Outback 2.5I Limited,24998,41000,25 city/32 hwy,Automatic,Silver/Tan,1 Owner,No flood or frame damage,No odometer problems,4S4BSANC2J3372947,CUV - Midsize,Clean,No Issue,No Issue,No Open Recalls,No Issue,No Issue,No CPO Info Available,No Issue,,,,,,
2017,Subaru,Forester 2.5I Premium,16998,101000,26 city/32 hwy,Automatic,White/Cream,1 Owner,No flood or frame damage,No odometer problems,JF2SJAEC8HH542072,CUV - Midsize,Clean,No Issue,Minor,No Open Recalls,No Issue,No Issue,No CPO Info Available,No Issue,4-cyl,Gas,All Wheel Drive,,,
2016,Subaru,Outback 2.5I Premium,18998,72000,25 city/33 hwy,Automatic,Gold/Tan,2 Owners,No flood or frame damage,No odometer problems,4S4BSBFC0G3339197,CUV - Midsize,Clean,No Issue,No Issue,No Open Recalls,No Issue,No Issue,No CPO Info Available,No Issue,4-cyl,Gas,All Wheel Drive,,,
2019,Subaru,Outback 2.5I,24998,27000,25 city/32 hwy,Automatic,Red/Black,1 Owner,No flood or frame damage,No odometer problems,4S4BSABC7K3367054,CUV - Midsize,Clean,No Issue,No Issue,No Open Recalls,No Issue,No Issue,No CPO Info Available,No Issue,4-cyl,Gas,All Wheel Drive,,,
2022,Subaru,Outback Premium,26998,21000,26 city/33 hwy,Automatic,Black/Gray,1 Owner,No flood or frame damage,No odometer problems,4S4BTACC4N3187742,CUV - Midsize,Clean,No Issue,No Issue,No Open Recalls,No Issue,No Issue,No CPO Info Available,No Issue,4-cyl,Gas,All Wheel Drive,,,
2021,Subaru,Outback Limited XT,30998,15000,23 city/30 hwy,Automatic,Blue/Gray,1 Owner,No flood or frame damage,No odometer problems,4S4BTGND5M3107873,CUV - Midsize,Clean,No Issue,No Issue,1 Open Recall(s),No Issue,No Issue,No CPO Info Available,No Issue,4-cyl,Turbo Gas,All Wheel Drive,,,
2014,Subaru,Forester 2.5I Premium,17998,56000,24 city/32 hwy,Automatic,Green/Gray,1 Owner,No flood or frame damage,No odometer problems,JF2SJAEC9EH495596,CUV - Midsize,Clean,No Issue,Damage Reported,No Open Recalls,No Issue,No Issue,No CPO Info Available,No Issue,4-cyl,Gas,All Wheel Drive,,,
2020,Subaru,Outback Limited XT,25998,51000,23 city/30 hwy,Automatic,Black/Tan,1 Owner,No flood or frame damage,No odometer problems,4S4BTGND6L3147748,CUV - Midsize,Clean,No Issue,No Issue,No Open Recalls,No Issue,No Issue,No CPO Info Available,No Issue,4-cyl,Turbo Gas,All Wheel Drive,,,
2019,Subaru,Outback 2.5I Limited,20998,89000,25 city/32 hwy,Automatic,Black/Black,3 Owners,No flood or frame damage,No odometer problems,4S4BSANC6K3358468,CUV - Midsize,Clean,No Issue,Damage Reported,No Open Recalls,No Issue,No Issue,No CPO Info Available,No Issue,4-cyl,Gas,All Wheel Drive,,,
2024,Subaru,Outback ,30998,4000,26 city/32 hwy,Automatic,Gray/Gray,1 Owner,No flood or frame damage,No odometer problems,4S4BTAAC4R3179360,CUV - Midsize,Clean,No Issue,No Issue,No Open Recalls,No Issue,No Issue,No CPO Info Available,No Issue,,,,,,
2022,Subaru,Outback Onyx Edition XT,31998,17000,23 city/30 hwy,Automatic,Black/Gray,1 Owner,No flood or frame damage,No odometer problems,4S4BTGJD2N3259388,CUV - Midsize,Clean,No Issue,No Issue,No Open Recalls,No Issue,No Issue,No CPO Info Available,No Issue,4-cyl,Turbo Gas,All Wheel Drive,,,
2020,Subaru,Outback Limited,25998,35000,26 city/33 hwy,Automatic,Blue/Black,2 Owners,No flood or frame damage,No odometer problems,4S4BTALC2L3174579,CUV - Midsize,Clean,No Issue,No Issue,No Open Recalls,No Issue,No Issue,No CPO Info Available,No Issue,4-cyl,Gas,All Wheel Drive,,,
2019,Subaru,Crosstrek Limited,23998,27000,27 city/33 hwy,Automatic,Black/Black,1 Owner,No flood or frame damage,No odometer problems,JF2GTAMC0K8395366,CUV - Compact,Clean,No Issue,No Issue,No Open Recalls,No Issue,No Issue,No CPO Info Available,No Issue,4-cyl,Gas,All Wheel Drive,,,
2017,Subaru,Forester 2.5I Premium,20998,50000,26 city/32 hwy,Automatic,Red/Tan,2 Owners,No flood or frame damage,No odometer problems,JF2SJAEC8HH452548,CUV - Midsize,Clean,No Issue,Minor,No Open Recalls,No Issue,No Issue,No CPO Info Available,No Issue,4-cyl,Gas,All Wheel Drive,,,
2020,Subaru,Impreza ,18998,53000,28 city/36 hwy,Automatic,Gray/Black,1 Owner,No flood or frame damage,No odometer problems,4S3GTAB67L3726762,Car - Compact,Clean,No Issue,No Issue,No Open Recalls,No Issue,No Issue,No CPO Info Available,No Issue,4-cyl,Gas,All Wheel Drive,,,
2024,Subaru,Impreza Sport,25998,5000,27 city/34 hwy,Automatic,Silver/Black,2 Owners,No flood or frame damage,No odometer problems,JF1GUAFC4R8285767,Car - Compact,Clean,No Issue,No Issue,No Open Recalls,No Issue,No Issue,OEM-Certified,No Issue,4-cyl,Gas,All Wheel Drive,,,
2020,Subaru,Ascent Limited,21998,114000,20 city/26 hwy,Automatic,Tan/Cream,1 Owner,No flood or frame damage,No odometer problems,4S4WMAJDXL3415301,CUV - Large,Clean,No Issue,No Issue,No Open Recalls,No Issue,No Issue,No CPO Info Available,No Issue,4-cyl,Turbo Gas,All Wheel Drive,,,
2018,Subaru,Forester 2.5I Limited,17998,94000,26 city/32 hwy,Automatic,Green/Tan,2 Owners,No flood or frame damage,No odometer problems,JF2SJALC4JH554650,CUV - Midsize,Clean,No Issue,Damage Reported,No Open Recalls,No Issue,No Issue,No CPO Info Available,No Issue,4-cyl,Gas,All Wheel Drive,,,
2014,Subaru,BRZ Limited,17998,65000,22 city/30 hwy,Manual 6 Speed,Red/Black,4 Owners,No flood or frame damage,No odometer problems,JF1ZCAC19E9602218,Sport Car - Subcompact,Clean,No Issue,Damage Reported,No Open Recalls,No Issue,Odometer Issue Reported,No CPO Info Available,No Issue,4-cyl,Gas,Rear Wheel Drive,,,
2018,Subaru,Crosstrek Premium,21998,35000,27 city/33 hwy,Automatic,Silver/Black,1 Owner,No flood or frame damage,No odometer problems,JF2GTADC7JH207117,CUV - Compact,Clean,No Issue,Damage Reported,No Open Recalls,No Issue,No Issue,No CPO Info Available,No Issue,4-cyl,Gas,All Wheel Drive,,,
2021,Subaru,Impreza ,19998,21000,28 city/36 hwy,Automatic,White/Black,1 Owner,No flood or frame damage,No odometer problems,4S3GKAB63M3607515,Car - Midsize,Clean,No Issue,No Issue,No Open Recalls,No Issue,No Issue,No CPO Info Available,No Issue,4-cyl,Gas,All Wheel Drive,,,
2018,Subaru,Outback 3.6R Limited,21998,56000,20 city/27 hwy,Automatic,Black/Black,1 Owner,No flood or frame damage,No odometer problems,4S4BSENC3J3241632,CUV - Midsize,Clean,No Issue,Minor,No Open Recalls,No Issue,No Issue,No CPO Info Available,No Issue,6-cyl,Gas,All Wheel Drive,,,
2017,Subaru,Legacy Sport,16998,105000,25 city/34 hwy,Automatic,Black/Gray,2 Owners,No flood or frame damage,No odometer problems,4S3BNAR65H3048191,Car - Midsize,Clean,No Issue,Damage Reported,No Open Recalls,No Issue,No Issue,No CPO Info Available,No Issue,4-cyl,Gas,All Wheel Drive,,,
2015,Subaru,Forester 2.0XT  Touring,16998,101000,23 city/28 hwy,Automatic,Red/Black,1 Owner,No flood or frame damage,No odometer problems,JF2SJGWCXFH838886,CUV - Midsize,Clean,No Issue,No Issue,No Open Recalls,No Issue,No Issue,No CPO Info Available,No Issue,4-cyl,Turbo Gas,All Wheel Drive,,,
2021,Subaru,Forester Touring,27998,35000,26 city/33 hwy,Automatic,Gray/Black,1 Owner,No flood or frame damage,No odometer problems,JF2SKAXC4MH517948,CUV - Midsize,Clean,No Issue,Damage Reported,No Open Recalls,No Issue,No Issue,No CPO Info Available,No Issue,4-cyl,Gas,All Wheel Drive,,,
