year,make,model,price,mileage,Miles per gallon equivalent (MPGe),Motor,Drive type,Range (when new),Time to fully charge battery (240V),Color,owner,frame_damage,Odometer_problem,VIN,class,State Title Brand,Auction Brand / Issues,Accident / Damage,Open Recall Check,Insurance Loss / Transfer,Odometer Check,Certified Pre-Owned,Service / Repair,Transmission
2018,Tesla,Model 3 Long Range,27998,21000,120 city/112 hwy,Electric,All Wheel Drive,310 miles,10 hours,Black/Black,1 Owner,No flood or frame damage,No odometer problems,5YJ3E1EB2JF095386,Car - Midsize Luxury,Clean,No Issue,No Issue,Not Available,No Issue,No Issue,No CPO Info Available,No Issue,
2022,Tesla,Model 3 Long Range,30998,65000,134 city/126 hwy,Electric,All Wheel Drive,334 miles,11.5 hours,White/Black,1 Owner,No flood or frame damage,No odometer problems,5YJ3E1EB5NF120724,Car - Midsize Luxury,Clean,No Issue,No Issue,Not Available,No Issue,No Issue,No CPO Info Available,No Issue,
2021,Tesla,Model 3 Standard Range Plus,27998,22000,148 city/132 hwy,Electric,Rear Wheel Drive,263 miles,7.8 hours,Gray/Black,1 Owner,No flood or frame damage,No odometer problems,5YJ3E1EA8MF082167,Car - Midsize Luxury,Clean,No Issue,No Issue,Not Available,No Issue,No Issue,No CPO Info Available,No Issue,
2022,Tesla,Model 3 Long Range,28998,73000,134 city/126 hwy,Electric,All Wheel Drive,334 miles,11.5 hours,Blue/Black,2 Owners,No flood or frame damage,No odometer problems,5YJ3E1EB8NF185941,Car - Midsize Luxury,Clean,No Issue,No Issue,Not Available,No Issue,No Issue,No CPO Info Available,No Issue,
2024,Tesla,Model Y Long Range,45998,4000,127 city/117 hwy,Electric,All Wheel Drive,330 miles,11.5 hours,Gray/Black,1 Owner,No flood or frame damage,No odometer problems,7SAYGDED5RA301685,CUV - Midsize Luxury,Clean,No Issue,No Issue,Not Available,No Issue,No Issue,No CPO Info Available,No Issue,
2023,Tesla,Model 3 Long Range,35998,27000,134 city/126 hwy,Electric,All Wheel Drive,358 miles,11.5 hours,Gray/Black,1 Owner,No flood or frame damage,No odometer problems,5YJ3E1EB2PF415878,Car - Midsize Luxury,Clean,No Issue,No Issue,Not Available,No Issue,No Issue,No CPO Info Available,No Issue,
2023,Tesla,Model Y ,41998,12000,129 city/116 hwy,Electric,All Wheel Drive,279 miles,9.4 hours,White/Black,1 Owner,No flood or frame damage,No odometer problems,7SAYGDEE8PA079603,CUV - Midsize Luxury,Clean,No Issue,No Issue,Not Available,No Issue,No Issue,No CPO Info Available,No Issue,
2023,Tesla,Model Y Long Range,43998,10000,127 city/117 hwy,Electric,All Wheel Drive,330 miles,11.5 hours,Blue/Black,1 Owner,No flood or frame damage,No odometer problems,7SAYGAEE4PF918602,CUV - Midsize Luxury,Clean,No Issue,No Issue,Not Available,No Issue,No Issue,No CPO Info Available,No Issue,
2024,Tesla,Model Y Long Range,45998,5000,127 city/117 hwy,Electric,All Wheel Drive,330 miles,11.5 hours,Black/Black,1 Owner,No flood or frame damage,No odometer problems,7SAYGAEEXRF071796,CUV - Midsize Luxury,Clean,No Issue,No Issue,Not Available,No Issue,No Issue,No CPO Info Available,No Issue,
2023,Tesla,Model 3 Long Range,37998,14000,134 city/126 hwy,Electric,All Wheel Drive,358 miles,11.5 hours,White/Black,1 Owner,No flood or frame damage,No odometer problems,5YJ3E1EB8PF387410,Car - Midsize Luxury,Clean,No Issue,No Issue,Not Available,No Issue,No Issue,No CPO Info Available,No Issue,
2018,Tesla,Model 3 Long Range,25998,61000,120 city/112 hwy,Electric,All Wheel Drive,310 miles,10 hours,Black/Black,1 Owner,No flood or frame damage,No odometer problems,5YJ3E1EB5JF182022,Car - Midsize Luxury,Clean,No Issue,No Issue,Not Available,No Issue,No Issue,No CPO Info Available,No Issue,
2022,Tesla,Model S ,55998,21000,124 city/115 hwy,Electric,All Wheel Drive,405 miles,15 hours,Red/Black,1 Owner,No flood or frame damage,No odometer problems,5YJSA1E5XNF476541,Sport Car - Large Luxury,Clean,No Issue,No Issue,Not Available,No Issue,No Issue,No CPO Info Available,No Issue,
2019,Tesla,Model 3 Standard Range Plus,24998,56000,140 city/124 hwy,Electric,Rear Wheel Drive,250 miles,9.5 hours,Blue/Black,1 Owner,No flood or frame damage,No odometer problems,5YJ3E1EAXKF436090,Car - Midsize Luxury,Clean,No Issue,Damage Reported,Not Available,No Issue,No Issue,No CPO Info Available,No Issue,
2019,Tesla,Model 3 Long Range,26998,58000,136 city/123 hwy,Electric,Rear Wheel Drive,310 miles,10 hours,Black/Black,1 Owner,No flood or frame damage,No odometer problems,5YJ3E1EA1KF327291,Car - Midsize Luxury,Clean,No Issue,No Issue,Not Available,No Issue,No Issue,No CPO Info Available,No Issue,
2023,Tesla,Model Y Performance,42998,21000,115 city/106 hwy,Electric,All Wheel Drive,303 miles,11.8 hours,Black/Black,1 Owner,No flood or frame damage,No odometer problems,7SAYGDEF7PF916059,CUV - Midsize Luxury,Clean,No Issue,No Issue,Not Available,No Issue,No Issue,No CPO Info Available,No Issue,
2021,Tesla,Model 3 Long Range,29998,65000,124 city/116 hwy,Electric,All Wheel Drive,353 miles,11.2 hours,Blue/White,1 Owner,No flood or frame damage,No odometer problems,5YJ3E1EB1MF852685,Car - Midsize Luxury,Clean,No Issue,No Issue,Not Available,No Issue,No Issue,No CPO Info Available,No Issue,
2022,Tesla,Model Y Long Range,37998,29000,131 city/117 hwy,Electric,All Wheel Drive,326 miles,11.5 hours,White/Black,1 Owner,No flood or frame damage,No odometer problems,7SAYGDEE6NF320543,CUV - Midsize Luxury,Clean,No Issue,No Issue,Not Available,No Issue,No Issue,No CPO Info Available,No Issue,
2023,Tesla,Model Y Performance,42998,20000,115 city/106 hwy,Electric,All Wheel Drive,303 miles,11.8 hours,Gray/White,1 Owner,No flood or frame damage,No odometer problems,7SAYGDEF5PF845699,CUV - Midsize Luxury,Clean,No Issue,No Issue,Not Available,No Issue,No Issue,No CPO Info Available,No Issue,
2023,Tesla,Model Y Long Range,42998,19000,127 city/117 hwy,Electric,All Wheel Drive,330 miles,11.5 hours,White/Black,1 Owner,No flood or frame damage,No odometer problems,7SAYGDEE2PF746782,CUV - Midsize Luxury,Clean,No Issue,No Issue,Not Available,No Issue,No Issue,No CPO Info Available,No Issue,
2021,Tesla,Model 3 Performance,34998,29000,118 city/107 hwy,Electric,All Wheel Drive,315 miles,10 hours,Blue/Black,1 Owner,No flood or frame damage,No odometer problems,5YJ3E1EC7MF856281,Car - Midsize Luxury,Clean,No Issue,No Issue,Not Available,No Issue,No Issue,No CPO Info Available,No Issue,
2024,Tesla,Model Y Long Range,47998,4000,127 city/117 hwy,Electric,All Wheel Drive,330 miles,11.5 hours,Blue/White,1 Owner,No flood or frame damage,No odometer problems,7SAYGDEE3RA270428,CUV - Midsize Luxury,Clean,No Issue,No Issue,Not Available,No Issue,No Issue,No CPO Info Available,No Issue,
2019,Tesla,Model 3 Long Range,27998,34000,120 city/112 hwy,Electric,All Wheel Drive,310 miles,10 hours,Blue/Black,1 Owner,No flood or frame damage,No odometer problems,5YJ3E1EB9KF497228,Car - Midsize Luxury,Clean,No Issue,No Issue,Not Available,No Issue,No Issue,No CPO Info Available,No Issue,
2023,Tesla,Model Y ,38998,4000,,,,,,Gray/Black,1 Owner,No flood or frame damage,No odometer problems,7SAYGDED4PF946411,CUV - Midsize Luxury,Clean,No Issue,Damage Reported,Not Available,No Issue,No Issue,No CPO Info Available,No Issue,Automatic
2020,Tesla,Model Y Long Range,30998,66000,127 city/114 hwy,Electric,All Wheel Drive,316 miles,10 hours,Red/Black,1 Owner,No flood or frame damage,No odometer problems,5YJYGDEF3LF005654,CUV - Midsize Luxury,Clean,No Issue,Damage Reported,Not Available,No Issue,No Issue,No CPO Info Available,No Issue,
2023,Tesla,Model 3 ,30998,40000,138 city/126 hwy,Electric,Rear Wheel Drive,272 miles,10.4 hours,Blue/Black,1 Owner,No flood or frame damage,No odometer problems,5YJ3E1EA8PF496084,Car - Midsize Luxury,Clean,No Issue,No Issue,Not Available,No Issue,No Issue,No CPO Info Available,No Issue,
2023,Tesla,Model 3 Performance,39998,10000,118 city/107 hwy,Electric,All Wheel Drive,315 miles,10 hours,Black/White,1 Owner,No flood or frame damage,No odometer problems,5YJ3E1EC4PF684988,Car - Midsize Luxury,Clean,No Issue,No Issue,Not Available,No Issue,No Issue,No CPO Info Available,No Issue,
2021,Tesla,Model 3 Standard Range Plus,26998,56000,148 city/132 hwy,Electric,Rear Wheel Drive,263 miles,7.8 hours,White/Black,2 Owners,No flood or frame damage,No odometer problems,5YJ3E1EA0MF921230,Car - Midsize Luxury,Clean,No Issue,No Issue,Not Available,No Issue,No Issue,No CPO Info Available,No Issue,
2021,Tesla,Model 3 Performance,30998,45000,118 city/107 hwy,Electric,All Wheel Drive,315 miles,10 hours,Gray/Black,1 Owner,No flood or frame damage,No odometer problems,5YJ3E1EC8MF015702,Car - Midsize Luxury,Clean,No Issue,Damage Reported,Not Available,No Issue,No Issue,No CPO Info Available,No Issue,
2021,Tesla,Model Y Long Range,33998,52000,131 city/117 hwy,Electric,All Wheel Drive,326 miles,10 hours,Gray/Black,1 Owner,No flood or frame damage,No odometer problems,5YJYGDEE4MF265599,CUV - Midsize Luxury,Clean,No Issue,No Issue,Not Available,No Issue,No Issue,No CPO Info Available,No Issue,
2023,Tesla,Model Y Long Range,38998,13000,127 city/117 hwy,Electric,All Wheel Drive,330 miles,11.5 hours,Gray/Black,1 Owner,No flood or frame damage,No odometer problems,7SAYGAEE6PF907469,CUV - Midsize Luxury,Clean,No Issue,Minor,Not Available,No Issue,No Issue,No CPO Info Available,No Issue,
2022,Tesla,Model Y Performance,36998,50000,115 city/106 hwy,Electric,All Wheel Drive,303 miles,11.8 hours,Gray/White,2 Owners,No flood or frame damage,No odometer problems,7SAYGDEF2NF397130,CUV - Midsize Luxury,Clean,No Issue,No Issue,Not Available,No Issue,No Issue,No CPO Info Available,No Issue,
2020,Tesla,Model Y Long Range,31998,52000,127 city/114 hwy,Electric,All Wheel Drive,316 miles,10 hours,Blue/Black,1 Owner,No flood or frame damage,No odometer problems,5YJYGDEF0LF000542,CUV - Midsize Luxury,Clean,No Issue,No Issue,Not Available,No Issue,No Issue,No CPO Info Available,No Issue,
2023,Tesla,Model Y Long Range,39998,16000,127 city/117 hwy,Electric,All Wheel Drive,330 miles,11.5 hours,Gray/Black,1 Owner,No flood or frame damage,No odometer problems,7SAYGDEEXPA040592,CUV - Midsize Luxury,Clean,No Issue,No Issue,Not Available,No Issue,No Issue,No CPO Info Available,No Issue,
2023,Tesla,Model 3 ,30998,22000,138 city/126 hwy,Electric,Rear Wheel Drive,272 miles,10.4 hours,White/Black,1 Owner,No flood or frame damage,No odometer problems,5YJ3E1EA0PF541390,Car - Midsize Luxury,Clean,No Issue,No Issue,Not Available,No Issue,No Issue,No CPO Info Available,No Issue,
2022,Tesla,Model Y Long Range,37998,39000,131 city/117 hwy,Electric,All Wheel Drive,326 miles,11.5 hours,Blue/White,1 Owner,No flood or frame damage,No odometer problems,7SAYGDEEXNF430558,CUV - Midsize Luxury,Clean,No Issue,Moderate,Not Available,No Issue,No Issue,No CPO Info Available,No Issue,
2024,Tesla,Model Y Long Range,43998,11000,127 city/117 hwy,Electric,All Wheel Drive,330 miles,11.5 hours,Gray/Black,1 Owner,No flood or frame damage,No odometer problems,7SAYGDEE1RA253093,CUV - Midsize Luxury,Clean,No Issue,No Issue,Not Available,No Issue,No Issue,No CPO Info Available,No Issue,
2023,Tesla,Model 3 Performance,40998,14000,118 city/107 hwy,Electric,All Wheel Drive,315 miles,10 hours,Black/Black,1 Owner,No flood or frame damage,No odometer problems,5YJ3E1EC6PF689335,Car - Midsize Luxury,Clean,No Issue,No Issue,Not Available,No Issue,No Issue,No CPO Info Available,No Issue,
2023,Tesla,Model 3 ,32998,15000,138 city/126 hwy,Electric,Rear Wheel Drive,272 miles,10.4 hours,White/White,1 Owner,No flood or frame damage,No odometer problems,5YJ3E1EA8PF621679,Car - Midsize Luxury,Clean,No Issue,No Issue,Not Available,No Issue,No Issue,No CPO Info Available,No Issue,
2023,Tesla,Model Y Long Range,36998,33000,127 city/117 hwy,Electric,All Wheel Drive,330 miles,11.5 hours,Gray/Black,1 Owner,No flood or frame damage,No odometer problems,7SAYGDEE8PA032359,CUV - Midsize Luxury,Clean,No Issue,No Issue,Not Available,No Issue,No Issue,No CPO Info Available,No Issue,
2021,Tesla,Model S Plaid,64998,20000,,Electric,All Wheel Drive,390 miles,,Black/Black,2 Owners,No flood or frame damage,No odometer problems,5YJSA1E60MF434094,Sport Car - Large Luxury,Clean,No Issue,Damage Reported,Not Available,No Issue,No Issue,No CPO Info Available,No Issue,
2019,Tesla,Model 3 Long Range,25998,52000,120 city/112 hwy,Electric,All Wheel Drive,310 miles,10 hours,Gray/Black,1 Owner,No flood or frame damage,No odometer problems,5YJ3E1EB4KF386960,Car - Midsize Luxury,Clean,No Issue,No Issue,Not Available,No Issue,No Issue,No CPO Info Available,No Issue,
2022,Tesla,Model S ,58998,11000,124 city/115 hwy,Electric,All Wheel Drive,405 miles,15 hours,White/Black,2 Owners,No flood or frame damage,No odometer problems,5YJSA1E51NF480140,Sport Car - Large Luxury,Clean,No Issue,No Issue,Not Available,No Issue,No Issue,No CPO Info Available,No Issue,
2020,Tesla,Model 3 Long Range,29998,36000,,,,,,Gray/White,2 Owners,No flood or frame damage,No odometer problems,5YJ3E1EB0LF639449,Car - Midsize Luxury,Clean,No Issue,No Issue,Not Available,No Issue,No Issue,No CPO Info Available,No Issue,Automatic
2021,Tesla,Model Y Long Range,30998,69000,131 city/117 hwy,Electric,All Wheel Drive,326 miles,10 hours,Blue/Black,1 Owner,No flood or frame damage,No odometer problems,5YJYGDEE5MF063810,CUV - Midsize Luxury,Clean,No Issue,Damage Reported,Not Available,No Issue,No Issue,No CPO Info Available,No Issue,
2021,Tesla,Model Y Long Range,40998,21000,131 city/117 hwy,Electric,All Wheel Drive,326 miles,10 hours,Black/Black,1 Owner,No flood or frame damage,No odometer problems,5YJYGAEEXMF248577,CUV - Midsize Luxury,Clean,No Issue,No Issue,Not Available,No Issue,No Issue,No CPO Info Available,No Issue,
2022,Tesla,Model 3 Long Range,36998,17000,134 city/126 hwy,Electric,All Wheel Drive,334 miles,11.5 hours,Black/Black,2 Owners,No flood or frame damage,No odometer problems,5YJ3E1EB3NF227089,Car - Midsize Luxury,Clean,No Issue,No Issue,Not Available,No Issue,No Issue,No CPO Info Available,No Issue,
2021,Tesla,Model Y Long Range,37998,14000,131 city/117 hwy,Electric,All Wheel Drive,326 miles,10 hours,White/Black,1 Owner,No flood or frame damage,No odometer problems,5YJYGDEEXMF188205,CUV - Midsize Luxury,Clean,No Issue,Damage Reported,Not Available,No Issue,No Issue,No CPO Info Available,No Issue,
2023,Tesla,Model Y Performance,44998,3000,115 city/106 hwy,Electric,All Wheel Drive,303 miles,11.8 hours,Gray/White,1 Owner,No flood or frame damage,No odometer problems,7SAYGDEFXPF903838,CUV - Midsize Luxury,Clean,No Issue,No Issue,Not Available,No Issue,No Issue,No CPO Info Available,No Issue,
2021,Tesla,Model Y Long Range,37998,19000,131 city/117 hwy,Electric,All Wheel Drive,326 miles,10 hours,Red/Black,2 Owners,No flood or frame damage,No odometer problems,5YJYGDEE9MF251004,CUV - Midsize Luxury,Clean,No Issue,No Issue,Not Available,No Issue,No Issue,No CPO Info Available,No Issue,
2019,Tesla,Model 3 Standard Range Plus,26998,35000,140 city/124 hwy,Electric,Rear Wheel Drive,250 miles,9.5 hours,Black/Black,1 Owner,No flood or frame damage,No odometer problems,5YJ3E1EA3KF399481,Car - Midsize Luxury,Clean,No Issue,No Issue,Not Available,No Issue,No Issue,No CPO Info Available,No Issue,
2022,Tesla,Model Y Performance,42998,18000,115 city/106 hwy,Electric,All Wheel Drive,303 miles,11.8 hours,Black/White,1 Owner,No flood or frame damage,No odometer problems,7SAYGDEF5NF564001,CUV - Midsize Luxury,Clean,No Issue,No Issue,Not Available,No Issue,No Issue,No CPO Info Available,No Issue,
2021,Tesla,Model 3 Standard Range Plus,27998,47000,148 city/132 hwy,Electric,Rear Wheel Drive,263 miles,7.8 hours,Black/Black,1 Owner,No flood or frame damage,No odometer problems,5YJ3E1EA9MF083067,Car - Midsize Luxury,Clean,No Issue,Damage Reported,Not Available,No Issue,No Issue,No CPO Info Available,No Issue,
2023,Tesla,Model 3 ,32998,13000,138 city/126 hwy,Electric,Rear Wheel Drive,272 miles,10.4 hours,White/Black,2 Owners,No flood or frame damage,No odometer problems,5YJ3E1EA5PF544429,Car - Midsize Luxury,Clean,No Issue,No Issue,Not Available,No Issue,No Issue,No CPO Info Available,No Issue,
2021,Tesla,Model 3 Performance,32998,30000,118 city/107 hwy,Electric,All Wheel Drive,315 miles,10 hours,White/Black,2 Owners,No flood or frame damage,No odometer problems,5YJ3E1EC8MF083756,Car - Midsize Luxury,Clean,No Issue,No Issue,Not Available,No Issue,No Issue,No CPO Info Available,No Issue,
2022,Tesla,Model 3 Long Range,29998,54000,134 city/126 hwy,Electric,All Wheel Drive,334 miles,11.5 hours,White/Black,1 Owner,No flood or frame damage,No odometer problems,5YJ3E1EB3NF240957,Car - Midsize Luxury,Clean,No Issue,No Issue,Not Available,No Issue,No Issue,No CPO Info Available,No Issue,
2019,Tesla,Model 3 Performance,29998,40000,120 city/112 hwy,Electric,All Wheel Drive,310 miles,10 hours,Black/Black,1 Owner,No flood or frame damage,No odometer problems,5YJ3E1EBXKF408704,Car - Midsize Luxury,Clean,No Issue,No Issue,Not Available,No Issue,No Issue,No CPO Info Available,No Issue,
2024,Tesla,Model Y ,43998,4000,,Electric,Rear Wheel Drive,,,Black/Black,1 Owner,No flood or frame damage,No odometer problems,7SAYGDED5RF102915,CUV - Midsize Luxury,Clean,No Issue,No Issue,Not Available,No Issue,No Issue,No CPO Info Available,No Issue,
2020,Tesla,Model 3 Standard Range Plus,25998,55000,148 city/132 hwy,Electric,Rear Wheel Drive,250 miles,8.5 hours,Gray/Black,1 Owner,No flood or frame damage,No odometer problems,5YJ3E1EA8LF495818,Car - Midsize Luxury,Clean,No Issue,No Issue,Not Available,No Issue,No Issue,No CPO Info Available,No Issue,
2022,Tesla,Model 3 ,31998,26000,150 city/133 hwy,Electric,Rear Wheel Drive,263 miles,10.4 hours,Black/Black,1 Owner,No flood or frame damage,No odometer problems,5YJ3E1EA9NF147836,Car - Midsize Luxury,Clean,No Issue,No Issue,Not Available,No Issue,No Issue,No CPO Info Available,No Issue,
2023,Tesla,Model Y Long Range,37998,51000,127 city/117 hwy,Electric,All Wheel Drive,330 miles,11.5 hours,Gray/Black,1 Owner,No flood or frame damage,No odometer problems,7SAYGDEE8PA038923,CUV - Midsize Luxury,Clean,No Issue,No Issue,Not Available,No Issue,No Issue,No CPO Info Available,No Issue,
2021,Tesla,Model Y Long Range,37998,30000,131 city/117 hwy,Electric,All Wheel Drive,326 miles,10 hours,Black/Black,2 Owners,No flood or frame damage,No odometer problems,5YJYGDEE1MF129558,CUV - Midsize Luxury,Clean,No Issue,No Issue,Not Available,No Issue,No Issue,No CPO Info Available,No Issue,
2020,Tesla,Model 3 Standard Range Plus,26998,50000,148 city/132 hwy,Electric,Rear Wheel Drive,250 miles,8.5 hours,Black/White,2 Owners,No flood or frame damage,No odometer problems,5YJ3E1EA4LF743921,Car - Midsize Luxury,Clean,No Issue,Moderate,Not Available,No Issue,No Issue,No CPO Info Available,No Issue,
2020,Tesla,Model Y Long Range,30998,58000,127 city/114 hwy,Electric,All Wheel Drive,316 miles,10 hours,Gray/Black,2 Owners,No flood or frame damage,No odometer problems,5YJYGDEEXLF040358,CUV - Midsize Luxury,Clean,No Issue,No Issue,Not Available,No Issue,No Issue,No CPO Info Available,No Issue,
2023,Tesla,Model Y Long Range,42998,17000,127 city/117 hwy,Electric,All Wheel Drive,330 miles,11.5 hours,Black/Black,1 Owner,No flood or frame damage,No odometer problems,7SAYGDEE1PA054607,CUV - Midsize Luxury,Clean,No Issue,No Issue,Not Available,No Issue,No Issue,No CPO Info Available,No Issue,
2020,Tesla,Model Y Performance,34998,42000,129 city/112 hwy,Electric,All Wheel Drive,315 miles,10 hours,White/Black,2 Owners,No flood or frame damage,No odometer problems,5YJYGDEF6LF003560,CUV - Midsize Luxury,Clean,No Issue,No Issue,Not Available,No Issue,No Issue,No CPO Info Available,No Issue,
2022,Tesla,Model Y Performance,37998,42000,115 city/106 hwy,Electric,All Wheel Drive,303 miles,11.8 hours,Gray/White,1 Owner,No flood or frame damage,No odometer problems,7SAYGDEF1NF536888,CUV - Midsize Luxury,Clean,No Issue,No Issue,Not Available,No Issue,No Issue,No CPO Info Available,No Issue,
2021,Tesla,Model Y Long Range,37998,52000,131 city/117 hwy,Electric,All Wheel Drive,326 miles,10 hours,White/Black,2 Owners,No flood or frame damage,No odometer problems,5YJYGAEE9MF190543,CUV - Midsize Luxury,Clean,No Issue,No Issue,Not Available,No Issue,No Issue,No CPO Info Available,No Issue,
2022,Tesla,Model 3 Long Range,36998,14000,134 city/126 hwy,Electric,All Wheel Drive,334 miles,11.5 hours,Gray/Black,1 Owner,No flood or frame damage,No odometer problems,5YJ3E1EB5NF201917,Car - Midsize Luxury,Clean,No Issue,No Issue,Not Available,No Issue,No Issue,No CPO Info Available,No Issue,
2021,Tesla,Model 3 Standard Range Plus,28998,38000,148 city/132 hwy,Electric,Rear Wheel Drive,263 miles,7.8 hours,Gray/Black,2 Owners,No flood or frame damage,No odometer problems,5YJ3E1EA9MF097051,Car - Midsize Luxury,Clean,No Issue,No Issue,Not Available,No Issue,No Issue,No CPO Info Available,No Issue,
2023,Tesla,Model 3 ,29998,50000,138 city/126 hwy,Electric,Rear Wheel Drive,272 miles,10.4 hours,White/Black,1 Owner,No flood or frame damage,No odometer problems,5YJ3E1EA9PF427372,Car - Midsize Luxury,Clean,No Issue,No Issue,Not Available,No Issue,No Issue,No CPO Info Available,No Issue,
2020,Tesla,Model 3 Standard Range Plus,27998,27000,148 city/132 hwy,Electric,Rear Wheel Drive,250 miles,8.5 hours,White/Black,2 Owners,No flood or frame damage,No odometer problems,5YJ3E1EA7LF737188,Car - Midsize Luxury,Clean,No Issue,No Issue,Not Available,No Issue,No Issue,No CPO Info Available,No Issue,
2022,Tesla,Model 3 Long Range,28998,64000,134 city/126 hwy,Electric,All Wheel Drive,334 miles,11.5 hours,White/Black,1 Owner,No flood or frame damage,No odometer problems,5YJ3E1EB4NF105891,Car - Midsize Luxury,Clean,No Issue,No Issue,Not Available,No Issue,No Issue,No CPO Info Available,No Issue,
2021,Tesla,Model 3 Long Range,29998,48000,124 city/116 hwy,Electric,All Wheel Drive,353 miles,11.2 hours,Red/Black,1 Owner,No flood or frame damage,No odometer problems,5YJ3E1EBXMF906565,Car - Midsize Luxury,Clean,No Issue,No Issue,Not Available,No Issue,No Issue,No CPO Info Available,No Issue,
2021,Tesla,Model 3 Long Range,28998,56000,124 city/116 hwy,Electric,All Wheel Drive,353 miles,11.2 hours,Blue/Black,1 Owner,No flood or frame damage,No odometer problems,5YJ3E1EB6MF032456,Car - Midsize Luxury,Clean,No Issue,No Issue,Not Available,No Issue,No Issue,No CPO Info Available,No Issue,
2020,Tesla,Model 3 Long Range,27998,50000,124 city/116 hwy,Electric,All Wheel Drive,322 miles,10 hours,Blue/Black,1 Owner,No flood or frame damage,No odometer problems,5YJ3E1EB4LF627935,Car - Midsize Luxury,Clean,No Issue,No Issue,Not Available,No Issue,No Issue,No CPO Info Available,No Issue,
2022,Tesla,Model Y Long Range,34998,57000,131 city/117 hwy,Electric,All Wheel Drive,326 miles,11.5 hours,Gray/Black,2 Owners,No flood or frame damage,No odometer problems,7SAYGDEE9NF480612,CUV - Midsize Luxury,Clean,No Issue,No Issue,Not Available,No Issue,No Issue,No CPO Info Available,No Issue,
2021,Tesla,Model 3 Performance,33998,36000,118 city/107 hwy,Electric,All Wheel Drive,315 miles,10 hours,Black/Black,1 Owner,No flood or frame damage,No odometer problems,5YJ3E1EC0MF028945,Car - Midsize Luxury,Clean,No Issue,Moderate,Not Available,No Issue,No Issue,No CPO Info Available,No Issue,
2020,Tesla,Model 3 Standard Range,27998,28000,138 city/124 hwy,Electric,Rear Wheel Drive,220 miles,,White/Black,2 Owners,No flood or frame damage,No odometer problems,5YJ3E1EAXLF659358,Car - Midsize Luxury,Clean,No Issue,No Issue,Not Available,No Issue,No Issue,No CPO Info Available,No Issue,
2022,Tesla,Model 3 ,28998,44000,150 city/133 hwy,Electric,Rear Wheel Drive,263 miles,10.4 hours,White/Black,1 Owner,No flood or frame damage,No odometer problems,5YJ3E1EA2NF152702,Car - Midsize Luxury,Clean,No Issue,Damage Reported,Not Available,No Issue,No Issue,No CPO Info Available,No Issue,
2020,Tesla,Model 3 Standard Range Plus,23998,71000,148 city/132 hwy,Electric,Rear Wheel Drive,250 miles,8.5 hours,White/Black,1 Owner,No flood or frame damage,No odometer problems,5YJ3E1EA2LF612373,Car - Midsize Luxury,Clean,No Issue,No Issue,Not Available,No Issue,No Issue,No CPO Info Available,No Issue,
2022,Tesla,Model 3 Long Range,31998,30000,134 city/126 hwy,Electric,All Wheel Drive,334 miles,11.5 hours,White/Black,2 Owners,No flood or frame damage,No odometer problems,5YJ3E1EB7NF179452,Car - Midsize Luxury,Clean,No Issue,Damage Reported,Not Available,No Issue,No Issue,No CPO Info Available,No Issue,
2020,Tesla,Model Y Long Range,34998,48000,127 city/114 hwy,Electric,All Wheel Drive,316 miles,10 hours,Gray/Black,1 Owner,No flood or frame damage,No odometer problems,5YJYGDEE4LF037259,CUV - Midsize Luxury,Clean,No Issue,No Issue,Not Available,No Issue,No Issue,No CPO Info Available,No Issue,
2020,Tesla,Model Y Long Range,34998,30000,127 city/114 hwy,Electric,All Wheel Drive,316 miles,10 hours,Blue/Black,1 Owner,No flood or frame damage,No odometer problems,5YJYGDEF8LF002247,CUV - Midsize Luxury,Clean,No Issue,No Issue,Not Available,No Issue,No Issue,No CPO Info Available,No Issue,
2023,Tesla,Model 3 Long Range,31998,49000,134 city/126 hwy,Electric,All Wheel Drive,358 miles,11.5 hours,Gray/Black,1 Owner,No flood or frame damage,No odometer problems,5YJ3E1EB2PF390643,Car - Midsize Luxury,Clean,No Issue,No Issue,Not Available,No Issue,No Issue,No CPO Info Available,No Issue,
2018,Tesla,Model 3 Mid Range,25998,61000,128 city/117 hwy,Electric,Rear Wheel Drive,260 miles,10 hours,White/White,3 Owners,No flood or frame damage,No odometer problems,5YJ3E1EA7JF169733,Car - Midsize Luxury,Clean,No Issue,No Issue,Not Available,No Issue,No Issue,No CPO Info Available,No Issue,
2022,Tesla,Model Y Long Range,38998,20000,131 city/117 hwy,Electric,All Wheel Drive,326 miles,11.5 hours,Gray/Black,1 Owner,No flood or frame damage,No odometer problems,7SAYGDEE3NA005440,CUV - Midsize Luxury,Clean,No Issue,No Issue,Not Available,No Issue,No Issue,No CPO Info Available,No Issue,
2021,Tesla,Model 3 Long Range,29998,49000,124 city/116 hwy,Electric,All Wheel Drive,353 miles,11.2 hours,Blue/White,3 Owners,No flood or frame damage,No odometer problems,5YJ3E1EB9MF860128,Car - Midsize Luxury,Clean,No Issue,No Issue,Not Available,No Issue,No Issue,No CPO Info Available,No Issue,
2021,Tesla,Model 3 Long Range,28998,63000,124 city/116 hwy,Electric,All Wheel Drive,353 miles,11.2 hours,White/Black,1 Owner,No flood or frame damage,No odometer problems,5YJ3E1EB3MF983407,Car - Midsize Luxury,Clean,No Issue,No Issue,Not Available,No Issue,No Issue,No CPO Info Available,No Issue,
2020,Tesla,Model 3 Long Range,29998,40000,124 city/116 hwy,Electric,All Wheel Drive,322 miles,10 hours,Black/White,1 Owner,No flood or frame damage,No odometer problems,5YJ3E1EB2LF639033,Car - Midsize Luxury,Clean,No Issue,No Issue,Not Available,No Issue,No Issue,No CPO Info Available,No Issue,
2023,Tesla,Model Y Long Range,37998,39000,127 city/117 hwy,Electric,All Wheel Drive,330 miles,11.5 hours,Gray/Black,1 Owner,No flood or frame damage,No odometer problems,7SAYGDEEXPA033335,CUV - Midsize Luxury,Clean,No Issue,No Issue,Not Available,No Issue,No Issue,No CPO Info Available,No Issue,
2021,Tesla,Model 3 Standard Range Plus,24998,73000,148 city/132 hwy,Electric,Rear Wheel Drive,263 miles,7.8 hours,Black/Black,1 Owner,No flood or frame damage,No odometer problems,5YJ3E1EA4MF981821,Car - Midsize Luxury,Clean,No Issue,No Issue,Not Available,No Issue,No Issue,No CPO Info Available,No Issue,
2022,Tesla,Model 3 ,30998,8000,150 city/133 hwy,Electric,Rear Wheel Drive,263 miles,10.4 hours,Red/Black,1 Owner,No flood or frame damage,No odometer problems,5YJ3E1EA9NF189438,Car - Midsize Luxury,Clean,No Issue,Minor-Moderate,Not Available,No Issue,No Issue,No CPO Info Available,No Issue,
2023,Tesla,Model 3 ,31998,17000,138 city/126 hwy,Electric,Rear Wheel Drive,272 miles,10.4 hours,Gray/Black,1 Owner,No flood or frame damage,No odometer problems,5YJ3E1EA1PF643605,Car - Midsize Luxury,Clean,No Issue,No Issue,Not Available,No Issue,No Issue,No CPO Info Available,No Issue,
2021,Tesla,Model 3 Standard Range Plus,29998,31000,148 city/132 hwy,Electric,Rear Wheel Drive,263 miles,7.8 hours,White/White,1 Owner,No flood or frame damage,No odometer problems,5YJ3E1EA9MF020552,Car - Midsize Luxury,Clean,No Issue,No Issue,Not Available,No Issue,No Issue,No CPO Info Available,No Issue,
2021,Tesla,Model 3 Long Range,27998,70000,124 city/116 hwy,Electric,All Wheel Drive,353 miles,11.2 hours,Gray/Black,1 Owner,No flood or frame damage,No odometer problems,5YJ3E1EB8MF059481,Car - Midsize Luxury,Clean,No Issue,No Issue,Not Available,No Issue,No Issue,No CPO Info Available,No Issue,
2021,Tesla,Model 3 Long Range,29998,56000,124 city/116 hwy,Electric,All Wheel Drive,353 miles,11.2 hours,Black/Black,1 Owner,No flood or frame damage,No odometer problems,5YJ3E1EB3MF853062,Car - Midsize Luxury,Clean,No Issue,No Issue,Not Available,No Issue,No Issue,No CPO Info Available,No Issue,
2021,Tesla,Model 3 Long Range,28998,61000,124 city/116 hwy,Electric,All Wheel Drive,353 miles,11.2 hours,White/White,1 Owner,No flood or frame damage,No odometer problems,5YJ3E1EB5MF052553,Car - Midsize Luxury,Clean,No Issue,No Issue,Not Available,No Issue,No Issue,No CPO Info Available,No Issue,
2020,Tesla,Model 3 Performance,29998,49000,118 city/107 hwy,Electric,All Wheel Drive,299 miles,10 hours,Black/Black,2 Owners,No flood or frame damage,No odometer problems,5YJ3E1EC0LF601759,Car - Midsize Luxury,Clean,No Issue,No Issue,Not Available,No Issue,No Issue,No CPO Info Available,No Issue,
2019,Tesla,Model X Performance,57998,44000,80 city/77 hwy,Electric,All Wheel Drive,305 miles,,White/White,1 Owner,No flood or frame damage,No odometer problems,5YJXCBE41KF190120,CUV - Midsize Luxury,Clean,No Issue,No Issue,Not Available,No Issue,No Issue,No CPO Info Available,No Issue,
2020,Tesla,Model 3 Long Range,28998,52000,124 city/116 hwy,Electric,All Wheel Drive,322 miles,10 hours,Black/Black,1 Owner,No flood or frame damage,No odometer problems,5YJ3E1EB8LF520600,Car - Midsize Luxury,Clean,No Issue,No Issue,Not Available,No Issue,No Issue,No CPO Info Available,No Issue,
2021,Tesla,Model 3 Standard Range Plus,27998,52000,148 city/132 hwy,Electric,Rear Wheel Drive,263 miles,7.8 hours,Gray/Black,1 Owner,No flood or frame damage,No odometer problems,5YJ3E1EAXMF915905,Car - Midsize Luxury,Clean,No Issue,Minor,Not Available,No Issue,No Issue,No CPO Info Available,No Issue,
2019,Tesla,Model 3 Performance,33998,18000,,,,,,Gray/Black,2 Owners,No flood or frame damage,No odometer problems,5YJ3E1EB5KF413468,Car - Midsize Luxury,Clean,No Issue,No Issue,Not Available,No Issue,No Issue,No CPO Info Available,No Issue,Automatic
2022,Tesla,Model Y Long Range,43998,8000,131 city/117 hwy,Electric,All Wheel Drive,326 miles,11.5 hours,Gray/Black,1 Owner,No flood or frame damage,No odometer problems,7SAYGDEE9NF573033,CUV - Midsize Luxury,Clean,No Issue,No Issue,Not Available,No Issue,No Issue,No CPO Info Available,No Issue,
2021,Tesla,Model 3 Long Range,30998,40000,124 city/116 hwy,Electric,All Wheel Drive,353 miles,11.2 hours,White/White,1 Owner,No flood or frame damage,No odometer problems,5YJ3E1EB7MF866767,Car - Midsize Luxury,Clean,No Issue,No Issue,Not Available,No Issue,No Issue,No CPO Info Available,No Issue,
2020,Tesla,Model X Performance,71998,42000,90 city/89 hwy,Electric,All Wheel Drive,305 miles,12 hours,White/White,2 Owners,No flood or frame damage,No odometer problems,5YJXCBE43LF241960,CUV - Midsize Luxury,Clean,No Issue,No Issue,Not Available,No Issue,No Issue,No CPO Info Available,No Issue,
2021,Tesla,Model 3 Standard Range Plus,27998,42000,148 city/132 hwy,Electric,Rear Wheel Drive,263 miles,7.8 hours,White/Black,2 Owners,No flood or frame damage,No odometer problems,5YJ3E1EA6MF031167,Car - Midsize Luxury,Clean,No Issue,No Issue,Not Available,No Issue,No Issue,No CPO Info Available,No Issue,
2021,Tesla,Model 3 Standard Range Plus,26998,41000,148 city/132 hwy,Electric,Rear Wheel Drive,263 miles,7.8 hours,White/Black,3 Owners,No flood or frame damage,No odometer problems,5YJ3E1EA4MF939570,Car - Midsize Luxury,Clean,No Issue,No Issue,Not Available,No Issue,No Issue,No CPO Info Available,No Issue,
2021,Tesla,Model 3 Long Range,29998,40000,124 city/116 hwy,Electric,All Wheel Drive,353 miles,11.2 hours,White/Black,2 Owners,No flood or frame damage,No odometer problems,5YJ3E1EB5MF879078,Car - Midsize Luxury,Clean,No Issue,No Issue,Not Available,No Issue,No Issue,No CPO Info Available,No Issue,
2022,Tesla,Model Y Performance,39998,26000,115 city/106 hwy,Electric,All Wheel Drive,303 miles,11.8 hours,White/White,1 Owner,No flood or frame damage,No odometer problems,7SAYGDEF1NF409073,CUV - Midsize Luxury,Clean,No Issue,No Issue,Not Available,No Issue,No Issue,No CPO Info Available,No Issue,
2020,Tesla,Model Y Performance,36998,26000,129 city/112 hwy,Electric,All Wheel Drive,315 miles,10 hours,White/Black,1 Owner,No flood or frame damage,No odometer problems,5YJYGDEF7LF037491,CUV - Midsize Luxury,Clean,No Issue,No Issue,Not Available,No Issue,No Issue,No CPO Info Available,No Issue,
2023,Tesla,Model Y Long Range,39998,24000,127 city/117 hwy,Electric,All Wheel Drive,330 miles,11.5 hours,White/Black,1 Owner,No flood or frame damage,No odometer problems,7SAYGDEE8PA069637,CUV - Midsize Luxury,Clean,No Issue,No Issue,Not Available,No Issue,No Issue,No CPO Info Available,No Issue,
2022,Tesla,Model Y Long Range,37998,35000,131 city/117 hwy,Electric,All Wheel Drive,326 miles,11.5 hours,White/Black,1 Owner,No flood or frame damage,No odometer problems,7SAYGDEE9NF364312,CUV - Midsize Luxury,Clean,No Issue,No Issue,Not Available,No Issue,No Issue,No CPO Info Available,No Issue,
2024,Tesla,Model Y Long Range,46998,8000,127 city/117 hwy,Electric,All Wheel Drive,330 miles,11.5 hours,Gray/White,1 Owner,No flood or frame damage,No odometer problems,7SAYGDEE2RA232284,CUV - Midsize Luxury,Clean,No Issue,No Issue,Not Available,No Issue,No Issue,No CPO Info Available,No Issue,
2022,Tesla,Model Y Long Range,36998,32000,131 city/117 hwy,Electric,All Wheel Drive,326 miles,11.5 hours,Blue/Black,1 Owner,No flood or frame damage,No odometer problems,7SAYGDEE2NF361249,CUV - Midsize Luxury,Clean,No Issue,No Issue,Not Available,No Issue,No Issue,No CPO Info Available,No Issue,
2019,Tesla,Model 3 Standard Range Plus,27998,29000,140 city/124 hwy,Electric,Rear Wheel Drive,250 miles,9.5 hours,White/Black,1 Owner,No flood or frame damage,No odometer problems,5YJ3E1EAXKF299989,Car - Midsize Luxury,Clean,No Issue,No Issue,Not Available,No Issue,No Issue,No CPO Info Available,No Issue,
2021,Tesla,Model 3 Performance,34998,22000,,,,,,White/Black,1 Owner,No flood or frame damage,No odometer problems,5YJ3E1EC7MF073980,Car - Midsize Luxury,Clean,No Issue,No Issue,Not Available,No Issue,No Issue,No CPO Info Available,No Issue,Automatic
2020,Tesla,Model 3 Standard Range Plus,25998,71000,148 city/132 hwy,Electric,Rear Wheel Drive,250 miles,8.5 hours,White/Black,2 Owners,No flood or frame damage,No odometer problems,5YJ3E1EA3LF740427,Car - Midsize Luxury,Clean,No Issue,No Issue,Not Available,No Issue,No Issue,No CPO Info Available,No Issue,
2021,Tesla,Model Y Long Range,35998,35000,131 city/117 hwy,Electric,All Wheel Drive,326 miles,10 hours,White/Black,1 Owner,No flood or frame damage,No odometer problems,5YJYGDEE4MF270141,CUV - Midsize Luxury,Clean,No Issue,No Issue,Not Available,No Issue,No Issue,No CPO Info Available,No Issue,
2023,Tesla,Model Y Long Range,40998,12000,127 city/117 hwy,Electric,All Wheel Drive,330 miles,11.5 hours,Blue/Black,1 Owner,No flood or frame damage,No odometer problems,7SAYGDEE8PA145762,CUV - Midsize Luxury,Clean,No Issue,No Issue,Not Available,No Issue,No Issue,No CPO Info Available,No Issue,
2023,Tesla,Model Y Long Range,41998,13000,127 city/117 hwy,Electric,All Wheel Drive,330 miles,11.5 hours,Blue/White,1 Owner,No flood or frame damage,No odometer problems,7SAYGDEE1PF892400,CUV - Midsize Luxury,Clean,No Issue,No Issue,Not Available,No Issue,No Issue,No CPO Info Available,No Issue,
2020,Tesla,Model 3 Standard Range Plus,26998,29000,148 city/132 hwy,Electric,Rear Wheel Drive,250 miles,8.5 hours,Gray/Black,3 Owners,No flood or frame damage,No odometer problems,5YJ3E1EA4LF803602,Car - Midsize Luxury,Clean,No Issue,Damage Reported,Not Available,No Issue,No Issue,No CPO Info Available,No Issue,
2020,Tesla,Model 3 Standard Range Plus,29998,28000,148 city/132 hwy,Electric,Rear Wheel Drive,250 miles,8.5 hours,White/Black,1 Owner,No flood or frame damage,No odometer problems,5YJ3E1EA4LF504207,Car - Midsize Luxury,Clean,No Issue,No Issue,Not Available,No Issue,No Issue,No CPO Info Available,No Issue,
2021,Tesla,Model Y Standard Range,34998,29000,,,,,,Gray/Black,1 Owner,No flood or frame damage,No odometer problems,5YJYGDED9MF114684,CUV - Midsize Luxury,Clean,No Issue,No Issue,Not Available,No Issue,No Issue,No CPO Info Available,No Issue,Automatic
2021,Tesla,Model 3 Standard Range Plus,30998,26000,148 city/132 hwy,Electric,Rear Wheel Drive,263 miles,7.8 hours,Gray/Black,1 Owner,No flood or frame damage,No odometer problems,5YJ3E1EA0MF872997,Car - Midsize Luxury,Clean,No Issue,No Issue,Not Available,No Issue,No Issue,No CPO Info Available,No Issue,
2020,Tesla,Model 3 Standard Range Plus,26998,41000,148 city/132 hwy,Electric,Rear Wheel Drive,250 miles,8.5 hours,White/White,1 Owner,No flood or frame damage,No odometer problems,5YJ3E1EA6LF805223,Car - Midsize Luxury,Clean,No Issue,No Issue,Not Available,No Issue,No Issue,No CPO Info Available,No Issue,
2022,Tesla,Model Y Long Range,42998,15000,131 city/117 hwy,Electric,All Wheel Drive,326 miles,11.5 hours,Black/Black,1 Owner,No flood or frame damage,No odometer problems,7SAYGDEE4NF560822,CUV - Midsize Luxury,Clean,No Issue,No Issue,Not Available,No Issue,No Issue,No CPO Info Available,No Issue,
2023,Tesla,Model Y Long Range,38998,31000,127 city/117 hwy,Electric,All Wheel Drive,330 miles,11.5 hours,Gray/Black,1 Owner,No flood or frame damage,No odometer problems,7SAYGDEE9PA058968,CUV - Midsize Luxury,Clean,No Issue,No Issue,Not Available,No Issue,No Issue,No CPO Info Available,No Issue,
2020,Tesla,Model 3 Standard Range Plus,28998,33000,148 city/132 hwy,Electric,Rear Wheel Drive,250 miles,8.5 hours,White/Black,1 Owner,No flood or frame damage,No odometer problems,5YJ3E1EA6LF614448,Car - Midsize Luxury,Clean,No Issue,No Issue,Not Available,No Issue,No Issue,No CPO Info Available,No Issue,
2020,Tesla,Model 3 Standard Range Plus,26998,39000,148 city/132 hwy,Electric,Rear Wheel Drive,250 miles,8.5 hours,White/Black,1 Owner,No flood or frame damage,No odometer problems,5YJ3E1EA0LF802477,Car - Midsize Luxury,Clean,No Issue,No Issue,Not Available,No Issue,No Issue,No CPO Info Available,No Issue,
2022,Tesla,Model 3 Performance,36998,11000,118 city/107 hwy,Electric,All Wheel Drive,315 miles,10 hours,Gray/Black,1 Owner,No flood or frame damage,No odometer problems,5YJ3E1EC2NF261145,Car - Midsize Luxury,Clean,No Issue,No Issue,Not Available,No Issue,No Issue,No CPO Info Available,No Issue,
2023,Tesla,Model Y Long Range,44998,6000,127 city/117 hwy,Electric,All Wheel Drive,330 miles,11.5 hours,White/Black,1 Owner,No flood or frame damage,No odometer problems,7SAYGDEE7PF900824,CUV - Midsize Luxury,Clean,No Issue,No Issue,Not Available,No Issue,No Issue,No CPO Info Available,No Issue,
2021,Tesla,Model Y Performance,35998,45000,115 city/106 hwy,Electric,All Wheel Drive,303 miles,11.8 hours,Gray/Black,1 Owner,No flood or frame damage,No odometer problems,5YJYGDEF6MF272210,CUV - Midsize Luxury,Clean,No Issue,No Issue,Not Available,No Issue,No Issue,No CPO Info Available,No Issue,
2023,Tesla,Model Y Long Range,42998,6000,127 city/117 hwy,Electric,All Wheel Drive,330 miles,11.5 hours,Red/White,1 Owner,No flood or frame damage,No odometer problems,7SAYGDEE9PF921805,CUV - Midsize Luxury,Clean,No Issue,No Issue,Not Available,No Issue,No Issue,No CPO Info Available,No Issue,
2022,Tesla,Model 3 Long Range,35998,12000,134 city/126 hwy,Electric,All Wheel Drive,334 miles,11.5 hours,White/Black,1 Owner,No flood or frame damage,No odometer problems,5YJ3E1EB2NF184462,Car - Midsize Luxury,Clean,No Issue,No Issue,Not Available,No Issue,No Issue,No CPO Info Available,No Issue,
2022,Tesla,Model 3 ,30998,23000,150 city/133 hwy,Electric,Rear Wheel Drive,263 miles,10.4 hours,Pearl/Black,1 Owner,No flood or frame damage,No odometer problems,5YJ3E1EA8NF111636,Car - Midsize Luxury,Clean,No Issue,No Issue,Not Available,No Issue,No Issue,No CPO Info Available,No Issue,
2020,Tesla,Model 3 Standard Range Plus,26998,53000,148 city/132 hwy,Electric,Rear Wheel Drive,250 miles,8.5 hours,Blue/White,1 Owner,No flood or frame damage,No odometer problems,5YJ3E1EA6LF744066,Car - Midsize Luxury,Clean,No Issue,No Issue,Not Available,No Issue,No Issue,No CPO Info Available,No Issue,
2023,Tesla,Model 3 Performance,39998,7000,118 city/107 hwy,Electric,All Wheel Drive,315 miles,10 hours,Gray/Black,1 Owner,No flood or frame damage,No odometer problems,5YJ3E1EC2PF637328,Car - Midsize Luxury,Clean,No Issue,No Issue,Not Available,No Issue,No Issue,No CPO Info Available,No Issue,
2023,Tesla,Model 3 Performance,41998,4000,118 city/107 hwy,Electric,All Wheel Drive,315 miles,10 hours,Gray/Black,1 Owner,No flood or frame damage,No odometer problems,5YJ3E1EC4PF582431,Car - Midsize Luxury,Clean,No Issue,No Issue,Not Available,No Issue,No Issue,No CPO Info Available,No Issue,
2021,Tesla,Model 3 Standard Range Plus,26998,53000,148 city/132 hwy,Electric,Rear Wheel Drive,263 miles,7.8 hours,White/Black,1 Owner,No flood or frame damage,No odometer problems,5YJ3E1EA6MF987815,Car - Midsize Luxury,Clean,No Issue,Minor,Not Available,No Issue,No Issue,No CPO Info Available,No Issue,
2023,Tesla,Model 3 Performance,41998,3000,118 city/107 hwy,Electric,All Wheel Drive,315 miles,10 hours,Red/White,1 Owner,No flood or frame damage,No odometer problems,5YJ3E1EC7PF407882,Car - Midsize Luxury,Clean,No Issue,No Issue,Not Available,No Issue,No Issue,No CPO Info Available,No Issue,
2022,Tesla,Model Y Performance,37998,46000,115 city/106 hwy,Electric,All Wheel Drive,303 miles,11.8 hours,White/White,1 Owner,No flood or frame damage,No odometer problems,7SAYGDEF9NF392135,CUV - Midsize Luxury,Clean,No Issue,No Issue,Not Available,No Issue,No Issue,No CPO Info Available,No Issue,
2023,Tesla,Model 3 ,34998,4000,138 city/126 hwy,Electric,Rear Wheel Drive,272 miles,10.4 hours,White/Black,1 Owner,No flood or frame damage,No odometer problems,5YJ3E1EA4PF569712,Car - Midsize Luxury,Clean,No Issue,No Issue,Not Available,No Issue,No Issue,No CPO Info Available,No Issue,
2022,Tesla,Model 3 ,30998,17000,150 city/133 hwy,Electric,Rear Wheel Drive,263 miles,10.4 hours,White/White,1 Owner,No flood or frame damage,No odometer problems,5YJ3E1EA1NF375863,Car - Midsize Luxury,Clean,No Issue,No Issue,Not Available,No Issue,No Issue,No CPO Info Available,No Issue,
2022,Tesla,Model 3 Performance,36998,19000,118 city/107 hwy,Electric,All Wheel Drive,315 miles,10 hours,Black/Black,1 Owner,No flood or frame damage,No odometer problems,5YJ3E1EC3NF234178,Car - Midsize Luxury,Clean,No Issue,No Issue,Not Available,No Issue,No Issue,No CPO Info Available,No Issue,
2022,Tesla,Model Y Long Range,35998,55000,131 city/117 hwy,Electric,All Wheel Drive,326 miles,11.5 hours,White/White,1 Owner,No flood or frame damage,No odometer problems,7SAYGDEE0NF439186,CUV - Midsize Luxury,Clean,No Issue,No Issue,Not Available,No Issue,No Issue,No CPO Info Available,No Issue,
2021,Tesla,Model Y Long Range,36998,51000,131 city/117 hwy,Electric,All Wheel Drive,326 miles,10 hours,White/White,1 Owner,No flood or frame damage,No odometer problems,5YJYGDEE2MF240541,CUV - Midsize Luxury,Clean,No Issue,No Issue,Not Available,No Issue,No Issue,No CPO Info Available,No Issue,
2020,Tesla,Model 3 Standard Range Plus,27998,34000,,,,,,Blue/White,1 Owner,No flood or frame damage,No odometer problems,5YJ3E1EAXLF662437,Car - Midsize Luxury,Clean,No Issue,No Issue,Not Available,No Issue,No Issue,No CPO Info Available,No Issue,Automatic
2020,Tesla,Model 3 Standard Range Plus,27998,52000,148 city/132 hwy,Electric,Rear Wheel Drive,250 miles,8.5 hours,Gray/White,0 Owner,No flood or frame damage,No odometer problems,5YJ3E1EA5LF804841,Car - Midsize Luxury,Clean,No Issue,No Issue,Not Available,No Issue,No Issue,No CPO Info Available,No Issue,
2021,Tesla,Model Y Performance,35998,53000,115 city/106 hwy,Electric,All Wheel Drive,303 miles,11.8 hours,Black/White,1 Owner,No flood or frame damage,No odometer problems,5YJYGDEF4MF258225,CUV - Midsize Luxury,Clean,No Issue,No Issue,Not Available,No Issue,No Issue,No CPO Info Available,No Issue,
2022,Tesla,Model 3 ,29998,19000,,,,,,Gray/Black,1 Owner,No flood or frame damage,No odometer problems,5YJ3E1EA2NF128593,Car - Midsize Luxury,Clean,No Issue,No Issue,Not Available,No Issue,No Issue,No CPO Info Available,No Issue,Automatic
2021,Tesla,Model Y Long Range,36998,36000,131 city/117 hwy,Electric,All Wheel Drive,326 miles,10 hours,Black/Black,1 Owner,No flood or frame damage,No odometer problems,5YJYGDEE3MF284449,CUV - Midsize Luxury,Clean,No Issue,No Issue,Not Available,No Issue,No Issue,No CPO Info Available,No Issue,
2023,Tesla,Model Y Performance,35998,58000,115 city/106 hwy,Electric,All Wheel Drive,303 miles,11.8 hours,Gray/Black,1 Owner,No flood or frame damage,No odometer problems,7SAYGDEF6PF583448,CUV - Midsize Luxury,Clean,No Issue,Damage Reported,Not Available,No Issue,No Issue,No CPO Info Available,No Issue,
2020,Tesla,Model 3 Long Range,26998,62000,124 city/116 hwy,Electric,All Wheel Drive,322 miles,10 hours,Red/Black,1 Owner,No flood or frame damage,No odometer problems,5YJ3E1EB4LF716985,Car - Midsize Luxury,Clean,No Issue,No Issue,Not Available,No Issue,No Issue,No CPO Info Available,No Issue,
2022,Tesla,Model 3 Long Range,33998,30000,,,,,,Blue/Black,1 Owner,No flood or frame damage,No odometer problems,5YJ3E1EB7NF228150,Car - Midsize Luxury,Clean,No Issue,No Issue,Not Available,No Issue,No Issue,No CPO Info Available,No Issue,Automatic
2019,Tesla,Model 3 Standard Range Plus,23998,61000,140 city/124 hwy,Electric,Rear Wheel Drive,250 miles,9.5 hours,Black/Black,4 Owners,No flood or frame damage,No odometer problems,5YJ3E1EA3KF306118,Car - Midsize Luxury,Clean,No Issue,Damage Reported,Not Available,No Issue,No Issue,No CPO Info Available,No Issue,
2021,Tesla,Model 3 Standard Range Plus,26998,74000,148 city/132 hwy,Electric,Rear Wheel Drive,263 miles,7.8 hours,White/Black,1 Owner,No flood or frame damage,No odometer problems,5YJ3E1EA8MF941452,Car - Midsize Luxury,Clean,No Issue,No Issue,Not Available,No Issue,No Issue,No CPO Info Available,No Issue,
2020,Tesla,Model 3 Standard Range Plus,25998,41000,,,,,,Black/Black,0 Owner,No flood or frame damage,No odometer problems,5YJ3E1EA2LF798917,Car - Midsize Luxury,Clean,No Issue,No Issue,Not Available,No Issue,No Issue,No CPO Info Available,No Issue,Automatic
2020,Tesla,Model 3 Standard Range Plus,28998,37000,148 city/132 hwy,Electric,Rear Wheel Drive,250 miles,8.5 hours,Gray/Black,1 Owner,No flood or frame damage,No odometer problems,5YJ3E1EA4LF799180,Car - Midsize Luxury,Clean,No Issue,No Issue,Not Available,No Issue,No Issue,No CPO Info Available,No Issue,
2023,Tesla,Model Y Long Range,40998,30000,,,,,,Gray/Black,1 Owner,No flood or frame damage,No odometer problems,7SAYGAEEXPF582468,CUV - Midsize Luxury,Clean,No Issue,No Issue,Not Available,No Issue,No Issue,No CPO Info Available,No Issue,Automatic
2021,Tesla,Model 3 Performance,33998,29000,118 city/107 hwy,Electric,All Wheel Drive,315 miles,10 hours,Black/Black,1 Owner,No flood or frame damage,No odometer problems,5YJ3E1EC2MF064894,Car - Midsize Luxury,Clean,No Issue,No Issue,Not Available,No Issue,No Issue,No CPO Info Available,No Issue,
2020,Tesla,Model 3 Standard Range Plus,25998,69000,148 city/132 hwy,Electric,Rear Wheel Drive,250 miles,8.5 hours,White/Black,1 Owner,No flood or frame damage,No odometer problems,5YJ3E1EAXLF740053,Car - Midsize Luxury,Clean,No Issue,No Issue,Not Available,No Issue,No Issue,No CPO Info Available,No Issue,
2020,Tesla,Model 3 Standard Range Plus,29998,17000,148 city/132 hwy,Electric,Rear Wheel Drive,250 miles,8.5 hours,White/Black,1 Owner,No flood or frame damage,No odometer problems,5YJ3E1EA3LF633149,Car - Midsize Luxury,Clean,No Issue,No Issue,Not Available,No Issue,No Issue,No CPO Info Available,No Issue,
2020,Tesla,Model 3 Long Range,27998,62000,,,,,,White/Black,1 Owner,No flood or frame damage,No odometer problems,5YJ3E1EB2LF711591,Car - Midsize Luxury,Clean,No Issue,Damage Reported,Not Available,No Issue,No Issue,No CPO Info Available,No Issue,Automatic
2022,Tesla,Model Y Performance,36998,66000,115 city/106 hwy,Electric,All Wheel Drive,303 miles,11.8 hours,Black/Black,2 Owners,No flood or frame damage,No odometer problems,7SAYGDEFXNF354770,CUV - Midsize Luxury,Clean,No Issue,No Issue,Not Available,No Issue,No Issue,No CPO Info Available,No Issue,
2020,Tesla,Model 3 Standard Range Plus,25998,56000,148 city/132 hwy,Electric,Rear Wheel Drive,250 miles,8.5 hours,White/Black,2 Owners,No flood or frame damage,No odometer problems,5YJ3E1EA7LF631520,Car - Midsize Luxury,Clean,No Issue,No Issue,Not Available,No Issue,No Issue,No CPO Info Available,No Issue,
2022,Tesla,Model 3 Performance,34998,24000,118 city/107 hwy,Electric,All Wheel Drive,315 miles,10 hours,Red/Black,1 Owner,No flood or frame damage,No odometer problems,5YJ3E1EC4NF298293,Car - Midsize Luxury,Clean,No Issue,No Issue,Not Available,No Issue,No Issue,No CPO Info Available,No Issue,
2022,Tesla,Model 3 Long Range,32998,33000,134 city/126 hwy,Electric,All Wheel Drive,334 miles,11.5 hours,Black/Black,1 Owner,No flood or frame damage,No odometer problems,5YJ3E1EB2NF313459,Car - Midsize Luxury,Clean,No Issue,No Issue,Not Available,No Issue,No Issue,No CPO Info Available,No Issue,
2020,Tesla,Model 3 Standard Range Plus,25998,52000,148 city/132 hwy,Electric,Rear Wheel Drive,250 miles,8.5 hours,Black/Black,1 Owner,No flood or frame damage,No odometer problems,5YJ3E1EAXLF743292,Car - Midsize Luxury,Clean,No Issue,No Issue,Not Available,No Issue,No Issue,No CPO Info Available,No Issue,
2020,Tesla,Model 3 Standard Range Plus,26998,61000,148 city/132 hwy,Electric,Rear Wheel Drive,250 miles,8.5 hours,White/Black,1 Owner,No flood or frame damage,No odometer problems,5YJ3E1EA0LF660244,Car - Midsize Luxury,Clean,No Issue,Minor-Moderate,Not Available,No Issue,No Issue,No CPO Info Available,No Issue,
2022,Tesla,Model 3 Long Range,35998,17000,134 city/126 hwy,Electric,All Wheel Drive,334 miles,11.5 hours,Gray/White,1 Owner,No flood or frame damage,No odometer problems,5YJ3E1EBXNF366328,Car - Midsize Luxury,Clean,No Issue,No Issue,Not Available,No Issue,No Issue,No CPO Info Available,No Issue,
2020,Tesla,Model 3 Standard Range,24998,73000,138 city/124 hwy,Electric,Rear Wheel Drive,220 miles,,White/Black,2 Owners,No flood or frame damage,No odometer problems,5YJ3E1EA2LF706771,Car - Midsize Luxury,Clean,No Issue,No Issue,Not Available,No Issue,No Issue,No CPO Info Available,No Issue,
2021,Tesla,Model 3 Performance,31998,45000,118 city/107 hwy,Electric,All Wheel Drive,315 miles,10 hours,Gray/Black,2 Owners,No flood or frame damage,No odometer problems,5YJ3E1ECXMF874354,Car - Midsize Luxury,Clean,No Issue,No Issue,Not Available,No Issue,No Issue,No CPO Info Available,No Issue,
2021,Tesla,Model 3 Long Range,32998,35000,124 city/116 hwy,Electric,All Wheel Drive,353 miles,11.2 hours,Black/White,1 Owner,No flood or frame damage,No odometer problems,5YJ3E1EB6MF935996,Car - Midsize Luxury,Clean,No Issue,No Issue,Not Available,No Issue,No Issue,No CPO Info Available,No Issue,
2021,Tesla,Model 3 Standard Range Plus,28998,46000,,,,,,Blue/Gray,1 Owner,No flood or frame damage,No odometer problems,5YJ3E1EA5MF998059,Car - Midsize Luxury,Clean,No Issue,No Issue,Not Available,No Issue,No Issue,No CPO Info Available,No Issue,Automatic
2022,Tesla,Model Y Performance,38998,32000,115 city/106 hwy,Electric,All Wheel Drive,303 miles,11.8 hours,Gray/Black,1 Owner,No flood or frame damage,No odometer problems,7SAYGDEFXNF452407,CUV - Midsize Luxury,Clean,No Issue,No Issue,Not Available,No Issue,No Issue,No CPO Info Available,No Issue,
2020,Tesla,Model 3 Long Range,25998,66000,124 city/116 hwy,Electric,All Wheel Drive,322 miles,10 hours,White/Black,1 Owner,No flood or frame damage,No odometer problems,5YJ3E1EB2LF650047,Car - Midsize Luxury,Clean,No Issue,No Issue,Not Available,No Issue,No Issue,No CPO Info Available,No Issue,
2022,Tesla,Model 3 Long Range,30998,58000,134 city/126 hwy,Electric,All Wheel Drive,334 miles,11.5 hours,White/Black,1 Owner,No flood or frame damage,No odometer problems,5YJ3E1EB4NF139331,Car - Midsize Luxury,Clean,No Issue,No Issue,Not Available,No Issue,No Issue,No CPO Info Available,No Issue,
2018,Tesla,Model S 100D,36998,61000,101 city/102 hwy,Electric,All Wheel Drive,335 miles,12 hours,White/Cream,1 Owner,No flood or frame damage,No odometer problems,5YJSA1E22JF247951,Car - Large Luxury,Clean,No Issue,No Issue,Not Available,No Issue,No Issue,No CPO Info Available,No Issue,
2018,Tesla,Model 3 Mid Range,23998,76000,128 city/117 hwy,Electric,Rear Wheel Drive,260 miles,10 hours,Gray/White,5 Owners,No flood or frame damage,No odometer problems,5YJ3E1EA8JF169062,Car - Midsize Luxury,Clean,No Issue,No Issue,Not Available,No Issue,No Issue,No CPO Info Available,No Issue,
2022,Tesla,Model S ,56998,12000,124 city/115 hwy,Electric,All Wheel Drive,405 miles,15 hours,Red/Black,1 Owner,No flood or frame damage,No odometer problems,5YJSA1E54NF477202,Sport Car - Large Luxury,Clean,No Issue,Moderate,Not Available,No Issue,No Issue,No CPO Info Available,No Issue,
2019,Tesla,Model 3 Standard Range Plus,25998,69000,140 city/124 hwy,Electric,Rear Wheel Drive,250 miles,9.5 hours,White/Black,1 Owner,No flood or frame damage,No odometer problems,5YJ3E1EA0KF483936,Car - Midsize Luxury,Clean,No Issue,No Issue,Not Available,No Issue,No Issue,No CPO Info Available,No Issue,
2019,Tesla,Model 3 Long Range,27998,52000,120 city/112 hwy,Electric,All Wheel Drive,310 miles,10 hours,White/White,2 Owners,No flood or frame damage,No odometer problems,5YJ3E1EB9KF392236,Car - Midsize Luxury,Clean,No Issue,No Issue,Not Available,No Issue,No Issue,No CPO Info Available,No Issue,
2023,Tesla,Model 3 ,28998,35000,138 city/126 hwy,Electric,Rear Wheel Drive,272 miles,10.4 hours,Gray/Black,1 Owner,No flood or frame damage,No odometer problems,5YJ3E1EA5PF402307,Car - Midsize Luxury,Clean,No Issue,No Issue,Not Available,No Issue,No Issue,No CPO Info Available,No Issue,
2020,Tesla,Model Y Performance,34998,61000,129 city/112 hwy,Electric,All Wheel Drive,315 miles,10 hours,White/White,1 Owner,No flood or frame damage,No odometer problems,5YJYGDEF1LF057395,CUV - Midsize Luxury,Clean,No Issue,No Issue,Not Available,No Issue,No Issue,No CPO Info Available,No Issue,
2018,Tesla,Model 3 Long Range,25998,69000,120 city/112 hwy,Electric,All Wheel Drive,310 miles,10 hours,White/Black,2 Owners,No flood or frame damage,No odometer problems,5YJ3E1EB0JF151065,Car - Midsize Luxury,Clean,No Issue,No Issue,Not Available,No Issue,No Issue,No CPO Info Available,No Issue,
2018,Tesla,Model 3 Long Range,27998,51000,120 city/112 hwy,Electric,All Wheel Drive,310 miles,10 hours,White/Black,2 Owners,No flood or frame damage,No odometer problems,5YJ3E1EB4JF185705,Car - Midsize Luxury,Clean,No Issue,No Issue,Not Available,No Issue,No Issue,No CPO Info Available,No Issue,
2020,Tesla,Model 3 Standard Range,26998,68000,138 city/124 hwy,Electric,Rear Wheel Drive,220 miles,,Gray/Black,1 Owner,No flood or frame damage,No odometer problems,5YJ3E1EA7LF495843,Car - Midsize Luxury,Clean,No Issue,No Issue,Not Available,No Issue,No Issue,No CPO Info Available,No Issue,
2021,Tesla,Model 3 Standard Range Plus,26998,49000,148 city/132 hwy,Electric,Rear Wheel Drive,263 miles,7.8 hours,Gray/Black,1 Owner,No flood or frame damage,No odometer problems,5YJ3E1EA3MF051179,Car - Midsize Luxury,Clean,No Issue,Damage Reported,Not Available,No Issue,No Issue,No CPO Info Available,No Issue,
2021,Tesla,Model 3 Standard Range Plus,28998,24000,148 city/132 hwy,Electric,Rear Wheel Drive,263 miles,7.8 hours,Black/Black,1 Owner,No flood or frame damage,No odometer problems,5YJ3E1EA4MF854003,Car - Midsize Luxury,Clean,No Issue,No Issue,Not Available,No Issue,No Issue,No CPO Info Available,No Issue,
2019,Tesla,Model 3 Standard Range Plus,27998,21000,140 city/124 hwy,Electric,Rear Wheel Drive,250 miles,9.5 hours,Black/Black,2 Owners,No flood or frame damage,No odometer problems,5YJ3E1EA7KF397443,Car - Midsize Luxury,Clean,No Issue,No Issue,Not Available,No Issue,No Issue,No CPO Info Available,No Issue,
2020,Tesla,Model S Long Range Plus,41998,42000,121 city/112 hwy,Electric,All Wheel Drive,391 miles,15.3 hours,Blue/Tan,1 Owner,No flood or frame damage,No odometer problems,5YJSA1E2XLF415161,Sport Car - Large Luxury,Clean,No Issue,No Issue,Not Available,No Issue,No Issue,No CPO Info Available,No Issue,
2018,Tesla,Model 3 Mid Range,26998,43000,128 city/117 hwy,Electric,Rear Wheel Drive,260 miles,10 hours,Gray/Black,1 Owner,No flood or frame damage,No odometer problems,5YJ3E1EA8JF154903,Car - Midsize Luxury,Clean,No Issue,Damage Reported,Not Available,No Issue,No Issue,No CPO Info Available,No Issue,
2020,Tesla,Model 3 Standard Range Plus,28998,29000,148 city/132 hwy,Electric,Rear Wheel Drive,250 miles,8.5 hours,Blue/White,1 Owner,No flood or frame damage,No odometer problems,5YJ3E1EA2LF615094,Car - Midsize Luxury,Clean,No Issue,No Issue,Not Available,No Issue,No Issue,No CPO Info Available,No Issue,
2019,Tesla,Model 3 Standard Range Plus,24998,73000,140 city/124 hwy,Electric,Rear Wheel Drive,250 miles,9.5 hours,Black/Black,2 Owners,No flood or frame damage,No odometer problems,5YJ3E1EAXKF409990,Car - Midsize Luxury,Clean,No Issue,No Issue,Not Available,No Issue,No Issue,No CPO Info Available,No Issue,
2021,Tesla,Model 3 Standard Range Plus,26998,44000,148 city/132 hwy,Electric,Rear Wheel Drive,263 miles,7.8 hours,White/Black,1 Owner,No flood or frame damage,No odometer problems,5YJ3E1EA0MF096290,Car - Midsize Luxury,Clean,No Issue,Damage Reported,Not Available,No Issue,No Issue,No CPO Info Available,No Issue,
2021,Tesla,Model 3 Standard Range Plus,28998,45000,148 city/132 hwy,Electric,Rear Wheel Drive,263 miles,7.8 hours,White/Black,1 Owner,No flood or frame damage,No odometer problems,5YJ3E1EA7MF029279,Car - Midsize Luxury,Clean,No Issue,No Issue,Not Available,No Issue,No Issue,No CPO Info Available,No Issue,
2023,Tesla,Model 3 Performance,40998,5000,118 city/107 hwy,Electric,All Wheel Drive,315 miles,10 hours,Red/Black,1 Owner,No flood or frame damage,No odometer problems,5YJ3E1EC7PF701623,Car - Midsize Luxury,Clean,No Issue,No Issue,Not Available,No Issue,No Issue,No CPO Info Available,No Issue,
2019,Tesla,Model 3 Performance,28998,40000,120 city/112 hwy,Electric,All Wheel Drive,310 miles,10 hours,Blue/Black,2 Owners,No flood or frame damage,No odometer problems,5YJ3E1EB8KF528923,Car - Midsize Luxury,Clean,No Issue,No Issue,Not Available,No Issue,No Issue,No CPO Info Available,No Issue,
2021,Tesla,Model 3 Long Range,33998,23000,124 city/116 hwy,Electric,All Wheel Drive,353 miles,11.2 hours,Red/Black,1 Owner,No flood or frame damage,No odometer problems,5YJ3E1EB9MF849288,Car - Midsize Luxury,Clean,No Issue,No Issue,Not Available,No Issue,No Issue,No CPO Info Available,No Issue,
2020,Tesla,Model 3 Long Range,29998,19000,,,,,,Black/Black,1 Owner,No flood or frame damage,No odometer problems,5YJ3E1EB5LF710564,Car - Midsize Luxury,Clean,No Issue,No Issue,Not Available,No Issue,No Issue,No CPO Info Available,No Issue,Automatic
2021,Tesla,Model 3 Performance,31998,48000,118 city/107 hwy,Electric,All Wheel Drive,315 miles,10 hours,White/White,1 Owner,No flood or frame damage,No odometer problems,5YJ3E1EC2MF044628,Car - Midsize Luxury,Clean,No Issue,No Issue,Not Available,No Issue,No Issue,No CPO Info Available,No Issue,
2019,Tesla,Model 3 Standard Range Plus,25998,65000,140 city/124 hwy,Electric,Rear Wheel Drive,250 miles,9.5 hours,Black/White,1 Owner,No flood or frame damage,No odometer problems,5YJ3E1EA7KF302248,Car - Midsize Luxury,Clean,No Issue,Minor,Not Available,No Issue,No Issue,No CPO Info Available,No Issue,
2024,Tesla,Model Y ,42998,4000,,Electric,Rear Wheel Drive,,,Red/Black,1 Owner,No flood or frame damage,No odometer problems,7SAYGDED0RF010403,CUV - Midsize Luxury,Clean,No Issue,No Issue,Not Available,No Issue,No Issue,No CPO Info Available,No Issue,
2020,Tesla,Model Y Long Range,36998,19000,127 city/114 hwy,Electric,All Wheel Drive,316 miles,10 hours,Black/White,1 Owner,No flood or frame damage,No odometer problems,5YJYGDEE2LF051516,CUV - Midsize Luxury,Clean,No Issue,Damage Reported,Not Available,No Issue,No Issue,No CPO Info Available,No Issue,
2021,Tesla,Model 3 Long Range,27998,64000,124 city/116 hwy,Electric,All Wheel Drive,353 miles,11.2 hours,Gray/Black,1 Owner,No flood or frame damage,No odometer problems,5YJ3E1EB2MF001219,Car - Midsize Luxury,Clean,No Issue,No Issue,Not Available,No Issue,No Issue,No CPO Info Available,No Issue,
2019,Tesla,Model 3 Standard Range Plus,25998,40000,140 city/124 hwy,Electric,Rear Wheel Drive,250 miles,9.5 hours,Black/Black,1 Owner,No flood or frame damage,No odometer problems,5YJ3E1EA2KF394952,Car - Midsize Luxury,Clean,No Issue,No Issue,Not Available,No Issue,No Issue,No CPO Info Available,No Issue,
2023,Tesla,Model Y Long Range,36998,36000,127 city/117 hwy,Electric,All Wheel Drive,330 miles,11.5 hours,White/Black,1 Owner,No flood or frame damage,No odometer problems,7SAYGDEE8PA124927,CUV - Midsize Luxury,Clean,No Issue,No Issue,Not Available,No Issue,No Issue,No CPO Info Available,No Issue,
2019,Tesla,Model 3 Mid Range,24998,53000,128 city/117 hwy,Electric,Rear Wheel Drive,264 miles,10 hours,Blue/Black,1 Owner,No flood or frame damage,No odometer problems,5YJ3E1EA1KF191017,Car - Midsize Luxury,Clean,No Issue,No Issue,Not Available,No Issue,No Issue,No CPO Info Available,No Issue,
2023,Tesla,Model Y Long Range,40998,14000,127 city/117 hwy,Electric,All Wheel Drive,330 miles,11.5 hours,Blue/Black,1 Owner,No flood or frame damage,No odometer problems,7SAYGDEE2PA040022,CUV - Midsize Luxury,Clean,No Issue,No Issue,Not Available,No Issue,No Issue,No CPO Info Available,No Issue,
2018,Tesla,Model 3 Long Range,24998,55000,120 city/112 hwy,Electric,All Wheel Drive,310 miles,10 hours,Blue/Black,1 Owner,No flood or frame damage,No odometer problems,5YJ3E1EB6JF133895,Car - Midsize Luxury,Clean,No Issue,Damage Reported,Not Available,No Issue,No Issue,No CPO Info Available,No Issue,
2020,Tesla,Model 3 Long Range,29998,40000,124 city/116 hwy,Electric,All Wheel Drive,322 miles,10 hours,Blue/Black,1 Owner,No flood or frame damage,No odometer problems,5YJ3E1EB9LF646318,Car - Midsize Luxury,Clean,No Issue,No Issue,Not Available,No Issue,No Issue,No CPO Info Available,No Issue,
2019,Tesla,Model 3 Standard Range Plus,23998,71000,140 city/124 hwy,Electric,Rear Wheel Drive,250 miles,9.5 hours,Blue/Black,1 Owner,No flood or frame damage,No odometer problems,5YJ3E1EA7KF436516,Car - Midsize Luxury,Clean,No Issue,Damage Reported,Not Available,No Issue,No Issue,No CPO Info Available,No Issue,
2019,Tesla,Model 3 Standard Range Plus,25998,56000,140 city/124 hwy,Electric,Rear Wheel Drive,250 miles,9.5 hours,Blue/Black,1 Owner,No flood or frame damage,No odometer problems,5YJ3E1EA1KF317375,Car - Midsize Luxury,Clean,No Issue,No Issue,Not Available,No Issue,No Issue,No CPO Info Available,No Issue,
2023,Tesla,Model Y Long Range,39998,33000,127 city/117 hwy,Electric,All Wheel Drive,330 miles,11.5 hours,White/Black,1 Owner,No flood or frame damage,No odometer problems,7SAYGDEE2PA115544,CUV - Midsize Luxury,Clean,No Issue,No Issue,Not Available,No Issue,No Issue,No CPO Info Available,No Issue,
2019,Tesla,Model 3 Standard Range Plus,25998,41000,140 city/124 hwy,Electric,Rear Wheel Drive,250 miles,9.5 hours,Blue/White,2 Owners,No flood or frame damage,No odometer problems,5YJ3E1EA9KF543082,Car - Midsize Luxury,Clean,No Issue,No Issue,Not Available,No Issue,No Issue,No CPO Info Available,No Issue,
2020,Tesla,Model Y Performance,34998,33000,129 city/112 hwy,Electric,All Wheel Drive,315 miles,10 hours,White/Black,1 Owner,No flood or frame damage,No odometer problems,5YJYGDEF9LF016450,CUV - Midsize Luxury,Clean,No Issue,Damage Reported,Not Available,No Issue,No Issue,No CPO Info Available,No Issue,
2021,Tesla,Model 3 Standard Range Plus,27998,30000,148 city/132 hwy,Electric,Rear Wheel Drive,263 miles,7.8 hours,Gray/Black,1 Owner,No flood or frame damage,No odometer problems,5YJ3E1EA2MF064523,Car - Midsize Luxury,Clean,No Issue,No Issue,Not Available,No Issue,No Issue,No CPO Info Available,No Issue,
2023,Tesla,Model Y Long Range,39998,7000,127 city/117 hwy,Electric,All Wheel Drive,330 miles,11.5 hours,Red/White,2 Owners,No flood or frame damage,No odometer problems,7SAYGDEE9PF587226,CUV - Midsize Luxury,Clean,No Issue,Damage Reported,Not Available,No Issue,No Issue,No CPO Info Available,No Issue,
2019,Tesla,Model 3 Standard Range Plus,23998,70000,140 city/124 hwy,Electric,Rear Wheel Drive,250 miles,9.5 hours,Red/Black,2 Owners,No flood or frame damage,No odometer problems,5YJ3E1EA4KF357661,Car - Midsize Luxury,Clean,No Issue,No Issue,Not Available,No Issue,No Issue,No CPO Info Available,No Issue,
2023,Tesla,Model Y ,39998,14000,129 city/116 hwy,Electric,All Wheel Drive,279 miles,9.4 hours,White/Black,1 Owner,No flood or frame damage,No odometer problems,7SAYGDEE9PA088200,CUV - Midsize Luxury,Clean,No Issue,No Issue,Not Available,No Issue,No Issue,No CPO Info Available,No Issue,
2021,Tesla,Model Y Long Range,31998,68000,,,,,,White/Black,1 Owner,No flood or frame damage,No odometer problems,5YJYGDEE4MF193948,CUV - Midsize Luxury,Clean,No Issue,Moderate,Not Available,No Issue,No Issue,No CPO Info Available,No Issue,Automatic
2020,Tesla,Model Y Long Range,33998,37000,127 city/114 hwy,Electric,All Wheel Drive,316 miles,10 hours,White/Black,1 Owner,No flood or frame damage,No odometer problems,5YJYGDEE1LF038840,CUV - Midsize Luxury,Clean,No Issue,No Issue,Not Available,No Issue,No Issue,No CPO Info Available,No Issue,
2023,Tesla,Model 3 Performance,40998,18000,118 city/107 hwy,Electric,All Wheel Drive,315 miles,10 hours,White/White,1 Owner,No flood or frame damage,No odometer problems,5YJ3E1EC4PF508703,Car - Midsize Luxury,Clean,No Issue,No Issue,Not Available,No Issue,No Issue,No CPO Info Available,No Issue,
2019,Tesla,Model 3 Long Range,27998,58000,120 city/112 hwy,Electric,All Wheel Drive,310 miles,10 hours,Gray/Black,1 Owner,No flood or frame damage,No odometer problems,5YJ3E1EB1KF452056,Car - Midsize Luxury,Clean,No Issue,No Issue,Not Available,No Issue,No Issue,No CPO Info Available,No Issue,
2021,Tesla,Model 3 Performance,31998,65000,118 city/107 hwy,Electric,All Wheel Drive,315 miles,10 hours,Black/Black,1 Owner,No flood or frame damage,No odometer problems,5YJ3E1EC4MF862894,Car - Midsize Luxury,Clean,No Issue,No Issue,Not Available,No Issue,No Issue,No CPO Info Available,No Issue,
2020,Tesla,Model 3 Standard Range Plus,26998,46000,148 city/132 hwy,Electric,Rear Wheel Drive,250 miles,8.5 hours,White/Black,2 Owners,No flood or frame damage,No odometer problems,5YJ3E1EA5LF659476,Car - Midsize Luxury,Clean,No Issue,No Issue,Not Available,No Issue,No Issue,No CPO Info Available,No Issue,
2020,Tesla,Model 3 Long Range,28998,56000,124 city/116 hwy,Electric,All Wheel Drive,322 miles,10 hours,White/White,1 Owner,No flood or frame damage,No odometer problems,5YJ3E1EBXLF622027,Car - Midsize Luxury,Clean,No Issue,No Issue,Not Available,No Issue,No Issue,No CPO Info Available,No Issue,
2023,Tesla,Model Y Long Range,42998,29000,127 city/117 hwy,Electric,All Wheel Drive,330 miles,11.5 hours,Red/White,1 Owner,No flood or frame damage,No odometer problems,7SAYGAEE7PF709872,CUV - Midsize Luxury,Clean,No Issue,No Issue,Not Available,No Issue,No Issue,No CPO Info Available,No Issue,
2019,Tesla,Model 3 Standard Range Plus,28998,10000,140 city/124 hwy,Electric,Rear Wheel Drive,250 miles,9.5 hours,White/Black,1 Owner,No flood or frame damage,No odometer problems,5YJ3E1EA3KF301386,Car - Midsize Luxury,Clean,No Issue,No Issue,Not Available,No Issue,No Issue,No CPO Info Available,No Issue,
2022,Tesla,Model Y Performance,39998,39000,,,,,,White/Black,1 Owner,No flood or frame damage,No odometer problems,7SAYGDEF0NF452769,CUV - Midsize Luxury,Clean,No Issue,No Issue,Not Available,No Issue,No Issue,No CPO Info Available,No Issue,Automatic
2022,Tesla,Model 3 ,30998,31000,150 city/133 hwy,Electric,Rear Wheel Drive,263 miles,10.4 hours,Gray/White,1 Owner,No flood or frame damage,No odometer problems,5YJ3E1EA4NF343358,Car - Midsize Luxury,Clean,No Issue,No Issue,Not Available,No Issue,No Issue,No CPO Info Available,No Issue,
2021,Tesla,Model Y Standard Range,31998,48000,,,,,,Black/White,2 Owners,No flood or frame damage,No odometer problems,5YJYGDED8MF123280,CUV - Midsize Luxury,Clean,No Issue,No Issue,Not Available,No Issue,No Issue,No CPO Info Available,No Issue,Automatic
2023,Tesla,Model Y Performance,41998,24000,115 city/106 hwy,Electric,All Wheel Drive,303 miles,11.8 hours,Blue/Black,1 Owner,No flood or frame damage,No odometer problems,7SAYGDEF0PF743534,CUV - Midsize Luxury,Clean,No Issue,No Issue,Not Available,No Issue,No Issue,No CPO Info Available,No Issue,
2024,Tesla,Model Y Long Range,42998,10000,127 city/117 hwy,Electric,All Wheel Drive,330 miles,11.5 hours,Blue/Black,1 Owner,No flood or frame damage,No odometer problems,7SAYGDEE0RA238083,CUV - Midsize Luxury,Clean,No Issue,No Issue,Not Available,No Issue,No Issue,No CPO Info Available,No Issue,
