year,make,model,price,mileage,Miles per gallon,cylinders,fuel,Drive type,Transmission,Color,owner,frame_damage,Odometer_problem,VIN,class,State Title Brand,Auction Brand / Issues,Accident / Damage,Open Recall Check,Insurance Loss / Transfer,Odometer Check,Certified Pre-Owned,Service / Repair,Miles per gallon equivalent (MPGe),Motor,Range (when new),Time to fully charge battery (240V)
2021,Volkswagen,Jetta S,18998,46000,30 city/41 hwy,4-cyl,Turbo Gas,Front Wheel Drive,Manual 6 Speed,Silver/Black,1 Owner,No flood or frame damage,No odometer problems,3VWN57BU3MM060211,Car - Compact,Clean,No Issue,No Issue,No Open Recalls,No Issue,No Issue,No CPO Info Available,No Issue,,,,
2018,Volkswagen,Jetta SE,17998,37000,28 city/38 hwy,,,,Automatic,Red/Black,1 Owner,No flood or frame damage,No odometer problems,3VWDB7AJ6JM207550,Car - Compact,Clean,No Issue,Damage Reported,No Open Recalls,No Issue,No Issue,No CPO Info Available,No Issue,,,,
2017,Volkswagen,Golf R,26998,79000,22 city/31 hwy,4-cyl,Turbo Gas,All Wheel Drive,Manual 6 Speed,Red/Black,2 Owners,No flood or frame damage,No odometer problems,WVWWF7AU3HW124887,Sport Car - Midsize,Clean,No Issue,Damage Reported,No Open Recalls,No Issue,No Issue,No CPO Info Available,No Issue,,,,
2020,Volkswagen,Jetta S,18998,33000,30 city/40 hwy,4-cyl,Turbo Gas,Front Wheel Drive,Automatic,Red/Black,1 Owner,No flood or frame damage,No odometer problems,3VWC57BU3LM089956,Car - Compact,Clean,No Issue,No Issue,No Open Recalls,No Issue,No Issue,No CPO Info Available,No Issue,,,,
2019,Volkswagen,Tiguan SE,19998,59000,21 city/29 hwy,4-cyl,Turbo Gas,All Wheel Drive,Automatic,White/Black,1 Owner,No flood or frame damage,No odometer problems,3VV2B7AX7KM036065,CUV - Midsize,Clean,No Issue,No Issue,No Open Recalls,No Issue,No Issue,No CPO Info Available,No Issue,,,,
2019,Volkswagen,Tiguan SEL R-Line Jet Black,22998,68000,21 city/29 hwy,4-cyl,Turbo Gas,All Wheel Drive,Automatic,Silver/Black,1 Owner,No flood or frame damage,No odometer problems,3VV2B7AX7KM100878,CUV - Midsize,Clean,No Issue,No Issue,No Open Recalls,No Issue,No Issue,No CPO Info Available,No Issue,,,,
2021,Volkswagen,Tiguan S,21998,38000,21 city/27 hwy,4-cyl,Turbo Gas,All Wheel Drive,Automatic,Black/Black,2 Owners,No flood or frame damage,No odometer problems,3VV0B7AX5MM004211,CUV - Midsize,Clean,No Issue,No Issue,No Open Recalls,No Issue,No Issue,No CPO Info Available,No Issue,,,,
2022,Volkswagen,Taos S,22998,12000,28 city/36 hwy,4-cyl,Turbo Gas,Front Wheel Drive,Automatic,White/Gray,1 Owner,No flood or frame damage,No odometer problems,3VVDX7B27NM012897,CUV - Compact,Clean,No Issue,No Issue,No Open Recalls,No Issue,No Issue,No CPO Info Available,No Issue,,,,
2021,Volkswagen,Tiguan SE,20998,48000,23 city/29 hwy,4-cyl,Turbo Gas,Front Wheel Drive,Automatic,Blue/Black,1 Owner,No flood or frame damage,No odometer problems,3VV3B7AX2MM116266,CUV - Midsize,Clean,No Issue,No Issue,No Open Recalls,No Issue,No Issue,No CPO Info Available,No Issue,,,,
2024,Volkswagen,Taos SE,25998,7000,28 city/36 hwy,4-cyl,Turbo Gas,Front Wheel Drive,Automatic,Blue/Black,1 Owner,No flood or frame damage,No odometer problems,3VVSX7B2XRM007674,CUV - Compact,Clean,No Issue,No Issue,No Open Recalls,No Issue,No Issue,No CPO Info Available,No Issue,,,,
2021,Volkswagen,Tiguan S,21998,25000,23 city/29 hwy,4-cyl,Turbo Gas,Front Wheel Drive,Automatic,Silver/Black,1 Owner,No flood or frame damage,No odometer problems,3VV1B7AX4MM010120,CUV - Midsize,Clean,No Issue,No Issue,No Open Recalls,No Issue,No Issue,No CPO Info Available,No Issue,,,,
2021,Volkswagen,Atlas S,25998,37000,20 city/24 hwy,4-cyl,Turbo Gas,All Wheel Drive,Automatic,Silver/Black,1 Owner,No flood or frame damage,No odometer problems,1V2GP2CA9MC533087,CUV - Large,Clean,No Issue,No Issue,No Open Recalls,No Issue,No Issue,No CPO Info Available,No Issue,,,,
2019,Volkswagen,Jetta R-Line,18998,49000,30 city/40 hwy,4-cyl,Turbo Gas,Front Wheel Drive,Automatic,Black/Black,1 Owner,No flood or frame damage,No odometer problems,3VWC57BU9KM185816,Car - Compact,Clean,No Issue,No Issue,No Open Recalls,No Issue,No Issue,No CPO Info Available,No Issue,,,,
2020,Volkswagen,Atlas Cross Sport SEL Premium,29998,50000,16 city/22 hwy,6-cyl,Gas,All Wheel Drive,Automatic,White/Tan,1 Owner,No flood or frame damage,No odometer problems,1V2NE2CA4LC216684,CUV - Midsize,Clean,No Issue,No Issue,No Open Recalls,No Issue,No Issue,No CPO Info Available,No Issue,,,,
2023,Volkswagen,ID.4 EV PRO S,34998,4000,,,,Rear Wheel Drive,,Black/Black,1 Owner,No flood or frame damage,No odometer problems,1V2VMPE88PC030131,CUV - Midsize,Clean,No Issue,No Issue,2 Open Recall(s),No Issue,No Issue,OEM-Certified,No Issue,115 city/98 hwy,Electric,268 miles,7.5 hours
2021,Volkswagen,Jetta SEL Premium,22998,40000,29 city/39 hwy,4-cyl,Turbo Gas,Front Wheel Drive,Automatic,Black/Black,1 Owner,No flood or frame damage,No odometer problems,3VWG57BU7MM032078,Car - Compact,Clean,No Issue,No Issue,No Open Recalls,No Issue,No Issue,OEM-Certified,No Issue,,,,
2022,Volkswagen,Tiguan S,22998,36000,22 city/29 hwy,4-cyl,Turbo Gas,All Wheel Drive,Automatic,Black/Gray,1 Owner,No flood or frame damage,No odometer problems,3VV0B7AX8NM080393,CUV - Midsize,Clean,No Issue,No Issue,No Open Recalls,No Issue,No Issue,No CPO Info Available,No Issue,,,,
2020,Volkswagen,Jetta S,18998,24000,30 city/40 hwy,4-cyl,Turbo Gas,Front Wheel Drive,Manual 6 Speed,Blue/Black,2 Owners,No flood or frame damage,No odometer problems,3VWN57BUXLM086125,Car - Compact,Clean,No Issue,Minor,No Open Recalls,No Issue,No Issue,No CPO Info Available,No Issue,,,,
2019,Volkswagen,Jetta GLI 35th Anniversary,20998,73000,25 city/32 hwy,4-cyl,Turbo Gas,Front Wheel Drive,Manual 6 Speed,Red/Black,1 Owner,No flood or frame damage,No odometer problems,3VW5T7BU3KM190685,Car - Compact,Clean,No Issue,No Issue,1 Open Recall(s),No Issue,No Issue,No CPO Info Available,No Issue,,,,
2022,Volkswagen,Taos SE,22998,36000,28 city/36 hwy,4-cyl,Turbo Gas,Front Wheel Drive,Automatic,Gray/Gray,1 Owner,No flood or frame damage,No odometer problems,3VVTX7B21NM044966,CUV - Compact,Clean,No Issue,No Issue,No Open Recalls,No Issue,No Issue,No CPO Info Available,No Issue,,,,
2021,Volkswagen,Tiguan SE,22998,38000,21 city/27 hwy,4-cyl,Turbo Gas,All Wheel Drive,Automatic,White/Black,1 Owner,No flood or frame damage,No odometer problems,3VV2B7AX4MM110187,CUV - Midsize,Clean,No Issue,No Issue,No Open Recalls,No Issue,No Issue,No CPO Info Available,No Issue,,,,
2023,Volkswagen,Jetta S,21998,6000,31 city/41 hwy,4-cyl,Turbo Gas,Front Wheel Drive,Automatic,Gray/Black,1 Owner,No flood or frame damage,No odometer problems,3VW5M7BU4PM033512,Car - Compact,Clean,No Issue,No Issue,No Open Recalls,No Issue,No Issue,No CPO Info Available,No Issue,,,,
2023,Volkswagen,Taos S,22998,16000,28 city/36 hwy,4-cyl,Turbo Gas,Front Wheel Drive,Automatic,Blue/Gray,1 Owner,No flood or frame damage,No odometer problems,3VVCX7B21PM374951,CUV - Compact,Clean,No Issue,No Issue,No Open Recalls,No Issue,No Issue,No CPO Info Available,No Issue,,,,
2022,Volkswagen,Jetta SE,21998,12000,29 city/40 hwy,,,,Automatic,White/Black,1 Owner,No flood or frame damage,No odometer problems,3VWEM7BU3NM014012,Car - Compact,Clean,No Issue,No Issue,No Open Recalls,No Issue,No Issue,No CPO Info Available,No Issue,,,,
2022,Volkswagen,Atlas Cross Sport SEL Premium R-Line,40998,24000,18 city/24 hwy,6-cyl,Gas,All Wheel Drive,Automatic,White/Tan,1 Owner,No flood or frame damage,No odometer problems,1V2SE2CA5NC203433,CUV - Midsize,Clean,No Issue,No Issue,1 Open Recall(s),No Issue,No Issue,No CPO Info Available,No Issue,,,,
2023,Volkswagen,Jetta SE,22998,17000,29 city/40 hwy,4-cyl,Turbo Gas,Front Wheel Drive,Automatic,Gray/Black,1 Owner,No flood or frame damage,No odometer problems,3VW7M7BU1PM043648,Car - Compact,Clean,No Issue,No Issue,No Open Recalls,No Issue,No Issue,No CPO Info Available,No Issue,,,,
2015,Volkswagen,Jetta Sport,12599,126000,25 city/36 hwy,,,,Automatic,Gray/Gray,2 Owners,No flood or frame damage,No odometer problems,3VWD17AJ7FM203744,Car - Compact,Clean,No Issue,No Issue,No Open Recalls,No Issue,No Issue,No CPO Info Available,No Issue,,,,
2021,Volkswagen,Jetta S,19998,25000,29 city/39 hwy,4-cyl,Turbo Gas,Front Wheel Drive,Automatic,Black/Gray,1 Owner,No flood or frame damage,No odometer problems,3VWC57BU8MM102735,Car - Compact,Clean,No Issue,No Issue,No Open Recalls,No Issue,No Issue,No CPO Info Available,No Issue,,,,
2021,Volkswagen,Atlas SEL,30998,39000,16 city/22 hwy,6-cyl,Gas,All Wheel Drive,Automatic,Black/Black,1 Owner,No flood or frame damage,No odometer problems,1V2BR2CA1MC583857,CUV - Large,Clean,No Issue,No Issue,1 Open Recall(s),No Issue,No Issue,No CPO Info Available,No Issue,,,,
2021,Volkswagen,Atlas SEL,32998,31000,16 city/22 hwy,6-cyl,Gas,All Wheel Drive,Automatic,Black/Black,1 Owner,No flood or frame damage,No odometer problems,1V2BR2CA6MC572806,CUV - Large,Clean,No Issue,No Issue,1 Open Recall(s),No Issue,No Issue,No CPO Info Available,No Issue,,,,
2021,Volkswagen,Atlas SEL Premium,35998,23000,20 city/24 hwy,4-cyl,Turbo Gas,All Wheel Drive,Automatic,Black/Gray,1 Owner,No flood or frame damage,No odometer problems,1V2TP2CA8MC570985,CUV - Large,Clean,No Issue,No Issue,1 Open Recall(s),No Issue,No Issue,OEM-Certified,No Issue,,,,
2022,Volkswagen,Jetta SEL,23998,19000,29 city/40 hwy,4-cyl,Turbo Gas,Front Wheel Drive,Automatic,White/Black,1 Owner,No flood or frame damage,No odometer problems,3VWGM7BU8NM008442,Car - Compact,Clean,No Issue,Damage Reported,No Open Recalls,No Issue,No Issue,OEM-Certified,No Issue,,,,
2018,Volkswagen,Jetta S,16998,47000,28 city/40 hwy,4-cyl,Turbo Gas,Front Wheel Drive,Manual 5 Speed,Black/Gray,1 Owner,No flood or frame damage,No odometer problems,3VW167AJ2JM241251,Car - Compact,Clean,No Issue,No Issue,No Open Recalls,No Issue,No Issue,No CPO Info Available,No Issue,,,,
2021,Volkswagen,Atlas SE w/Tech,31998,30000,16 city/22 hwy,6-cyl,Gas,All Wheel Drive,Automatic,Blue/Black,1 Owner,No flood or frame damage,No odometer problems,1V2RR2CA5MC587909,CUV - Large,Clean,No Issue,No Issue,1 Open Recall(s),No Issue,No Issue,No CPO Info Available,No Issue,,,,
2023,Volkswagen,Jetta S,20998,14000,29 city/42 hwy,4-cyl,Turbo Gas,Front Wheel Drive,Manual 6 Speed,Black/Black,1 Owner,No flood or frame damage,No odometer problems,3VW4M7BU9PM039043,Car - Compact,Clean,No Issue,No Issue,No Open Recalls,No Issue,No Issue,No CPO Info Available,No Issue,,,,
2019,Volkswagen,Tiguan SEL R-Line,23998,49000,21 city/29 hwy,4-cyl,Turbo Gas,All Wheel Drive,Automatic,White/Brown,1 Owner,No flood or frame damage,No odometer problems,3VV2B7AX3KM183550,CUV - Midsize,Clean,No Issue,No Issue,No Open Recalls,No Issue,No Issue,No CPO Info Available,No Issue,,,,
2018,Volkswagen,Passat R-Line,16998,71000,25 city/36 hwy,4-cyl,Turbo Gas,Front Wheel Drive,Automatic,Silver/Tan,3 Owners,No flood or frame damage,No odometer problems,1VWAA7A35JC005128,Car - Midsize,Clean,No Issue,No Issue,No Open Recalls,No Issue,No Issue,No CPO Info Available,No Issue,,,,
2022,Volkswagen,Atlas SE w/Tech,31998,37000,17 city/23 hwy,6-cyl,Gas,All Wheel Drive,Automatic,Gray/Brown,1 Owner,No flood or frame damage,No odometer problems,1V2KR2CA1NC544252,CUV - Large,Clean,No Issue,No Issue,1 Open Recall(s),No Issue,No Issue,No CPO Info Available,No Issue,,,,
2021,Volkswagen,Tiguan S,19998,36000,21 city/27 hwy,4-cyl,Turbo Gas,All Wheel Drive,Automatic,Blue/Gray,2 Owners,No flood or frame damage,No odometer problems,3VV0B7AX1MM021653,CUV - Midsize,Clean,No Issue,No Issue,No Open Recalls,No Issue,No Issue,OEM-Certified,No Issue,,,,
2017,Volkswagen,Tiguan Sport,17998,69000,20 city/24 hwy,4-cyl,Turbo Gas,All Wheel Drive,Automatic,Gray/Black,1 Owner,No flood or frame damage,No odometer problems,WVGUV7AX7HK015548,CUV - Compact,Clean,No Issue,Minor,No Open Recalls,No Issue,No Issue,No CPO Info Available,No Issue,,,,
2021,Volkswagen,Tiguan SE,23998,32000,23 city/29 hwy,4-cyl,Turbo Gas,Front Wheel Drive,Automatic,Gray/Cream,1 Owner,No flood or frame damage,No odometer problems,3VV3B7AX9MM021011,CUV - Midsize,Clean,No Issue,No Issue,No Open Recalls,No Issue,No Issue,No CPO Info Available,No Issue,,,,
2023,Volkswagen,GTI 40th Anniversary,33998,5000,23 city/32 hwy,4-cyl,Turbo Gas,Front Wheel Drive,Manual 6 Speed,Red/Black,1 Owner,No flood or frame damage,No odometer problems,WVW9A7CD7PW188695,Sport Car - Midsize,Clean,No Issue,No Issue,No Open Recalls,No Issue,No Issue,No CPO Info Available,No Issue,,,,
2020,Volkswagen,Tiguan SE,22998,33000,20 city/27 hwy,4-cyl,Turbo Gas,All Wheel Drive,Automatic,White/Black,2 Owners,No flood or frame damage,No odometer problems,3VV2B7AX3LM090531,CUV - Midsize,Clean,No Issue,No Issue,No Open Recalls,No Issue,No Issue,No CPO Info Available,No Issue,,,,
2016,Volkswagen,Jetta SE,15998,58000,28 city/39 hwy,4-cyl,Turbo Gas,Front Wheel Drive,Automatic,White/Cream,4 Owners,No flood or frame damage,No odometer problems,3VWD67AJ7GM319366,Car - Compact,Clean,No Issue,No Issue,No Open Recalls,No Issue,No Issue,No CPO Info Available,No Issue,,,,
2023,Volkswagen,Jetta S,21998,14000,31 city/41 hwy,4-cyl,Turbo Gas,Front Wheel Drive,Automatic,Black/Black,1 Owner,No flood or frame damage,No odometer problems,3VW5M7BU6PM005548,Car - Compact,Clean,No Issue,No Issue,No Open Recalls,No Issue,No Issue,No CPO Info Available,No Issue,,,,
2020,Volkswagen,Atlas Cross Sport SEL R-Line,30998,37000,16 city/22 hwy,6-cyl,Gas,All Wheel Drive,Automatic,White/Tan,1 Owner,No flood or frame damage,No odometer problems,1V2RE2CA2LC218662,CUV - Midsize,Clean,No Issue,No Issue,No Open Recalls,No Issue,No Issue,No CPO Info Available,No Issue,,,,
2017,Volkswagen,Tiguan Wolfsburg Edition,17998,51000,20 city/24 hwy,4-cyl,Turbo Gas,Front Wheel Drive,Automatic,White/Tan,2 Owners,No flood or frame damage,No odometer problems,WVGRV7AX4HK002584,CUV - Compact,Clean,No Issue,Minor,No Open Recalls,No Issue,No Issue,No CPO Info Available,No Issue,,,,
2022,Volkswagen,Taos SEL,23998,48000,25 city/32 hwy,,,,Automatic,Black/Black,1 Owner,No flood or frame damage,No odometer problems,3VVJX7B26NM025465,CUV - Compact,Clean,No Issue,No Issue,No Open Recalls,No Issue,No Issue,No CPO Info Available,No Issue,,,,
2021,Volkswagen,Atlas SE w/Tech,29998,33000,16 city/22 hwy,6-cyl,Gas,All Wheel Drive,Automatic,Black/Black,2 Owners,No flood or frame damage,No odometer problems,1V2KR2CA3MC562816,CUV - Large,Clean,No Issue,Damage Reported,1 Open Recall(s),No Issue,No Issue,No CPO Info Available,No Issue,,,,
2021,Volkswagen,Jetta SE,22998,6000,30 city/41 hwy,4-cyl,Turbo Gas,Front Wheel Drive,Automatic,Black/Black,2 Owners,No flood or frame damage,No odometer problems,3VWC57BU7MM042219,Car - Compact,Clean,No Issue,No Issue,No Open Recalls,No Issue,No Issue,No CPO Info Available,No Issue,,,,
2016,Volkswagen,Passat SE,14998,72000,25 city/38 hwy,4-cyl,Turbo Gas,Front Wheel Drive,Automatic,Gray/Cream,1 Owner,No flood or frame damage,No odometer problems,1VWBT7A35GC067653,Car - Midsize,Clean,No Issue,Minor,No Open Recalls,No Issue,No Issue,No CPO Info Available,No Issue,,,,
2021,Volkswagen,Passat S,19998,25000,24 city/36 hwy,4-cyl,Turbo Gas,Front Wheel Drive,Automatic,White/Black,1 Owner,No flood or frame damage,No odometer problems,1VWAA7A38MC018556,Car - Midsize,Clean,No Issue,No Issue,No Open Recalls,No Issue,No Issue,No CPO Info Available,No Issue,,,,
2021,Volkswagen,Tiguan SE,23998,41000,21 city/27 hwy,4-cyl,Turbo Gas,All Wheel Drive,Automatic,Black/Black,1 Owner,No flood or frame damage,No odometer problems,3VV2B7AX1MM030328,CUV - Midsize,Clean,No Issue,No Issue,No Open Recalls,No Issue,No Issue,No CPO Info Available,No Issue,,,,
2018,Volkswagen,Tiguan S,19998,44000,21 city/27 hwy,4-cyl,Turbo Gas,All Wheel Drive,Automatic,White/Cream,1 Owner,No flood or frame damage,No odometer problems,3VV0B7AX0JM109461,CUV - Midsize,Clean,No Issue,No Issue,No Open Recalls,No Issue,No Issue,No CPO Info Available,No Issue,,,,
2022,Volkswagen,Tiguan SE,22998,43000,23 city/30 hwy,4-cyl,Turbo Gas,Front Wheel Drive,Automatic,Gray/Black,1 Owner,No flood or frame damage,No odometer problems,3VV3B7AX7NM054011,CUV - Midsize,Clean,No Issue,No Issue,No Open Recalls,No Issue,No Issue,No CPO Info Available,No Issue,,,,
2021,Volkswagen,Tiguan S,21998,40000,23 city/29 hwy,4-cyl,Turbo Gas,Front Wheel Drive,Automatic,Gray/Gray,1 Owner,No flood or frame damage,No odometer problems,3VV1B7AXXMM007979,CUV - Midsize,Clean,No Issue,No Issue,No Open Recalls,No Issue,No Issue,No CPO Info Available,No Issue,,,,
2021,Volkswagen,Atlas SE w/Tech,26998,50000,16 city/22 hwy,6-cyl,Gas,All Wheel Drive,Automatic,Silver/Black,1 Owner,No flood or frame damage,No odometer problems,1V2HR2CA6MC564019,CUV - Large,Clean,No Issue,No Issue,1 Open Recall(s),No Issue,No Issue,No CPO Info Available,No Issue,,,,
2014,Volkswagen,Jetta SE,11998,94000,25 city/36 hwy,4-cyl,Turbo Gas,Front Wheel Drive,Automatic,Black/Black,2 Owners,No flood or frame damage,No odometer problems,3VWD17AJXEM373417,Car - Compact,Clean,No Issue,Minor,No Open Recalls,No Issue,No Issue,No CPO Info Available,No Issue,,,,
2019,Volkswagen,Tiguan SEL R-Line,22998,48000,21 city/29 hwy,4-cyl,Turbo Gas,All Wheel Drive,Automatic,White/Black,1 Owner,No flood or frame damage,No odometer problems,3VV2B7AX6KM071681,CUV - Midsize,Clean,No Issue,Damage Reported,No Open Recalls,No Issue,No Issue,No CPO Info Available,No Issue,,,,
2021,Volkswagen,Tiguan SE,22998,49000,21 city/27 hwy,4-cyl,Turbo Gas,All Wheel Drive,Automatic,Gray/Black,1 Owner,No flood or frame damage,No odometer problems,3VV2B7AX8MM019648,CUV - Midsize,Clean,No Issue,Damage Reported,No Open Recalls,No Issue,No Issue,No CPO Info Available,No Issue,,,,
2019,Volkswagen,Tiguan SE,21998,43000,21 city/29 hwy,4-cyl,Turbo Gas,All Wheel Drive,Automatic,Gray/Gray,2 Owners,No flood or frame damage,No odometer problems,3VV2B7AX7KM117177,CUV - Midsize,Clean,No Issue,No Issue,No Open Recalls,No Issue,No Issue,No CPO Info Available,No Issue,,,,
2021,Volkswagen,Tiguan S,21998,31000,21 city/27 hwy,4-cyl,Turbo Gas,All Wheel Drive,Automatic,Blue/Gray,1 Owner,No flood or frame damage,No odometer problems,3VV0B7AX4MM043243,CUV - Midsize,Clean,No Issue,No Issue,No Open Recalls,No Issue,No Issue,No CPO Info Available,No Issue,,,,
2018,Volkswagen,Golf Alltrack S,15998,111000,21 city/30 hwy,4-cyl,Turbo Gas,All Wheel Drive,Manual 6 Speed,White/Tan,1 Owner,No flood or frame damage,No odometer problems,3VWM17AU0JM762152,Car - Compact,Clean,No Issue,No Issue,No Open Recalls,No Issue,No Issue,No CPO Info Available,No Issue,,,,
2017,Volkswagen,Passat R-Line,14998,105000,23 city/34 hwy,4-cyl,Turbo Gas,Front Wheel Drive,Automatic,Black/Tan,2 Owners,No flood or frame damage,No odometer problems,1VWDT7A37HC085324,Car - Midsize,Clean,No Issue,No Issue,No Open Recalls,No Issue,No Issue,No CPO Info Available,No Issue,,,,
2018,Volkswagen,Tiguan SE,17998,65000,22 city/27 hwy,4-cyl,Turbo Gas,Front Wheel Drive,Automatic,Black/Black,1 Owner,No flood or frame damage,No odometer problems,3VV3B7AX0JM185484,CUV - Midsize,Clean,No Issue,No Issue,No Open Recalls,No Issue,No Issue,No CPO Info Available,No Issue,,,,
2019,Volkswagen,Atlas SE,24998,65000,17 city/23 hwy,6-cyl,Gas,All Wheel Drive,Automatic,Gray/Black,2 Owners,No flood or frame damage,No odometer problems,1V2UR2CA9KC606940,CUV - Large,Clean,No Issue,No Issue,No Open Recalls,No Issue,No Issue,No CPO Info Available,No Issue,,,,
2018,Volkswagen,GTI Autobahn,20998,76000,25 city/33 hwy,4-cyl,Turbo Gas,Front Wheel Drive,Manual 6 Speed,Gray/Black,1 Owner,No flood or frame damage,No odometer problems,3VW547AU5JM263973,Sport Car - Midsize,Clean,No Issue,No Issue,No Open Recalls,No Issue,No Issue,No CPO Info Available,No Issue,,,,
2023,Volkswagen,Jetta SE,24998,3000,29 city/40 hwy,4-cyl,Turbo Gas,Front Wheel Drive,Automatic,Black/Black,1 Owner,No flood or frame damage,No odometer problems,3VW7M7BU2PM053489,Car - Compact,Clean,No Issue,No Issue,No Open Recalls,No Issue,No Issue,No CPO Info Available,No Issue,,,,
2021,Volkswagen,Atlas Cross Sport SE w/Tech,29998,33000,16 city/22 hwy,6-cyl,Gas,All Wheel Drive,Automatic,Gray/Black,1 Owner,No flood or frame damage,No odometer problems,1V2HE2CA1MC203437,CUV - Midsize,Clean,No Issue,No Issue,1 Open Recall(s),No Issue,No Issue,No CPO Info Available,No Issue,,,,
2019,Volkswagen,Jetta S,17998,56000,30 city/40 hwy,4-cyl,Turbo Gas,Front Wheel Drive,Automatic,White/Black,1 Owner,No flood or frame damage,No odometer problems,3VWC57BU9KM079009,Car - Compact,Clean,No Issue,No Issue,No Open Recalls,No Issue,No Issue,No CPO Info Available,No Issue,,,,
2021,Volkswagen,Tiguan SE R-Line Black,24998,38000,21 city/27 hwy,4-cyl,Turbo Gas,All Wheel Drive,Automatic,Gray/Tan,1 Owner,No flood or frame damage,No odometer problems,3VV2B7AXXMM081908,CUV - Midsize,Clean,No Issue,No Issue,No Open Recalls,No Issue,No Issue,No CPO Info Available,No Issue,,,,
2023,Volkswagen,Taos S,22998,16000,28 city/36 hwy,4-cyl,Turbo Gas,Front Wheel Drive,Automatic,Silver/Gray,1 Owner,No flood or frame damage,No odometer problems,3VVDX7B24PM353841,CUV - Compact,Clean,No Issue,No Issue,No Open Recalls,No Issue,No Issue,No CPO Info Available,No Issue,,,,
2022,Volkswagen,Taos SE,20998,58000,28 city/36 hwy,4-cyl,Turbo Gas,Front Wheel Drive,Automatic,Blue/Black,1 Owner,No flood or frame damage,No odometer problems,3VVLX7B26NM002874,CUV - Compact,Clean,No Issue,Damage Reported,No Open Recalls,No Issue,No Issue,No CPO Info Available,No Issue,,,,
2020,Volkswagen,Jetta GLI S,20998,58000,25 city/33 hwy,,,,Automatic,Black/Black,1 Owner,No flood or frame damage,No odometer problems,3VW6T7BU5LM020785,Car - Compact,Clean,No Issue,No Issue,No Open Recalls,No Issue,No Issue,No CPO Info Available,No Issue,,,,
2022,Volkswagen,Tiguan SE R-Line Black,28998,22000,21 city/28 hwy,4-cyl,Turbo Gas,All Wheel Drive,Automatic,Gray/Black,1 Owner,No flood or frame damage,No odometer problems,3VV8B7AX8NM002229,CUV - Midsize,Clean,No Issue,No Issue,No Open Recalls,No Issue,No Issue,No CPO Info Available,No Issue,,,,
2019,Volkswagen,Golf R,34998,33000,21 city/29 hwy,4-cyl,Turbo Gas,All Wheel Drive,Manual 6 Speed,Black/Black,1 Owner,No flood or frame damage,No odometer problems,WVWWA7AU9KW218262,Sport Car - Midsize,Clean,No Issue,No Issue,No Open Recalls,No Issue,No Issue,No CPO Info Available,No Issue,,,,
2017,Volkswagen,GTI SE,18998,85000,24 city/34 hwy,4-cyl,Turbo Gas,Front Wheel Drive,Manual 6 Speed,White/Black,1 Owner,No flood or frame damage,No odometer problems,3VW547AU5HM076582,Sport Car - Midsize,Clean,No Issue,Minor,1 Open Recall(s),No Issue,No Issue,No CPO Info Available,No Issue,,,,
2021,Volkswagen,Atlas Cross Sport S,26998,16000,20 city/24 hwy,4-cyl,Turbo Gas,All Wheel Drive,Automatic,White/Black,1 Owner,No flood or frame damage,No odometer problems,1V2GC2CA4MC225921,CUV - Midsize,Clean,No Issue,No Issue,1 Open Recall(s),No Issue,No Issue,No CPO Info Available,No Issue,,,,
2021,Volkswagen,Jetta SE,20998,28000,30 city/41 hwy,4-cyl,Turbo Gas,Front Wheel Drive,Automatic,Gray/Black,1 Owner,No flood or frame damage,No odometer problems,3VWC57BU1MM064216,Car - Compact,Clean,No Issue,No Issue,No Open Recalls,No Issue,No Issue,No CPO Info Available,No Issue,,,,
2021,Volkswagen,Jetta R-Line,22998,18000,30 city/41 hwy,4-cyl,Turbo Gas,Front Wheel Drive,Automatic,White/White,1 Owner,No flood or frame damage,No odometer problems,3VWC57BU3MM023487,Car - Compact,Clean,No Issue,No Issue,No Open Recalls,No Issue,No Issue,No CPO Info Available,No Issue,,,,
2019,Volkswagen,Jetta SE,16998,78000,30 city/40 hwy,4-cyl,Turbo Gas,Front Wheel Drive,Automatic,Black/Black,1 Owner,No flood or frame damage,No odometer problems,3VWC57BU2KM249727,Car - Compact,Clean,No Issue,No Issue,No Open Recalls,No Issue,No Issue,No CPO Info Available,No Issue,,,,
2020,Volkswagen,Atlas SEL,23998,87000,17 city/22 hwy,6-cyl,Gas,All Wheel Drive,Automatic,White/Cream,1 Owner,No flood or frame damage,No odometer problems,1V2MR2CAXLC503401,CUV - Large,Clean,No Issue,Minor,No Open Recalls,No Issue,No Issue,No CPO Info Available,No Issue,,,,
2021,Volkswagen,Atlas SE w/Tech,27998,47000,16 city/22 hwy,6-cyl,Gas,All Wheel Drive,Automatic,Black/Black,1 Owner,No flood or frame damage,No odometer problems,1V2HR2CA6MC592645,CUV - Large,Clean,No Issue,Damage Reported,1 Open Recall(s),No Issue,No Issue,No CPO Info Available,No Issue,,,,
2021,Volkswagen,Tiguan SE R-Line Black,25998,45000,21 city/27 hwy,4-cyl,Turbo Gas,All Wheel Drive,Automatic,White/Black,2 Owners,No flood or frame damage,No odometer problems,3VV2B7AX3MM154942,CUV - Midsize,Clean,No Issue,No Issue,No Open Recalls,No Issue,No Issue,No CPO Info Available,No Issue,,,,
2021,Volkswagen,ID.4 EV PRO S,27998,30000,,,,All Wheel Drive,,Blue/Black,1 Owner,No flood or frame damage,No odometer problems,WVGUNPE27MP058170,CUV - Midsize,Clean,No Issue,No Issue,2 Open Recall(s),No Issue,No Issue,No CPO Info Available,No Issue,98 city/88 hwy,Electric,240 miles,7.5 hours
2023,Volkswagen,ID.4 EV PRO S,33998,6000,,,,All Wheel Drive,,Black/Black,1 Owner,No flood or frame damage,No odometer problems,1V2WNPE85PC019248,CUV - Midsize,Clean,No Issue,No Issue,2 Open Recall(s),No Issue,No Issue,No CPO Info Available,No Issue,104 city/93 hwy,Electric,245 miles,7.5 hours
2018,Volkswagen,Passat SE,18998,46000,25 city/36 hwy,4-cyl,Turbo Gas,Front Wheel Drive,Automatic,Black/Black,1 Owner,No flood or frame damage,No odometer problems,1VWBA7A34JC023401,Car - Midsize,Clean,No Issue,Moderate,No Open Recalls,No Issue,No Issue,No CPO Info Available,No Issue,,,,
2019,Volkswagen,Jetta R-Line,15998,111000,30 city/40 hwy,4-cyl,Turbo Gas,Front Wheel Drive,Automatic,Gray/Black,2 Owners,No flood or frame damage,No odometer problems,3VWC57BU4KM121778,Car - Compact,Clean,No Issue,Minor,No Open Recalls,No Issue,No Issue,No CPO Info Available,No Issue,,,,
2021,Volkswagen,Tiguan SE,22998,41000,21 city/27 hwy,4-cyl,Turbo Gas,All Wheel Drive,Automatic,Black/Black,1 Owner,No flood or frame damage,No odometer problems,3VV2B7AX7MM028082,CUV - Midsize,Clean,No Issue,No Issue,No Open Recalls,No Issue,No Issue,OEM-Certified,No Issue,,,,
2015,Volkswagen,Beetle ,16998,67000,24 city/33 hwy,4-cyl,Turbo Gas,Front Wheel Drive,Manual 5 Speed,Red/Gray,2 Owners,No flood or frame damage,No odometer problems,3VWH17AT6FM641819,Car - Subcompact,Clean,No Issue,Damage Reported,No Open Recalls,No Issue,No Issue,No CPO Info Available,No Issue,,,,
2021,Volkswagen,Passat S,18998,42000,24 city/36 hwy,4-cyl,Turbo Gas,Front Wheel Drive,Automatic,Gray/Black,2 Owners,No flood or frame damage,No odometer problems,1VWAA7A37MC014322,Car - Midsize,Clean,No Issue,No Issue,No Open Recalls,No Issue,No Issue,No CPO Info Available,No Issue,,,,
2022,Volkswagen,Taos S,21998,32000,25 city/32 hwy,4-cyl,Turbo Gas,All Wheel Drive,Automatic,Black/Black,1 Owner,No flood or frame damage,No odometer problems,3VVMX7B26NM036527,CUV - Compact,Clean,No Issue,Moderate,No Open Recalls,No Issue,No Issue,No CPO Info Available,No Issue,,,,
2019,Volkswagen,Jetta R-Line,20998,24000,30 city/40 hwy,4-cyl,Turbo Gas,Front Wheel Drive,Automatic,Black/Gray,1 Owner,No flood or frame damage,No odometer problems,3VWC57BU1KM180402,Car - Compact,Clean,No Issue,No Issue,No Open Recalls,No Issue,No Issue,No CPO Info Available,No Issue,,,,
2019,Volkswagen,Tiguan SE,19998,53000,22 city/29 hwy,4-cyl,Turbo Gas,Front Wheel Drive,Automatic,White/Gray,3 Owners,No flood or frame damage,No odometer problems,3VV3B7AX2KM070449,CUV - Midsize,Clean,No Issue,Moderate,1 Open Recall(s),No Issue,No Issue,No CPO Info Available,No Issue,,,,
2018,Volkswagen,Passat SE,19998,14000,25 city/36 hwy,4-cyl,Turbo Gas,Front Wheel Drive,Automatic,Silver/Black,1 Owner,No flood or frame damage,No odometer problems,1VWBA7A38JC015186,Car - Midsize,Clean,No Issue,Minor,No Open Recalls,No Issue,No Issue,No CPO Info Available,No Issue,,,,
2017,Volkswagen,Tiguan S,15998,60000,20 city/24 hwy,4-cyl,Turbo Gas,All Wheel Drive,Automatic,Blue/Black,1 Owner,No flood or frame damage,No odometer problems,WVGBV7AX4HK019760,CUV - Compact,Clean,No Issue,Minor,No Open Recalls,No Issue,No Issue,No CPO Info Available,No Issue,,,,
2021,Volkswagen,Atlas Cross Sport S,25998,31000,20 city/24 hwy,4-cyl,Turbo Gas,All Wheel Drive,Automatic,Gray/Black,1 Owner,No flood or frame damage,No odometer problems,1V2GC2CAXMC219699,CUV - Midsize,Clean,No Issue,Damage Reported,1 Open Recall(s),No Issue,No Issue,No CPO Info Available,No Issue,,,,
2023,Volkswagen,Taos S,22998,23000,28 city/36 hwy,4-cyl,Turbo Gas,Front Wheel Drive,Automatic,White/Gray,1 Owner,No flood or frame damage,No odometer problems,3VVDX7B23PM329840,CUV - Compact,Clean,No Issue,No Issue,No Open Recalls,No Issue,No Issue,No CPO Info Available,No Issue,,,,
2017,Volkswagen,Golf S,16998,46000,25 city/36 hwy,4-cyl,Turbo Gas,Front Wheel Drive,Manual 5 Speed,White/Black,2 Owners,No flood or frame damage,No odometer problems,3VW117AU4HM063183,Car - Compact,Clean,No Issue,No Issue,1 Open Recall(s),No Issue,No Issue,No CPO Info Available,No Issue,,,,
2016,Volkswagen,Jetta Sport,14998,90000,25 city/36 hwy,4-cyl,Turbo Gas,Front Wheel Drive,Automatic,White/Tan,1 Owner,No flood or frame damage,No odometer problems,3VWD17AJ6GM397832,Car - Compact,Clean,No Issue,Minor,No Open Recalls,No Issue,No Issue,No CPO Info Available,No Issue,,,,
2023,Volkswagen,Tiguan SE,23998,40000,23 city/30 hwy,4-cyl,Turbo Gas,Front Wheel Drive,Automatic,Blue/Gray,2 Owners,No flood or frame damage,No odometer problems,3VV3B7AX0PM091100,CUV - Midsize,Clean,No Issue,No Issue,No Open Recalls,No Issue,No Issue,OEM-Certified,No Issue,,,,
2017,Volkswagen,Golf Alltrack SEL,20998,64000,22 city/30 hwy,4-cyl,Turbo Gas,All Wheel Drive,Automatic,Black/Gray,1 Owner,No flood or frame damage,No odometer problems,3VWH17AU5HM507489,Car - Compact,Clean,No Issue,Minor,No Open Recalls,No Issue,No Issue,No CPO Info Available,No Issue,,,,
2021,Volkswagen,Tiguan SE,25998,28000,21 city/27 hwy,4-cyl,Turbo Gas,All Wheel Drive,Automatic,Black/Gray,1 Owner,No flood or frame damage,No odometer problems,3VV2B7AX3MM050080,CUV - Midsize,Clean,No Issue,No Issue,No Open Recalls,No Issue,No Issue,No CPO Info Available,No Issue,,,,
2023,Volkswagen,Tiguan S,24998,12000,24 city/31 hwy,4-cyl,Turbo Gas,All Wheel Drive,Automatic,Gray/Black,1 Owner,No flood or frame damage,No odometer problems,3VVFB7AX0PM085553,CUV - Midsize,Clean,No Issue,No Issue,No Open Recalls,No Issue,No Issue,No CPO Info Available,No Issue,,,,
2022,Volkswagen,GTI SE,31998,18000,24 city/34 hwy,4-cyl,Turbo Gas,Front Wheel Drive,Manual 6 Speed,Blue/Gray,3 Owners,No flood or frame damage,No odometer problems,WVW287CD2NW211388,Sport Car - Midsize,Clean,No Issue,No Issue,1 Open Recall(s),No Issue,No Issue,OEM-Certified,No Issue,,,,
2022,Volkswagen,Taos SE,25998,10000,25 city/32 hwy,4-cyl,Turbo Gas,All Wheel Drive,Automatic,Blue/Gray,1 Owner,No flood or frame damage,No odometer problems,3VVPX7B2XNM072573,CUV - Compact,Clean,No Issue,No Issue,No Open Recalls,No Issue,No Issue,No CPO Info Available,No Issue,,,,
2022,Volkswagen,Golf R,37998,37000,23 city/30 hwy,4-cyl,Turbo Gas,All Wheel Drive,Automatic,Blue/Black,2 Owners,No flood or frame damage,No odometer problems,WVWEB7CD0NW120943,Sport Car - Midsize,Clean,No Issue,No Issue,No Open Recalls,No Issue,No Issue,OEM-Certified,No Issue,,,,
2022,Volkswagen,GTI SE,30998,17000,24 city/34 hwy,4-cyl,Turbo Gas,Front Wheel Drive,Manual 6 Speed,Red/Black,2 Owners,No flood or frame damage,No odometer problems,WVW487CD1NW190493,Sport Car - Midsize,Clean,No Issue,Moderate,No Open Recalls,No Issue,No Issue,No CPO Info Available,No Issue,,,,
2018,Volkswagen,Golf SE,16998,68000,24 city/33 hwy,4-cyl,Turbo Gas,Front Wheel Drive,Automatic,Gray/Black,3 Owners,No flood or frame damage,No odometer problems,3VWD17AU7JM759586,Car - Compact,Clean,No Issue,No Issue,1 Open Recall(s),No Issue,No Issue,No CPO Info Available,No Issue,,,,
2020,Volkswagen,Jetta R-Line,19998,40000,30 city/40 hwy,4-cyl,Turbo Gas,Front Wheel Drive,Automatic,Gray/Gray,5 Owners,No flood or frame damage,No odometer problems,3VWCB7BUXLM003101,Car - Compact,Clean,No Issue,No Issue,No Open Recalls,No Issue,No Issue,No CPO Info Available,No Issue,,,,
2019,Volkswagen,Atlas SEL,26998,55000,17 city/23 hwy,,,,Automatic,Gray/Black,1 Owner,No flood or frame damage,No odometer problems,1V2MR2CA2KC608240,CUV - Large,Clean,No Issue,No Issue,No Open Recalls,No Issue,No Issue,OEM-Certified,No Issue,,,,
2015,Volkswagen,Jetta S,12599,86000,24 city/32 hwy,,,,Automatic,Blue/Black,2 Owners,No flood or frame damage,No odometer problems,3VW2K7AJ4FM424299,Car - Compact,Clean,No Issue,Minor,No Open Recalls,No Issue,No Issue,No CPO Info Available,No Issue,,,,
2023,Volkswagen,Taos S,23998,18000,25 city/32 hwy,4-cyl,Turbo Gas,All Wheel Drive,Automatic,Black/Gray,2 Owners,No flood or frame damage,No odometer problems,3VVAX7B23PM330652,CUV - Compact,Clean,No Issue,No Issue,No Open Recalls,No Issue,No Issue,No CPO Info Available,No Issue,,,,
2019,Volkswagen,Tiguan SE,18998,69000,22 city/29 hwy,4-cyl,Turbo Gas,Front Wheel Drive,Automatic,White/Black,1 Owner,No flood or frame damage,No odometer problems,3VV3B7AX5KM028602,CUV - Midsize,Clean,No Issue,No Issue,No Open Recalls,No Issue,No Issue,No CPO Info Available,No Issue,,,,
2022,Volkswagen,Jetta Sport,20998,44000,31 city/41 hwy,4-cyl,Turbo Gas,Front Wheel Drive,Automatic,Black/Black,1 Owner,No flood or frame damage,No odometer problems,3VWBM7BU6NM026643,Car - Compact,Clean,No Issue,Minor,No Open Recalls,No Issue,No Issue,No CPO Info Available,No Issue,,,,
2021,Volkswagen,Atlas Cross Sport SE w/Tech,28998,43000,20 city/24 hwy,4-cyl,Turbo Gas,All Wheel Drive,Automatic,White/Brown,3 Owners,No flood or frame damage,No odometer problems,1V2KC2CA6MC208693,CUV - Midsize,Clean,No Issue,No Issue,1 Open Recall(s),No Issue,No Issue,No CPO Info Available,No Issue,,,,
2019,Volkswagen,Jetta S,18998,14000,30 city/40 hwy,4-cyl,Turbo Gas,Front Wheel Drive,Automatic,Gray/Black,1 Owner,No flood or frame damage,No odometer problems,3VWC57BU8KM254303,Car - Compact,Clean,No Issue,No Issue,No Open Recalls,No Issue,No Issue,No CPO Info Available,No Issue,,,,
2020,Volkswagen,Jetta S,18998,21000,30 city/40 hwy,4-cyl,Turbo Gas,Front Wheel Drive,Automatic,Black/Black,1 Owner,No flood or frame damage,No odometer problems,3VWCB7BU1LM063347,Car - Compact,Clean,No Issue,No Issue,No Open Recalls,No Issue,No Issue,No CPO Info Available,No Issue,,,,
2023,Volkswagen,Tiguan SE,26998,27000,22 city/29 hwy,4-cyl,Turbo Gas,All Wheel Drive,Automatic,Blue/Tan,1 Owner,No flood or frame damage,No odometer problems,3VVMB7AX5PM002898,CUV - Midsize,Clean,No Issue,No Issue,No Open Recalls,No Issue,No Issue,No CPO Info Available,No Issue,,,,
2017,Volkswagen,Jetta SE,16998,56000,28 city/38 hwy,4-cyl,Turbo Gas,Front Wheel Drive,Automatic,White/Black,1 Owner,No flood or frame damage,No odometer problems,3VWDB7AJ6HM237285,Car - Compact,Clean,No Issue,No Issue,No Open Recalls,No Issue,No Issue,No CPO Info Available,No Issue,,,,
2021,Volkswagen,Jetta R-Line,20998,37000,30 city/41 hwy,4-cyl,Turbo Gas,Front Wheel Drive,Automatic,Silver/Black,1 Owner,No flood or frame damage,No odometer problems,3VWC57BU2MM094051,Car - Compact,Clean,No Issue,No Issue,No Open Recalls,No Issue,No Issue,No CPO Info Available,No Issue,,,,
2018,Volkswagen,Atlas SEL,21998,87000,17 city/23 hwy,6-cyl,Gas,All Wheel Drive,Automatic,Black/Tan,1 Owner,No flood or frame damage,No odometer problems,1V2MR2CAXJC558041,CUV - Large,Clean,No Issue,Damage Reported,No Open Recalls,No Issue,No Issue,No CPO Info Available,No Issue,,,,
2021,Volkswagen,Tiguan S,20998,40000,21 city/27 hwy,4-cyl,Turbo Gas,All Wheel Drive,Automatic,Gray/Gray,1 Owner,No flood or frame damage,No odometer problems,3VV0B7AX6MM010874,CUV - Midsize,Clean,No Issue,No Issue,No Open Recalls,No Issue,No Issue,No CPO Info Available,No Issue,,,,
2019,Volkswagen,Tiguan SE,20998,46000,21 city/29 hwy,4-cyl,Turbo Gas,All Wheel Drive,Automatic,Silver/Gray,1 Owner,No flood or frame damage,No odometer problems,3VV2B7AX3KM200010,CUV - Midsize,Clean,No Issue,No Issue,No Open Recalls,No Issue,No Issue,OEM-Certified,No Issue,,,,
2022,Volkswagen,Arteon SEL R-Line,27998,44000,22 city/30 hwy,4-cyl,Turbo Gas,All Wheel Drive,Automatic,White/Black,1 Owner,No flood or frame damage,No odometer problems,WVWAR7AN8NE012369,Car - Large,Clean,No Issue,No Issue,No Open Recalls,No Issue,No Issue,No CPO Info Available,No Issue,,,,
2015,Volkswagen,Passat Sport,12998,104000,24 city/36 hwy,4-cyl,Turbo Gas,Front Wheel Drive,Automatic,White/Gray,1 Owner,No flood or frame damage,No odometer problems,1VWBT7A31FC015497,Car - Midsize,Clean,No Issue,No Issue,No Open Recalls,No Issue,No Issue,No CPO Info Available,No Issue,,,,
2019,Volkswagen,Jetta S,16998,55000,30 city/40 hwy,4-cyl,Turbo Gas,Front Wheel Drive,Manual 6 Speed,Gray/Black,3 Owners,No flood or frame damage,No odometer problems,3VWN57BUXKM105013,Car - Compact,Clean,No Issue,Minor,No Open Recalls,No Issue,No Issue,No CPO Info Available,No Issue,,,,
2019,Volkswagen,Jetta S,18998,39000,30 city/40 hwy,4-cyl,Turbo Gas,Front Wheel Drive,Automatic,Black/Tan,2 Owners,No flood or frame damage,No odometer problems,3VWC57BU4KM233898,Car - Compact,Clean,No Issue,No Issue,1 Open Recall(s),No Issue,No Issue,No CPO Info Available,No Issue,,,,
2018,Volkswagen,Jetta SE,16998,39000,28 city/38 hwy,,,,Automatic,White/Black,1 Owner,No flood or frame damage,No odometer problems,3VWDB7AJ1JM214079,Car - Compact,Clean,No Issue,Moderate,No Open Recalls,No Issue,No Issue,No CPO Info Available,No Issue,,,,
2021,Volkswagen,Tiguan SE,23998,22000,21 city/27 hwy,,,,Automatic,Gray/Black,1 Owner,No flood or frame damage,No odometer problems,3VV2B7AX0MM015450,CUV - Midsize,Clean,No Issue,Minor,No Open Recalls,No Issue,No Issue,No CPO Info Available,No Issue,,,,
2018,Volkswagen,Passat R-Line,17998,51000,25 city/36 hwy,,,,Automatic,White/Black,1 Owner,No flood or frame damage,No odometer problems,1VWAA7A35JC022947,Car - Midsize,Clean,No Issue,Moderate,No Open Recalls,No Issue,No Issue,OEM-Certified,No Issue,,,,
2019,Volkswagen,Tiguan S,17998,57000,21 city/29 hwy,4-cyl,Turbo Gas,All Wheel Drive,Automatic,Red/Gray,3 Owners,No flood or frame damage,No odometer problems,3VV0B7AX2KM067103,CUV - Midsize,Clean,No Issue,Damage Reported,No Open Recalls,No Issue,No Issue,No CPO Info Available,No Issue,,,,
2020,Volkswagen,Tiguan SEL,24998,24000,20 city/27 hwy,4-cyl,Turbo Gas,All Wheel Drive,Automatic,Black/Black,1 Owner,No flood or frame damage,No odometer problems,3VV2B7AX7LM091844,CUV - Midsize,Clean,No Issue,No Issue,No Open Recalls,No Issue,No Issue,No CPO Info Available,No Issue,,,,
2019,Volkswagen,Jetta S,16998,48000,30 city/40 hwy,4-cyl,Turbo Gas,Front Wheel Drive,Automatic,Orange/Gray,2 Owners,No flood or frame damage,No odometer problems,3VWC57BU8KM017472,Car - Compact,Clean,No Issue,No Issue,No Open Recalls,No Issue,No Issue,No CPO Info Available,No Issue,,,,
2014,Volkswagen,Jetta S,11599,108000,23 city/29 hwy,4-cyl,Gas,Front Wheel Drive,Automatic,Black/Black,1 Owner,No flood or frame damage,No odometer problems,3VW2K7AJ3EM319543,Car - Compact,Clean,No Issue,No Issue,No Open Recalls,No Issue,No Issue,No CPO Info Available,No Issue,,,,
2023,Volkswagen,Tiguan SE,24998,29000,23 city/30 hwy,4-cyl,Turbo Gas,Front Wheel Drive,Automatic,Gray/Black,1 Owner,No flood or frame damage,No odometer problems,3VV3B7AX1PM064066,CUV - Midsize,Clean,No Issue,No Issue,No Open Recalls,No Issue,No Issue,No CPO Info Available,No Issue,,,,
2017,Volkswagen,Jetta SEL Premium,14998,98000,25 city/35 hwy,4-cyl,Turbo Gas,Front Wheel Drive,Automatic,White/Black,2 Owners,No flood or frame damage,No odometer problems,3VWL17AJ1HM223437,Car - Compact,Clean,No Issue,No Issue,No Open Recalls,No Issue,No Issue,No CPO Info Available,No Issue,,,,
2017,Volkswagen,Jetta S,13998,91000,28 city/38 hwy,4-cyl,Turbo Gas,Front Wheel Drive,Automatic,Gray/Gray,3 Owners,No flood or frame damage,No odometer problems,3VW2B7AJ0HM379509,Car - Compact,Clean,No Issue,No Issue,1 Open Recall(s),No Issue,No Issue,No CPO Info Available,No Issue,,,,
2019,Volkswagen,Tiguan SE,21998,40000,21 city/29 hwy,4-cyl,Turbo Gas,All Wheel Drive,Automatic,Black/Black,3 Owners,No flood or frame damage,No odometer problems,3VV2B7AX9KM151248,CUV - Midsize,Clean,No Issue,Minor,1 Open Recall(s),No Issue,No Issue,No CPO Info Available,No Issue,,,,
2019,Volkswagen,Jetta S,16998,58000,30 city/40 hwy,4-cyl,Turbo Gas,Front Wheel Drive,Automatic,Blue/Black,2 Owners,No flood or frame damage,No odometer problems,3VWC57BU3KM072881,Car - Compact,Clean,No Issue,Damage Reported,No Open Recalls,No Issue,No Issue,No CPO Info Available,No Issue,,,,
2019,Volkswagen,Jetta S,16998,44000,30 city/40 hwy,4-cyl,Turbo Gas,Front Wheel Drive,Manual 6 Speed,Black/Gray,2 Owners,No flood or frame damage,No odometer problems,3VWN57BU4KM182427,Car - Compact,Clean,No Issue,No Issue,No Open Recalls,No Issue,No Issue,No CPO Info Available,No Issue,,,,
2020,Volkswagen,Atlas Cross Sport SE,25998,47000,18 city/23 hwy,4-cyl,Turbo Gas,All Wheel Drive,Automatic,Black/Black,1 Owner,No flood or frame damage,No odometer problems,1V24C2CA1LC206194,CUV - Midsize,Clean,No Issue,No Issue,No Open Recalls,No Issue,No Issue,No CPO Info Available,No Issue,,,,
2022,Volkswagen,Jetta S,19998,33000,31 city/41 hwy,4-cyl,Turbo Gas,Front Wheel Drive,Automatic,Silver/Black,1 Owner,No flood or frame damage,No odometer problems,3VWCM7BU2NM015238,Car - Compact,Clean,No Issue,No Issue,No Open Recalls,No Issue,No Issue,No CPO Info Available,No Issue,,,,
2022,Volkswagen,Tiguan SE R-Line Black,28998,23000,21 city/28 hwy,4-cyl,Turbo Gas,All Wheel Drive,Automatic,Gray/Black,1 Owner,No flood or frame damage,No odometer problems,3VV8B7AX5NM100764,CUV - Midsize,Clean,No Issue,No Issue,No Open Recalls,No Issue,No Issue,No CPO Info Available,No Issue,,,,
2019,Volkswagen,Beetle S,30998,23000,26 city/33 hwy,,,,Automatic,White/Tan,2 Owners,No flood or frame damage,No odometer problems,3VW5DAAT9KM507713,Car - Subcompact,Clean,No Issue,No Issue,No Open Recalls,No Issue,No Issue,No CPO Info Available,No Issue,,,,
2020,Volkswagen,Tiguan SE R-Line Black,23998,35000,20 city/27 hwy,4-cyl,Turbo Gas,All Wheel Drive,Automatic,White/Black,3 Owners,No flood or frame damage,No odometer problems,3VV2B7AX6LM080592,CUV - Midsize,Clean,No Issue,Minor,No Open Recalls,No Issue,No Issue,No CPO Info Available,No Issue,,,,
2019,Volkswagen,Tiguan SE,21998,31000,21 city/29 hwy,4-cyl,Turbo Gas,All Wheel Drive,Automatic,Silver/Black,1 Owner,No flood or frame damage,No odometer problems,3VV2B7AX5KM128565,CUV - Midsize,Clean,No Issue,Damage Reported,No Open Recalls,No Issue,No Issue,No CPO Info Available,No Issue,,,,
2020,Volkswagen,Jetta S,18998,33000,30 city/40 hwy,4-cyl,Turbo Gas,Front Wheel Drive,Automatic,White/Black,1 Owner,No flood or frame damage,No odometer problems,3VWCB7BU4LM077050,Car - Compact,Clean,No Issue,No Issue,No Open Recalls,No Issue,No Issue,No CPO Info Available,No Issue,,,,
2023,Volkswagen,Jetta Sport,21998,14000,29 city/40 hwy,4-cyl,Turbo Gas,Front Wheel Drive,Automatic,Blue/Black,2 Owners,No flood or frame damage,No odometer problems,3VWBM7BU2PM023077,Car - Compact,Clean,No Issue,No Issue,No Open Recalls,No Issue,No Issue,No CPO Info Available,No Issue,,,,
2020,Volkswagen,Jetta R-Line,18998,58000,30 city/40 hwy,4-cyl,Turbo Gas,Front Wheel Drive,Automatic,White/Black,1 Owner,No flood or frame damage,No odometer problems,3VWCB7BU9LM046828,Car - Compact,Clean,No Issue,Minor,No Open Recalls,No Issue,No Issue,No CPO Info Available,No Issue,,,,
2021,Volkswagen,Arteon SEL R-Line,26998,19000,22 city/32 hwy,4-cyl,Turbo Gas,Front Wheel Drive,Automatic,Silver/Black,1 Owner,No flood or frame damage,No odometer problems,WVWHR7AN5ME010527,Car - Large,Clean,No Issue,No Issue,No Open Recalls,No Issue,No Issue,No CPO Info Available,No Issue,,,,
2020,Volkswagen,Jetta SEL Premium,20998,49000,30 city/40 hwy,4-cyl,Turbo Gas,Front Wheel Drive,Automatic,Blue/Black,2 Owners,No flood or frame damage,No odometer problems,3VWGB7BU1LM064483,Car - Compact,Clean,No Issue,No Issue,No Open Recalls,No Issue,No Issue,No CPO Info Available,No Issue,,,,
2022,Volkswagen,GTI SE,30998,13000,24 city/34 hwy,,,,Automatic,Black/Gray,1 Owner,No flood or frame damage,No odometer problems,WVWL87CD7NW204960,Sport Car - Midsize,Clean,No Issue,No Issue,No Open Recalls,No Issue,No Issue,No CPO Info Available,No Issue,,,,
2014,Volkswagen,Jetta SE,11599,126000,25 city/36 hwy,,,,Automatic,Black/Tan,1 Owner,No flood or frame damage,No odometer problems,3VWD17AJ1EM392485,Car - Compact,Clean,No Issue,No Issue,No Open Recalls,No Issue,No Issue,No CPO Info Available,No Issue,,,,
2013,Volkswagen,Jetta S,12998,67000,24 city/29 hwy,4-cyl,Gas,Front Wheel Drive,Automatic,Black/Black,3 Owners,No flood or frame damage,No odometer problems,3VW2K7AJ9DM255975,Car - Compact,Clean,No Issue,No Issue,No Open Recalls,No Issue,No Issue,No CPO Info Available,No Issue,,,,
2021,Volkswagen,Tiguan SE,21998,43000,21 city/27 hwy,4-cyl,Turbo Gas,All Wheel Drive,Automatic,Red/Black,1 Owner,No flood or frame damage,No odometer problems,3VV2B7AX9MM104658,CUV - Midsize,Clean,No Issue,No Issue,No Open Recalls,No Issue,No Issue,No CPO Info Available,No Issue,,,,
2020,Volkswagen,Jetta SEL,19998,36000,30 city/40 hwy,4-cyl,Turbo Gas,Front Wheel Drive,Automatic,Black/Black,1 Owner,No flood or frame damage,No odometer problems,3VWE57BU6LM085389,Car - Compact,Clean,No Issue,No Issue,No Open Recalls,No Issue,No Issue,No CPO Info Available,No Issue,,,,
2019,Volkswagen,Tiguan SE,20998,51000,,,,,Automatic,Red/Black,2 Owners,No flood or frame damage,No odometer problems,3VV2B7AX2KM164309,CUV - Midsize,Clean,No Issue,Minor,No Open Recalls,No Issue,No Issue,No CPO Info Available,No Issue,,,,
2022,Volkswagen,Tiguan SE R-Line Black,25998,45000,21 city/28 hwy,4-cyl,Turbo Gas,All Wheel Drive,Automatic,Black/Gray,1 Owner,No flood or frame damage,No odometer problems,3VV8B7AX1NM100566,CUV - Midsize,Clean,No Issue,No Issue,No Open Recalls,No Issue,No Issue,No CPO Info Available,No Issue,,,,
2019,Volkswagen,Beetle SE,28998,10000,26 city/33 hwy,4-cyl,Turbo Gas,Front Wheel Drive,Automatic,Red/Black,1 Owner,No flood or frame damage,No odometer problems,3VWJD7AT0KM714413,Car - Subcompact,Clean,No Issue,No Issue,No Open Recalls,No Issue,No Issue,No CPO Info Available,No Issue,,,,
2021,Volkswagen,Jetta GLI S,22998,45000,24 city/35 hwy,4-cyl,Turbo Gas,Front Wheel Drive,Automatic,Silver/Black,1 Owner,No flood or frame damage,No odometer problems,3VW6T7BU4MM039815,Car - Compact,Clean,No Issue,No Issue,No Open Recalls,No Issue,No Issue,No CPO Info Available,No Issue,,,,
2018,Volkswagen,Passat R-Line,18998,54000,25 city/36 hwy,4-cyl,Turbo Gas,Front Wheel Drive,Automatic,Black/Tan,2 Owners,No flood or frame damage,No odometer problems,1VWAA7A38JC003082,Car - Midsize,Clean,No Issue,Minor,No Open Recalls,No Issue,No Issue,No CPO Info Available,No Issue,,,,
2017,Volkswagen,Tiguan S,16998,51000,20 city/24 hwy,4-cyl,Turbo Gas,All Wheel Drive,Automatic,White/Black,1 Owner,No flood or frame damage,No odometer problems,WVGBV7AX0HK047149,CUV - Compact,Clean,No Issue,Minor,No Open Recalls,No Issue,No Issue,No CPO Info Available,No Issue,,,,
2020,Volkswagen,Tiguan S,20998,39000,20 city/27 hwy,4-cyl,Turbo Gas,All Wheel Drive,Automatic,Black/Black,0 Owner,No flood or frame damage,No odometer problems,3VV0B7AX1LM152340,CUV - Midsize,Clean,No Issue,No Issue,No Open Recalls,No Issue,No Issue,No CPO Info Available,No Issue,,,,
2019,Volkswagen,Atlas S,23998,43000,17 city/23 hwy,,,,Automatic,White/Black,1 Owner,No flood or frame damage,No odometer problems,1V2GR2CA9KC529757,CUV - Large,Clean,No Issue,No Issue,1 Open Recall(s),No Issue,No Issue,No CPO Info Available,No Issue,,,,
2022,Volkswagen,Taos SEL,25998,35000,25 city/32 hwy,4-cyl,Turbo Gas,All Wheel Drive,Automatic,Gray/Black,1 Owner,No flood or frame damage,No odometer problems,3VV2X7B24NM033584,CUV - Compact,Clean,No Issue,No Issue,No Open Recalls,No Issue,No Issue,No CPO Info Available,No Issue,,,,
2023,Volkswagen,Atlas SE w/Tech,32998,32000,20 city/25 hwy,4-cyl,Turbo Gas,All Wheel Drive,Automatic,Silver/Brown,1 Owner,No flood or frame damage,No odometer problems,1V2HP2CA5PC509927,CUV - Large,Clean,No Issue,No Issue,1 Open Recall(s),No Issue,No Issue,No CPO Info Available,No Issue,,,,
2022,Volkswagen,Taos SE,24998,28000,25 city/32 hwy,4-cyl,Turbo Gas,All Wheel Drive,Automatic,Gray/Black,1 Owner,No flood or frame damage,No odometer problems,3VVPX7B26NM083179,CUV - Compact,Clean,No Issue,No Issue,No Open Recalls,No Issue,No Issue,OEM-Certified,No Issue,,,,
2017,Volkswagen,Jetta SE,16998,46000,28 city/38 hwy,4-cyl,Turbo Gas,Front Wheel Drive,Automatic,White/Black,1 Owner,No flood or frame damage,No odometer problems,3VWDB7AJ2HM339988,Car - Compact,Clean,No Issue,No Issue,No Open Recalls,No Issue,No Issue,No CPO Info Available,No Issue,,,,
2021,Volkswagen,Jetta SEL,19998,46000,30 city/41 hwy,4-cyl,Turbo Gas,Front Wheel Drive,Automatic,Blue/Black,1 Owner,No flood or frame damage,No odometer problems,3VWE57BU0MM018627,Car - Compact,Clean,No Issue,No Issue,No Open Recalls,No Issue,No Issue,No CPO Info Available,No Issue,,,,
2016,Volkswagen,Jetta S,12998,97000,28 city/39 hwy,4-cyl,Turbo Gas,Front Wheel Drive,Automatic,Pearl/Black,2 Owners,No flood or frame damage,No odometer problems,3VW267AJ5GM340174,Car - Compact,Clean,No Issue,Damage Reported,No Open Recalls,No Issue,No Issue,No CPO Info Available,No Issue,,,,
2019,Volkswagen,Tiguan SE,21998,32000,21 city/29 hwy,4-cyl,Turbo Gas,All Wheel Drive,Automatic,White/Black,2 Owners,No flood or frame damage,No odometer problems,3VV2B7AX2KM176816,CUV - Midsize,Clean,No Issue,No Issue,No Open Recalls,No Issue,No Issue,No CPO Info Available,No Issue,,,,
2019,Volkswagen,Jetta SE,14998,102000,30 city/40 hwy,4-cyl,Turbo Gas,Front Wheel Drive,Automatic,Gray/Black,1 Owner,No flood or frame damage,No odometer problems,3VWC57BU4KM209424,Car - Compact,Clean,No Issue,No Issue,1 Open Recall(s),No Issue,No Issue,No CPO Info Available,No Issue,,,,
2017,Volkswagen,Tiguan S,15998,68000,20 city/24 hwy,4-cyl,Turbo Gas,All Wheel Drive,Automatic,Blue/Tan,2 Owners,No flood or frame damage,No odometer problems,WVGBV7AX2HK025928,CUV - Compact,Clean,No Issue,No Issue,No Open Recalls,No Issue,No Issue,No CPO Info Available,No Issue,,,,
2021,Volkswagen,Tiguan SE,22998,36000,23 city/29 hwy,4-cyl,Turbo Gas,Front Wheel Drive,Automatic,Gray/Black,1 Owner,No flood or frame damage,No odometer problems,3VV3B7AX3MM155514,CUV - Midsize,Clean,No Issue,No Issue,No Open Recalls,No Issue,No Issue,No CPO Info Available,No Issue,,,,
2019,Volkswagen,Tiguan SEL R-Line Jet Black,23998,52000,21 city/29 hwy,4-cyl,Turbo Gas,All Wheel Drive,Automatic,Tan/Black,2 Owners,No flood or frame damage,No odometer problems,3VV2B7AXXKM187465,CUV - Midsize,Clean,No Issue,No Issue,No Open Recalls,No Issue,No Issue,No CPO Info Available,No Issue,,,,
2022,Volkswagen,Jetta SE,22998,19000,29 city/40 hwy,4-cyl,Turbo Gas,Front Wheel Drive,Automatic,Silver/Black,1 Owner,No flood or frame damage,No odometer problems,3VW7M7BU4NM014352,Car - Compact,Clean,No Issue,No Issue,No Open Recalls,No Issue,No Issue,No CPO Info Available,No Issue,,,,
2021,Volkswagen,Atlas SE w/Tech,28998,49000,16 city/22 hwy,6-cyl,Gas,All Wheel Drive,Automatic,Gray/Black,1 Owner,No flood or frame damage,No odometer problems,1V2KR2CA5MC535729,CUV - Large,Clean,No Issue,No Issue,1 Open Recall(s),No Issue,No Issue,OEM-Certified,No Issue,,,,
2021,Volkswagen,Tiguan SE,25998,23000,21 city/27 hwy,4-cyl,Turbo Gas,All Wheel Drive,Automatic,White/Gray,2 Owners,No flood or frame damage,No odometer problems,3VV2B7AXXMM075848,CUV - Midsize,Clean,No Issue,Minor,No Open Recalls,No Issue,No Issue,No CPO Info Available,No Issue,,,,
2018,Volkswagen,Atlas SEL,22998,76000,17 city/23 hwy,6-cyl,Gas,All Wheel Drive,Automatic,Black/Black,1 Owner,No flood or frame damage,No odometer problems,1V2MR2CAXJC551817,CUV - Large,Clean,No Issue,Moderate,No Open Recalls,No Issue,No Issue,No CPO Info Available,No Issue,,,,
2021,Volkswagen,Tiguan SE,22998,58000,21 city/27 hwy,4-cyl,Turbo Gas,All Wheel Drive,Automatic,White/Black,2 Owners,No flood or frame damage,No odometer problems,3VV2B7AX0MM098815,CUV - Midsize,Clean,No Issue,Moderate,No Open Recalls,No Issue,No Issue,No CPO Info Available,No Issue,,,,
2017,Volkswagen,Jetta S,13998,78000,28 city/38 hwy,4-cyl,Turbo Gas,Front Wheel Drive,Automatic,Black/Gray,2 Owners,No flood or frame damage,No odometer problems,3VW2B7AJ4HM302299,Car - Compact,Clean,No Issue,Minor,No Open Recalls,No Issue,No Issue,No CPO Info Available,No Issue,,,,
2021,Volkswagen,Atlas SE w/Tech,31998,28000,20 city/24 hwy,4-cyl,Turbo Gas,All Wheel Drive,Automatic,White/Brown,1 Owner,No flood or frame damage,No odometer problems,1V2KP2CAXMC579652,CUV - Large,Clean,No Issue,Minor,2 Open Recall(s),No Issue,No Issue,No CPO Info Available,No Issue,,,,
2021,Volkswagen,Atlas SE w/Tech,28998,35000,16 city/22 hwy,6-cyl,Gas,All Wheel Drive,Automatic,Blue/Black,2 Owners,No flood or frame damage,No odometer problems,1V2HR2CA7MC542823,CUV - Large,Clean,No Issue,Damage Reported,1 Open Recall(s),No Issue,No Issue,No CPO Info Available,No Issue,,,,
2018,Volkswagen,Tiguan SE,18998,69000,21 city/27 hwy,4-cyl,Turbo Gas,All Wheel Drive,Automatic,Black/Tan,2 Owners,No flood or frame damage,No odometer problems,3VV2B7AXXJM132836,CUV - Midsize,Clean,No Issue,No Issue,No Open Recalls,No Issue,No Issue,No CPO Info Available,No Issue,,,,
2021,Volkswagen,Atlas SEL Premium,33998,36000,20 city/24 hwy,4-cyl,Turbo Gas,All Wheel Drive,Automatic,Black/Black,1 Owner,No flood or frame damage,No odometer problems,1V2TP2CA2MC512550,CUV - Large,Clean,No Issue,No Issue,No Open Recalls,No Issue,No Issue,No CPO Info Available,No Issue,,,,
2017,Volkswagen,Jetta SEL,17998,42000,25 city/35 hwy,4-cyl,Turbo Gas,Front Wheel Drive,Automatic,White/Black,1 Owner,No flood or frame damage,No odometer problems,3VWL17AJ9HM297155,Car - Compact,Clean,No Issue,No Issue,No Open Recalls,No Issue,No Issue,No CPO Info Available,No Issue,,,,
2017,Volkswagen,Passat SE,18998,36000,23 city/34 hwy,4-cyl,Turbo Gas,Front Wheel Drive,Automatic,Red/Black,2 Owners,No flood or frame damage,No odometer problems,1VWBT7A36HC025638,Car - Midsize,Clean,No Issue,No Issue,No Open Recalls,No Issue,No Issue,No CPO Info Available,No Issue,,,,
2017,Volkswagen,Golf Alltrack SE,16998,88000,22 city/30 hwy,4-cyl,Turbo Gas,All Wheel Drive,Automatic,White/Tan,3 Owners,No flood or frame damage,No odometer problems,3VWH17AU8HM507907,Car - Compact,Clean,No Issue,No Issue,No Open Recalls,No Issue,No Issue,No CPO Info Available,No Issue,,,,
2019,Volkswagen,Jetta GLI S,22998,27000,25 city/32 hwy,4-cyl,Turbo Gas,Front Wheel Drive,Automatic,Gray/Gray,1 Owner,No flood or frame damage,No odometer problems,3VW6T7BU0KM233142,Car - Compact,Clean,No Issue,No Issue,2 Open Recall(s),No Issue,No Issue,No CPO Info Available,No Issue,,,,
2021,Volkswagen,Atlas SE w/Tech,30998,28000,16 city/22 hwy,6-cyl,Gas,All Wheel Drive,Automatic,Blue/Black,1 Owner,No flood or frame damage,No odometer problems,1V2KR2CA3MC585612,CUV - Large,Clean,No Issue,No Issue,1 Open Recall(s),No Issue,No Issue,No CPO Info Available,No Issue,,,,
2015,Volkswagen,Jetta SE,11998,111000,25 city/37 hwy,4-cyl,Turbo Gas,Front Wheel Drive,Automatic,Blue/Black,3 Owners,No flood or frame damage,No odometer problems,3VWD17AJ4FM214359,Car - Compact,Clean,No Issue,Moderate,No Open Recalls,No Issue,No Issue,No CPO Info Available,No Issue,,,,
2019,Volkswagen,Jetta S,16998,40000,30 city/40 hwy,4-cyl,Turbo Gas,Front Wheel Drive,Automatic,White/Black,1 Owner,No flood or frame damage,No odometer problems,3VWC57BU4KM168681,Car - Compact,Clean,No Issue,Moderate,No Open Recalls,No Issue,No Issue,No CPO Info Available,No Issue,,,,
2021,Volkswagen,Jetta R-Line,20998,26000,30 city/41 hwy,4-cyl,Turbo Gas,Front Wheel Drive,Automatic,Red/Gray,2 Owners,No flood or frame damage,No odometer problems,3VWC57BU2MM052270,Car - Compact,Clean,No Issue,No Issue,No Open Recalls,No Issue,No Issue,No CPO Info Available,No Issue,,,,
2021,Volkswagen,Tiguan S,21998,19000,21 city/27 hwy,4-cyl,Turbo Gas,All Wheel Drive,Automatic,Blue/Gray,2 Owners,No flood or frame damage,No odometer problems,3VV0B7AXXMM051475,CUV - Midsize,Clean,No Issue,No Issue,No Open Recalls,No Issue,No Issue,No CPO Info Available,No Issue,,,,
2019,Volkswagen,Atlas SE w/Tech,26998,46000,17 city/23 hwy,6-cyl,Gas,All Wheel Drive,Automatic,Black/Tan,2 Owners,No flood or frame damage,No odometer problems,1V2UR2CA1KC602056,CUV - Large,Clean,No Issue,Damage Reported,No Open Recalls,No Issue,No Issue,No CPO Info Available,No Issue,,,,
2021,Volkswagen,Atlas SE w/Tech,31998,28000,16 city/22 hwy,6-cyl,Gas,All Wheel Drive,Automatic,Gray/Black,1 Owner,No flood or frame damage,No odometer problems,1V2RR2CA1MC586675,CUV - Large,Clean,No Issue,No Issue,1 Open Recall(s),No Issue,No Issue,No CPO Info Available,No Issue,,,,
2015,Volkswagen,Jetta S,14599,52000,23 city/34 hwy,4-cyl,Gas,Front Wheel Drive,Automatic,Black/Black,2 Owners,No flood or frame damage,No odometer problems,3VW2K7AJ3FM322802,Car - Compact,Clean,No Issue,No Issue,No Open Recalls,No Issue,No Issue,No CPO Info Available,No Issue,,,,
2019,Volkswagen,Jetta GLI S,19998,62000,25 city/32 hwy,,,,Automatic,Black/Black,2 Owners,No flood or frame damage,No odometer problems,3VW6T7BU6KM237289,Car - Compact,Clean,No Issue,Moderate,1 Open Recall(s),No Issue,No Issue,No CPO Info Available,No Issue,,,,
2021,Volkswagen,Tiguan SE,21998,45000,23 city/29 hwy,4-cyl,Turbo Gas,Front Wheel Drive,Automatic,Silver/Black,1 Owner,No flood or frame damage,No odometer problems,3VV3B7AX8MM136750,CUV - Midsize,Clean,No Issue,No Issue,No Open Recalls,No Issue,No Issue,No CPO Info Available,No Issue,,,,
2023,Volkswagen,Taos S,22998,28000,25 city/32 hwy,4-cyl,Turbo Gas,All Wheel Drive,Automatic,Black/Gray,1 Owner,No flood or frame damage,No odometer problems,3VVMX7B22PM354843,CUV - Compact,Clean,No Issue,No Issue,No Open Recalls,No Issue,No Issue,No CPO Info Available,No Issue,,,,
2016,Volkswagen,Passat R-Line,14998,86000,25 city/38 hwy,4-cyl,Turbo Gas,Front Wheel Drive,Automatic,White/Tan,2 Owners,No flood or frame damage,No odometer problems,1VWAT7A37GC062921,Car - Midsize,Clean,No Issue,No Issue,No Open Recalls,No Issue,No Issue,No CPO Info Available,No Issue,,,,
2020,Volkswagen,Jetta R-Line,19998,32000,30 city/40 hwy,4-cyl,Turbo Gas,Front Wheel Drive,Automatic,Gray/Black,1 Owner,No flood or frame damage,No odometer problems,3VWCB7BUXLM072287,Car - Compact,Clean,No Issue,No Issue,No Open Recalls,No Issue,No Issue,No CPO Info Available,No Issue,,,,
2022,Volkswagen,Jetta S,20998,30000,29 city/43 hwy,,,,Manual 6 Speed,Silver/Black,1 Owner,No flood or frame damage,No odometer problems,3VWNM7BU2NM027950,Car - Compact,Clean,No Issue,Damage Reported,No Open Recalls,No Issue,No Issue,No CPO Info Available,No Issue,,,,
2019,Volkswagen,Jetta S,18998,14000,30 city/40 hwy,4-cyl,Turbo Gas,Front Wheel Drive,Manual 6 Speed,White/Black,1 Owner,No flood or frame damage,No odometer problems,3VWN57BU0KM260427,Car - Compact,Clean,No Issue,Minor,No Open Recalls,No Issue,No Issue,No CPO Info Available,No Issue,,,,
2021,Volkswagen,Atlas SE w/Tech,28998,35000,20 city/24 hwy,4-cyl,Turbo Gas,All Wheel Drive,Automatic,Red/Black,1 Owner,No flood or frame damage,No odometer problems,1V2HP2CA0MC500659,CUV - Large,Clean,No Issue,No Issue,No Open Recalls,No Issue,No Issue,No CPO Info Available,No Issue,,,,
2019,Volkswagen,Atlas SE w/Tech,22998,81000,17 city/23 hwy,6-cyl,Gas,All Wheel Drive,Automatic,Black/Black,2 Owners,No flood or frame damage,No odometer problems,1V2UR2CA3KC575040,CUV - Large,Clean,No Issue,Minor,1 Open Recall(s),No Issue,No Issue,No CPO Info Available,No Issue,,,,
2019,Volkswagen,Atlas SEL,26998,59000,17 city/23 hwy,6-cyl,Gas,All Wheel Drive,Automatic,White/Black,1 Owner,No flood or frame damage,No odometer problems,1V2MR2CA2KC587793,CUV - Large,Clean,No Issue,No Issue,1 Open Recall(s),No Issue,No Issue,No CPO Info Available,No Issue,,,,
2022,Volkswagen,ID.4 EV PRO S,31998,14000,,,,All Wheel Drive,,Silver/Black,1 Owner,No flood or frame damage,No odometer problems,WVGGNPE24NP040501,CUV - Midsize,Clean,No Issue,No Issue,2 Open Recall(s),No Issue,No Issue,No CPO Info Available,No Issue,98 city/88 hwy,Electric,240 miles,7.5 hours
2021,Volkswagen,Atlas SE,28998,42000,20 city/24 hwy,6-cyl,Turbo Gas,All Wheel Drive,Automatic,Red/Black,1 Owner,No flood or frame damage,No odometer problems,1V2HR2CA0MC527385,CUV - Large,Clean,No Issue,Moderate,1 Open Recall(s),No Issue,No Issue,No CPO Info Available,No Issue,,,,
2021,Volkswagen,Atlas Cross Sport SEL,30998,25000,20 city/24 hwy,4-cyl,Turbo Gas,All Wheel Drive,Automatic,Blue/Tan,1 Owner,No flood or frame damage,No odometer problems,1V2BC2CA0MC214926,CUV - Midsize,Clean,No Issue,No Issue,1 Open Recall(s),No Issue,No Issue,No CPO Info Available,No Issue,,,,
2021,Volkswagen,Atlas SE w/Tech,28998,37000,16 city/22 hwy,,,,Automatic,Gray/Gray,1 Owner,No flood or frame damage,No odometer problems,1V2HR2CA2MC526027,CUV - Large,Clean,No Issue,No Issue,No Open Recalls,No Issue,No Issue,No CPO Info Available,No Issue,,,,
2021,Volkswagen,Atlas SE w/Tech,28998,27000,16 city/22 hwy,6-cyl,Gas,All Wheel Drive,Automatic,White/Black,1 Owner,No flood or frame damage,No odometer problems,1V2HR2CAXMC559213,CUV - Large,Clean,No Issue,No Issue,1 Open Recall(s),No Issue,No Issue,No CPO Info Available,No Issue,,,,
2021,Volkswagen,Atlas SEL,29998,42000,16 city/22 hwy,6-cyl,Gas,All Wheel Drive,Automatic,White/Black,1 Owner,No flood or frame damage,No odometer problems,1V2BR2CA0MC521155,CUV - Large,Clean,No Issue,Damage Reported,No Open Recalls,No Issue,No Issue,No CPO Info Available,No Issue,,,,
2019,Volkswagen,Tiguan SEL Premium,23998,53000,21 city/29 hwy,4-cyl,Turbo Gas,All Wheel Drive,Automatic,Gray/Black,1 Owner,No flood or frame damage,No odometer problems,3VV4B7AX5KM079179,CUV - Midsize,Clean,No Issue,Minor,No Open Recalls,No Issue,No Issue,No CPO Info Available,No Issue,,,,
2021,Volkswagen,Jetta S,19998,31000,29 city/39 hwy,4-cyl,Turbo Gas,Front Wheel Drive,Automatic,White/Black,1 Owner,No flood or frame damage,No odometer problems,3VWC57BU4MM078448,Car - Compact,Clean,No Issue,No Issue,No Open Recalls,No Issue,No Issue,No CPO Info Available,No Issue,,,,
2019,Volkswagen,Tiguan S,18998,56000,21 city/29 hwy,4-cyl,Turbo Gas,All Wheel Drive,Automatic,Gray/Black,4 Owners,No flood or frame damage,No odometer problems,3VV0B7AX1KM070395,CUV - Midsize,Clean,No Issue,Moderate,No Open Recalls,No Issue,No Issue,No CPO Info Available,No Issue,,,,
2019,Volkswagen,Tiguan SE,20998,56000,21 city/29 hwy,4-cyl,Turbo Gas,All Wheel Drive,Automatic,Silver/White,1 Owner,No flood or frame damage,No odometer problems,3VV2B7AX4KM138536,CUV - Midsize,Clean,No Issue,No Issue,No Open Recalls,No Issue,No Issue,No CPO Info Available,No Issue,,,,
2022,Volkswagen,Taos S,22998,28000,25 city/32 hwy,4-cyl,Turbo Gas,All Wheel Drive,Automatic,White/Gray,1 Owner,No flood or frame damage,No odometer problems,3VVAX7B24NM044676,CUV - Compact,Clean,No Issue,No Issue,No Open Recalls,No Issue,No Issue,No CPO Info Available,No Issue,,,,
2020,Volkswagen,Atlas Cross Sport S,24998,40000,21 city/24 hwy,4-cyl,Turbo Gas,Front Wheel Drive,Automatic,Black/Black,2 Owners,No flood or frame damage,No odometer problems,1V2AC2CA9LC224056,CUV - Midsize,Clean,No Issue,No Issue,No Open Recalls,No Issue,No Issue,OEM-Certified,No Issue,,,,
2022,Volkswagen,Atlas SEL R-Line,35998,44000,17 city/23 hwy,6-cyl,Gas,All Wheel Drive,Automatic,Green/Brown,2 Owners,No flood or frame damage,No odometer problems,1V2AR2CA1NC503616,CUV - Large,Clean,No Issue,No Issue,1 Open Recall(s),No Issue,No Issue,No CPO Info Available,No Issue,,,,
2023,Volkswagen,ID.4 EV PRO S,30998,22000,,,,Rear Wheel Drive,,Silver/Black,2 Owners,No flood or frame damage,No odometer problems,1V2VMPE88PC029612,CUV - Midsize,Clean,No Issue,No Issue,2 Open Recall(s),No Issue,No Issue,No CPO Info Available,No Issue,115 city/98 hwy,Electric,268 miles,7.5 hours
2022,Volkswagen,Passat SE,23998,20000,24 city/36 hwy,4-cyl,Turbo Gas,Front Wheel Drive,Automatic,Black/Black,2 Owners,No flood or frame damage,No odometer problems,1VWSA7A32NC006571,Car - Midsize,Clean,No Issue,No Issue,No Open Recalls,No Issue,No Issue,OEM-Certified,No Issue,,,,
2013,Volkswagen,Passat S,14599,59000,22 city/31 hwy,5-cyl,Gas,Front Wheel Drive,Automatic,Gray/Black,2 Owners,No flood or frame damage,No odometer problems,1VWAP7A30DC103650,Car - Midsize,Clean,No Issue,No Issue,No Open Recalls,No Issue,No Issue,No CPO Info Available,No Issue,,,,
2023,Volkswagen,Atlas Cross Sport SE w/Tech,29998,43000,18 city/24 hwy,6-cyl,Gas,All Wheel Drive,Automatic,Black/Black,1 Owner,No flood or frame damage,No odometer problems,1V2HE2CA5PC200089,CUV - Midsize,Clean,No Issue,No Issue,1 Open Recall(s),No Issue,No Issue,No CPO Info Available,No Issue,,,,
2022,Volkswagen,ID.4 EV Pro,29998,10000,,,,All Wheel Drive,,Gray/Black,2 Owners,No flood or frame damage,No odometer problems,WVGJNPE20NP047404,CUV - Midsize,Clean,No Issue,No Issue,2 Open Recall(s),No Issue,No Issue,No CPO Info Available,No Issue,102 city/90 hwy,Electric,249 miles,7.5 hours
2018,Volkswagen,Atlas SEL Premium,22998,86000,17 city/23 hwy,6-cyl,Gas,All Wheel Drive,Automatic,White/Black,2 Owners,No flood or frame damage,No odometer problems,1V2NR2CA3JC593654,CUV - Large,Clean,No Issue,No Issue,No Open Recalls,No Issue,No Issue,No CPO Info Available,No Issue,,,,
2017,Volkswagen,Passat R-Line,15998,94000,23 city/34 hwy,4-cyl,Turbo Gas,Front Wheel Drive,Automatic,Black/Tan,3 Owners,No flood or frame damage,No odometer problems,1VWDT7A32HC022972,Car - Midsize,Clean,No Issue,Moderate,No Open Recalls,No Issue,No Issue,No CPO Info Available,No Issue,,,,
2021,Volkswagen,Tiguan SE R-Line Black,26998,29000,21 city/27 hwy,4-cyl,Turbo Gas,All Wheel Drive,Automatic,White/Black,1 Owner,No flood or frame damage,No odometer problems,3VV2B7AXXMM101994,CUV - Midsize,Clean,No Issue,No Issue,No Open Recalls,No Issue,No Issue,No CPO Info Available,No Issue,,,,
2023,Volkswagen,Jetta S,19998,19000,29 city/42 hwy,4-cyl,Turbo Gas,Front Wheel Drive,Manual 6 Speed,White/Black,1 Owner,No flood or frame damage,No odometer problems,3VW4M7BU7PM027554,Car - Compact,Clean,No Issue,No Issue,No Open Recalls,No Issue,No Issue,No CPO Info Available,No Issue,,,,
2017,Volkswagen,Tiguan Wolfsburg Edition,16998,68000,20 city/24 hwy,4-cyl,Turbo Gas,Front Wheel Drive,Automatic,Black/Tan,3 Owners,No flood or frame damage,No odometer problems,WVGRV7AX1HK008603,CUV - Compact,Clean,No Issue,Minor,No Open Recalls,No Issue,No Issue,No CPO Info Available,No Issue,,,,
2023,Volkswagen,ID.4 EV S,30998,5000,,,,Rear Wheel Drive,,Gray/White,1 Owner,No flood or frame damage,No odometer problems,1V25MPE89PC055376,CUV - Midsize,Clean,No Issue,No Issue,2 Open Recall(s),No Issue,No Issue,No CPO Info Available,No Issue,115 city/99 hwy,Electric,268 miles,6 hours
2020,Volkswagen,Jetta SE,18998,42000,30 city/40 hwy,,,,Automatic,Black/Black,2 Owners,No flood or frame damage,No odometer problems,3VWCB7BU1LM052817,Car - Compact,Clean,No Issue,No Issue,No Open Recalls,No Issue,No Issue,No CPO Info Available,No Issue,,,,
2018,Volkswagen,Atlas SEL,22998,82000,17 city/23 hwy,6-cyl,Gas,All Wheel Drive,Automatic,White/Black,4 Owners,No flood or frame damage,No odometer problems,1V2NR2CA3JC559522,CUV - Large,Clean,No Issue,No Issue,No Open Recalls,No Issue,No Issue,No CPO Info Available,No Issue,,,,
2022,Volkswagen,Atlas SE w/Tech,32998,29000,17 city/23 hwy,6-cyl,Gas,All Wheel Drive,Automatic,Black/Black,1 Owner,No flood or frame damage,No odometer problems,1V2KR2CA4NC513335,CUV - Large,Clean,No Issue,No Issue,1 Open Recall(s),No Issue,No Issue,OEM-Certified,No Issue,,,,
2018,Volkswagen,Atlas SE w/Tech,22998,59000,18 city/25 hwy,,,,Automatic,Gray/Black,1 Owner,No flood or frame damage,No odometer problems,1V2DR2CA9JC556099,CUV - Large,Clean,No Issue,Damage Reported,No Open Recalls,No Issue,No Issue,No CPO Info Available,No Issue,,,,
2022,Volkswagen,Atlas Cross Sport SE,27998,41000,20 city/24 hwy,4-cyl,Turbo Gas,All Wheel Drive,Automatic,Silver/Black,1 Owner,No flood or frame damage,No odometer problems,1V2LC2CA9NC200139,CUV - Midsize,Clean,No Issue,No Issue,1 Open Recall(s),No Issue,No Issue,No CPO Info Available,No Issue,,,,
2022,Volkswagen,Atlas Cross Sport SE,28998,38000,20 city/24 hwy,4-cyl,Turbo Gas,All Wheel Drive,Automatic,Black/Black,1 Owner,No flood or frame damage,No odometer problems,1V2LC2CA2NC228865,CUV - Midsize,Clean,No Issue,Minor,1 Open Recall(s),No Issue,No Issue,No CPO Info Available,No Issue,,,,
2020,Volkswagen,Golf TSI,19998,45000,28 city/36 hwy,4-cyl,Turbo Gas,Front Wheel Drive,Automatic,Blue/Black,1 Owner,No flood or frame damage,No odometer problems,3VWG57AU4LM013018,Car - Midsize,Clean,No Issue,No Issue,No Open Recalls,No Issue,No Issue,No CPO Info Available,No Issue,,,,
2020,Volkswagen,Jetta SE,19998,34000,30 city/40 hwy,4-cyl,Turbo Gas,Front Wheel Drive,Automatic,Gray/Black,3 Owners,No flood or frame damage,No odometer problems,3VWC57BU4LM103038,Car - Compact,Clean,No Issue,No Issue,No Open Recalls,No Issue,No Issue,No CPO Info Available,No Issue,,,,
2019,Volkswagen,Beetle S,22998,29000,26 city/33 hwy,4-cyl,Turbo Gas,Front Wheel Drive,Automatic,Blue/Black,1 Owner,No flood or frame damage,No odometer problems,3VWFD7AT8KM710762,Car - Subcompact,Clean,No Issue,No Issue,No Open Recalls,No Issue,No Issue,No CPO Info Available,No Issue,,,,
2019,Volkswagen,Jetta S,13998,113000,30 city/40 hwy,4-cyl,Turbo Gas,Front Wheel Drive,Manual 6 Speed,Black/Black,2 Owners,No flood or frame damage,No odometer problems,3VWN57BU8KM050917,Car - Compact,Clean,No Issue,Damage Reported,No Open Recalls,No Issue,No Issue,No CPO Info Available,No Issue,,,,
2020,Volkswagen,Jetta GLI Autobahn,25998,40000,25 city/32 hwy,4-cyl,Turbo Gas,Front Wheel Drive,Automatic,Black/Black,1 Owner,No flood or frame damage,No odometer problems,3VW6T7BU1LM106577,Car - Compact,Clean,No Issue,No Issue,No Open Recalls,No Issue,No Issue,No CPO Info Available,No Issue,,,,
2019,Volkswagen,Jetta SE,19998,32000,30 city/40 hwy,4-cyl,Turbo Gas,Front Wheel Drive,Automatic,White/Black,2 Owners,No flood or frame damage,No odometer problems,3VWC57BUXKM271474,Car - Compact,Clean,No Issue,No Issue,No Open Recalls,No Issue,No Issue,No CPO Info Available,No Issue,,,,
2021,Volkswagen,Atlas SEL,32998,29000,16 city/22 hwy,6-cyl,Gas,All Wheel Drive,Automatic,White/Tan,1 Owner,No flood or frame damage,No odometer problems,1V2BR2CA7MC595530,CUV - Large,Clean,No Issue,No Issue,1 Open Recall(s),No Issue,No Issue,No CPO Info Available,No Issue,,,,
2023,Volkswagen,Taos SE,24998,20000,25 city/32 hwy,4-cyl,Turbo Gas,All Wheel Drive,Automatic,Gray/Black,1 Owner,No flood or frame damage,No odometer problems,3VVNX7B28PM319132,CUV - Compact,Clean,No Issue,No Issue,No Open Recalls,No Issue,No Issue,No CPO Info Available,No Issue,,,,
2019,Volkswagen,Tiguan SE,18998,61000,21 city/29 hwy,4-cyl,Turbo Gas,All Wheel Drive,Automatic,White/Black,2 Owners,No flood or frame damage,No odometer problems,3VV2B7AX3KM092097,CUV - Midsize,Clean,No Issue,No Issue,No Open Recalls,No Issue,No Issue,No CPO Info Available,No Issue,,,,
2023,Volkswagen,Atlas SE w/Tech,31998,36000,20 city/25 hwy,4-cyl,Turbo Gas,All Wheel Drive,Automatic,Silver/Black,1 Owner,No flood or frame damage,No odometer problems,1V2HP2CA3PC522837,CUV - Large,Clean,No Issue,No Issue,1 Open Recall(s),No Issue,No Issue,No CPO Info Available,No Issue,,,,
2022,Volkswagen,Tiguan SE,23998,52000,22 city/29 hwy,4-cyl,Turbo Gas,All Wheel Drive,Automatic,Gray/Black,1 Owner,No flood or frame damage,No odometer problems,3VV2B7AX9NM021183,CUV - Midsize,Clean,No Issue,No Issue,No Open Recalls,No Issue,No Issue,No CPO Info Available,No Issue,,,,
2021,Volkswagen,Tiguan SE,24998,34000,21 city/27 hwy,4-cyl,Turbo Gas,All Wheel Drive,Automatic,Black/Black,1 Owner,No flood or frame damage,No odometer problems,3VV2B7AX7MM023710,CUV - Midsize,Clean,No Issue,No Issue,No Open Recalls,No Issue,No Issue,No CPO Info Available,No Issue,,,,
2022,Volkswagen,Tiguan S,21998,46000,23 city/30 hwy,4-cyl,Turbo Gas,Front Wheel Drive,Automatic,Black/Black,1 Owner,No flood or frame damage,No odometer problems,3VV1B7AX4NM013312,CUV - Midsize,Clean,No Issue,No Issue,No Open Recalls,No Issue,No Issue,No CPO Info Available,No Issue,,,,
2021,Volkswagen,Tiguan SE,23998,20000,21 city/27 hwy,4-cyl,Turbo Gas,All Wheel Drive,Automatic,Blue/Gray,1 Owner,No flood or frame damage,No odometer problems,3VV2B7AX3MM106793,CUV - Midsize,Clean,No Issue,No Issue,No Open Recalls,No Issue,No Issue,No CPO Info Available,No Issue,,,,
2021,Volkswagen,Atlas SE w/Tech,28998,50000,16 city/22 hwy,6-cyl,Gas,All Wheel Drive,Automatic,White/Black,2 Owners,No flood or frame damage,No odometer problems,1V2KR2CA9MC583069,CUV - Large,Clean,No Issue,No Issue,1 Open Recall(s),No Issue,No Issue,OEM-Certified,No Issue,,,,
2018,Volkswagen,Passat SEL Premium,20998,38000,25 city/36 hwy,4-cyl,Turbo Gas,Front Wheel Drive,Automatic,Black/Black,2 Owners,No flood or frame damage,No odometer problems,1VWCA7A33JC051453,Car - Midsize,Clean,No Issue,No Issue,No Open Recalls,No Issue,No Issue,No CPO Info Available,No Issue,,,,
2022,Volkswagen,Taos SEL,25998,28000,25 city/32 hwy,4-cyl,Turbo Gas,All Wheel Drive,Automatic,White/Black,2 Owners,No flood or frame damage,No odometer problems,3VVJX7B23NM022698,CUV - Compact,Clean,No Issue,No Issue,No Open Recalls,No Issue,No Issue,OEM-Certified,No Issue,,,,
2018,Volkswagen,Tiguan SEL,20998,68000,21 city/27 hwy,4-cyl,Turbo Gas,All Wheel Drive,Automatic,Green/Brown,2 Owners,No flood or frame damage,No odometer problems,3VV2B7AX0JM110988,CUV - Midsize,Clean,No Issue,No Issue,No Open Recalls,No Issue,No Issue,No CPO Info Available,No Issue,,,,
